LABEL,TRACK_INDEX,TRACK_ID,NUMBER_SPOTS,NUMBER_GAPS,NUMBER_SPLITS,NUMBER_MERGES,NUMBER_COMPLEX,LONGEST_GAP,TRACK_DURATION,TRACK_START,TRACK_STOP,TRACK_DISPLACEMENT,TRACK_X_LOCATION,TRACK_Y_LOCATION,TRACK_Z_LOCATION,TRACK_MEAN_SPEED,TRACK_MAX_SPEED,TRACK_MIN_SPEED,TRACK_MEDIAN_SPEED,TRACK_STD_SPEED,TRACK_MEAN_QUALITY,TOTAL_DISTANCE_TRAVELED,MAX_DISTANCE_TRAVELED,CONFINEMENT_RATIO,MEAN_STRAIGHT_LINE_SPEED,LINEARITY_OF_FORWARD_PROGRESSION,MEAN_DIRECTIONAL_CHANGE_RATE
Track_2,2,2,48,1,0,0,0,1,240,5,245,1.770340463,338.6913298,18.8925762,0,0.03365061,0.207084228,0.005179896,0.025469805,0.033174724,46.5168285,8.184655044,1.939962543,0.216299948,0.007376419,0.219206087,0.392870239
Track_3,3,3,18,0,0,0,0,0,85,0,85,16.33325194,201.5283022,22.15916896,0,0.377704302,0.823009075,0.05647629,0.33062218,0.21176344,65.23558299,32.10486566,16.33325194,0.508746933,0.192155905,0.508746933,0.283264243
Track_4,4,4,8,0,0,0,0,0,35,0,35,14.36500085,33.18184412,32.68725582,0,0.571200706,1.035706332,0.106640917,0.613420587,0.311354533,72.70543885,19.99202471,14.36500085,0.718536569,0.410428596,0.718536569,0.331666549
Track_5,5,5,29,0,0,0,0,0,140,0,140,11.85358445,35.44561615,26.0823388,0,0.442508717,1.706826473,0.093268217,0.38919747,0.326620707,75.4364038,61.95122038,12.45775465,0.191337384,0.08466846,0.191337384,0.33234875
Track_6,6,6,13,1,0,0,0,1,65,10,75,16.98315416,316.6631781,27.19475578,0,0.678020416,1.249178522,0.303333755,0.674782851,0.303811176,63.43664052,42.67465387,16.98315416,0.397968176,0.261279295,0.385356087,0.239801928
Track_7,7,7,22,2,0,0,0,1,115,0,115,12.34227927,277.601043,33.29155438,0,0.42608624,1.464862485,0.08913274,0.256329095,0.370054496,69.30004865,49.11352957,13.66311088,0.251301004,0.107324168,0.251883674,0.255969986
Track_9,9,9,16,1,0,0,0,1,80,0,80,16.79464053,57.53509326,27.30809371,0,0.430320093,0.809032532,0.101679683,0.380197632,0.192617601,53.15127301,33.8865219,18.11647497,0.495614173,0.209933007,0.487853136,0.263115789
Track_10,10,10,16,0,0,0,0,0,75,0,75,11.397307,251.9699896,33.17865243,0,0.341918147,0.826264067,0.096226071,0.360946205,0.186141486,51.54951829,25.64386105,12.85669226,0.444445826,0.151964093,0.444445826,0.295276185
Track_11,11,11,27,1,0,0,0,1,135,0,135,30.45747255,401.3488492,39.41528246,0,0.453680226,1.172166515,0.068212414,0.450124701,0.250669106,75.13792504,59.66100726,30.54723906,0.510508856,0.225610908,0.497290591,0.265298189
Track_12,12,12,6,0,0,0,0,0,25,10,35,7.490756163,208.3568685,36.47138287,0,0.309623221,0.530892021,0.128559629,0.214575928,0.187125467,69.64845244,7.740580537,7.490756163,0.96772537,0.299630247,0.96772537,0.052478891
Track_13,13,13,13,0,0,0,0,0,60,0,60,13.92371756,424.8943965,31.22573464,0,0.493675953,1.122757289,0.176495846,0.514943185,0.27672518,64.40435439,29.62055717,16.74158492,0.470069401,0.232061959,0.470069401,0.2930642
Track_14,14,14,7,0,0,0,0,0,30,0,30,13.21546942,290.9640542,37.63694718,0,0.515430656,0.876861624,0.142998228,0.467018523,0.254341054,63.51330784,15.46291967,13.21546942,0.854655505,0.440515647,0.854655505,0.198937457
Track_15,15,15,6,0,0,0,0,0,25,0,25,9.762931355,243.236597,39.33661925,0,0.433864432,1.006636811,0.115668587,0.268219712,0.363541732,78.27159278,10.84661079,9.762931355,0.900090503,0.390517254,0.900090503,0.238452988
Track_16,16,16,6,0,0,0,0,0,25,0,25,7.327415071,417.7639153,38.37323771,0,0.313965646,0.59867091,0.126070788,0.235316956,0.196086966,64.15132904,7.849141138,7.327415071,0.933530808,0.293096603,0.933530808,0.099123667
Track_17,17,17,6,0,0,0,0,0,25,0,25,10.41629918,356.3384424,42.16912185,0,0.576606079,0.919586307,0.263577116,0.643332696,0.262728664,53.61264499,14.41515197,10.41629918,0.722593782,0.416651967,0.722593782,0.33934098
Track_18,18,18,8,0,0,0,0,0,35,0,35,14.52908485,345.977456,41.2525546,0,0.539677392,1.039826825,0.256961078,0.596327464,0.271810894,71.76085949,18.88870873,14.52908485,0.769194182,0.41511671,0.769194182,0.242107376
Track_19,19,19,17,1,0,0,0,1,85,5,90,14.371242,391.8780631,42.36182434,0,0.386073394,0.777370093,0.088013824,0.345945693,0.186127128,64.14337607,32.40854589,15.5965324,0.443439889,0.169073435,0.437930813,0.311067052
Track_20,20,20,13,0,0,0,0,0,60,0,60,18.09834072,278.0343175,41.65661704,0,0.494801991,0.868214499,0.132839605,0.513130732,0.27936952,57.92426535,29.68811944,18.65891443,0.609615599,0.301639012,0.609615599,0.271422758
Track_22,22,22,23,1,0,0,0,1,115,0,115,9.498883773,389.5255295,41.00393438,0,0.421602914,0.902954777,0.127630573,0.432573487,0.199482191,60.11677344,49.68545611,10.36392233,0.191180368,0.082598989,0.195916552,0.301776559
Track_23,23,23,20,0,0,0,0,0,95,10,105,29.85864486,309.1447721,37.1235399,0,0.512703759,1.030400628,0.102846263,0.553101471,0.258875445,67.27952013,48.70685708,29.85864486,0.613027542,0.314301525,0.613027542,0.227238495
Track_24,24,24,5,0,0,0,0,0,20,0,20,4.397135395,13.06644906,49.7512621,0,0.501718553,0.747213376,0.283609048,0.684264676,0.248484581,19.82076359,10.03437105,4.397135395,0.438207375,0.21985677,0.438207375,0.327805376
Track_25,25,25,9,1,0,0,0,1,45,0,45,18.93383182,377.9688362,52.84297137,0,0.559637619,0.663836029,0.318716369,0.584798411,0.107490679,44.7439572,23.97908661,18.93383182,0.789597708,0.420751818,0.751829048,0.197545603
Track_26,26,26,3,0,0,0,0,0,10,10,20,5.121642117,127.393405,50.80220839,0,0.696412174,0.843657251,0.549167097,0.843657251,0.208235985,9.692554792,6.964121738,5.121642117,0.735432594,0.512164212,0.735432594,0.306407275
Track_27,27,27,18,0,0,0,0,0,85,0,85,22.20315588,247.2891993,49.93018829,0,0.445007016,0.78151777,0.081949203,0.399621723,0.23534458,74.52050659,37.82559637,22.6194348,0.586987596,0.261213599,0.586987596,0.260978702
Track_28,28,28,8,0,0,0,0,0,35,0,35,11.76411146,80.04612699,50.61382796,0,0.435903474,0.813777726,0.161725582,0.367986046,0.252684702,79.1969595,15.25662161,11.76411146,0.771082338,0.33611747,0.771082338,0.16958958
Track_29,29,29,29,1,0,0,0,1,145,0,145,32.93894227,336.2767564,50.63108372,0,0.491382909,1.222280714,0.056704968,0.449875334,0.280783832,65.54937544,72.63033608,32.93894227,0.453514937,0.227165119,0.462297559,0.258021803
Track_30,30,30,3,0,0,0,0,0,10,5,15,4.929411539,316.5385484,53.50498391,0,0.850615567,0.893298987,0.807932148,0.893298987,0.060363471,15.25652313,8.506155674,4.929411539,0.579511089,0.492941154,0.579511089,0.381777505
Track_31,31,31,9,1,0,0,0,1,45,0,45,8.66113013,86.17481636,57.39581045,0,0.37765015,0.516389688,0.172827627,0.439278686,0.124906419,17.96644847,17.14321833,10.10386275,0.505221946,0.192469558,0.509650422,0.269658515
Track_32,32,32,4,0,0,0,0,0,15,5,20,3.801308903,260.8726125,58.43915546,0,0.444016173,0.53748889,0.294517869,0.500041759,0.130816203,19.34446716,6.660242589,3.801308903,0.570746313,0.253420594,0.570746313,0.371590291
Track_33,33,33,8,0,0,0,0,0,35,0,35,10.57793875,351.8413038,59.08139787,0,0.44000155,0.622388505,0.229336244,0.418134346,0.144562348,57.1749115,15.40005426,10.57793875,0.686876719,0.302226821,0.686876719,0.195743806
Track_34,34,34,15,0,0,0,0,0,70,5,75,12.3027619,290.0103024,59.44800844,0,0.339819337,0.665325366,0.081173171,0.350013753,0.159474519,68.66426341,23.7873536,12.3027619,0.517197588,0.175753741,0.517197588,0.324614951
Track_36,36,36,9,1,0,0,0,1,45,0,45,15.51474181,351.3202937,58.98845843,0,0.420378242,0.765110971,0.121846531,0.537021365,0.253117059,54.7182117,19.98424753,15.51474181,0.776348561,0.34477204,0.820147206,0.295538058
Track_37,37,37,10,0,0,0,0,0,45,0,45,14.20067714,351.2398419,60.84986508,0,0.398929476,0.68065224,0.030769945,0.384752729,0.191631781,56.28026772,17.95182644,14.20067714,0.791043585,0.315570603,0.791043585,0.281206021
Track_38,38,38,6,0,0,0,0,0,25,0,25,4.409425714,403.9637897,59.28732469,0,0.420183612,0.875658681,0.133687503,0.388717889,0.283933393,59.42416684,10.50459031,4.409425714,0.419761798,0.176377029,0.419761798,0.314988193
Track_39,39,39,7,1,0,0,0,1,35,10,45,16.16665006,332.1636598,64.02864394,0,0.554869931,0.869047944,0.192024561,0.65119031,0.256980584,13.40450042,20.5584767,16.16665006,0.786373927,0.461904288,0.83245507,0.242030295
Track_40,40,40,6,0,0,0,0,0,25,0,25,7.205701158,319.3561927,63.40061428,0,0.567848263,0.932930561,0.215368235,0.57480824,0.254551571,47.22057819,14.19620656,7.551620648,0.50757934,0.288228046,0.50757934,0.359805819
Track_41,41,41,22,2,0,0,0,1,115,0,115,37.01180241,337.0823027,58.2595012,0,0.567477963,1.145260755,0.105000061,0.519661838,0.305292191,51.60437766,64.90441283,37.55002911,0.57025094,0.32184176,0.567144067,0.268822784
Track_42,42,42,8,0,0,0,0,0,35,0,35,13.06608157,190.2363739,63.54637838,0,0.430706114,0.793267409,0.256948251,0.382219714,0.179217045,74.4395895,15.07471397,13.06608157,0.866754858,0.373316616,0.866754858,0.116874965
Track_43,43,43,7,0,0,0,0,0,30,0,30,7.596293905,436.4990882,68.99677403,0,0.344715316,0.654534133,0.154788216,0.317811115,0.176900695,51.44881603,10.34145949,7.596293905,0.734547567,0.253209797,0.734547567,0.144989258
Track_44,44,44,27,1,0,0,0,1,135,0,135,14.09934442,366.0648238,69.06580514,0,0.431008063,0.973927535,0.17674653,0.370567208,0.217256956,65.56777876,58.43026945,23.03610763,0.241302061,0.104439588,0.242314697,0.302553441
Track_45,45,45,47,3,0,0,0,1,245,0,245,34.62190851,140.6994607,67.56770972,0,0.433714038,1.706269217,0.073063086,0.395479064,0.282079615,71.04205728,107.2418388,36.29570619,0.322839564,0.141313912,0.325822777,0.31109876
Track_46,46,46,16,2,0,0,0,1,85,0,85,38.24440776,345.621635,73.99018566,0,0.531812661,0.917150856,0.16709635,0.430301557,0.252315567,41.28768307,44.8753214,38.24440776,0.852236966,0.449934209,0.846038919,0.144641211
Track_47,47,47,9,0,0,0,0,0,40,10,50,6.93545032,98.14701349,70.49196575,0,0.43385219,0.793497365,0.18723961,0.454007259,0.22079805,63.1217342,17.35408758,6.93545032,0.399643616,0.173386258,0.399643616,0.292005564
Track_48,48,48,5,0,0,0,0,0,20,0,20,8.065077585,113.2198863,73.41010465,0,0.562738214,1.039482331,0.320033518,0.514373539,0.328128418,72.20042381,11.25476428,8.065077585,0.716592315,0.403253879,0.716592315,0.381165189
Track_49,49,49,33,2,0,0,0,1,170,0,170,28.70297212,88.88862147,72.71853152,0,0.347246053,1.036932361,0.096797207,0.337191058,0.209172873,49.92968958,58.84959499,29.19384942,0.487734404,0.168841012,0.486228745,0.308480614
Track_50,50,50,6,0,0,0,0,0,25,0,25,8.492617335,7.870366329,74.01677888,0,0.617992162,0.780126519,0.427424497,0.65309218,0.129490333,41.55232922,15.44980404,11.73322156,0.549690942,0.339704693,0.549690942,0.183543714
Track_51,51,51,9,0,0,0,0,0,40,0,40,14.61039235,318.9243968,73.65451928,0,0.407101357,0.739656349,0.246282267,0.411552382,0.175430488,24.13850339,16.2840543,14.61039235,0.897220808,0.365259809,0.897220808,0.118093956
Track_52,52,52,11,1,0,0,0,1,55,10,65,23.52546571,214.0636861,74.97612547,0,0.494834821,0.671929928,0.061153042,0.546773855,0.199923211,62.88372161,27.98559146,23.52546571,0.840627783,0.42773574,0.864401052,0.16981402
Track_53,53,53,11,0,0,0,0,0,50,0,50,15.15406949,356.0928847,77.49842154,0,0.524552637,0.793880593,0.144692113,0.551130055,0.183966757,69.75326798,26.22763186,15.15406949,0.577790232,0.30308139,0.577790232,0.311463402
Track_54,54,54,21,0,0,0,0,0,100,0,100,17.33073875,294.175904,76.73077635,0,0.407468676,1.584819647,0.043412046,0.340984659,0.333610798,37.36157885,40.74686765,20.14056179,0.425326896,0.173307387,0.425326896,0.304843845
Track_55,55,55,8,0,0,0,0,0,35,0,35,22.24912584,367.3735683,78.72544488,0,0.702085001,0.901035814,0.310707727,0.742649012,0.202801324,45.10738802,24.57297502,22.24912584,0.905430694,0.63568931,0.905430694,0.135235668
Track_56,56,56,30,0,0,0,0,0,145,0,145,29.51659486,320.3190785,76.11897672,0,0.567718196,1.370233224,0.086491379,0.490904694,0.310858499,77.21653449,82.31913849,29.93221387,0.358562971,0.203562723,0.358562971,0.308750855
Track_57,57,57,5,0,0,0,0,0,20,0,20,9.871463602,338.7550359,82.86088786,0,0.55581136,0.757382733,0.305458528,0.688972824,0.206687783,53.43792152,11.11622721,9.871463602,0.888022835,0.49357318,0.888022835,0.148955022
Track_59,59,59,4,0,0,0,0,0,15,10,25,3.765345318,394.1956634,82.73629924,0,0.314582487,0.570770902,0.099712285,0.273264273,0.238231927,44.41115642,4.718737304,3.765345318,0.797956122,0.251023021,0.797956122,0.136128104
Track_60,60,60,15,2,0,0,0,1,80,10,90,17.41935373,136.8073357,87.77468512,0,0.41335475,0.806675552,0.185601731,0.412624776,0.158017425,53.51641083,34.91450131,17.41935373,0.498914579,0.217741922,0.526767678,0.334361147
Track_61,61,61,11,0,0,0,0,0,50,10,60,7.853702496,139.0462577,85.24259158,0,0.233547251,0.511538617,0.053260517,0.259887754,0.137534808,52.80126086,11.67736254,7.853702496,0.672557906,0.15707405,0.672557906,0.276099076
Track_62,62,62,6,0,0,0,0,0,25,0,25,7.538303222,403.4528911,81.25654398,0,0.435365013,0.802694589,0.127224697,0.391122941,0.246841375,51.35217985,10.88412532,7.538303222,0.692596144,0.301532129,0.692596144,0.26897699
Track_64,64,64,7,0,0,0,0,0,30,0,30,9.306841009,146.1433227,85.67650066,0,0.474802982,0.798469738,0.301306894,0.465512582,0.212982308,51.74124091,14.24408947,9.306841009,0.653382656,0.310228034,0.653382656,0.237934001
Track_65,65,65,10,1,0,0,0,1,50,0,50,27.0829609,312.4106049,86.4578715,0,0.553952126,0.864174118,0.328527874,0.566401317,0.195602435,62.69114199,28.02547477,27.0829609,0.966369388,0.541659218,0.977808718,0.074223765
Track_66,66,66,4,0,0,0,0,0,15,5,20,3.668870993,272.8584449,84.97507933,0,0.708902761,1.007662335,0.49777185,0.621274097,0.266000308,58.67802429,10.63354141,6.11312065,0.345028138,0.2445914,0.345028138,0.439940712
Track_67,67,67,8,0,0,0,0,0,35,0,35,12.39856151,113.8288317,86.83172544,0,0.383145906,0.872827389,0.068097248,0.384708836,0.293188281,64.34314775,13.41010672,12.39856151,0.924568445,0.354244615,0.924568445,0.156525989
Track_68,68,68,4,0,0,0,0,0,15,0,15,4.641689961,118.6714036,88.2300425,0,0.321850759,0.428167044,0.203270102,0.33411513,0.11294897,48.15351391,4.827761384,4.641689961,0.961458032,0.309445997,0.961458032,0.137787098
Track_69,69,69,9,0,0,0,0,0,40,0,40,8.246329719,189.9818343,87.24053736,0,0.552663044,1.142613288,0.174945792,0.623665264,0.332276228,33.20817799,22.10652177,10.52276992,0.37302701,0.206158243,0.37302701,0.361953971
Track_70,70,70,16,0,0,0,0,0,75,0,75,20.16732371,318.7274557,88.13099084,0,0.627215784,1.178802487,0.151860878,0.561419199,0.27790896,77.55002213,47.04118378,20.16732371,0.428716331,0.268897649,0.428716331,0.286237999
Track_71,71,71,28,0,0,0,0,0,135,5,140,27.13156809,355.9735756,87.98831392,0,0.367368076,0.807782612,0.014219699,0.400399777,0.213015357,48.22286694,49.59469031,27.13156809,0.547065985,0.200974578,0.547065985,0.350679581
Track_72,72,72,4,0,0,0,0,0,15,0,15,4.87406839,257.520839,91.0790232,0,0.356268031,0.440776279,0.306113143,0.32191467,0.073611515,48.77599144,5.344020462,4.87406839,0.912060204,0.324937893,0.912060204,0.156183101
Track_73,73,73,13,1,0,0,0,1,65,5,70,11.07442593,245.4542164,92.3514203,0,0.386022627,0.774229697,0.065327333,0.346846598,0.22302718,24.32208421,25.56155365,11.07442593,0.433245415,0.170375783,0.441362168,0.315499873
Track_74,74,74,48,0,0,0,0,0,235,10,245,18.58868931,98.51519521,91.93990791,0,0.191443958,0.827864125,0.009304582,0.163832413,0.145760639,58.32215385,44.98933007,20.95858893,0.413179954,0.079100806,0.413179954,0.277808777
Track_75,75,75,10,1,0,0,0,1,50,10,60,12.63500972,247.5347213,91.66731089,0,0.34072678,0.652554995,0.078522778,0.335785892,0.167328041,32.56041746,18.59548008,13.01345826,0.679466713,0.252700194,0.741650522,0.267272627
Track_76,76,76,20,1,0,0,0,1,100,0,100,25.85835387,102.6056088,87.60555295,0,0.2973146,0.745316329,0.080599313,0.214185735,0.205912454,59.88955936,30.91812696,25.98866597,0.836349301,0.258583539,0.869730375,0.122249395
Track_77,77,77,8,0,0,0,0,0,35,5,40,11.01708288,217.0488824,98.44122646,0,0.490476338,0.723712718,0.102584162,0.516471213,0.239293649,68.79699707,17.16667184,11.01708288,0.641771625,0.314773796,0.641771625,0.324049581
Track_78,78,78,20,3,0,0,0,1,110,0,110,27.35253306,240.6245432,93.19743338,0,0.415095542,1.834241175,0.046470551,0.332254553,0.3763804,33.17797518,45.12771849,27.35253306,0.606113803,0.248659391,0.599041344,0.212427892
Track_79,79,79,8,0,0,0,0,0,35,0,35,8.696218757,291.6473365,96.8757074,0,0.313506714,0.599475383,0.040663268,0.282685787,0.18527888,68.72884154,10.97273499,8.696218757,0.792529735,0.248463393,0.792529735,0.210662733
Track_80,80,80,6,0,0,0,0,0,25,0,25,10.89324778,375.3245968,98.22854283,0,0.561047772,0.868114108,0.303949461,0.522086316,0.245884609,75.98250198,14.0261943,10.89324778,0.776636025,0.435729911,0.776636025,0.183721595
Track_81,81,81,10,0,0,0,0,0,45,0,45,19.58678329,287.4209141,98.17864688,0,0.591993267,1.530707996,0.209881244,0.445830748,0.390152114,45.48356762,26.639697,20.70682109,0.735247976,0.435261851,0.735247976,0.228680139
Track_82,82,82,24,0,0,0,0,0,115,0,115,23.64039466,345.8482787,108.1085307,0,0.381732818,0.833256165,0.047608121,0.332609816,0.219413276,69.5224816,43.89927411,25.08309628,0.538514477,0.205568649,0.538514477,0.287300656
Track_83,83,83,16,1,0,0,0,1,80,10,90,18.45468134,365.5801311,96.98699379,0,0.512466103,1.850418095,0.15185646,0.366857976,0.406337246,79.72074342,40.26924758,18.45468134,0.458282249,0.230683517,0.450143952,0.288709959
Track_84,84,84,47,0,0,0,0,0,230,0,230,27.07511021,99.42291955,104.9084325,0,0.203457813,1.138842682,0.014510552,0.17196139,0.180201229,52.11810538,46.795297,28.44327637,0.578586139,0.11771787,0.578586139,0.250111872
Track_85,85,85,4,0,0,0,0,0,15,10,25,2.539867061,41.93266872,104.5435173,0,0.504257663,0.918911651,0.155132029,0.438729309,0.386083283,31.80979133,7.563864946,2.539867061,0.335789584,0.169324471,0.335789584,0.45082433
Track_86,86,86,11,0,0,0,0,0,50,0,50,20.21389018,119.3459163,106.7588801,0,0.555495297,0.862342932,0.223563058,0.647954887,0.255870129,81.9271483,27.77476487,20.21389018,0.727778985,0.404277804,0.727778985,0.159966946
Track_87,87,87,9,0,0,0,0,0,40,0,40,16.5640512,38.70642297,108.8959314,0,0.56149004,0.749995314,0.337714349,0.677475104,0.161405938,56.51885096,22.45960159,16.5640512,0.737504231,0.41410128,0.737504231,0.203296769
Track_88,88,88,28,1,0,0,0,1,140,5,145,30.48217664,343.9584609,109.4942647,0,0.374759652,1.001118804,0.040628898,0.364789598,0.27036407,53.49212282,54.12437838,30.48217664,0.563187561,0.217729833,0.580985258,0.247443429
Track_89,89,89,33,0,0,0,0,0,160,5,165,21.57033652,233.9579157,101.4466074,0,0.478562462,1.012492516,0.1193266,0.449973995,0.257215938,63.65192581,76.56999398,23.3955498,0.281707434,0.134814603,0.281707434,0.302379003
Track_90,90,90,17,0,0,0,0,0,80,0,80,26.01407902,195.7094623,113.1347207,0,0.530850115,1.154954583,0.237117274,0.451639434,0.280759245,58.53821255,42.46800921,26.01407902,0.612557064,0.325175988,0.612557064,0.332570518
Track_91,91,91,4,0,0,0,0,0,15,0,15,7.478032376,404.9961179,109.6421581,0,0.513665763,0.689646473,0.200178571,0.651172245,0.272168572,40.20431423,7.704986444,7.478032376,0.970544521,0.498535492,0.970544521,0.077129765
Track_92,92,92,6,0,0,0,0,0,25,0,25,11.91459101,315.9227783,110.6338385,0,0.517941964,0.851236522,0.095276392,0.546171278,0.277983078,32.34637451,12.94854909,11.91459101,0.92014873,0.47658364,0.92014873,0.180673783
Track_93,93,93,4,0,0,0,0,0,15,0,15,8.854347677,296.0483777,109.0869356,0,0.595623268,0.928193806,0.332780783,0.525895214,0.303769103,62.57541037,8.934349018,8.854347677,0.991045644,0.590289845,0.991045644,0.054833942
Track_94,94,94,30,0,0,0,0,0,145,0,145,46.26512193,43.90051933,112.1749817,0,0.50354186,0.821587693,0.132467395,0.506540764,0.188889789,77.42799975,73.01356968,46.26512193,0.633651007,0.319069806,0.633651007,0.243574175
Track_95,95,95,6,0,0,0,0,0,25,0,25,8.62772013,114.9565753,111.0031603,0,0.386718044,0.590892132,0.176978428,0.372376904,0.162953607,59.04052989,9.667951112,8.62772013,0.892404195,0.345108805,0.892404195,0.085849753
Track_96,96,96,49,1,0,0,0,1,245,0,245,22.30997892,100.6095497,111.0981961,0,0.274305461,0.736392292,0.052460272,0.226478646,0.181129485,64.77499499,67.02354032,25.44372216,0.332867808,0.091061138,0.331969835,0.327931781
Track_97,97,97,10,0,0,0,0,0,45,0,45,13.03900561,247.0125385,106.6811145,0,0.449436014,0.66719216,0.279726217,0.441739793,0.14215864,36.24977798,20.22462061,13.03900561,0.644709528,0.28975568,0.644709528,0.220828348
Track_98,98,98,4,0,0,0,0,0,15,0,15,5.335294743,348.426322,115.6706246,0,0.449598926,0.587419177,0.323722357,0.437655245,0.132253514,12.3680017,6.74398389,5.335294743,0.791119141,0.355686316,0.791119141,0.252615659
Track_99,99,99,5,0,0,0,0,0,20,0,20,8.309034269,247.5518742,114.4104745,0,0.441304752,0.60449664,0.313568586,0.481515177,0.129473762,68.6045866,8.826095032,8.309034269,0.941416814,0.415451713,0.941416814,0.075684781
Track_100,100,100,8,0,0,0,0,0,35,0,35,5.205556691,241.6075696,115.8479632,0,0.337245231,0.565693137,0.129454662,0.346071746,0.148132167,51.2657299,11.80358307,5.589640978,0.441014958,0.148730191,0.441014958,0.214491278
Track_101,101,101,9,0,0,0,0,0,40,0,40,15.71638167,9.239473367,116.1149424,0,0.434183765,0.698950029,0.138262301,0.477237224,0.195981808,21.70416461,17.36735059,15.71638167,0.904938355,0.392909542,0.904938355,0.1284769
Track_102,102,102,24,1,0,0,0,1,120,0,120,19.33520984,232.2373243,114.6032375,0,0.265412285,0.68444459,0.090090213,0.226112292,0.156266649,49.54848019,33.94463569,20.63194785,0.569610174,0.161126749,0.607080975,0.30803964
Track_103,103,103,6,0,0,0,0,0,25,0,25,7.95408974,226.7097918,116.9916129,0,0.34104559,0.641895863,0.114122058,0.212669815,0.23673673,50.70618884,8.526139757,7.95408974,0.932906329,0.31816359,0.932906329,0.143312012
Track_104,104,104,15,2,0,0,0,1,80,0,80,13.44256589,239.3959577,112.3801373,0,0.293146594,0.78214676,0.042084793,0.224598734,0.224211134,41.33460007,26.16703811,13.44256589,0.51372134,0.168032074,0.57320152,0.128174016
Track_105,105,105,15,1,0,0,0,1,75,10,85,25.49755178,27.24149768,122.1101821,0,0.502807148,1.096642792,0.051453169,0.504099604,0.282454959,49.79967486,38.72722275,25.49755178,0.658388337,0.339967357,0.676138671,0.317969993
Track_106,106,106,17,0,0,0,0,0,80,0,80,27.06441668,289.8934183,120.4787869,0,0.53880561,1.127178234,0.073456359,0.566640024,0.3353638,83.83907604,43.10444884,28.76842907,0.627879892,0.338305208,0.627879892,0.278222415
Track_107,107,107,25,1,0,0,0,1,125,0,125,28.4756074,216.3985173,127.256035,0,0.465754001,0.900132415,0.059776762,0.446004876,0.222279981,74.66569298,56.67302363,30.12420819,0.502454353,0.227804859,0.489109828,0.293707854
Track_108,108,108,9,0,0,0,0,0,40,0,40,10.17739387,265.8581833,129.1489745,0,0.469439411,0.802174598,0.069026411,0.527809424,0.223735688,52.1661555,18.77757644,11.5991343,0.541997201,0.254434847,0.541997201,0.316957961
Track_109,109,109,11,1,0,0,0,1,55,0,55,23.0679515,283.5260297,127.8941689,0,0.618877469,1.057047422,0.115565228,0.664458175,0.308576239,54.09991126,33.43908871,23.0679515,0.689849885,0.4194173,0.677706527,0.248593546
Track_110,110,110,11,0,0,0,0,0,50,0,50,14.08429396,262.1334387,130.2480695,0,0.413765302,0.652123225,0.096302664,0.428737802,0.198891773,54.40034311,20.68826512,14.55320598,0.680786614,0.281685879,0.680786614,0.225022964
Track_111,111,111,10,0,0,0,0,0,45,5,50,9.402426574,330.429469,131.1283954,0,0.407981769,0.922574849,0.164404505,0.358364057,0.24472651,74.31099854,18.35917959,9.790775584,0.512137622,0.208942813,0.512137622,0.193836841
Track_112,112,112,3,0,0,0,0,0,10,5,15,7.250072529,96.88480082,132.504316,0,0.734439105,0.752208256,0.716669953,0.752208256,0.025129376,10.23764324,7.344391046,7.250072529,0.987157749,0.725007253,0.987157749,0.064193299
Track_113,113,113,14,0,0,0,0,0,65,0,65,31.93975666,399.681998,131.5607567,0,0.54363865,0.877466977,0.018436082,0.678093265,0.300386467,84.18701403,35.33651226,31.93975666,0.903874056,0.491380872,0.903874056,0.169287426
Track_114,114,114,13,0,0,0,0,0,60,10,70,15.00868482,149.3005246,126.4744751,0,0.445664269,1.1266862,0.032353539,0.394602642,0.268793023,67.58221949,26.73985616,16.41586318,0.561285174,0.250144747,0.561285174,0.240818427
Track_115,115,115,8,0,0,0,0,0,35,10,45,16.95805205,206.0184331,133.8791281,0,0.514228937,0.94485817,0.21854159,0.387795577,0.29209009,39.80222833,17.99801278,16.95805205,0.942218024,0.484515773,0.942218024,0.110633333
Track_116,116,116,8,0,0,0,0,0,35,0,35,14.67356382,212.9266719,133.1991859,0,0.50731082,0.755453028,0.1580095,0.44622958,0.215035489,36.52406538,17.75587868,14.67356382,0.826405951,0.419244681,0.826405951,0.156305845
Track_117,117,117,4,0,0,0,0,0,15,0,15,5.166246567,277.5616391,136.88611,0,0.534746834,0.765681253,0.391267873,0.447291374,0.20194724,47.91989493,8.021202503,5.643078388,0.644073824,0.344416438,0.644073824,0.248654607
Track_118,118,118,24,1,0,0,0,1,120,0,120,31.81299436,285.5956745,140.7411813,0,0.517400116,1.356093865,0.207529333,0.466524468,0.269712192,74.20908125,63.05403718,31.81299436,0.504535408,0.265108286,0.51238544,0.184433911
Track_119,119,119,23,0,0,0,0,0,110,10,120,18.9349336,413.7532638,137.9494416,0,0.431146127,0.91115611,0.039785976,0.416916574,0.256086393,55.57140902,47.42607392,22.75506527,0.399251552,0.17213576,0.399251552,0.31724891
Track_120,120,120,36,0,0,0,0,0,175,0,175,32.15327828,110.8835475,140.0424152,0,0.418751227,1.135794663,0.01442518,0.354185487,0.218572346,75.52310234,73.28146478,35.34841871,0.438764132,0.183733019,0.438764132,0.288075404
Track_121,121,121,12,0,0,0,0,0,55,0,55,19.59564939,139.5134973,140.0498656,0,0.512135345,0.794262946,0.144699386,0.517228981,0.186740872,53.58908812,28.16744397,19.59564939,0.69568433,0.356284534,0.69568433,0.276197835
Track_122,122,122,6,0,0,0,0,0,25,5,30,2.939368622,108.1622663,143.1649953,0,0.343158917,0.506526641,0.138918718,0.420085936,0.172535243,74.71286201,8.578972931,3.916661837,0.342624769,0.117574745,0.342624769,0.42718439
Track_123,123,123,8,0,0,0,0,0,35,5,40,9.425896499,343.7438594,144.2238516,0,0.550335772,1.042323067,0.195140509,0.505396887,0.266563388,55.07146096,19.26175202,9.425896499,0.48935821,0.269311329,0.48935821,0.283221815
Track_124,124,124,16,0,0,0,0,0,75,0,75,17.17093651,383.0707862,147.2697835,0,0.656955122,1.763713852,0.196953099,0.60381485,0.356460104,35.80804217,49.27163415,17.17093651,0.348495373,0.22894582,0.348495373,0.301984049
Track_125,125,125,5,0,0,0,0,0,20,0,20,7.567725498,372.5915795,145.3604301,0,0.45334696,0.541664535,0.302870773,0.53122541,0.110687613,62.04111099,9.066939201,7.567725498,0.834650518,0.378386275,0.834650518,0.155651156
Track_126,126,126,23,1,0,0,0,1,115,0,115,28.32311879,354.6884033,147.7234756,0,0.391712536,0.673984257,0.122149651,0.405632731,0.174505411,47.87940581,45.11654267,30.45974886,0.6277768,0.24628799,0.628746763,0.242172093
Track_127,127,127,3,0,0,0,0,0,10,10,20,10.32422207,193.1777431,146.6690067,0,1.040059803,1.055352623,1.024766983,1.055352623,0.021627313,35.20370388,10.40059803,10.32422207,0.99265658,1.032422207,0.99265658,0.048510695
Track_128,128,128,27,0,0,0,0,0,130,0,130,22.56413911,280.9443426,147.230379,0,0.490477088,0.853874041,0.17455573,0.481891232,0.205350128,84.7757355,63.76202147,22.56413911,0.353880548,0.173570301,0.353880548,0.263794176
Track_129,129,129,5,0,0,0,0,0,20,0,20,8.95849255,370.6298143,148.4907882,0,0.485740924,0.742395011,0.317612349,0.480345748,0.183555894,56.91471634,9.714818475,8.95849255,0.922147189,0.447924628,0.922147189,0.087083371
Track_130,130,130,23,0,0,0,0,0,110,10,120,20.77671389,414.9327485,147.2068317,0,0.328279168,1.021423345,0.042703505,0.243431245,0.251086067,58.91931252,36.11070846,21.70773194,0.575361569,0.188879217,0.575361569,0.289519783
Track_131,131,131,4,0,0,0,0,0,15,5,20,1.994629076,396.8516382,150.4634224,0,0.366972578,0.498969757,0.239365976,0.362581999,0.129857571,28.49155998,5.504588664,2.87945086,0.362357516,0.132975272,0.362357516,0.275964452
Track_132,132,132,8,1,0,0,0,1,40,10,50,10.67176576,401.3439816,145.7399173,0,0.722770078,1.163438517,0.169787224,0.892987837,0.36990649,31.26557124,26.14588884,11.87638432,0.408162286,0.266794144,0.369127268,0.210595999
Track_133,133,133,16,0,0,0,0,0,75,0,75,25.65561704,344.1126006,154.5128484,0,0.569563461,0.960879345,0.080203354,0.583699451,0.285655971,71.25618291,42.71725961,25.65561704,0.60059136,0.342074894,0.60059136,0.230366428
Track_134,134,134,3,0,0,0,0,0,10,10,20,3.594539591,300.0355238,151.2188597,0,0.87163346,0.977437996,0.765828924,0.977437996,0.14963021,58.83996201,8.716334602,3.82914462,0.412391189,0.359453959,0.412391189,0.464995029
Track_135,135,135,8,0,0,0,0,0,35,0,35,13.955777,149.5874762,154.0787707,0,0.563333077,0.912226003,0.254706328,0.605908135,0.220943073,49.99137259,19.71665771,13.955777,0.707816568,0.398736486,0.707816568,0.236269313
Track_136,136,136,18,1,0,0,0,1,90,5,95,8.667279518,179.4249999,152.1686195,0,0.459200184,0.974013723,0.072502565,0.466677358,0.22741797,41.67994494,41.76920708,15.33926408,0.207504047,0.096303106,0.209719223,0.383509678
Track_137,137,137,19,1,0,0,0,1,95,0,95,26.48383532,256.4067463,148.9798828,0,0.482131516,0.974074317,0.136433063,0.413736611,0.268286487,41.77602351,48.02587833,27.85186192,0.551449265,0.278777214,0.578218193,0.195140629
Track_138,138,138,25,1,0,0,0,1,125,0,125,17.71185117,132.4128829,159.5352931,0,0.51331473,1.431849042,0.091587457,0.498045537,0.31923579,56.91699226,65.7695501,26.80390013,0.269301693,0.141694809,0.276038853,0.262753797
Track_139,139,139,7,0,0,0,0,0,30,0,30,12.68126156,233.2223972,155.1854587,0,0.575678807,1.295767918,0.160441093,0.66936282,0.419091634,31.17137773,17.2703642,12.89951221,0.734278757,0.422708719,0.734278757,0.198089229
Track_140,140,140,18,2,0,0,0,1,95,0,95,18.64459459,249.2696783,161.9158796,0,0.570362328,1.106607241,0.028961986,0.567787031,0.244929001,35.88666005,51.59836313,18.7307419,0.361340815,0.19625889,0.344095114,0.295472906
Track_141,141,141,50,0,0,0,0,0,245,0,245,32.72647643,146.1518187,162.4135946,0,0.451021114,1.074306011,0.058251308,0.419784605,0.229236422,80.88993912,110.5001729,43.24730329,0.296166744,0.133577455,0.296166744,0.285907753
Track_142,142,142,4,0,0,0,0,0,15,0,15,5.752595264,406.6132546,159.88708,0,0.593777171,0.841818181,0.327133883,0.612379449,0.257845914,53.80200481,8.906657561,5.752595264,0.645875877,0.383506351,0.645875877,0.392033526
Track_143,143,143,6,0,0,0,0,0,25,0,25,7.478339656,324.1290734,158.8622978,0,0.612911154,1.028088063,0.336100266,0.596923821,0.264148748,39.42832406,15.32277886,7.478339656,0.488053748,0.299133586,0.488053748,0.390525455
Track_144,144,144,8,0,0,0,0,0,35,0,35,9.391751614,388.398946,159.7762365,0,0.399494964,0.732490727,0.186941587,0.36703388,0.18964146,24.08594787,13.98232372,9.391751614,0.671687468,0.26833576,0.671687468,0.249902585
Track_145,145,145,28,0,0,0,0,0,135,0,135,18.77620383,205.5007299,159.207077,0,0.378473199,0.817128844,0.062226388,0.394853529,0.186059867,47.3975093,51.0938819,18.77620383,0.367484386,0.139082991,0.367484386,0.29482692
Track_146,146,146,16,0,0,0,0,0,75,0,75,11.60020733,443.3945569,162.4136183,0,0.569211472,1.746263778,0.00533128,0.575258233,0.385238732,58.3017323,42.69086043,11.67834621,0.27172578,0.154669431,0.27172578,0.334800742
Track_147,147,147,5,0,0,0,0,0,20,0,20,10.13108741,207.2824147,162.9621518,0,0.627754617,0.951737791,0.087571286,0.873449486,0.390725408,55.71543274,12.55509234,10.56278913,0.806930537,0.50655437,0.806930537,0.254549745
Track_148,148,148,4,0,0,0,0,0,15,0,15,6.867273914,441.5152254,162.8891976,0,0.547546626,0.698364281,0.295291225,0.648984373,0.219850368,65.92917252,8.213199395,6.867273914,0.83612653,0.457818261,0.83612653,0.189066558
Track_149,149,149,16,1,0,0,0,1,80,0,80,10.87685201,274.2030437,159.4145604,0,0.597533862,1.375733311,0.168037012,0.446106453,0.331861899,63.67863542,46.58505137,15.74768596,0.23348374,0.13596065,0.22753631,0.296581086
Track_150,150,150,10,0,0,0,0,0,45,5,50,9.608898083,64.48567115,160.9441781,0,0.533748907,1.128469891,0.166888872,0.448899956,0.353640849,36.32475605,24.0187008,11.68483021,0.400059027,0.213531069,0.400059027,0.300555046
Track_151,151,151,6,0,0,0,0,0,25,0,25,11.84251496,315.9353323,164.6026675,0,0.566360782,0.900422759,0.204763868,0.605384196,0.263513102,70.08338292,14.15901955,11.84251496,0.836393715,0.473700598,0.836393715,0.157425343
Track_152,152,152,4,0,0,0,0,0,15,0,15,5.486263644,214.8118969,164.3649898,0,0.441734924,0.579766202,0.168240137,0.577198433,0.236856913,72.01169014,6.626023855,5.692131917,0.827987306,0.36575091,0.827987306,0.242777119
Track_153,153,153,5,0,0,0,0,0,20,0,20,10.61518293,439.1147399,164.9001669,0,0.550127022,0.911978459,0.324987242,0.620461488,0.276549825,63.67366409,11.00254045,10.61518293,0.964793811,0.530759147,0.964793811,0.049969928
Track_154,154,154,6,0,0,0,0,0,25,0,25,12.63626526,355.7366967,170.9973069,0,0.841391449,1.717075498,0.363335162,0.700825702,0.534142245,32.55441538,21.03478624,13.11330666,0.600731812,0.50545061,0.600731812,0.171226292
Track_155,155,155,9,1,0,0,0,1,45,5,50,29.83893979,40.35581548,165.0041634,0,0.808699321,1.165070632,0.041278031,0.916078507,0.336570698,57.91533364,36.56219197,29.83893979,0.81611463,0.663087551,0.819943252,0.185370394
Track_156,156,156,10,0,0,0,0,0,45,10,55,15.55072425,7.172935842,163.3336073,0,0.497115797,0.747166653,0.152253446,0.446784724,0.193572294,80.95688381,22.37021086,16.70989891,0.695153226,0.34557165,0.695153226,0.230068462
Track_157,157,157,8,0,0,0,0,0,35,5,40,8.478966379,241.0696747,166.0082891,0,0.264537955,0.448841204,0.050817635,0.277604426,0.150926416,56.52414894,9.258828441,8.56040493,0.915770978,0.242256182,0.915770978,0.101523195
Track_158,158,158,4,0,0,0,0,0,15,0,15,2.958667066,246.6062496,166.9900491,0,0.365353846,0.426500551,0.293290673,0.376270315,0.067272541,62.93697453,5.480307695,2.958667066,0.539872436,0.197244471,0.539872436,0.337069922
Track_159,159,159,4,0,0,0,0,0,15,0,15,3.23696022,388.1768942,168.1125673,0,0.412722135,0.542293897,0.294199881,0.401672626,0.124415549,44.58192492,6.190832018,3.23696022,0.52286352,0.215797348,0.52286352,0.610857051
Track_160,160,160,15,0,0,0,0,0,70,10,80,12.11520107,426.570644,158.8426699,0,0.61043328,1.063943613,0.049806735,0.70557645,0.295687402,49.67022038,42.73032962,19.59926708,0.283526974,0.173074301,0.283526974,0.308307238
Track_161,161,161,31,0,0,0,0,0,150,10,160,16.91641662,52.22428227,169.2946154,0,0.462254092,1.049088455,0.143760886,0.474221324,0.210656465,49.89240043,69.33811379,21.55194308,0.243969957,0.112776111,0.243969957,0.347378138
Track_162,162,162,49,1,0,0,0,1,245,0,245,7.474637522,156.8920968,170.5114523,0,0.118002279,0.78432517,0.007869947,0.066414136,0.187107915,49.58562493,28.81993953,7.524054384,0.259356461,0.030508725,0.258543521,0.382252241
Track_163,163,163,45,0,0,0,0,0,220,0,220,22.65166456,233.1964641,173.5354369,0,0.232034055,1.769358234,0.003006859,0.112342171,0.329737943,34.16992135,51.047492,23.69625972,0.443737071,0.102962112,0.443737071,0.403512274
Track_164,164,164,7,0,0,0,0,0,30,0,30,10.05142539,105.0048329,166.8408325,0,0.506895921,0.708078155,0.134895385,0.64358653,0.236863797,74.50046594,15.20687763,10.32598652,0.660978909,0.335047513,0.660978909,0.326513276
Track_165,165,165,4,0,0,0,0,0,15,0,15,6.20583013,56.4407984,171.981711,0,0.60291831,0.683450599,0.449883326,0.675421006,0.13259298,60.67663765,9.043774656,6.20583013,0.686199111,0.413722009,0.686199111,0.183167712
Track_166,166,166,5,0,0,0,0,0,20,5,25,6.436482351,321.2627704,169.0749728,0,0.494234165,0.907814226,0.248925838,0.503775209,0.296047889,41.18859711,9.884683307,6.436482351,0.651157164,0.321824118,0.651157164,0.302652934
Track_167,167,167,13,0,0,0,0,0,60,0,60,21.19546737,67.33077809,171.2596262,0,0.611176814,1.008022426,0.006522119,0.632472243,0.251379894,76.06191987,36.67060884,22.54571074,0.577996059,0.35325779,0.577996059,0.236473923
Track_168,168,168,5,0,0,0,0,0,20,0,20,7.554684971,51.55534143,172.5403458,0,0.6381684,0.901311709,0.382105437,0.819510951,0.260256894,61.80044899,12.76336799,7.554684971,0.591903718,0.377734249,0.591903718,0.366198275
Track_169,169,169,13,0,0,0,0,0,60,0,60,11.67917331,252.1572678,171.9270581,0,0.406267722,0.732285047,0.101712504,0.414036963,0.213772542,71.5314973,24.3760633,11.696905,0.479124671,0.194652888,0.479124671,0.321670919
Track_170,170,170,12,0,0,0,0,0,55,0,55,15.13609651,124.386797,171.5716426,0,0.481730663,0.685938602,0.146984092,0.490889317,0.165281667,72.5570755,26.49518646,15.13609651,0.571277222,0.275201755,0.571277222,0.192855432
Track_171,171,171,29,1,0,0,0,1,145,10,155,12.96844037,289.7342601,171.0781162,0,0.294928669,1.53621468,0.034059642,0.142296405,0.341415067,35.54394209,44.85550411,15.72794786,0.289115921,0.08943752,0.30325136,0.291764948
Track_172,172,172,48,0,0,0,0,0,235,10,245,5.004869732,162.0099031,169.9239001,0,0.086823798,0.569037683,0.004319353,0.051579454,0.119170333,33.5298716,20.40359265,6.223734351,0.245293553,0.021297318,0.245293553,0.353465002
Track_173,173,173,16,0,0,0,0,0,75,0,75,5.232736699,448.2179857,172.7853737,0,0.302390381,0.566293732,0.115378327,0.316521122,0.128376989,49.77706826,22.67927857,6.127195499,0.230727652,0.069769823,0.230727652,0.283030611
Track_174,174,174,9,0,0,0,0,0,40,0,40,3.258192365,453.7992614,174.1243198,0,0.300108404,0.607553156,0.063490375,0.338333057,0.189511026,55.7661421,12.00433614,3.574953846,0.271417955,0.081454809,0.271417955,0.301842167
Track_175,175,175,10,1,0,0,0,1,50,10,60,14.54239989,426.140174,166.0883683,0,0.474181537,0.886964817,0.157045027,0.445544239,0.263656031,47.20524216,22.67559571,16.54999725,0.64132383,0.290847998,0.613368457,0.251371643
Track_176,176,176,19,0,0,0,0,0,90,0,90,10.54862971,331.9466443,174.0643817,0,0.434571505,0.996121671,0.097841249,0.411618495,0.235115925,84.26395898,39.11143541,12.817685,0.269707046,0.117206997,0.269707046,0.267296611
Track_178,178,178,6,0,0,0,0,0,25,5,30,7.701385386,219.7803553,180.1150623,0,0.561192024,0.970909545,0.185697853,0.465659222,0.30155077,36.33701293,14.0298006,8.141010745,0.548930495,0.308055415,0.548930495,0.304512156
Track_179,179,179,32,1,0,0,0,1,160,0,160,18.59397801,419.5974288,169.6962979,0,0.412913394,1.140929971,0.05255209,0.402057643,0.202359591,60.24449974,67.36480162,19.09707344,0.276019191,0.116212363,0.281444885,0.328264816
Track_180,180,180,25,0,0,0,0,0,120,5,125,13.77118382,33.38039517,173.7745106,0,0.454402805,1.106386549,0.052439976,0.487912,0.239184837,46.92787544,54.52833659,15.88966502,0.252550961,0.114759865,0.252550961,0.276595406
Track_181,181,181,7,0,0,0,0,0,30,0,30,5.011632912,279.5491595,178.3482976,0,0.591907374,1.200174169,0.12820096,0.596928745,0.349479357,76.53434917,17.75722123,6.746395329,0.282230696,0.16705443,0.282230696,0.467533653
Track_182,182,182,37,1,0,0,0,1,185,0,185,15.36382533,243.9776432,183.220381,0,0.494730723,1.011252922,0.045438585,0.481336904,0.264099466,55.69925994,93.57647076,17.83510121,0.164184706,0.083047704,0.167864458,0.256770868
Track_183,183,183,27,0,0,0,0,0,130,0,130,12.6804271,245.0213514,176.0605849,0,0.388529813,0.927910591,0.186919059,0.332656116,0.173516049,56.31572942,50.50887566,16.75195,0.251053442,0.097541747,0.251053442,0.293746944
Track_184,184,184,9,0,0,0,0,0,40,5,45,11.85617158,450.0198244,181.8000561,0,0.389375705,0.692720774,0.209076451,0.333662516,0.17912841,57.07761828,15.57502818,11.85617158,0.761229543,0.296404289,0.761229543,0.221882549
Track_185,185,185,10,0,0,0,0,0,45,0,45,7.76252711,114.0548719,179.0283147,0,0.41603352,0.663178417,0.271685183,0.368946768,0.146541465,50.22142096,18.72150839,7.76252711,0.4146315,0.172500602,0.4146315,0.357255128
Track_186,186,186,4,0,0,0,0,0,15,0,15,5.761787678,267.3653634,179.8217469,0,0.524650131,0.573877681,0.490020873,0.510051838,0.043792964,48.79151869,7.869751961,5.761787678,0.732143491,0.384119179,0.732143491,0.181987565
Track_187,187,187,30,0,0,0,0,0,145,10,155,21.98814878,34.83837845,174.9272503,0,0.35952021,0.900803636,0.021888307,0.30082962,0.214307092,79.00153491,52.1304305,21.98814878,0.421791045,0.151642405,0.421791045,0.270314037
Track_188,188,188,26,1,0,0,0,1,130,0,130,21.3971288,228.6374867,178.3240025,0,0.356028366,0.824554898,0.02444413,0.293716342,0.265875491,29.66417448,47.90452172,21.3971288,0.446661986,0.164593298,0.46230389,0.304279103
Track_189,189,189,22,0,0,0,0,0,105,0,105,10.03298844,187.3048426,180.7054411,0,0.390952228,0.827539154,0.061874596,0.374920435,0.207182526,65.89124515,41.04998399,13.64756604,0.244409071,0.095552271,0.244409071,0.393600463
Track_190,190,190,7,0,0,0,0,0,30,0,30,12.83287144,254.6137217,182.8240102,0,0.528897244,0.737773635,0.122298422,0.609478829,0.213316614,92.84197998,15.86691731,12.83287144,0.808781642,0.427762381,0.808781642,0.191379695
Track_191,191,191,4,0,0,0,0,0,15,0,15,4.279424558,82.64084446,186.0126337,0,0.33502947,0.559584348,0.163227809,0.282276254,0.203376013,40.46632361,5.025442054,4.279424558,0.851551866,0.285294971,0.851551866,0.31686184
Track_192,192,192,17,0,0,0,0,0,80,0,80,15.57635006,277.2763574,187.3058555,0,0.329810352,0.773972372,0.072144815,0.276992347,0.195370047,76.657823,26.38482813,15.57981362,0.590352531,0.194704376,0.590352531,0.265008594
Track_194,194,194,4,0,0,0,0,0,15,0,15,5.671271616,301.8117738,186.6249904,0,0.636044794,1.302434208,0.171452793,0.434247381,0.591879538,67.88267517,9.540671911,5.671271616,0.594431049,0.378084774,0.594431049,0.30714448
Track_196,196,196,5,0,0,0,0,0,20,0,20,4.219163826,321.6898347,189.9394731,0,0.31057579,0.576207681,0.168703784,0.280088124,0.182863494,64.96453857,6.211515795,4.219163826,0.679248667,0.210958191,0.679248667,0.36493429
Track_197,197,197,14,1,0,0,0,1,70,0,70,15.83780617,126.1319375,190.4191632,0,0.374876232,0.760156202,0.141346859,0.366297675,0.168768478,64.88627052,26.97675654,15.83780617,0.587090822,0.226254374,0.603544195,0.285463999
Track_198,198,198,11,1,0,0,0,1,55,0,55,18.47547776,22.6504974,192.7304936,0,0.576347617,0.878374913,0.100011008,0.661853178,0.254258797,50.69098178,31.41299695,20.58221889,0.588147568,0.335917777,0.582838841,0.217252564
Track_199,199,199,5,0,0,0,0,0,20,0,20,2.686422974,2.290923119,192.293077,0,0.349858797,0.435597197,0.267152914,0.429305161,0.0954041,74.49925156,6.997175947,3.509055792,0.383929602,0.134321149,0.383929602,0.387422363
Track_202,202,202,18,0,0,0,0,0,85,0,85,14.81557942,33.35728964,192.7273429,0,0.557794839,1.105943541,0.215488494,0.539128924,0.262077165,47.23767434,47.41256127,14.81557942,0.312482157,0.174300934,0.312482157,0.319856576
Track_203,203,203,33,1,0,0,0,1,165,0,165,23.49305381,271.7208104,192.5156051,0,0.376921093,1.026698965,0.053102953,0.3549672,0.204932973,54.69991447,62.23416529,23.49305381,0.377494479,0.142382144,0.377750534,0.27106535
Track_204,204,204,5,0,0,0,0,0,20,10,30,2.983551822,2.569009131,196.2465074,0,0.483877567,0.699470226,0.280026653,0.629065964,0.211141445,51.11900482,9.677551349,3.145329822,0.30829615,0.149177591,0.30829615,0.393073672
Track_205,205,205,8,0,0,0,0,0,35,5,40,7.506885094,299.0205688,198.7556705,0,0.506890301,1.132080942,0.034583536,0.545197348,0.355657444,38.3561554,17.74116055,8.816534853,0.423133823,0.214482431,0.423133823,0.348151992
Track_206,206,206,13,0,0,0,0,0,60,0,60,5.277846875,177.4373196,198.5128267,0,0.230000158,0.567804891,0.069533053,0.180743428,0.150144395,36.30722978,13.80000947,5.578361164,0.38245241,0.087964115,0.38245241,0.34636202
Track_207,207,207,10,0,0,0,0,0,45,0,45,5.681742923,287.0624551,193.1476014,0,0.565472493,0.92242316,0.302232049,0.518407302,0.217570206,42.30322142,25.44626219,6.055496002,0.223283989,0.126260954,0.223283989,0.284850571
Track_208,208,208,4,0,0,0,0,0,15,0,15,2.685697747,334.7473018,198.8884282,0,0.317382664,0.371892519,0.254191754,0.326063719,0.059328644,52.6156702,4.760739962,2.854513762,0.564134519,0.179046516,0.564134519,0.220131683
Track_209,209,209,7,1,0,0,0,1,35,5,40,14.67658159,416.0059114,191.7433237,0,0.74563327,1.727770375,0.325602007,0.571934548,0.535668526,20.22513866,25.22867084,14.67658159,0.581742165,0.419330903,0.562382232,0.265907755
Track_210,210,210,15,0,0,0,0,0,70,0,70,10.22743431,185.3773212,199.7777707,0,0.374580839,0.720535456,0.083449856,0.346078969,0.236738579,82.9269268,26.2206587,13.86274899,0.390052532,0.146106204,0.390052532,0.276636077
Track_212,212,212,10,0,0,0,0,0,45,5,50,11.33018201,274.4635144,197.5488506,0,0.331279921,0.669252636,0.009616124,0.253398694,0.212948702,62.23081741,14.90759646,11.33018201,0.760027415,0.251781822,0.760027415,0.195295684
Track_214,214,214,5,0,0,0,0,0,20,25,45,5.312429769,383.3588404,66.91444549,0,0.599598993,1.003747581,0.290708683,0.702881412,0.320850418,72.07247849,11.99197985,6.446616054,0.442998557,0.265621488,0.442998557,0.309268324
Track_215,215,215,19,1,0,0,0,1,95,25,120,8.197605033,186.3730756,60.58469975,0,0.519694319,0.933494467,0.176709705,0.514028946,0.275467625,44.81419352,51.38123243,13.1824616,0.159544733,0.086290579,0.166041029,0.287426124
Track_216,216,216,2,0,0,0,0,0,5,30,35,4.519276694,180.8850921,74.61364041,0,0.903855339,0.903855339,0.903855339,0.903855339,NaN,31.23428917,4.519276694,4.519276694,1,0.903855339,1,NaN
Track_217,217,217,5,0,0,0,0,0,20,20,40,9.192445871,217.72879,73.82099781,0,0.689931347,0.867565513,0.464766286,0.794863202,0.179405282,68.94070587,13.79862694,9.192445871,0.66618555,0.459622294,0.66618555,0.340184306
Track_219,219,219,12,0,0,0,0,0,55,15,70,23.06249845,283.3316978,74.14428273,0,0.588336929,1.052475832,0.161991854,0.605373557,0.261252803,67.24186158,32.35853107,23.06249845,0.712717719,0.419318154,0.712717719,0.233317335
Track_220,220,220,13,1,0,0,0,1,65,0,65,23.96144611,221.2468147,80.94384873,0,0.678157642,1.611453219,0.146685986,0.543754625,0.442356291,45.22043294,43.30374041,23.96144611,0.553334328,0.368637632,0.543586932,0.307104323
Track_221,221,221,5,0,0,0,0,0,20,25,45,4.437951838,196.2269065,82.69374249,0,0.548489427,1.092235266,0.135374359,0.654340256,0.421683745,56.30210495,10.96978855,5.680944918,0.404561293,0.221897592,0.404561293,0.406907052
Track_223,223,223,5,0,0,0,0,0,20,25,45,3.967893306,389.7369481,84.74471326,0,0.39955659,0.603659113,0.232724896,0.435310422,0.15927083,59.34226837,7.991131798,3.967893306,0.496537087,0.198394665,0.496537087,0.206943613
Track_224,224,224,12,0,0,0,0,0,55,0,55,18.73432374,176.2388979,90.65921775,0,0.581343036,1.587703769,0.168212521,0.413358483,0.435039835,34.14999564,31.97386696,18.73432374,0.585926118,0.340624068,0.585926118,0.225962738
Track_225,225,225,15,0,0,0,0,0,70,15,85,22.3101649,166.1698686,91.3232043,0,0.399242333,0.690792574,0.240084805,0.362686982,0.160325757,44.35986837,27.94696333,22.3101649,0.798303724,0.318716641,0.798303724,0.197255393
Track_226,226,226,14,0,0,0,0,0,65,15,80,13.6039954,138.6714763,88.95187873,0,0.354934536,0.698416114,0.082256958,0.291079599,0.184257924,59.01151112,23.07074484,13.6039954,0.589664334,0.209292237,0.589664334,0.301048636
Track_227,227,227,13,1,0,0,0,1,65,30,95,6.294175636,415.9411406,93.92010799,0,0.38227703,0.684319564,0.06903877,0.372223611,0.204230538,57.64446537,25.87191043,7.797085972,0.243282213,0.096833471,0.253307062,0.272128229
Track_228,228,228,16,0,0,0,0,0,75,20,95,19.76318663,168.6622712,92.00647903,0,0.329814564,0.560214096,0.074999539,0.296819826,0.151665049,52.27648377,24.73609231,19.76318663,0.798961549,0.263509155,0.798961549,0.218905251
Track_229,229,229,31,0,0,0,0,0,150,15,165,17.59386915,408.7655019,91.89041993,0,0.313699358,0.916599511,0.064764452,0.307854457,0.189091388,42.62356718,47.05490372,20.48921656,0.373900864,0.117292461,0.373900864,0.268805347
Track_230,230,230,6,1,0,0,0,1,30,25,55,16.67956755,122.813379,100.3626788,0,0.738279566,1.058151937,0.3755298,0.787138315,0.305801328,14.78106244,22.39268073,16.67956755,0.744866939,0.555985585,0.753082721,0.193761006
Track_231,231,231,11,1,0,0,0,1,55,0,55,12.75872087,444.3683401,100.838685,0,0.381213135,0.771003379,0.036125339,0.332345306,0.22577061,16.32024678,20.05405035,12.75872087,0.636216657,0.231976743,0.60852243,0.207642117
Track_232,232,232,30,0,0,0,0,0,145,15,160,21.26137043,175.0024377,105.7269528,0,0.350371401,0.835180227,0.02435186,0.341307415,0.195979129,72.17599522,50.80385309,23.5137106,0.418499172,0.146630141,0.418499172,0.268634404
Track_233,233,233,17,1,0,0,0,1,85,0,85,26.00819525,209.5405335,101.0256022,0,0.407486051,0.888041977,0.19570853,0.445295656,0.179037729,70.6487788,35.46212955,26.00819525,0.733407598,0.305978768,0.750893846,0.1854621
Track_234,234,234,31,1,0,0,0,1,155,30,185,38.4959209,385.1297647,112.5132676,0,0.542747879,1.338862486,0.132887583,0.481932718,0.286730924,62.00114222,83.49202754,40.03563383,0.461073015,0.24836078,0.457598804,0.259393464
Track_235,235,235,10,0,0,0,0,0,45,15,60,6.869462252,345.0779708,106.7582265,0,0.551096157,1.275914485,0.026530244,0.564052055,0.372356422,36.10550451,24.79932706,8.544900546,0.277001962,0.152654717,0.277001962,0.315774934
Track_236,236,236,6,0,0,0,0,0,25,30,55,7.139924099,316.5750613,111.3660285,0,0.544960493,0.756484111,0.292649132,0.494471028,0.187954679,29.55704816,13.62401231,7.620752976,0.524069117,0.285596964,0.524069117,0.387521442
Track_238,238,238,6,0,0,0,0,0,25,30,55,5.38796594,395.7546391,119.5159247,0,0.635771764,1.109587621,0.218890058,0.529385812,0.335411559,41.79735438,15.8942941,5.547938105,0.338987432,0.215518638,0.338987432,0.536996628
Track_239,239,239,24,1,0,0,0,1,120,0,120,23.86841989,68.90192158,125.706571,0,0.501516309,0.90179386,0.040440732,0.468883981,0.241860838,66.21180789,62.18334485,23.86841989,0.383839434,0.198903499,0.396604249,0.272161689
Track_240,240,240,24,2,0,0,0,1,125,0,125,28.30747893,259.2249233,127.3048243,0,0.450185844,0.785002084,0.003500241,0.411870032,0.189652896,57.34747434,55.97506819,30.81888832,0.505715845,0.226459831,0.503036322,0.263462147
Track_241,241,241,14,0,0,0,0,0,65,15,80,20.33426222,300.6967887,130.9651387,0,0.531165011,0.967008251,0.223757022,0.439516726,0.227230417,53.37580272,34.5257257,20.33426222,0.588959734,0.312834803,0.588959734,0.259284315
Track_243,243,243,3,0,0,0,0,0,10,25,35,6.365029967,203.1586714,131.1089595,0,0.642533919,0.740808027,0.544259811,0.740808027,0.138980576,19.81645171,6.42533919,6.365029967,0.990613846,0.636502997,0.990613846,0.055504992
Track_244,244,244,11,0,0,0,0,0,50,25,75,12.59532276,317.5018447,136.2592215,0,0.413885399,0.745155263,0.084099185,0.449973824,0.209312248,28.93190228,20.69426997,12.59532276,0.608638178,0.251906455,0.608638178,0.353176658
Track_245,245,245,32,0,0,0,0,0,155,25,180,20.09332502,424.966367,133.1406471,0,0.512868114,1.092270113,0.086868227,0.451775673,0.296830898,83.59560257,79.49455762,23.10583497,0.25276353,0.129634355,0.25276353,0.301971101
Track_246,246,246,7,0,0,0,0,0,30,15,45,10.35940493,376.2799525,143.7626261,0,0.649176167,0.941636211,0.151525316,0.837893068,0.295548655,33.58214569,19.475285,11.55962139,0.531925717,0.345313498,0.531925717,0.228817687
Track_248,248,248,26,1,0,0,0,1,130,30,160,19.65861861,348.0543273,147.7760348,0,0.394165683,0.90506514,0.104368831,0.310800678,0.224318992,56.69859607,51.69959456,19.65861861,0.380247056,0.151220143,0.383646141,0.333320297
Track_249,249,249,12,2,0,0,0,1,65,15,80,11.08728009,397.1606438,147.2766034,0,0.591020039,0.865684569,0.011643656,0.693968844,0.276374909,31.23277839,33.91425316,15.6917787,0.326920957,0.17057354,0.288608725,0.288545461
Track_250,250,250,7,1,0,0,0,1,35,0,35,12.37973265,303.1785446,147.6601312,0,0.442912492,0.831066078,0.129507073,0.374368035,0.239527982,41.52777944,15.15921494,12.37973265,0.816647346,0.353706647,0.798592619,0.25890384
Track_251,251,251,5,0,0,0,0,0,20,30,50,7.342024484,307.8080796,145.0673178,0,0.561635135,0.652423001,0.311238384,0.647880205,0.167094216,43.3448204,11.23270269,7.342024484,0.653629379,0.367101224,0.653629379,0.35884839
Track_253,253,253,4,0,0,0,0,0,15,25,40,6.657801661,226.9071647,156.7023351,0,0.590039029,0.829883111,0.170516621,0.769717357,0.364560376,20.4604485,8.850585442,6.657801661,0.752244211,0.443853444,0.752244211,0.162288743
Track_254,254,254,46,0,0,0,0,0,225,20,245,16.03546199,296.6843806,169.6740265,0,0.167716712,1.124946362,0.014681865,0.070986339,0.272520518,45.78691153,37.7362603,16.12995878,0.424935112,0.07126872,0.424935112,0.369614962
Track_255,255,255,19,1,0,0,0,1,95,0,95,23.07508076,60.91153705,162.9891208,0,0.657047124,1.758737301,0.052842014,0.606452332,0.353645767,37.10740501,62.48629209,23.1374683,0.369282286,0.242895587,0.369677574,0.273525476
Track_256,256,256,17,1,0,0,0,1,85,30,115,5.3081621,297.5733867,171.8089888,0,0.176238727,0.849097273,0.027345215,0.100877142,0.203443934,33.05991638,14.23582421,5.473374598,0.372873535,0.062448966,0.354343038,0.362358956
Track_257,257,257,13,0,0,0,0,0,60,20,80,6.770424027,317.1579884,169.9973053,0,0.227397993,0.455766181,0.050329077,0.160336315,0.147822621,67.62928038,13.64387959,7.516257057,0.496224258,0.1128404,0.496224258,0.318838913
Track_258,258,258,27,0,0,0,0,0,130,15,145,5.126705511,156.1523869,174.3216222,0,0.085426066,0.958197811,0.003684916,0.050281283,0.180280648,29.12670955,11.10538857,5.445901527,0.461641255,0.039436196,0.461641255,0.384962399
Track_259,259,259,6,0,0,0,0,0,25,15,40,9.19471139,41.40909783,172.1494428,0,0.468010181,0.808037304,0.10424223,0.536468675,0.290549432,66.27150663,11.70025453,9.19471139,0.785855672,0.367788456,0.785855672,0.27155552
Track_261,261,261,28,1,0,0,0,1,140,20,160,18.0814348,335.3145784,163.2434344,0,0.386707605,0.667536253,0.067237994,0.406978437,0.161861754,57.1938185,53.73822631,19.71494734,0.33647249,0.129153106,0.333981292,0.247964224
Track_262,262,262,44,0,0,0,0,0,215,30,245,9.24682673,290.9612166,174.461763,0,0.120997239,0.915181312,0.008150635,0.07405383,0.168392932,33.81569852,26.01440628,9.557068943,0.355450231,0.043008496,0.355450231,0.358304254
Track_263,263,263,23,4,0,0,0,1,130,15,145,12.97606729,444.2733548,173.485097,0,0.3419786,0.799624855,0.076804701,0.343802657,0.179753396,39.7441694,44.41620713,15.32401446,0.292147127,0.099815902,0.291877627,0.296252331
Track_264,264,264,14,0,0,0,0,0,65,20,85,13.63365408,138.3169623,177.9946127,0,0.378093293,0.680355656,0.046926068,0.45118769,0.221459294,70.35226658,24.57606403,13.63365408,0.554753359,0.209748524,0.554753359,0.318855009
Track_265,265,265,14,0,0,0,0,0,65,30,95,11.74667669,446.9495809,175.5686013,0,0.385439824,0.659394522,0.122374878,0.39403995,0.159225042,53.13905525,25.05358855,11.74667669,0.468862042,0.180718103,0.468862042,0.355011524
Track_266,266,266,16,0,0,0,0,0,75,20,95,4.422644949,274.7302184,179.7385105,0,0.347262781,0.66924909,0.11239006,0.33418297,0.180576754,70.94587773,26.0447086,4.449412966,0.169809731,0.058968599,0.169809731,0.381596067
Track_267,267,267,44,0,0,0,0,0,215,30,245,3.776177006,217.8745733,182.7595476,0,0.080628587,0.58371652,0.006035363,0.058797551,0.095893682,30.20624848,17.33514624,6.089841414,0.217833582,0.017563614,0.217833582,0.350351263
Track_269,269,269,3,0,0,0,0,0,10,25,35,2.98590304,401.171383,183.5952682,0,0.533569287,0.802078681,0.265059893,0.802078681,0.379729627,24.88814481,5.335692874,4.010393407,0.559609241,0.298590304,0.559609241,0.513439308
Track_271,271,271,7,0,0,0,0,0,30,15,45,2.283909914,222.2386495,184.8334855,0,0.156644056,0.243787601,0.077562003,0.187789857,0.064329605,26.57443319,4.699321669,2.283909914,0.486008423,0.07613033,0.486008423,0.292142693
Track_272,272,272,14,0,0,0,0,0,65,25,90,15.33583691,374.4110206,186.6474688,0,0.521908386,1.037954067,0.156305013,0.484807848,0.305268492,46.5923731,33.92404512,15.33583691,0.452063923,0.235935952,0.452063923,0.288742984
Track_275,275,275,17,0,0,0,0,0,80,25,105,7.722931136,121.6795317,193.5316356,0,0.37850292,0.753616392,0.065049525,0.378545533,0.154341653,58.10794948,30.28023359,9.572171089,0.255048598,0.096536639,0.255048598,0.297045409
Track_278,278,278,43,1,0,0,0,1,215,30,245,9.683354324,24.32613608,200.885285,0,0.054264624,0.879716091,0.002745635,0.017933885,0.147039566,21.98435435,15.79415142,10.17891492,0.613097473,0.045038857,0.829985621,0.369856261
Track_279,279,279,24,0,0,0,0,0,115,20,135,17.0794888,269.3867765,191.9934105,0,0.340001092,0.913390866,0.138099868,0.254369305,0.201627957,62.18736124,39.10012559,18.72916396,0.436814167,0.148517294,0.436814167,0.295227101
Track_281,281,281,13,0,0,0,0,0,60,20,80,8.541578535,384.5846854,197.7549187,0,0.42832058,0.797385452,0.107549253,0.440346983,0.183848551,55.40115775,25.69923478,9.308338614,0.332367038,0.142359642,0.332367038,0.326509729
Track_286,286,286,8,0,0,0,0,0,35,25,60,8.600589378,272.4034183,21.2456082,0,0.579543176,0.854548528,0.339540182,0.593208082,0.188523275,61.77221823,20.28401115,8.600589378,0.424008314,0.245731125,0.424008314,0.443942046
Track_287,287,287,21,2,0,0,0,1,110,30,140,11.52739293,105.4485807,28.10551512,0,0.506214637,1.000037865,0.032512394,0.516724406,0.287477221,48.77329159,59.0035845,18.16059404,0.195367672,0.104794481,0.207015905,0.307602564
Track_289,289,289,7,0,0,0,0,0,30,30,60,4.826291239,156.3109951,21.73652468,0,0.536596765,0.788032485,0.097942965,0.705093121,0.269538584,53.96471487,16.09790296,5.313354033,0.299808693,0.160876375,0.299808693,0.436835063
Track_290,290,290,15,1,0,0,0,1,75,0,75,6.626571566,137.3178507,21.87258141,0,0.38949433,0.959245435,0.089126639,0.380676095,0.240746768,58.89437529,29.78558908,6.895324294,0.22247576,0.088354288,0.226843578,0.303882499
Track_291,291,291,6,0,0,0,0,0,25,15,40,10.18675077,59.50790693,26.8943141,0,0.466047128,0.800357277,0.317862647,0.35120868,0.209026575,69.90506872,11.65117821,10.18675077,0.874310785,0.407470031,0.874310785,0.157308639
Track_292,292,292,4,0,0,0,0,0,15,30,45,7.193747798,54.69406223,32.09290052,0,0.848778233,1.631971923,0.434412186,0.47995059,0.678647702,26.13268542,12.73167349,7.193747798,0.565027669,0.479583187,0.565027669,0.416870658
Track_295,295,295,5,0,0,0,0,0,20,25,45,3.198699627,234.4794069,38.13230229,0,0.294342134,0.388690992,0.138561431,0.357690299,0.111334326,52.12495613,5.886842676,3.257102962,0.543364211,0.159934981,0.543364211,0.26460273
Track_296,296,296,8,0,0,0,0,0,35,25,60,6.831661125,202.9133499,40.39880041,0,0.323900463,0.582782432,0.125365843,0.318665022,0.151384212,78.44098473,11.33651621,6.831661125,0.602624387,0.195190318,0.602624387,0.219392756
Track_297,297,297,8,0,0,0,0,0,35,25,60,9.752920927,281.1967468,36.13633322,0,0.352521427,0.940869405,0.104037003,0.275859558,0.281822417,63.62575102,12.33824994,9.752920927,0.790462259,0.278654884,0.790462259,0.183117584
Track_298,298,298,10,1,0,0,0,1,50,5,55,23.06861562,359.6101593,43.67464628,0,0.556644732,0.86954094,0.212210469,0.531688403,0.239009784,45.67399778,28.80361697,23.06861562,0.800893014,0.461372312,0.828845196,0.213242171
Track_299,299,299,19,0,0,0,0,0,90,25,115,7.403754071,245.6931818,39.58305288,0,0.357521363,0.679305766,0.031287319,0.410101997,0.200028419,68.3556115,32.17692267,8.44851055,0.230095157,0.082263934,0.230095157,0.255907267
Track_300,300,300,7,0,0,0,0,0,30,30,60,4.136468678,438.1311423,41.81367321,0,0.440881385,0.571412542,0.27508291,0.466547112,0.117580666,61.03354291,13.22644155,6.976522142,0.31274237,0.137882289,0.31274237,0.219368604
Track_301,301,301,17,0,0,0,0,0,80,15,95,16.08392005,387.4053857,41.87518077,0,0.449440371,1.657269016,0.135251188,0.440765249,0.356950666,61.96376924,35.95522971,17.6479138,0.447331867,0.201049001,0.447331867,0.214420249
Track_302,302,302,6,0,0,0,0,0,25,15,40,11.35236032,250.6517185,47.89004381,0,0.590229127,1.002311278,0.27394637,0.610383423,0.26952056,88.36011759,14.75572818,11.35236032,0.769352768,0.454094413,0.769352768,0.117019312
Track_303,303,303,4,0,0,0,0,0,15,20,35,3.362990993,384.0678645,45.04249525,0,0.542312792,0.907863928,0.294030545,0.425043903,0.323282925,79.20532608,8.134691881,5.39137034,0.413413445,0.2241994,0.413413445,0.421528903
Track_304,304,304,25,2,0,0,0,1,130,5,135,31.54806594,58.81262955,51.90958405,0,0.485029486,0.857791263,0.041184664,0.513262899,0.219578077,48.45165241,61.71127263,32.82845819,0.511220472,0.24267743,0.500335417,0.220396274
Track_305,305,305,3,0,0,0,0,0,10,30,40,4.532783451,186.5133321,55.07495622,0,0.576218643,0.653399378,0.499037908,0.653399378,0.109150042,19.25164191,5.762186435,4.532783451,0.78664297,0.453278345,0.78664297,0.26904021
Track_306,306,306,22,2,0,0,0,1,115,0,115,21.942551,286.4423502,58.9226379,0,0.336437461,0.73324397,0.037277083,0.285131669,0.216898365,65.07804125,39.71380072,22.14970047,0.552517024,0.190804791,0.567133014,0.266504181
Track_307,307,307,9,1,0,0,0,1,45,20,65,12.13773318,343.9811815,57.46475557,0,0.375096487,0.780364895,0.051121661,0.536705116,0.269106752,53.6675983,15.63084031,12.13773318,0.776524674,0.269727404,0.719088057,0.128355665
Track_308,308,308,31,2,0,0,0,1,160,30,190,14.10063401,326.829221,58.70965992,0,0.417489153,1.773646109,0.069143689,0.371342473,0.306906411,63.39344625,66.94191939,15.7533839,0.210639822,0.088128963,0.21109282,0.318653554
Track_309,309,309,9,2,0,0,0,1,50,20,70,13.73025989,449.2921393,61.49436306,0,0.297607718,0.503300306,0.089126639,0.357876226,0.165684615,40.20362716,15.94801584,13.73025989,0.860938441,0.274605198,0.922708589,0.182555988
Track_310,310,310,8,0,0,0,0,0,35,15,50,11.91118479,400.1806412,61.34397089,0,0.610105163,1.669806911,0.21493073,0.521387031,0.486544389,41.02935886,21.35368072,11.91118479,0.557804762,0.340319566,0.557804762,0.256806252
Track_312,312,312,9,1,0,0,0,1,45,30,75,9.204662477,373.2988622,64.12477932,0,0.715216843,1.194674977,0.255527167,0.815725599,0.336614813,57.2406133,29.88630957,9.204662477,0.307989264,0.204548055,0.28599446,0.368739259
Track_315,315,315,2,0,0,0,0,0,5,25,30,5.250162342,432.1226372,24.75014611,0,1.050032468,1.050032468,1.050032468,1.050032468,NaN,25.03827477,5.250162342,5.250162342,1,1.050032468,1,NaN
Track_318,318,318,23,2,0,0,0,1,120,0,120,30.86369225,223.4771363,55.95161923,0,0.543703512,1.309512032,0.206384913,0.548163162,0.252645872,62.32814179,63.84820389,30.86369225,0.483391707,0.257197435,0.473047221,0.305368075
Track_321,321,321,2,0,0,0,0,0,5,25,30,4.960560642,156.1085833,84.68229074,0,0.992112128,0.992112128,0.992112128,0.992112128,NaN,15.3005743,4.960560642,4.960560642,1,0.992112128,1,NaN
Track_322,322,322,8,1,0,0,0,1,40,5,45,5.922042046,319.2003435,98.77862313,0,0.843069935,1.314090646,0.4640074,0.870671246,0.291710948,50.3368969,32.9809715,12.90218216,0.179559357,0.148051051,0.175609454,0.435122852
Track_323,323,323,22,1,0,0,0,1,110,0,110,36.15696522,209.2279507,112.0234043,0,0.543533301,1.543228564,0.108432932,0.447138397,0.384989162,51.08201976,58.35016771,36.15696522,0.619654864,0.328699684,0.604746173,0.243768614
Track_325,325,325,7,1,0,0,0,1,35,25,60,9.524913456,129.8406802,148.303281,0,0.40128085,0.718706395,0.076304002,0.469180869,0.284908108,24.8257885,12.4199455,9.524913456,0.76690461,0.272140384,0.678179347,0.15910038
Track_326,326,326,4,0,0,0,0,0,15,15,30,2.32188763,72.30165533,185.5354607,0,0.366673529,0.613804467,0.225015905,0.261200214,0.214785012,86.11060524,5.500102928,3.363334458,0.422153487,0.154792509,0.422153487,0.397150546
Track_327,327,327,3,0,0,0,0,0,10,0,10,7.282380568,115.6486023,22.84880916,0,0.72824833,1.073930517,0.382566142,1.073930517,0.488868438,20.82433891,7.282483296,7.282380568,0.999985894,0.728238057,0.999985894,0.002413896
Track_329,329,329,3,0,0,0,0,0,10,0,10,5.211174729,175.5829152,32.43638843,0,0.614775406,0.768241902,0.461308909,0.768241902,0.217034401,67.55454318,6.147754057,5.211174729,0.847655043,0.521117473,0.847655043,0.231937572
Track_331,331,331,3,0,0,0,0,0,10,0,10,4.581885809,275.4988708,58.32113756,0,0.458400385,0.704084805,0.212715965,0.704084805,0.347450238,82.15383657,4.584003849,4.581885809,0.99953795,0.458188581,0.99953795,0.01440442
Track_332,332,332,3,0,0,0,0,0,10,0,10,9.827360854,236.4292621,71.6611593,0,1.035137202,1.134816373,0.935458032,1.134816373,0.140967635,35.15699959,10.35137202,9.827360854,0.949377612,0.982736085,0.949377612,0.128437177
Track_333,333,333,3,0,0,0,0,0,10,0,10,4.763526851,350.0883243,73.81244007,0,0.478187767,0.6188046,0.337570935,0.6188046,0.198862232,52.58403969,4.781877674,4.763526851,0.996162423,0.476352685,0.996162423,0.036680436
Track_334,334,334,3,0,0,0,0,0,10,0,10,6.715145046,169.2457842,74.37293702,0,0.674440932,1.151531401,0.197350462,1.151531401,0.674707812,14.83527724,6.744409319,6.715145046,0.995660958,0.671514505,0.995660958,0.052814094
Track_335,335,335,3,0,0,0,0,0,10,0,10,3.671217093,407.1232321,82.37265766,0,0.487438306,0.741274794,0.233601818,0.741274794,0.358979004,54.26627477,4.874383058,3.706373969,0.753165488,0.367121709,0.753165488,0.351887572
Track_336,336,336,3,0,0,0,0,0,10,0,10,5.931596313,322.4659908,85.56618067,0,0.617205615,0.816745551,0.417665678,0.816745551,0.282192085,71.27502441,6.172056148,5.931596313,0.961040563,0.593159631,0.961040563,0.118565977
Track_338,338,338,3,0,0,0,0,0,10,0,10,6.126893016,259.6120747,94.42638776,0,0.703452649,0.727011699,0.679893599,0.727011699,0.033317528,54.65862401,7.034526492,6.126893016,0.870974475,0.612689302,0.870974475,0.205572315
Track_341,341,341,3,0,0,0,0,0,10,0,10,6.002140758,446.4103081,104.5771337,0,0.663807655,0.66680802,0.66080729,0.66680802,0.004243157,63.95211315,6.638076552,6.002140758,0.904198786,0.600214076,0.904198786,0.176520424
Track_342,342,342,3,0,0,0,0,0,10,0,10,8.74127532,365.7247139,126.7562598,0,0.95036217,0.96652961,0.93419473,0.96652961,0.022864213,42.09048684,9.5036217,8.74127532,0.919783594,0.874127532,0.919783594,0.161331763
Track_343,343,343,3,0,0,0,0,0,10,0,10,3.046305565,259.1830577,139.0663609,0,0.483314771,0.654836285,0.311793257,0.654836285,0.242568052,25.21104145,4.833147711,3.274181427,0.630294323,0.304630556,0.630294323,0.391935672
Track_345,345,345,3,0,0,0,0,0,10,0,10,1.44106286,220.7977176,140.331527,0,0.82160375,0.961156859,0.682050641,0.961156859,0.197357899,16.92429352,8.2160375,4.805784295,0.175396334,0.144106286,0.175396334,0.610558116
Track_347,347,347,3,0,0,0,0,0,10,0,10,2.018670655,437.5406114,169.0016325,0,0.518028878,0.719644366,0.316413389,0.719644366,0.285127358,55.79609299,5.180288775,3.598221828,0.389683036,0.201867065,0.389683036,0.619872472
Track_348,348,348,2,0,0,0,0,0,5,5,10,4.403704133,185.8051636,189.7865187,0,0.880740827,0.880740827,0.880740827,0.880740827,NaN,30.65090752,4.403704133,4.403704133,1,0.880740827,1,NaN
Track_349,349,349,3,0,0,0,0,0,10,0,10,3.877711524,134.7644861,188.7510664,0,0.453169162,0.771278822,0.135059501,0.771278822,0.449874996,69.25696309,4.531691618,3.877711524,0.855687423,0.387771152,0.855687423,0.325345271
Track_350,350,350,3,0,0,0,0,0,10,0,10,5.761398477,406.1178092,196.4084184,0,0.670560531,0.914761314,0.426359748,0.914761314,0.345352059,44.44087601,6.705605309,5.761398477,0.859191409,0.576139848,0.859191409,0.232648685
Track_352,352,352,3,0,0,0,0,0,10,0,10,3.181648994,169.4016227,200.0471998,0,0.440737486,0.736787674,0.144687299,0.736787674,0.418678191,29.14611403,4.407374862,3.683938369,0.721892077,0.318164899,0.721892077,0.482315724
Track_354,354,354,2,0,0,0,0,0,5,20,25,5.62221826,322.766443,61.70584667,0,1.124443652,1.124443652,1.124443652,1.124443652,NaN,14.48845673,5.62221826,5.62221826,1,1.124443652,1,NaN
Track_356,356,356,5,1,0,0,0,1,25,0,25,2.607368053,77.70142175,91.97782151,0,0.458028295,0.700063427,0.214845911,0.676520356,0.266268176,14.03739471,10.36398331,4.213569601,0.251579723,0.104294722,0.227703667,0.350375214
Track_357,357,357,3,0,0,0,0,0,10,15,25,3.657633427,339.0476158,153.4084833,0,0.459486105,0.67299319,0.24597902,0.67299319,0.301944615,21.79213206,4.594861047,3.657633427,0.796026994,0.365763343,0.796026994,0.301037923
Track_363,363,363,4,0,0,0,0,0,15,105,120,3.119432368,417.2313856,17.73345926,0,0.387241087,0.532849169,0.178253278,0.450620814,0.185599849,24.8408792,5.808616305,3.119432368,0.537035363,0.207962158,0.537035363,0.370152529
Track_364,364,364,5,0,0,0,0,0,20,95,115,8.117541956,200.3725149,26.72248381,0,0.682427003,1.135420066,0.464878817,0.622699234,0.309286187,52.86389008,13.64854006,8.117541956,0.594755331,0.405877098,0.594755331,0.293164241
Track_365,365,365,24,0,0,0,0,0,115,35,150,21.55601874,307.8945629,27.92505708,0,0.404740388,0.814810726,0.092053883,0.399639192,0.198414288,69.46956503,46.54514463,23.4790377,0.463120674,0.187443641,0.463120674,0.265457426
Track_366,366,366,25,0,0,0,0,0,120,45,165,10.71239243,260.9741247,31.47983755,0,0.398343302,0.734144961,0.024477137,0.420319612,0.184796665,80.09669617,47.80119628,12.38450678,0.22410302,0.089269937,0.22410302,0.31509589
Track_367,367,367,15,1,0,0,0,1,75,105,180,11.8012804,46.57965583,27.86956777,0,0.456477164,0.860807049,0.105996798,0.539902785,0.238957244,42.09539935,34.65291543,11.8012804,0.340556639,0.157350405,0.344705974,0.268062954
Track_368,368,368,6,0,0,0,0,0,25,100,125,4.039412445,207.7728677,33.83809115,0,0.383981403,0.826446679,0.073673862,0.26801756,0.315241152,25.30856164,9.599535075,4.039412445,0.420792509,0.161576498,0.420792509,0.350237314
Track_369,369,369,9,0,0,0,0,0,40,90,130,6.347917685,307.0632817,31.69479927,0,0.400624409,0.750934412,0.018094998,0.478933373,0.24935783,66.83457904,16.02497638,6.628721671,0.396126493,0.158697942,0.396126493,0.289535853
Track_370,370,370,6,0,0,0,0,0,25,110,135,5.629264286,400.2876282,30.89400754,0,0.478376852,0.691517326,0.26426074,0.436088355,0.16833889,41.95681492,11.9594213,5.629264286,0.470697047,0.225170571,0.470697047,0.290880193
Track_371,371,371,8,0,0,0,0,0,35,100,135,7.522552823,61.87603495,37.01795518,0,0.496562639,0.796590756,0.279237819,0.468056512,0.201114914,63.43798852,17.37969238,8.053377882,0.432835787,0.214930081,0.432835787,0.254123827
Track_372,372,372,18,2,0,0,0,1,95,75,170,5.861455313,283.153402,37.12709252,0,0.323490343,0.677382619,0.035820784,0.362631298,0.181567534,55.33020888,30.6825922,8.949101255,0.191035206,0.06169953,0.190730669,0.289969636
Track_373,373,373,30,1,0,0,0,1,150,95,245,11.17249935,338.0491176,29.18595445,0,0.431496678,0.866868555,0.036839777,0.3750698,0.250611708,78.26844632,63.15051078,17.30427962,0.17691859,0.074483329,0.172616228,0.318784671
Track_374,374,374,31,0,0,0,0,0,150,95,245,18.05607763,229.3146917,39.71320883,0,0.328393638,0.662145603,0.051763649,0.30937045,0.159805775,81.17383132,49.25904565,18.05607763,0.366553541,0.120373851,0.366553541,0.328618223
Track_375,375,375,20,1,0,0,0,1,100,60,160,7.368804057,248.6413696,36.6452648,0,0.327959738,0.933183812,0.040082557,0.34678875,0.195214632,67.95891223,32.9746623,7.64535707,0.223468674,0.073688041,0.224686241,0.329545706
Track_377,377,377,4,0,0,0,0,0,15,110,125,2.573643335,346.302954,40.85206009,0,0.50530958,0.569559965,0.438383114,0.507985661,0.065629358,15.26220298,7.5796437,2.847799823,0.339546743,0.171576222,0.339546743,0.547963041
Track_378,378,378,22,1,0,0,0,1,110,60,170,13.48129203,262.4277341,46.09838613,0,0.384168525,0.685404369,0.027324757,0.416928753,0.194066595,53.91954851,43.03593003,13.48129203,0.313256668,0.1225572,0.319019369,0.292494465
Track_379,379,379,16,0,0,0,0,0,75,55,130,11.44937779,397.608588,42.31234049,0,0.33475989,0.718649547,0.069548515,0.342339595,0.211637137,73.73466492,25.10699175,11.44937779,0.456023481,0.152658371,0.456023481,0.272105845
Track_382,382,382,4,0,0,0,0,0,15,100,115,4.296714228,450.9778959,52.16008061,0,0.675288698,1.085680076,0.410003221,0.530182796,0.360453319,23.29563618,10.12933046,4.296714228,0.424185413,0.286447615,0.424185413,0.428986657
Track_384,384,384,6,0,0,0,0,0,25,110,135,2.825091895,238.4723247,49.87004705,0,0.400167047,0.638177039,0.139836863,0.464272555,0.197239129,67.86016401,10.00417619,5.506453048,0.282391258,0.113003676,0.282391258,0.206059178
Track_385,385,385,17,0,0,0,0,0,80,35,115,19.29607191,245.3973919,56.69153996,0,0.483046979,0.909243046,0.189982555,0.522778073,0.213684597,85.8262025,38.64375832,19.29607191,0.499332176,0.241200899,0.499332176,0.336649804
Track_390,390,390,13,0,0,0,0,0,60,95,155,15.77008654,342.5388919,62.20347339,0,0.541016447,1.219045139,0.058296197,0.514665169,0.362373919,63.09045924,32.4609868,15.77008654,0.485816609,0.262834776,0.485816609,0.315446907
Track_391,391,391,5,0,0,0,0,0,20,110,130,4.099301893,307.6571473,59.58465052,0,0.561284668,1.036608485,0.155806533,0.591591418,0.36573864,13.75492401,11.22569335,4.099301893,0.365171377,0.204965095,0.365171377,0.415218869
Track_392,392,392,7,0,0,0,0,0,30,85,115,7.352840954,131.4660881,58.33478799,0,0.494317661,0.780441838,0.154383778,0.617725907,0.275235445,51.17162486,14.82952984,7.63132279,0.49582428,0.245094698,0.49582428,0.207904646
Track_394,394,394,24,1,0,0,0,1,120,75,195,12.2278515,222.8604943,69.76237823,0,0.455824165,1.131301956,0.185969394,0.389441041,0.263598467,69.80507509,54.36698419,14.9137687,0.224913184,0.101898762,0.223548399,0.269194675
Track_395,395,395,16,3,0,0,0,1,90,55,145,12.24160273,340.9504968,69.03958727,0,0.499091271,1.007363681,0.068027347,0.581152786,0.306383641,30.61468363,44.53741415,12.24160273,0.274861102,0.136017808,0.27253093,0.239979024
Track_396,396,396,6,0,0,0,0,0,25,100,125,5.303512231,267.9023326,63.71391659,0,0.56177602,1.026471181,0.333912962,0.399048268,0.302640596,46.84832255,14.04440051,6.725994747,0.377624679,0.212140489,0.377624679,0.455485115
Track_397,397,397,7,1,0,0,0,1,35,110,145,2.613672246,452.9539394,65.87712293,0,0.209716123,0.466353211,0.048087233,0.250967475,0.155096086,71.99284472,6.634643479,2.613672246,0.393943134,0.07467635,0.356083017,0.404354345
Track_399,399,399,10,1,0,0,0,1,50,65,115,2.954000949,287.6840698,76.60841319,0,0.237254531,0.379606432,0.112553814,0.256353991,0.086239046,30.96393127,11.79202856,3.789751939,0.250508293,0.059080019,0.249015345,0.394534996
Track_400,400,400,10,0,0,0,0,0,45,70,115,5.864680789,343.63412,78.76381499,0,0.284888683,0.39829218,0.146524592,0.306443668,0.09138594,64.38791361,12.81999073,5.864680789,0.457463731,0.13032624,0.457463731,0.287482503
Track_401,401,401,11,0,0,0,0,0,50,70,120,15.71658302,303.5824018,75.1374039,0,0.499045582,0.803369353,0.188261143,0.544517098,0.194616058,62.90748787,24.95227909,15.71658302,0.629865631,0.31433166,0.629865631,0.228509722
Track_405,405,405,17,1,0,0,0,1,85,40,125,11.62984907,380.9658583,81.52859007,0,0.462394101,1.03505416,0.167541743,0.449329717,0.251261846,35.49996729,39.7148921,12.23977477,0.292833455,0.136821754,0.295898571,0.320638121
Track_406,406,406,9,2,0,0,0,1,50,110,160,8.182347084,140.9195515,87.53764222,0,0.65311409,1.003617171,0.426728707,0.670777964,0.182256423,25.38216485,31.48170988,9.331054639,0.259907963,0.163646942,0.250564096,0.370136153
Track_407,407,407,6,0,0,0,0,0,25,100,125,6.734976146,422.9297313,88.74023013,0,0.494911023,0.815096513,0.251085107,0.403661267,0.22311563,38.25648499,12.37277559,7.844807208,0.544338342,0.269399046,0.544338342,0.306694191
Track_408,408,408,7,0,0,0,0,0,30,110,140,9.440896478,198.4812084,84.09963323,0,0.652242602,1.583564604,0.167052352,0.518056193,0.489699512,54.44938496,19.56727806,9.440896478,0.482483892,0.314696549,0.482483892,0.310718709
Track_409,409,409,39,1,0,0,0,1,195,50,245,7.033743979,93.8959932,86.77650739,0,0.170028147,0.411606341,0.056405219,0.16617703,0.092178639,62.69926834,34.36337966,10.8795414,0.2046872,0.036070482,0.212144181,0.283293504
Track_410,410,410,35,1,0,0,0,1,175,70,245,16.00388852,333.3642932,87.57478601,0,0.446157339,0.827028842,0.064504198,0.486650719,0.183508052,79.3071261,78.45775132,21.25092525,0.203980974,0.091450792,0.204974307,0.302505686
Track_411,411,411,16,0,0,0,0,0,75,80,155,12.76372752,320.0650819,85.52068542,0,0.460598411,1.083522053,0.120987753,0.376510922,0.273793332,72.06204444,34.54488083,12.76372752,0.369482459,0.170183034,0.369482459,0.261221752
Track_412,412,412,36,2,0,0,0,1,185,60,245,11.02460861,386.6085826,91.06136476,0,0.370318042,0.893715418,0.054119635,0.319246741,0.209296812,40.7822028,66.19238959,17.85181906,0.16655402,0.059592479,0.16092243,0.33302175
Track_413,413,413,12,0,0,0,0,0,55,80,135,5.412365729,125.1865713,91.10386646,0,0.345225248,0.753738838,0.130539688,0.318804067,0.157058381,50.27151187,18.98738865,7.562865772,0.285050558,0.09840665,0.285050558,0.365167861
Track_414,414,414,7,0,0,0,0,0,30,85,115,10.91324696,248.4839158,91.24845814,0,0.582763604,0.898015071,0.464751089,0.552589445,0.15954404,30.33122621,17.48290812,10.91324696,0.624223778,0.363774899,0.624223778,0.303984532
Track_415,415,415,11,1,0,0,0,1,55,60,115,5.428025046,365.454493,98.36162582,0,0.534269249,1.142356949,0.137193928,0.600555822,0.311462713,28.68403756,28.21828523,7.281466932,0.19235843,0.098691364,0.18472215,0.270180322
Track_416,416,416,37,0,0,0,0,0,180,35,215,11.93838495,93.63562025,92.34010441,0,0.17726279,0.585169223,0.007238364,0.163316165,0.103546353,66.20105506,31.90730213,13.68414801,0.374158395,0.066324361,0.374158395,0.308284028
Track_417,417,417,16,3,0,0,0,1,90,35,125,10.49463947,355.1313527,93.12583545,0,0.36731283,0.728350745,0.130878242,0.357682468,0.177471041,63.86554837,33.26502115,15.35115197,0.31548573,0.116607105,0.31745993,0.245009353
Track_419,419,419,11,0,0,0,0,0,50,70,120,10.60995644,262.2077853,98.68433874,0,0.413301253,0.944725165,0.132657845,0.394912678,0.262680689,59.47602862,20.66506267,10.60995644,0.513424837,0.212199129,0.513424837,0.317565062
Track_420,420,420,18,0,0,0,0,0,85,100,185,5.351799366,230.7370136,95.23063099,0,0.305374441,0.937041744,0.133858417,0.259026952,0.18912713,51.05839634,25.95682746,5.381913476,0.206180797,0.062962345,0.206180797,0.33473814
Track_421,421,421,25,0,0,0,0,0,120,45,165,15.34969041,265.1178351,98.5363025,0,0.431508359,0.729651745,0.02562006,0.437759438,0.191880334,43.98879879,51.78100312,16.97503398,0.296434783,0.127914087,0.296434783,0.330044801
Track_422,422,422,18,0,0,0,0,0,85,100,185,8.762663414,223.9079284,97.42161694,0,0.518148513,0.905734743,0.214218792,0.515092479,0.211285253,76.38105811,44.04262362,11.20076314,0.198958706,0.103090158,0.198958706,0.295570396
Track_423,423,423,7,0,0,0,0,0,30,85,115,4.907248536,434.2647963,103.1417734,0,0.31757984,0.623965902,0.087681211,0.349716473,0.195275986,52.56764657,9.527395188,5.210504852,0.515067176,0.163574951,0.515067176,0.370987699
Track_425,425,425,5,0,0,0,0,0,20,110,130,9.402006496,101.5445456,101.4960585,0,0.674223258,1.014772109,0.41456491,0.796209183,0.282509816,17.0843811,13.48446515,9.402006496,0.697247269,0.470100325,0.697247269,0.221228727
Track_426,426,426,10,0,0,0,0,0,45,95,140,7.676417843,261.586029,103.0203665,0,0.452050246,1.474779541,0.102256762,0.372036772,0.416376567,25.1154355,20.34226109,9.587500036,0.377363058,0.170587063,0.377363058,0.303144465
Track_428,428,428,13,0,0,0,0,0,60,75,135,3.09422716,434.732068,105.6733639,0,0.269787783,0.540893642,0.067805038,0.266903326,0.16588157,49.46765753,16.18726697,3.09422716,0.19115192,0.051570453,0.19115192,0.297742472
Track_429,429,429,7,1,0,0,0,1,35,110,145,5.373276183,432.7177015,107.4786644,0,0.239936358,0.66446178,0.069138673,0.181398477,0.214073254,35.07600866,7.54378409,5.373276183,0.712278628,0.153522177,0.639845408,0.252431115
Track_431,431,431,6,1,0,0,0,1,30,85,115,3.072387548,397.984614,107.6987472,0,0.377143443,0.765729494,0.184055101,0.331061106,0.231107226,23.2758913,10.55227558,3.631610666,0.291158767,0.102412918,0.271548983,0.276359437
Track_432,432,432,12,1,0,0,0,1,60,75,135,5.561023884,221.6318997,109.3238098,0,0.430579038,0.744083009,0.126037653,0.443444121,0.187938238,64.3010025,26.79647449,9.781312544,0.207528191,0.092683731,0.215253701,0.232453866
Track_435,435,435,9,1,0,0,0,1,45,105,150,10.83784937,422.216652,114.4419615,0,0.667439732,1.094717272,0.188566774,0.755411088,0.306599023,39.25742563,27.64042314,12.92504795,0.392101428,0.240841097,0.360843213,0.208971961
Track_436,436,436,6,0,0,0,0,0,25,100,125,7.233636515,345.7463903,110.9037247,0,0.620135556,0.920529247,0.059392945,0.675734079,0.332929149,25.02430503,15.5033889,7.233636515,0.466584213,0.289345461,0.466584213,0.195290392
Track_439,439,439,6,1,0,0,0,1,30,85,115,3.112580885,359.3041176,116.2374895,0,0.275068104,0.588133233,0.112371295,0.175837692,0.204768922,23.95125866,7.438559087,3.112580885,0.418438685,0.103752696,0.37718912,0.300602789
Track_440,440,440,22,1,0,0,0,1,110,80,190,10.56764769,352.1986397,112.2627282,0,0.453845078,0.918895255,0.067681132,0.400186611,0.245841371,56.84076461,51.3654851,12.21989297,0.205734408,0.096069524,0.211679115,0.28916957
Track_441,441,441,16,0,0,0,0,0,75,105,180,9.20034313,337.2775925,115.1023159,0,0.294653507,0.744264504,0.01067511,0.286784424,0.216356453,48.91528279,22.09901305,9.20034313,0.416323711,0.122671242,0.416323711,0.325946831
Track_443,443,443,16,0,0,0,0,0,75,80,155,6.513199471,18.09761314,118.797745,0,0.33068037,0.569200556,0.069567868,0.310571261,0.129427186,72.49837446,24.80102777,6.513199471,0.262618127,0.08684266,0.262618127,0.34231064
Track_444,444,444,9,1,0,0,0,1,45,70,115,8.45338106,430.975498,125.11558,0,0.329571408,0.629903986,0.114307139,0.461073908,0.205806441,30.75831254,13.93837115,8.711271567,0.606482706,0.187852912,0.569991534,0.171103288
Track_445,445,445,31,1,0,0,0,1,155,90,245,14.27827969,134.758684,120.8455811,0,0.476323418,1.001275768,0.082033965,0.544810366,0.25677881,66.16241858,73.20393886,16.29400885,0.19504797,0.092117933,0.193393669,0.31754039
Track_446,446,446,25,0,0,0,0,0,120,100,220,7.850555336,16.42617483,120.9090866,0,0.325327194,0.596211121,0.080364415,0.307764603,0.155170068,62.76806641,39.0392633,7.850555336,0.201093839,0.065421294,0.201093839,0.333611052
Track_448,448,448,19,1,0,0,0,1,95,85,180,13.42931521,261.2035057,121.5259107,0,0.433903543,1.178039789,0.01162143,0.445679981,0.276705174,55.54166121,40.18816311,18.4538729,0.334160961,0.141361213,0.325789487,0.29635884
Track_449,449,449,10,1,0,0,0,1,50,65,115,4.839182549,197.3297464,120.8908521,0,0.525577249,0.976896811,0.215788164,0.464153999,0.299517271,25.39773045,24.72991703,5.868805817,0.19568131,0.096783651,0.184147337,0.281144439
Track_451,451,451,5,0,0,0,0,0,20,95,115,5.246125949,327.3689964,128.2334131,0,0.470673201,0.79566177,0.243598035,0.51539388,0.244625647,21.5452961,9.413464017,5.250712355,0.55730026,0.262306297,0.55730026,0.200975011
Track_452,452,452,18,0,0,0,0,0,85,40,125,20.00048846,247.593282,129.0574615,0,0.464863624,0.746125644,0.0402352,0.539912492,0.22433213,53.14413823,39.51340807,20.61542248,0.506169663,0.235299864,0.506169663,0.244777083
Track_453,453,453,7,0,0,0,0,0,30,90,120,2.834666265,18.14488723,128.9133706,0,0.285164796,0.55996059,0.024915315,0.325364646,0.183914687,69.41387217,8.554943891,3.916615705,0.331348318,0.094488875,0.331348318,0.208961748
Track_455,455,455,29,1,0,0,0,1,145,100,245,7.433382989,448.1302298,134.0831084,0,0.281676977,0.681010654,0.010684883,0.285146775,0.157355287,59.79628333,42.83983009,8.574233299,0.173515697,0.05126471,0.181998226,0.329372671
Track_456,456,456,22,1,0,0,0,1,110,80,190,5.881969644,447.5666105,135.5486737,0,0.282871364,0.673114894,0.028752461,0.23524728,0.165150846,43.80016795,30.03238879,5.881969644,0.195854205,0.053472451,0.189034516,0.354105687
Track_457,457,457,22,0,0,0,0,0,105,85,190,15.71588369,320.75384,138.7132505,0,0.343630238,0.837700946,0.02447655,0.308162037,0.196104455,55.95522464,36.08117497,17.4478554,0.435570175,0.149675083,0.435570175,0.292257864
Track_460,460,460,7,1,0,0,0,1,35,80,115,7.440762087,122.9219762,137.1712977,0,0.517613433,1.166113263,0.188553436,0.557413333,0.379452353,12.83691692,16.91321926,9.100429861,0.439937659,0.212593202,0.410718094,0.340347742
Track_461,461,461,11,0,0,0,0,0,50,90,140,11.30540566,374.6476615,140.4015654,0,0.662124671,1.186786253,0.361061835,0.624777885,0.257164499,41.7991157,33.10623356,11.30540566,0.34148873,0.226108113,0.34148873,0.3112199
Track_462,462,462,6,0,0,0,0,0,25,95,120,11.07861182,133.9162937,142.8145713,0,0.644137372,0.77885074,0.493851903,0.611583099,0.126113308,17.71886476,16.10343429,11.07861182,0.687965786,0.443144473,0.687965786,0.279920914
Track_463,463,463,6,0,0,0,0,0,25,105,130,3.611113203,371.8935401,141.9103959,0,0.435937802,0.929046989,0.224863411,0.272051978,0.296549645,48.72713232,10.89844506,3.611113203,0.331342057,0.144444528,0.331342057,0.354613795
Track_464,464,464,5,0,0,0,0,0,20,95,115,8.824214141,362.568603,141.6898433,0,0.550308328,1.276562623,0.187132143,0.372239455,0.491690683,40.18935051,11.00616656,8.824214141,0.801751826,0.441210707,0.801751826,0.167433308
Track_465,465,465,38,2,0,0,0,1,195,50,245,12.85242527,416.8087305,147.584964,0,0.358011556,0.829925368,0.009239315,0.381795126,0.22231861,74.48459711,68.80013138,14.12511715,0.18680815,0.065909873,0.184099848,0.308672666
Track_466,466,466,17,1,0,0,0,1,85,60,145,12.72573703,438.2199591,142.7838215,0,0.30990307,0.616791007,0.0683024,0.34628963,0.157600883,71.23122715,25.60483676,12.72573703,0.497005201,0.149714553,0.483101227,0.239919887
Track_467,467,467,12,0,0,0,0,0,55,75,130,12.91878757,313.7100224,145.9621437,0,0.434931517,0.735786911,0.111898037,0.406474854,0.219398253,44.89501349,23.92123344,12.91878757,0.540055244,0.234887047,0.540055244,0.346713236
Track_468,468,468,27,1,0,0,0,1,135,35,170,17.68086584,344.7142699,150.2333552,0,0.381472222,0.725505169,0.049521713,0.391400271,0.192197327,53.16304814,52.2224467,19.40508593,0.338568316,0.130969377,0.343326117,0.352257003
Track_469,469,469,17,1,0,0,0,1,85,60,145,14.23206117,323.6128662,153.6616153,0,0.494790128,0.89705449,0.063017087,0.521146702,0.220793767,68.70018437,42.08330177,14.52537722,0.338187846,0.167436014,0.338398049,0.383011914
Track_472,472,472,8,0,0,0,0,0,35,105,140,13.56624158,444.647087,157.1421392,0,0.881736618,1.838527829,0.431022178,0.820846868,0.468648271,33.62505531,30.86078162,13.56624158,0.43959488,0.387606902,0.43959488,0.298269359
Track_474,474,474,11,1,0,0,0,1,55,80,135,16.27684604,111.6883491,153.6230389,0,0.460253078,0.712298698,0.142535102,0.524718844,0.219449107,21.16585784,24.0095551,16.27684604,0.677932014,0.295942655,0.642999839,0.253386802
Track_475,475,475,4,0,0,0,0,0,15,110,125,3.734193159,107.7833642,158.5203076,0,0.459905496,0.645141608,0.124248561,0.610326318,0.291208189,23.4301548,6.898582435,3.734193159,0.541298621,0.248946211,0.541298621,0.368144625
Track_476,476,476,39,1,0,0,0,1,195,35,230,18.06454013,425.4338204,162.2401887,0,0.323822536,1.085922428,0.024829029,0.297812786,0.209289867,61.17445557,62.73117441,22.56670071,0.287967511,0.092638667,0.286078506,0.277470179
Track_479,479,479,28,1,0,0,0,1,140,65,205,9.015477664,188.6051691,159.547967,0,0.129638862,0.909018931,0.009938273,0.091743717,0.170899537,19.4274653,22.04634104,9.015477664,0.408933058,0.064396269,0.49673584,0.356308342
Track_483,483,483,14,0,0,0,0,0,65,105,170,5.109508184,151.0632133,162.9894853,0,0.373737908,1.007067647,0.008315005,0.303295232,0.317061252,12.61965077,24.29296402,5.187299337,0.210328726,0.078607818,0.210328726,0.395982831
Track_484,484,484,12,0,0,0,0,0,55,95,150,5.362570006,380.369542,164.892906,0,0.175544906,0.73232334,0.013419376,0.097196418,0.21689174,15.02067073,9.65496981,5.891837973,0.555420691,0.097501273,0.555420691,0.342500404
Track_485,485,485,27,0,0,0,0,0,130,55,185,10.57338576,308.7826709,164.8842843,0,0.32484576,0.546207476,0.084642236,0.352736226,0.138882105,62.43107909,42.22994881,13.03262952,0.250376476,0.081333737,0.250376476,0.303783196
Track_486,486,486,30,0,0,0,0,0,145,65,210,20.97633043,74.3427389,167.9372866,0,0.425059939,0.855472333,0.070506636,0.407138344,0.202638462,76.76029237,61.63369121,24.83780612,0.340338701,0.144664348,0.340338701,0.296102526
Track_491,491,491,21,1,0,0,0,1,105,105,210,10.13364823,176.0620516,168.0568971,0,0.251841274,0.827423175,0.045787272,0.2180468,0.187930442,18.20058968,29.32124332,10.53989843,0.345607726,0.096510936,0.38322128,0.313805289
Track_492,492,492,19,1,0,0,0,1,95,75,170,3.017430608,179.0317551,169.9432835,0,0.08360027,0.236991439,0.012768083,0.069045852,0.058924545,20.97437352,8.708981501,3.017430608,0.34647342,0.031762427,0.379932115,0.330944264
Track_493,493,493,22,0,0,0,0,0,105,35,140,2.443871581,167.8981299,169.3171111,0,0.119138017,0.234167669,0.014720811,0.132570496,0.076163017,28.70906041,12.50949183,2.640275959,0.19536138,0.023274967,0.19536138,0.455012645
Track_494,494,494,16,0,0,0,0,0,75,75,150,24.62898274,449.0812939,171.6124324,0,0.518546348,1.02173318,0.297314674,0.491744783,0.202484511,78.61634469,38.89097612,24.62898274,0.63328271,0.328386436,0.63328271,0.275929468
Track_495,495,495,5,0,0,0,0,0,20,95,115,9.741461287,51.01457672,169.2686232,0,0.541883125,0.808810292,0.25205481,0.794193161,0.300853983,32.35792713,10.8376625,9.741461287,0.898852615,0.487073064,0.898852615,0.165585683
Track_496,496,496,8,0,0,0,0,0,35,80,115,15.68620234,356.9837119,171.2771052,0,0.735139712,1.171002921,0.105542107,0.890932133,0.382512213,34.42642736,25.72988993,15.68620234,0.609649026,0.44817721,0.609649026,0.317926683
Track_497,497,497,15,0,0,0,0,0,70,105,175,12.10758944,329.5930512,174.6005515,0,0.435566397,0.78590176,0.053133933,0.421601888,0.233117094,68.90136344,30.48964778,12.10758944,0.39710493,0.172965563,0.39710493,0.382623995
Track_499,499,499,15,2,0,0,0,1,80,45,125,9.348494816,72.19183137,177.7754619,0,0.34389821,0.672190397,0.010197718,0.395127541,0.206457685,50.3069521,26.30076846,12.90642711,0.355445691,0.116856185,0.33979876,0.288727213
Track_500,500,500,25,1,0,0,0,1,125,40,165,10.49891169,367.2622206,171.4267349,0,0.412955697,0.99680993,0.083254063,0.389610206,0.237641518,46.00373619,50.21197836,12.33649337,0.209091775,0.083991294,0.203390567,0.286351716
Track_501,501,501,24,1,0,0,0,1,120,40,160,15.08211455,330.0541248,170.4733165,0,0.389142861,0.916923171,0.057434389,0.389323769,0.225496254,66.94578306,45.2648873,16.2388833,0.333196777,0.125684288,0.322977242,0.27184361
Track_502,502,502,25,0,0,0,0,0,120,95,215,14.55792505,50.31045573,169.7117372,0,0.584409138,1.414076452,0.162774819,0.481791061,0.353158118,28.99855087,70.12909655,14.55792505,0.207587517,0.121316042,0.207587517,0.362833409
Track_503,503,503,9,2,0,0,0,1,50,110,160,3.070545737,285.4005825,171.561178,0,0.342907571,0.759605236,0.059916543,0.341061024,0.261887955,16.11422751,17.121962,4.523094301,0.179333755,0.061410915,0.179088827,0.294633673
Track_505,505,505,29,1,0,0,0,1,145,100,245,12.96233943,220.8482844,175.0777256,0,0.261017651,1.667372785,0.036555058,0.229634574,0.29785397,32.77334953,36.85998145,14.64589782,0.351664296,0.089395444,0.342488119,0.301870543
Track_506,506,506,21,0,0,0,0,0,100,80,180,9.657879649,68.43376562,173.97213,0,0.313583004,0.86401501,0.089496979,0.331735148,0.189164849,58.53034701,31.35830043,10.15630563,0.307984792,0.096578796,0.307984792,0.345956572
Track_507,507,507,29,1,0,0,0,1,145,80,225,12.49268963,239.7061084,177.0311967,0,0.39896965,1.066067456,0.048829054,0.322351246,0.257330068,53.15417349,57.43237228,12.49268963,0.21752,0.08615648,0.215947454,0.284325073
Track_508,508,508,22,2,0,0,0,1,115,45,160,18.31140664,259.4359603,178.8152245,0,0.555540467,1.621410956,0.015587493,0.503982162,0.343830097,47.98353577,64.07321377,21.69400858,0.285788796,0.159229623,0.286621106,0.358016198
Track_510,510,510,33,1,0,0,0,1,165,70,235,4.353156654,284.4836533,174.4284851,0,0.125162214,0.612003253,0.01559905,0.123517521,0.102053874,32.27638701,20.15385288,5.631928967,0.21599625,0.026382768,0.210788597,0.318919184
Track_511,511,511,4,0,0,0,0,0,15,110,125,6.016863917,440.8041492,175.2521964,0,0.49177645,0.828202267,0.294429059,0.352698024,0.292806362,24.9455092,7.376646753,6.016863917,0.815663826,0.401124261,0.815663826,0.172856697
Track_512,512,512,7,0,0,0,0,0,30,100,130,2.855065668,314.3648831,175.5928589,0,0.277678353,0.5120316,0.130245953,0.304487194,0.144290934,18.8506452,8.330350589,4.306575496,0.342730553,0.095168856,0.342730553,0.253300959
Track_514,514,514,3,0,0,0,0,0,10,110,120,7.694397174,407.7254101,177.4968912,0,0.777542494,0.8403477,0.714737288,0.8403477,0.088819974,17.54036172,7.775424935,7.694397174,0.989578993,0.769439717,0.989578993,0.057988133
Track_515,515,515,8,0,0,0,0,0,35,95,130,9.39460046,109.0681269,180.4728587,0,0.40330231,0.824857218,0.101397937,0.487481438,0.268293059,41.15955782,14.11558083,9.39460046,0.665548274,0.268417156,0.665548274,0.277574627
Track_516,516,516,26,1,0,0,0,1,130,110,240,11.70931598,73.07875126,171.2900682,0,0.398782237,1.489417897,0.044368441,0.343768945,0.297779697,56.04949269,54.02433519,13.92967002,0.21674151,0.090071661,0.225866784,0.284869317
Track_519,519,519,29,2,0,0,0,1,150,95,245,6.17572636,159.270333,179.5530113,0,0.198638882,1.186295319,0.029280095,0.092874759,0.303168746,28.73984337,31.82515446,7.172892279,0.194051733,0.041171509,0.207268127,0.404400286
Track_520,520,520,9,0,0,0,0,0,40,105,145,8.442477999,113.7381664,183.0009611,0,0.512422429,0.914281466,0.218969241,0.484529202,0.239036942,69.30289163,20.49689716,12.10921421,0.411890538,0.21106195,0.411890538,0.159874736
Track_521,521,521,25,0,0,0,0,0,120,90,210,1.039973275,229.3604993,179.8657182,0,0.049202221,0.206234202,0.003820773,0.046098512,0.041839884,33.88649902,5.904266528,1.039973275,0.176139283,0.008666444,0.176139283,0.394598683
Track_522,522,522,28,0,0,0,0,0,135,45,180,11.85863161,433.7044092,180.035904,0,0.438808115,0.973209629,0.039003742,0.410134667,0.210204379,57.51838105,59.23909551,15.61255794,0.200182523,0.087841716,0.200182523,0.281355598
Track_523,523,523,20,1,0,0,0,1,100,95,195,10.93004668,273.9881658,183.1158752,0,0.443803623,1.091217728,0.017447563,0.384552431,0.302796365,47.88389459,43.44380229,12.47836402,0.251590471,0.109300467,0.246281151,0.255395426
Track_527,527,527,8,0,0,0,0,0,35,90,125,12.8291443,402.8162397,189.4563159,0,0.563092516,1.02755468,0.057497547,0.475434758,0.399723887,53.51354384,19.70823806,12.8291443,0.650953386,0.36654698,0.650953386,0.158243326
Track_528,528,528,11,0,0,0,0,0,50,80,130,4.508614663,305.2594551,193.3767294,0,0.436283711,0.971902866,0.017872463,0.439881951,0.301065159,42.17738602,21.81418553,4.98932335,0.206682695,0.090172293,0.206682695,0.351505995
Track_529,529,529,7,0,0,0,0,0,30,90,120,1.970301626,148.8698883,190.1510663,0,0.281617081,0.492034442,0.098129128,0.297449205,0.141662039,53.54688454,8.448512437,1.970301626,0.233212846,0.065676721,0.233212846,0.468519411
Track_531,531,531,18,0,0,0,0,0,85,100,185,9.753297133,305.5599275,193.8750891,0,0.292878002,0.962874893,0.045390967,0.224226646,0.250930734,45.77168369,24.89463014,9.753297133,0.391783171,0.114744672,0.391783171,0.324769181
Track_532,532,532,18,0,0,0,0,0,85,35,120,10.84786644,272.9883969,194.125273,0,0.369593976,0.934073518,0.058121361,0.320527542,0.228741616,58.77390692,31.41548797,11.1146096,0.345303134,0.127621958,0.345303134,0.207683603
Track_533,533,533,18,3,0,0,0,1,100,55,155,4.290938701,310.1636862,193.0345543,0,0.219944902,0.61649549,0.035041092,0.174599436,0.159364901,30.53565386,22.71397578,8.54013534,0.188911829,0.042909387,0.195091528,0.257044299
Track_534,534,534,11,0,0,0,0,0,50,85,135,18.37744504,249.6215633,199.384143,0,0.580990752,1.139942117,0.33106432,0.508638208,0.254753148,54.60749722,29.0495376,19.9433735,0.632624357,0.367548901,0.632624357,0.235974446
Track_535,535,535,26,0,0,0,0,0,125,75,200,17.52900652,385.2786058,198.1319754,0,0.525276788,1.128114603,0.067618695,0.511566327,0.257074677,84.5983839,65.6595985,24.26949711,0.266967921,0.140232052,0.266967921,0.282488968
Track_536,536,536,11,0,0,0,0,0,50,80,130,9.131905422,319.085925,199.4870081,0,0.498274651,1.087739417,0.091292107,0.486216574,0.321936148,44.39698913,24.91373257,10.27345145,0.366541039,0.182638108,0.366541039,0.314610701
Track_538,538,538,4,0,0,0,0,0,15,105,120,5.026053474,453.4009062,198.0797612,0,0.49954288,0.556927824,0.448835685,0.49286513,0.054354594,53.78429246,7.493143197,5.026053474,0.670753693,0.335070232,0.670753693,0.187105862
Track_539,539,539,37,0,0,0,0,0,180,50,230,7.798865437,58.26166215,200.8673286,0,0.078190946,0.938311624,0.006488276,0.024760163,0.177641595,47.9100133,14.07437026,7.798865437,0.554118251,0.04332703,0.554118251,0.356436045
Track_545,545,545,5,0,0,0,0,0,20,135,155,3.394077763,274.8751524,188.8675254,0,0.645118262,1.180085985,0.154706571,0.662748385,0.420662981,69.62399597,12.90236523,6.590714098,0.263058571,0.169703888,0.263058571,0.306766216
Track_546,546,546,8,0,0,0,0,0,35,125,160,2.701492215,387.3391463,187.9918576,0,0.477780828,0.783571865,0.100530549,0.564842999,0.250823228,52.52596343,16.72232899,3.025584031,0.161549998,0.077185492,0.161549998,0.411893386
Track_547,547,547,3,0,0,0,0,0,10,135,145,1.143518887,117.181907,193.5436156,0,0.663986607,0.77327735,0.554695864,0.77327735,0.154560452,29.5598882,6.639866069,2.773479318,0.172220174,0.114351889,0.172220174,0.607761624
Track_550,550,550,21,1,0,0,0,1,105,130,235,6.155485363,307.3643604,195.0641961,0,0.218948978,0.508373065,0.025536663,0.200498316,0.151171923,40.58380776,23.81038721,6.155485363,0.258521011,0.05862367,0.267750371,0.337878009
Track_551,551,551,7,0,0,0,0,0,30,125,155,4.308730359,138.094074,18.59820895,0,0.303581685,0.461381307,0.178253278,0.267379917,0.11521959,58.647686,9.107450545,4.308730359,0.473099507,0.143624345,0.473099507,0.282358763
Track_553,553,553,13,1,0,0,0,1,65,135,200,20.657399,318.2976483,24.65282625,0,0.553142168,1.617394214,0.217742907,0.445943643,0.397645058,34.14620876,34.70737458,20.657399,0.595187601,0.317806138,0.574546937,0.294968173
Track_555,555,555,14,0,0,0,0,0,65,115,180,16.7160987,102.9006187,29.44296195,0,0.541869238,1.150395105,0.03535789,0.538105393,0.315387942,74.50767708,35.22150046,16.7160987,0.474599278,0.257170749,0.474599278,0.278255232
Track_556,556,556,12,1,0,0,0,1,60,135,195,4.97583881,179.1910895,37.64677694,0,0.212520811,0.57145972,0.02179381,0.210324659,0.169936386,10.53692842,11.85268191,4.97583881,0.419806998,0.082930647,0.390223652,0.245884646
Track_557,557,557,14,0,0,0,0,0,65,130,195,4.929735754,391.3718972,36.82082293,0,0.268173808,0.733707627,0.06607808,0.228902933,0.174950467,62.38564035,17.43129752,6.38853901,0.282809455,0.075842089,0.282809455,0.264176336
Track_559,559,559,13,0,0,0,0,0,60,130,190,7.422561325,238.4167336,42.42284813,0,0.463322551,0.736615568,0.148601664,0.505331232,0.210977347,77.17218428,27.79935306,8.587306381,0.267004822,0.123709355,0.267004822,0.274967842
Track_560,560,560,7,1,0,0,0,1,35,115,150,4.696907589,24.25414759,47.59721602,0,0.552177581,0.954473365,0.284647582,0.624642072,0.2701823,49.71130248,18.5234255,5.224347748,0.253565821,0.13419736,0.243032974,0.369286307
Track_561,561,561,8,0,0,0,0,0,35,115,150,4.763144337,328.1205651,54.40570663,0,0.252312696,0.467443879,0.123585901,0.194072349,0.122407778,52.67455196,8.830944343,4.763144337,0.539369761,0.136089838,0.539369761,0.20716258
Track_562,562,562,24,2,0,0,0,1,125,120,245,13.80911865,64.60536034,56.5228135,0,0.500713108,0.953573954,0.055818312,0.491092399,0.280381481,63.55097667,60.27786843,21.41394855,0.229091025,0.110472949,0.22063123,0.336190132
Track_564,564,564,14,0,0,0,0,0,65,120,185,8.287999111,208.6243222,62.4227173,0,0.56500181,1.023644441,0.223978092,0.555026153,0.234180682,63.62814583,36.72511766,11.79758885,0.225676584,0.127507679,0.225676584,0.268475807
Track_565,565,565,17,1,0,0,0,1,85,55,140,12.22426361,279.071231,62.87724022,0,0.27002238,0.543641598,0.121360088,0.277649474,0.123162543,57.60955132,23.01685094,12.22426361,0.531100611,0.143814866,0.532603506,0.275620248
Track_566,566,566,5,0,0,0,0,0,20,130,150,7.782027091,324.85257,61.6003623,0,0.564282082,0.729621839,0.476358747,0.543676677,0.113607251,79.04080353,11.28564165,7.782027091,0.689551143,0.389101355,0.689551143,0.194896712
Track_567,567,567,3,0,0,0,0,0,10,135,145,4.519284972,293.4069113,68.74066186,0,0.472611619,0.551406863,0.393816375,0.551406863,0.111433302,9.675209681,4.726116191,4.519284972,0.956236535,0.451928497,0.956236535,0.120514225
Track_568,568,568,16,0,0,0,0,0,75,125,200,6.900226454,451.6084109,64.40782124,0,0.327378366,0.686104791,0.066083338,0.312016929,0.176411357,75.49469733,24.55337746,7.612653253,0.281029625,0.092003019,0.281029625,0.37306069
Track_569,569,569,18,1,0,0,0,1,90,120,210,10.27191744,188.8735156,80.04716267,0,0.33722992,0.67188813,0.092528636,0.397325037,0.188976192,53.5239607,32.02398383,10.60963932,0.320757014,0.114132416,0.338440955,0.355413108
Track_571,571,571,5,0,0,0,0,0,20,125,145,2.034488924,119.3808903,80.71790636,0,0.525931398,0.750881859,0.125011389,0.679453995,0.280126529,58.16441383,10.51862795,3.811538034,0.193417709,0.101724446,0.193417709,0.386252859
Track_572,572,572,24,1,0,0,0,1,120,125,245,13.05311901,194.6736312,80.18607042,0,0.385880583,0.849675132,0.103365886,0.375578353,0.214797261,58.63459424,46.47120103,13.05311901,0.280886199,0.108775992,0.281890296,0.350348391
Track_573,573,573,12,0,0,0,0,0,55,125,180,4.590375161,307.9155243,94.02859175,0,0.378494537,0.685444511,0.144850339,0.353374862,0.167205433,44.92779517,20.81719951,9.014736714,0.220508775,0.083461367,0.220508775,0.257128234
Track_574,574,574,9,0,0,0,0,0,40,125,165,5.867246442,232.751043,94.7760008,0,0.422846618,0.626788068,0.26736399,0.475127487,0.122135902,61.49016995,16.91386471,6.977338029,0.346889758,0.146681161,0.346889758,0.397674064
Track_576,576,576,6,0,0,0,0,0,25,115,140,8.075306516,438.7388751,98.63436334,0,0.344219529,0.705084002,0.112879257,0.372008357,0.235691504,28.44354026,8.605488233,8.075306516,0.93839028,0.323012261,0.93839028,0.056623794
Track_577,577,577,8,0,0,0,0,0,35,120,155,2.865198632,345.6174479,100.1034006,0,0.351827649,0.536633637,0.059677993,0.335026348,0.158105886,78.01989937,12.31396771,3.759503635,0.232678751,0.081862818,0.232678751,0.341026562
Track_578,578,578,6,1,0,0,0,1,30,130,160,5.096793825,265.054775,103.2504162,0,0.25645683,0.749239993,0.025454091,0.09777269,0.297197809,13.52220726,10.15762072,5.54135309,0.501770441,0.169893128,0.662462869,0.308051374
Track_579,579,579,10,0,0,0,0,0,45,125,170,7.370384881,187.9688016,102.8454317,0,0.289563939,0.499332342,0.037846383,0.268694891,0.162574701,30.05530548,13.03037725,7.370384881,0.565630967,0.163786331,0.565630967,0.288079597
Track_582,582,582,20,2,0,0,0,1,105,105,210,17.4560684,341.7832466,106.4144785,0,0.45941694,0.858838945,0.110365016,0.476964656,0.207260967,61.95206847,49.78729918,20.01141297,0.350612881,0.16624827,0.361867959,0.32641466
Track_584,584,584,9,1,0,0,0,1,45,95,140,8.905072422,395.3321525,117.1020049,0,0.511626355,0.904196375,0.331793525,0.478936178,0.210693758,43.42533154,24.98603606,10.05221142,0.356401968,0.197890498,0.386787147,0.288702486
Track_585,585,585,5,0,0,0,0,0,20,125,145,1.336899586,455.8827589,119.1623165,0,0.245098257,0.356506556,0,0.356506556,0.168714005,36.45337486,4.90196515,3.119432368,0.272727273,0.066844979,0.272727273,0.20943951
Track_586,586,586,4,0,0,0,0,0,15,135,150,3.133460662,132.3488173,119.9960666,0,0.31254145,0.534620481,0.1587021,0.24430177,0.197030829,37.49330521,4.688121754,3.133460662,0.668382953,0.208897377,0.668382953,0.330181128
Track_589,589,589,4,0,0,0,0,0,15,125,140,2.072444159,220.6989173,126.6051999,0,0.546847681,0.735628406,0.319742225,0.585172413,0.210575207,15.21847177,8.202715219,2.143967374,0.252653433,0.138162944,0.252653433,0.544134753
Track_590,590,590,8,0,0,0,0,0,35,120,155,3.453777584,163.7890787,128.5510935,0,0.504210091,0.748358516,0.211966068,0.44977157,0.190203983,35.33280516,17.6473532,6.291055747,0.195710798,0.09867936,0.195710798,0.297737639
Track_591,591,591,5,0,0,0,0,0,20,125,145,2.521008535,379.9377611,129.6227788,0,0.703957906,1.250204419,0.225949578,0.883119579,0.454673073,29.46201115,14.07915812,5.539662539,0.179059608,0.126050427,0.179059608,0.446514112
Track_593,593,593,15,0,0,0,0,0,70,130,200,21.20355749,374.8557579,136.7883556,0,0.571476659,0.92600479,0.017393631,0.513162427,0.240260214,58.77976977,40.00336611,21.26369827,0.530044332,0.302907964,0.530044332,0.185139014
Track_594,594,594,14,0,0,0,0,0,65,115,180,8.307697737,120.5622648,140.0170021,0,0.360873628,0.594969229,0.173621289,0.337283297,0.132292442,41.84578787,23.4567858,10.61843779,0.354170337,0.127810734,0.354170337,0.314914968
Track_596,596,596,23,0,0,0,0,0,110,135,245,11.87093259,447.474445,144.5477208,0,0.53938268,0.937838492,0.166939651,0.568831262,0.220304102,65.10539353,59.33209484,13.17359569,0.200076074,0.107917569,0.200076074,0.337610539
Track_598,598,598,4,0,0,0,0,0,15,125,140,4.126372035,173.0529825,148.2870106,0,0.291059851,0.521089186,0.148566526,0.203523841,0.201097483,38.76301837,4.365897767,4.126372035,0.945137118,0.275091469,0.945137118,0.06816071
Track_599,599,599,5,0,0,0,0,0,20,125,145,9.709704752,172.7621847,151.7195228,0,0.619409158,1.082578969,0.260696135,0.739751517,0.368880399,44.10518417,12.38818316,9.72889771,0.783787633,0.485485238,0.783787633,0.172906849
Track_601,601,601,10,1,0,0,0,1,50,105,155,6.163854015,121.3648485,154.6696468,0,0.468216722,0.837796568,0.242171961,0.459527588,0.193307629,25.6064949,25.25873534,8.866182446,0.244028608,0.12327708,0.26329064,0.400854139
Track_602,602,602,23,1,0,0,0,1,115,115,230,19.33598842,306.4299646,158.9522812,0,0.400861534,1.053572376,0.178936414,0.376942506,0.209214903,48.37122009,45.41444235,19.33598842,0.425767386,0.16813903,0.41944416,0.30922612
Track_603,603,603,15,1,0,0,0,1,75,115,190,18.29067839,390.3522763,162.97435,0,0.607899207,1.291565322,0.132859639,0.553622334,0.357550224,41.61165117,45.0811018,18.57023171,0.405728291,0.243875712,0.401177874,0.250883941
Track_605,605,605,13,1,0,0,0,1,65,125,190,3.701029525,224.0144087,164.1733669,0,0.335032353,0.601332368,0.231691312,0.354845747,0.104672869,56.24119362,21.99154089,4.938834197,0.168293324,0.056938916,0.169950499,0.322252782
Track_606,606,606,8,0,0,0,0,0,35,130,165,3.183673729,381.1372896,166.375139,0,0.173637503,0.608134361,0.038256451,0.114941915,0.195994927,21.65716481,6.077312595,3.551643898,0.523862098,0.090962107,0.523862098,0.345381557
Track_607,607,607,12,0,0,0,0,0,55,125,180,6.672055423,25.80873681,167.7142512,0,0.295101879,0.431657318,0.137039287,0.25022217,0.106401188,66.43781344,16.23060337,6.672055423,0.411078705,0.121310099,0.411078705,0.378584311
Track_611,611,611,14,0,0,0,0,0,65,130,195,8.760580485,362.7624966,173.3137399,0,0.325825568,0.690116357,0.095465249,0.281956698,0.166372472,51.31181451,21.17866192,8.760580485,0.413651274,0.134778161,0.413651274,0.243360068
Track_612,612,612,20,3,0,0,0,1,110,55,165,4.835996744,169.3043161,170.5975158,0,0.132597582,0.403336276,0.006714255,0.075621076,0.128952143,30.00250635,15.23020227,5.091980224,0.317526758,0.043963607,0.331556626,0.475565496
Track_613,613,613,4,0,0,0,0,0,15,130,145,5.355392004,349.488823,173.9474481,0,0.863047869,1.078928081,0.464581903,1.045633623,0.345482959,29.85811472,12.94571804,5.394640405,0.413680569,0.357026134,0.413680569,0.46209108
Track_615,615,615,14,0,0,0,0,0,65,115,180,5.249772768,393.6872684,170.9392356,0,0.357263743,0.790169252,0.063013678,0.357132782,0.204156503,82.60088321,23.22214327,7.876374673,0.226067539,0.080765735,0.226067539,0.350741074
Track_616,616,616,8,0,0,0,0,0,35,125,160,5.189756114,216.3819878,171.7784692,0,0.339428908,0.668107194,0.179838341,0.311137997,0.164403189,43.8960104,11.88001178,6.091285052,0.436847725,0.148278746,0.436847725,0.251956727
Track_619,619,619,3,0,0,0,0,0,10,135,145,3.791065831,414.6917676,176.9656362,0,0.574101153,0.909360284,0.238842022,0.909360284,0.47412801,13.43640804,5.741011531,4.54680142,0.660348061,0.379106583,0.660348061,0.472503829
Track_620,620,620,4,1,0,0,0,1,20,120,140,3.675887787,266.3434178,180.6710171,0,0.440950881,0.624250029,0.286555003,0.41204761,0.1706928,69.45212555,9.735513356,4.964256169,0.377575137,0.183794389,0.416813748,0.423666009
Track_629,629,629,9,1,0,0,0,1,45,115,160,11.48640002,300.7343368,180.8936705,0,0.509113735,0.842529108,0.315994007,0.459296474,0.174947833,54.43889798,21.94451944,11.48640002,0.523429098,0.255253334,0.501367997,0.357850075
Track_630,630,630,10,2,0,0,0,1,55,115,170,6.690907304,59.52862421,194.3765582,0,0.541344101,1.044806737,0.087538077,0.573922938,0.316543893,46.10433378,29.49616855,6.690907304,0.226839879,0.12165286,0.22472372,0.290097686
Track_631,631,631,12,3,0,0,0,1,70,60,130,11.34014787,263.2827782,189.7466266,0,0.370195591,0.827542457,0.119601102,0.313591288,0.195627595,54.30627791,27.59621505,13.49117453,0.410931276,0.162002112,0.437612214,0.274043041
Track_632,632,632,4,0,0,0,0,0,15,115,130,4.767091983,405.2169749,29.15928327,0,0.645193072,1.071917114,0.273151855,0.590510246,0.402180486,37.94596505,9.677896076,4.767091983,0.49257524,0.317806132,0.49257524,0.349878687
Track_633,633,633,6,1,0,0,0,1,30,115,145,13.34144659,111.9050193,33.85469726,0,0.606829145,1.159630035,0.241439269,0.518745322,0.401941487,43.72397868,17.76445524,13.34144659,0.751019179,0.444714886,0.732850243,0.275622086
Track_636,636,636,8,1,0,0,0,1,40,95,135,4.683446401,84.60732828,110.9121146,0,0.493836137,1.09604529,0.17875421,0.403276099,0.339674674,26.04203796,18.45723923,6.709663029,0.253745771,0.11708616,0.237095165,0.353531379
Track_637,637,637,5,0,0,0,0,0,20,115,135,4.029569696,428.3877811,118.9097859,0,0.454026866,0.638260426,0.379332638,0.408793826,0.123426847,13.8516283,9.080537314,4.029569696,0.443758949,0.201478485,0.443758949,0.317510902
Track_638,638,638,5,0,0,0,0,0,20,115,135,8.358732601,312.6424559,141.4624712,0,0.487000517,0.781551549,0.034025897,0.734261468,0.3468796,53.99961281,9.740010349,8.358732601,0.858185187,0.41793663,0.858185187,0.231232534
Track_639,639,639,6,0,0,0,0,0,25,120,145,7.73496309,10.71680448,147.6181335,0,0.692800761,1.472721973,0.092510533,0.741561166,0.545529247,33.42390474,17.32001901,8.14892428,0.446590912,0.309398524,0.446590912,0.392754461
Track_640,640,640,15,1,0,0,0,1,75,55,130,11.16800535,96.88835647,143.0344538,0,0.523195391,0.98601768,0.103226476,0.601157997,0.288961101,65.76541557,37.36546657,16.49092942,0.298885746,0.148906738,0.284610186,0.289200065
Track_647,647,647,5,0,0,0,0,0,20,145,165,6.177739642,218.0218283,22.81487994,0,0.503376259,0.841759754,0.2492467,0.642406137,0.287674696,40.02867527,10.06752517,6.177739642,0.613630414,0.308886982,0.613630414,0.341384795
Track_648,648,648,19,0,0,0,0,0,90,145,235,8.306922862,299.2539108,31.13180204,0,0.386809346,0.939185572,0.092858336,0.336801221,0.225806978,90.07523406,34.81284115,9.634087151,0.238616631,0.092299143,0.238616631,0.328197722
Track_650,650,650,9,0,0,0,0,0,40,140,180,4.83627792,141.3242666,36.43838019,0,0.701434461,1.165448206,0.284152258,0.70842318,0.239219723,44.35525619,28.05737842,5.698087261,0.172370984,0.120906948,0.172370984,0.459312252
Track_651,651,651,11,0,0,0,0,0,50,140,190,5.512383655,326.2248178,50.02878638,0,0.358402441,0.557168407,0.069211096,0.467036268,0.181787769,55.63891255,17.92012206,6.266911106,0.3076086,0.110247673,0.3076086,0.389693118
Track_653,653,653,5,1,0,0,0,1,25,145,170,11.86823359,377.7157238,77.3452457,0,0.641621202,1.063809106,0.308632915,0.699491951,0.323575103,15.2519928,15.30517823,13.36616263,0.775439097,0.474729344,0.739890362,0.240853644
Track_655,655,655,4,0,0,0,0,0,15,140,155,6.59584109,155.7274571,72.59619807,0,0.524432498,0.772974758,0.311766781,0.488555953,0.232687654,13.91182375,7.866487463,6.59584109,0.838473476,0.439722739,0.838473476,0.232822147
Track_656,656,656,4,0,0,0,0,0,15,140,155,6.777572122,110.7174297,77.96725976,0,0.602130109,0.622054835,0.5651469,0.619188591,0.032060445,12.58233571,9.03195163,6.777572122,0.750399515,0.451838141,0.750399515,0.308200253
Track_657,657,657,5,0,0,0,0,0,20,145,165,2.883458649,325.5720244,87.62663302,0,0.402007703,0.592579582,0.118802206,0.58895108,0.231203483,53.74077072,8.040154054,4.418986822,0.358632264,0.144172932,0.358632264,0.437160867
Track_659,659,659,13,0,0,0,0,0,60,140,200,9.343731978,438.4993245,94.3031471,0,0.536735923,0.901563368,0.109421195,0.515985567,0.26838069,63.27121735,32.20415538,9.343731978,0.290140569,0.155728866,0.290140569,0.34615587
Track_660,660,660,19,2,0,0,0,1,100,145,245,12.03837837,345.399943,103.3511702,0,0.511208989,1.506329583,0.158358256,0.513185352,0.311314566,56.811865,49.38123774,12.03837837,0.24378446,0.120383784,0.235488394,0.261967841
Track_661,661,661,8,1,0,0,0,1,40,140,180,2.345009458,454.7849161,100.2538353,0,0.286923274,0.501318901,0.073199771,0.304354721,0.165984127,37.00330234,11.5640882,4.079652485,0.202783775,0.058625236,0.20432374,0.354935855
Track_662,662,662,6,0,0,0,0,0,25,145,170,6.94522539,240.3658165,122.4680537,0,0.42434023,0.70786826,0.186854245,0.497798004,0.216393591,62.18477758,10.60850576,6.94522539,0.654684604,0.277809016,0.654684604,0.305797157
Track_663,663,663,14,0,0,0,0,0,65,145,210,6.987500513,92.25685245,120.6478313,0,0.281293841,0.476981808,0.120786606,0.303997815,0.11672225,42.1605292,18.28409965,6.987500513,0.382162679,0.107500008,0.382162679,0.312434533
Track_664,664,664,6,0,0,0,0,0,25,145,170,7.575535222,348.8200665,123.2424889,0,0.576177427,0.952438017,0.196925606,0.49441302,0.306753092,27.12142293,14.40443568,7.575535222,0.525916835,0.303021409,0.525916835,0.335210284
Track_666,666,666,11,0,0,0,0,0,50,145,195,10.47915862,435.8679342,132.7578204,0,0.440297634,0.855708637,0.182796143,0.354861967,0.22059894,43.50734399,22.01488169,10.52834571,0.476003404,0.209583172,0.476003404,0.263843155
Track_667,667,667,9,0,0,0,0,0,40,140,180,2.06440633,444.041327,136.7242393,0,0.305951247,0.721083125,0.013728105,0.277916404,0.218615882,52.93279987,12.23804987,2.942161589,0.168687524,0.051610158,0.168687524,0.379593938
Track_668,668,668,22,0,0,0,0,0,105,140,245,11.1704655,281.363601,129.6373961,0,0.4841699,1.104482941,0.08967518,0.527078567,0.272634634,72.90951868,50.83783951,13.24501051,0.219727384,0.106385386,0.219727384,0.337425959
Track_671,671,671,11,0,0,0,0,0,50,145,195,11.82690469,121.9311688,143.2942938,0,0.550004071,1.764501804,0.213414051,0.401167072,0.461030632,50.61609459,27.50020354,12.31470402,0.430066078,0.236538094,0.430066078,0.376124584
Track_672,672,672,18,1,0,0,0,1,90,145,235,6.454407071,244.9326262,153.9511346,0,0.342525888,0.688483197,0.056334719,0.333901466,0.134391221,66.44951762,30.68573641,6.519354625,0.210338999,0.071715634,0.209372887,0.309256464
Track_673,673,673,4,0,0,0,0,0,15,145,160,3.316668803,438.9431772,152.349881,0,0.608861434,0.778401361,0.340096075,0.708086868,0.235397846,60.79087067,9.132921517,3.54043434,0.363155294,0.221111254,0.363155294,0.503058704
Track_674,674,674,3,0,0,0,0,0,10,140,150,3.957238618,350.6607453,153.781416,0,0.59279437,0.706860053,0.478728688,0.706860053,0.161313235,23.44255225,5.927943704,3.957238618,0.667556714,0.395723862,0.667556714,0.344549288
Track_675,675,675,22,0,0,0,0,0,105,140,245,11.88962639,164.3956628,155.1332486,0,0.498751682,1.188196549,0.050935087,0.426599324,0.318269229,81.77780806,52.36892662,13.9740059,0.2270359,0.113234537,0.2270359,0.240197811
Track_678,678,678,20,2,0,0,0,1,105,140,245,14.52150167,73.11782135,161.9739199,0,0.443191258,1.021972952,0.144175143,0.439912879,0.242454559,73.53066921,46.53398741,17.54418832,0.312062269,0.138300016,0.312054927,0.31013452
Track_682,682,682,9,0,0,0,0,0,40,140,180,6.389790995,397.6881974,192.0084622,0,0.420161089,1.051790071,0.112776043,0.32851808,0.308510439,50.69177416,16.80644354,7.916274673,0.380198879,0.159744775,0.380198879,0.315673811
Track_683,683,683,14,0,0,0,0,0,65,145,210,3.760107308,118.8406324,193.8212804,0,0.243558391,0.491090711,0.075130189,0.228461511,0.139209353,52.33784083,15.83129544,3.795811467,0.237511031,0.057847805,0.237511031,0.346970084
Track_684,684,684,22,0,0,0,0,0,105,140,245,5.362425432,17.82916131,198.8358204,0,0.272364924,0.657108203,0.009883019,0.290826818,0.230220942,73.55121361,28.59831707,5.888154254,0.187508426,0.051070718,0.187508426,0.2475119
Track_687,687,687,18,1,0,0,0,1,90,140,230,7.923598599,271.11813,66.13289074,0,0.506395847,0.900315142,0.111875791,0.473760489,0.25876962,50.87283829,46.32307752,8.267624234,0.171050781,0.088039984,0.173856055,0.336464534
Track_690,690,690,5,0,0,0,0,0,20,150,170,6.099167842,211.5026241,26.25093705,0,0.389107327,0.90576542,0.073599124,0.356969158,0.363354205,27.38478661,7.782146539,6.099167842,0.783738498,0.304958392,0.783738498,0.143055591
Track_691,691,691,5,0,0,0,0,0,20,150,170,2.532938397,390.8396373,38.61262016,0,0.374277974,0.475074142,0.176471956,0.432495127,0.134388986,64.94923401,7.485559472,3.342367155,0.338376631,0.12664692,0.338376631,0.460926668
Track_692,692,692,8,0,0,0,0,0,35,150,185,7.79453178,260.3772854,55.49080425,0,0.545211586,0.904624742,0.103182462,0.653910083,0.284723877,57.92942142,19.0824055,10.30908339,0.40846694,0.222700908,0.40846694,0.270349539
Track_693,693,693,4,0,0,0,0,0,15,150,165,4.43264838,162.2540736,55.73349559,0,0.565684431,0.884129497,0.336943705,0.47598009,0.284408552,15.67113543,8.485266458,5.928363664,0.52239354,0.295509892,0.52239354,0.391128207
Track_694,694,694,20,0,0,0,0,0,95,150,245,10.14114886,388.5709057,92.93631613,0,0.339979265,0.559132973,0.076449287,0.341590857,0.133141692,59.27354507,32.2980302,10.14114886,0.313986605,0.106748935,0.313986605,0.305578322
Track_695,695,695,3,0,0,0,0,0,10,150,160,8.788161871,75.69683879,93.42998624,0,0.965055361,1.176483237,0.753627484,1.176483237,0.299004171,16.96959527,9.650553606,8.788161871,0.910638107,0.878816187,0.910638107,0.174919144
Track_697,697,697,8,0,0,0,0,0,35,150,185,8.047872115,226.6097822,118.5958426,0,0.554177311,0.870513362,0.237510938,0.60368916,0.231323021,63.19766378,19.3962059,8.808686882,0.414919916,0.229939203,0.414919916,0.342997137
Track_698,698,698,3,0,0,0,0,0,10,150,160,6.013741889,71.94823516,122.398724,0,0.603505933,0.747985399,0.459026468,0.747985399,0.204324819,31.58755938,6.035059332,6.013741889,0.996467733,0.601374189,0.996467733,0.034639931
Track_699,699,699,11,0,0,0,0,0,50,150,200,6.658911324,303.0648131,122.5076408,0,0.544405453,1.020306402,0.202147554,0.614436765,0.263946687,59.44284387,27.22027265,11.1091309,0.244630589,0.133178226,0.244630589,0.310636392
Track_701,701,701,15,0,0,0,0,0,70,150,220,5.449271908,304.3514427,158.1249728,0,0.448947338,1.140620409,0.037224013,0.461148079,0.274314772,47.14041723,31.42631367,9.387791441,0.173398381,0.077846742,0.173398381,0.22828808
Track_704,704,704,16,0,0,0,0,0,75,150,225,5.379483514,380.3733095,166.4283912,0,0.268918197,0.85354997,0.033025391,0.205238662,0.234276338,16.61509925,20.16886477,8.19942394,0.266722177,0.071726447,0.266722177,0.393270392
Track_706,706,706,9,0,0,0,0,0,40,150,190,6.76977022,392.0437516,197.8503305,0,0.423732584,0.881942121,0.123683261,0.38410584,0.258226649,71.52808126,16.94930335,8.104134058,0.399412889,0.169244256,0.399412889,0.310373737
Track_712,712,712,3,0,0,0,0,0,10,85,95,4.014684286,49.37138637,51.65631229,0,0.484608609,0.510407666,0.458809552,0.510407666,0.036485377,10.58066527,4.846086089,4.014684286,0.828438499,0.401468429,0.828438499,0.238177124
Track_713,713,713,6,0,0,0,0,0,25,75,100,9.395341296,414.1740088,54.29773573,0,0.791259017,1.096974204,0.523362693,0.748631547,0.252269096,22.69276174,19.78147543,9.395341296,0.474956549,0.375813652,0.474956549,0.389175197
Track_714,714,714,10,0,0,0,0,0,45,65,110,11.9405742,442.4831326,66.99659854,0,0.534639188,0.98579993,0.267841719,0.442930208,0.230771074,60.72290516,24.05876348,11.9405742,0.496308724,0.265346093,0.496308724,0.302602618
Track_715,715,715,9,0,0,0,0,0,40,70,110,9.041430724,454.2465403,72.19149792,0,0.316065437,0.656588384,0.093796865,0.260713837,0.210826435,52.9414463,12.64261749,9.041430724,0.715154969,0.226035768,0.715154969,0.345655214
Track_716,716,716,11,0,0,0,0,0,50,55,105,7.305141784,419.6486026,74.62788454,0,0.412487571,0.837760837,0.175806097,0.422343051,0.196412591,54.13609037,20.62437857,7.579793768,0.354199365,0.146102836,0.354199365,0.351249647
Track_717,717,717,10,0,0,0,0,0,45,55,100,11.52684725,129.9832219,86.61329625,0,0.387951137,0.615333821,0.18944821,0.401926124,0.136297288,57.08048286,17.45780119,11.52684725,0.660269133,0.256152161,0.660269133,0.269505361
Track_718,718,718,5,0,0,0,0,0,20,85,105,4.662853205,349.4506958,86.57545076,0,0.425550951,0.991687547,0.103576412,0.428187875,0.402117288,59.53511353,8.511019023,5.312007324,0.547860743,0.23314266,0.547860743,0.216642489
Track_719,719,719,13,0,0,0,0,0,60,50,110,13.12547954,127.9986062,89.68889078,0,0.319191762,0.584535933,0.080005627,0.361227464,0.173024047,55.57521673,19.1515057,13.12547954,0.685349745,0.218757992,0.685349745,0.154072856
Track_720,720,720,12,1,0,0,0,1,60,45,105,9.365884883,275.4198104,92.89567017,0,0.524228789,0.922613821,0.192296168,0.607298556,0.267334903,51.86072381,33.44565251,10.22551769,0.280032954,0.156098081,0.297767091,0.369402916
Track_721,721,721,6,0,0,0,0,0,25,70,95,2.087798801,408.7722398,90.47952646,0,0.274197457,0.45847504,0.113632838,0.296181306,0.154348583,57.2480011,6.854936432,3.09683607,0.30456866,0.083511952,0.30456866,0.327822466
Track_722,722,722,8,0,0,0,0,0,35,75,110,3.588191869,356.020402,93.58353416,0,0.487942867,1.260184325,0.096526223,0.441517197,0.397665536,62.38685131,17.07800035,5.510299626,0.210106089,0.102519768,0.210106089,0.547745338
Track_723,723,723,12,0,0,0,0,0,55,35,90,13.13752516,447.5899814,89.60423175,0,0.385158322,0.705489968,0.036815679,0.359077773,0.213038502,80.48544153,21.1837077,13.55012092,0.620171187,0.238864094,0.620171187,0.15268298
Track_724,724,724,10,0,0,0,0,0,45,55,100,6.303933484,266.2239156,98.58866674,0,0.410834443,0.79014424,0.022421372,0.376540548,0.250283987,43.26949949,18.48754996,7.411121087,0.340982634,0.140087411,0.340982634,0.274922222
Track_726,726,726,10,0,0,0,0,0,45,65,110,10.62584066,196.4249119,102.6511078,0,0.287275457,0.470773357,0.047814218,0.294170055,0.162271085,49.32134848,12.92739554,10.62584066,0.821962987,0.236129792,0.821962987,0.176979566
Track_729,729,729,10,0,0,0,0,0,45,50,95,6.345540259,99.52772734,111.3440465,0,0.234034766,0.327177101,0.075368355,0.257400644,0.093543142,15.82652407,10.53156449,6.460125436,0.602525889,0.141012006,0.602525889,0.267912024
Track_730,730,730,9,1,0,0,0,1,45,55,100,9.23176914,306.4832051,126.7273013,0,0.647288099,1.119162329,0.109940339,0.807739961,0.351460412,29.49363581,26.44122567,13.92420424,0.349143011,0.205150425,0.316938355,0.200618649
Track_731,731,731,4,0,0,0,0,0,15,85,100,4.532304644,17.75145938,121.3096777,0,0.366138712,0.451201629,0.24269265,0.404521858,0.109425536,57.18143272,5.492080687,4.532304644,0.825243638,0.302153643,0.825243638,0.220474636
Track_732,732,732,5,0,0,0,0,0,20,70,90,7.315261504,268.1612584,125.0615466,0,0.666740079,0.854521051,0.525599336,0.733142668,0.155317294,54.82456131,13.33480157,10.08364801,0.548584204,0.365763075,0.548584204,0.276151314
Track_733,733,733,9,0,0,0,0,0,40,50,90,6.851653109,250.4623761,129.0151301,0,0.426654531,0.579679943,0.226540791,0.450165321,0.121400619,60.9767384,17.06618122,7.51300569,0.401475469,0.171291328,0.401475469,0.397164512
Track_734,734,734,11,0,0,0,0,0,50,50,100,6.439417387,452.276381,133.5117232,0,0.284075044,0.613305628,0.119466654,0.220160385,0.177754595,60.43926777,14.20375219,6.439417387,0.453360302,0.128788348,0.453360302,0.329689088
Track_735,735,735,11,0,0,0,0,0,50,45,95,10.39388409,322.525996,132.6110075,0,0.448658259,0.854018526,0.217018263,0.419004245,0.210256348,71.38890752,22.43291293,10.39388409,0.463331896,0.207877682,0.463331896,0.287940737
Track_736,736,736,6,0,0,0,0,0,25,65,90,6.358903348,164.0437742,135.9092184,0,0.469966204,0.71810942,0.369222245,0.402255419,0.142917717,39.30351639,11.7491551,6.786954932,0.541222181,0.254356134,0.541222181,0.147552947
Track_737,737,737,13,1,0,0,0,1,65,40,105,19.57398696,108.7276241,147.2264131,0,0.557131182,1.108175234,0.132203876,0.549834611,0.322461447,50.68698619,35.60893792,19.57398696,0.549693086,0.301138261,0.540515898,0.263761608
Track_738,738,738,7,0,0,0,0,0,30,80,110,4.682756056,109.700666,153.4973521,0,0.394001777,0.594979758,0.267613814,0.469976246,0.143496333,39.43090548,11.82005332,4.682756056,0.396170468,0.156091869,0.396170468,0.359872273
Track_739,739,739,5,0,0,0,0,0,20,70,90,1.137978666,194.3493291,155.4717247,0,0.257703293,0.423414548,0.011338758,0.422038432,0.201795603,11.73929253,5.154065861,2.110192162,0.220792418,0.056898933,0.220792418,0.392159625
Track_740,740,740,9,0,0,0,0,0,40,50,90,6.564880496,174.8201842,155.9315026,0,0.265609838,0.421673683,0.094119278,0.284958964,0.116099531,55.57601717,10.62439351,6.564880496,0.617906376,0.164122012,0.617906376,0.274605851
Track_741,741,741,12,0,0,0,0,0,55,35,90,6.669786063,8.644474304,162.3126112,0,0.424114635,1.026051946,0.048583255,0.435768019,0.28770827,77.40694078,23.32630494,6.669786063,0.285934102,0.121268838,0.285934102,0.302726131
Track_743,743,743,10,0,0,0,0,0,45,65,110,3.215716449,380.5412593,165.0810753,0,0.207397154,0.549248302,0.085824919,0.189432794,0.135363777,13.15151653,9.33287192,3.215716449,0.344558082,0.071460366,0.344558082,0.469584774
Track_744,744,744,8,0,0,0,0,0,35,65,100,7.10493959,217.4669006,167.7177944,0,0.310628718,0.441611699,0.166423745,0.298554637,0.106668286,29.362239,10.87200514,7.10493959,0.653507747,0.202998274,0.653507747,0.279496204
Track_745,745,745,7,0,0,0,0,0,30,60,90,6.32485143,180.0335593,172.9959571,0,0.30321949,0.508429911,0.197667278,0.310269642,0.118035625,70.993483,9.096584707,6.32485143,0.695299569,0.210828381,0.695299569,0.157889757
Track_746,746,746,9,0,0,0,0,0,40,55,95,6.68638613,76.23961003,174.3434374,0,0.348190099,0.684167283,0.145199182,0.306777504,0.191779853,40.88660918,13.92760398,7.830459475,0.48008158,0.167159653,0.48008158,0.387648316
Track_748,748,748,9,0,0,0,0,0,40,70,110,5.792998666,70.57889091,177.4890479,0,0.402022693,0.766347778,0.118658155,0.39565689,0.201789866,57.78959783,16.08090772,5.792998666,0.360240775,0.144824967,0.360240775,0.409640781
Track_750,750,750,8,0,0,0,0,0,35,65,100,0.702337691,296.9415761,179.082986,0,0.122856714,0.172800928,0.012818529,0.151039445,0.060090513,20.11327505,4.299984983,0.72485786,0.163334917,0.020066791,0.163334917,0.319577543
Track_751,751,751,10,0,0,0,0,0,45,65,110,11.26805818,392.6770981,189.0722871,0,0.427458936,0.947702256,0.063480566,0.360894139,0.265925778,62.49466972,19.23565212,11.26805818,0.585790287,0.250401293,0.585790287,0.294721213
Track_752,752,752,12,0,0,0,0,0,55,55,110,11.29415564,127.8717508,197.2081097,0,0.423668484,0.886581981,0.123919375,0.445468232,0.219184783,49.28983855,23.30176662,11.29415564,0.48469096,0.205348284,0.48469096,0.340458744
Track_753,753,753,7,0,0,0,0,0,30,60,90,4.446042091,173.8588898,200.6244787,0,0.29249452,0.840400285,0.070623668,0.250403549,0.277217879,54.40179116,8.774835588,5.070099459,0.506680957,0.148201403,0.506680957,0.391151512
Track_754,754,754,9,1,0,0,0,1,45,65,110,4.456331954,52.81304189,18.22737471,0,0.520776267,1.040563595,0.05863489,0.53870193,0.35213065,35.49941572,21.95628839,11.58646308,0.20296381,0.099029599,0.190157665,0.186708791
Track_755,755,755,5,0,0,0,0,0,20,80,100,4.857116156,450.7045995,20.75342757,0,0.401511749,0.551731895,0.245956123,0.508783629,0.151285526,21.85624733,8.03023498,4.857116156,0.604853553,0.242855808,0.604853553,0.378928756
Track_757,757,757,5,0,0,0,0,0,20,75,95,3.185655156,22.80499953,32.72617266,0,0.539694412,0.721308567,0.344080067,0.551604517,0.154266968,27.89723129,10.79388825,3.606542834,0.295135088,0.159282758,0.295135088,0.319858504
Track_758,758,758,9,0,0,0,0,0,40,65,105,5.457819685,123.6023748,32.25837504,0,0.441329159,0.631062131,0.288117529,0.424601976,0.122446184,78.84798665,17.65316637,5.457819685,0.309169447,0.136445492,0.309169447,0.328476803
Track_760,760,760,5,0,0,0,0,0,20,90,110,7.804302898,40.03651508,30.79221835,0,0.473920673,0.75551283,0.158629771,0.606776237,0.262161001,61.49790039,9.478413458,7.804302898,0.8233765,0.390215145,0.8233765,0.241351585
Track_762,762,762,5,1,0,0,0,1,25,75,100,7.735615525,372.6331633,56.08776533,0,0.530493519,0.982138959,0.124247282,0.523890039,0.351458069,17.45037594,11.23110678,7.735615525,0.688766982,0.309424621,0.583276911,0.228818268
Track_764,764,764,4,0,0,0,0,0,15,90,105,1.486981705,379.2123416,66.29570056,0,0.376975154,0.475272712,0.317767757,0.337884992,0.085720378,19.10128617,5.654627304,2.37636356,0.262967235,0.099132114,0.262967235,0.366835749
Track_765,765,765,3,0,0,0,0,0,10,90,100,3.253298039,107.1827817,67.37234978,0,0.547027372,0.561166794,0.532887951,0.561166794,0.019996161,36.67764727,5.470273724,3.253298039,0.59472308,0.325329804,0.59472308,0.373730843
Track_766,766,766,5,0,0,0,0,0,20,90,110,3.371921399,59.60889717,72.01401415,0,0.524920196,0.937716984,0.242615403,0.603776225,0.316302626,12.62068691,10.49840392,4.688584921,0.321184194,0.16859607,0.321184194,0.361669085
Track_767,767,767,4,0,0,0,0,0,15,90,105,10.09567887,82.72026783,117.0928863,0,0.856878719,1.083803141,0.630470735,0.856362281,0.226666644,49.86951637,12.85318079,10.09567887,0.785461517,0.673045258,0.785461517,0.268821605
Track_768,768,768,3,0,0,0,0,0,10,90,100,3.592194542,174.862615,116.5915569,0,0.803500032,0.803749886,0.803250178,0.803749886,3.53E-04,15.73684883,8.035000321,4.01625089,0.447068376,0.359219454,0.447068376,0.442924467
Track_769,769,769,9,1,0,0,0,1,45,60,105,13.60825549,45.53465356,124.1961186,0,0.653233242,1.040828079,0.225808679,0.702641513,0.293059537,38.18762514,29.64253724,13.60825549,0.459078633,0.302405677,0.462936755,0.245921091
Track_770,770,770,5,0,0,0,0,0,20,90,110,2.611316735,244.3743859,126.1782748,0,0.408368892,0.533145432,0.147436827,0.527713957,0.180905651,54.68752213,8.167377836,3.351611367,0.319725227,0.130565837,0.319725227,0.415482735
Track_781,781,781,17,1,0,0,0,1,85,155,240,11.85692801,438.1327021,69.99969534,0,0.474493544,1.13241498,0.164362427,0.475494635,0.272364357,52.96209767,39.36751418,11.85692801,0.301185591,0.139493271,0.293983496,0.320289332
Track_784,784,784,7,0,0,0,0,0,30,155,185,4.363464597,255.6252455,98.06668596,0,0.283272155,0.540762118,0.132732849,0.260478603,0.145061483,23.01518168,8.498164647,4.363464597,0.513459644,0.14544882,0.513459644,0.357987089
Track_785,785,785,9,0,0,0,0,0,40,155,195,8.420274514,261.3209301,105.4307139,0,0.535596203,0.976406739,0.097348717,0.769925836,0.362158271,14.19313791,21.4238481,10.70935218,0.393032777,0.210506863,0.393032777,0.447615665
Track_786,786,786,18,0,0,0,0,0,85,155,240,15.33604624,302.3405817,98.93111935,0,0.461558132,0.748030716,0.264136379,0.438086252,0.140621278,49.98209884,39.23244122,16.82799037,0.390902166,0.180424073,0.390902166,0.261751699
Track_788,788,788,13,0,0,0,0,0,60,155,215,23.01351059,57.70314286,116.5529503,0,0.505932339,1.503614595,0.048475926,0.459949814,0.388065273,38.70850556,30.35594032,23.01351059,0.758122145,0.38355851,0.758122145,0.199647634
Track_790,790,790,4,0,0,0,0,0,15,155,170,3.97804924,190.6769791,118.3703416,0,0.426501796,0.492018494,0.322510947,0.464975948,0.091068092,45.48238993,6.397526944,4.779120967,0.621810471,0.265203283,0.621810471,0.23942853
Track_791,791,791,19,0,0,0,0,0,90,155,245,8.301372668,191.9495788,117.5767118,0,0.32320723,0.758242756,0.102381118,0.297528028,0.176633855,58.96636787,29.08865072,8.658276721,0.28538184,0.092237474,0.28538184,0.298289687
Track_794,794,794,12,1,0,0,0,1,60,155,215,6.873324434,39.96273887,162.923579,0,0.583551078,0.998808334,0.152791115,0.582272615,0.322901579,27.42410016,34.9992832,9.701249683,0.19638472,0.114555407,0.196307421,0.250481731
Track_795,795,795,5,0,0,0,0,0,20,155,175,4.801665327,451.3795251,180.5025126,0,0.93403845,1.213558855,0.66538394,0.949756909,0.224544502,27.55780563,18.680769,9.273391376,0.257037884,0.240083266,0.257037884,0.273602165
Track_797,797,797,10,1,0,0,0,1,50,160,210,11.16435741,381.9419531,122.7772749,0,0.478121912,0.737079221,0.184183548,0.512983035,0.207288728,47.29143581,22.5492806,11.16435741,0.49510925,0.223287148,0.467008816,0.317019962
Track_798,798,798,3,0,0,0,0,0,10,165,175,1.515085212,446.5825595,126.3475677,0,0.45618787,0.458098848,0.454276893,0.458098848,0.002702531,61.54637146,4.561878705,2.271384463,0.332118697,0.151508521,0.332118697,0.492908944
Track_799,799,799,7,0,0,0,0,0,30,165,195,12.56075602,349.5614979,131.8951705,0,0.615340626,1.096541313,0.336281108,0.609994073,0.274182532,31.54550593,18.46021878,12.56075602,0.680422923,0.418691867,0.680422923,0.367108677
Track_800,800,800,10,0,0,0,0,0,45,165,210,12.01471407,131.7482425,141.0584212,0,0.55659192,0.833701693,0.214882337,0.566182774,0.205409376,73.46136866,25.04663641,12.01471407,0.479693715,0.266993646,0.479693715,0.290370284
Track_801,801,801,10,1,0,0,0,1,50,160,210,13.45656818,168.3787482,162.0471909,0,0.384939692,0.688897035,0.174386031,0.34656317,0.183266168,51.41107063,20.76677133,14.59351999,0.647985571,0.269131364,0.69915202,0.265707139
Track_802,802,802,17,0,0,0,0,0,80,165,245,13.31644608,282.3580962,159.0600288,0,0.456715476,0.904206637,0.140499332,0.428586134,0.230772065,73.77012068,36.53723806,13.31644608,0.364462307,0.166455576,0.364462307,0.301239255
Track_804,804,804,18,0,0,0,0,0,85,160,245,7.293273495,328.0538368,161.7459659,0,0.392313811,0.866110254,0.088690488,0.369515157,0.181530567,66.73290539,33.3466739,9.706918043,0.218710673,0.085803218,0.218710673,0.369451883
Track_806,806,806,14,0,0,0,0,0,65,160,225,4.900149252,157.5967008,177.518918,0,0.193770073,1.123726785,0.01315047,0.059818925,0.338691836,26.20408004,12.59505472,4.994557999,0.389053431,0.075386912,0.389053431,0.205765483
Track_807,807,807,4,0,0,0,0,0,15,160,175,1.242304206,263.9955894,188.5494432,0,0.318704612,0.513654378,0.049644335,0.392815123,0.240718935,38.92293072,4.780569182,2.039105485,0.259865334,0.08282028,0.259865334,0.408709751
Track_808,808,808,7,0,0,0,0,0,30,165,195,4.198461624,125.9313548,196.6594471,0,0.35186743,0.743719089,0.11748281,0.371283111,0.24608051,29.51117325,10.55602291,4.454805318,0.397731386,0.139948721,0.397731386,0.343529637
Track_811,811,811,14,1,0,0,0,1,70,160,230,6.838379483,168.6209562,59.97229542,0,0.368804559,0.796388102,0.136964887,0.391704686,0.199292189,59.36311531,25.95085806,9.768726142,0.263512654,0.097691135,0.264885922,0.224254126
Track_813,813,813,5,0,0,0,0,0,20,160,180,11.0172951,318.5516176,63.78612926,0,0.735086643,1.15857094,0.403976762,0.786528588,0.322646412,39.94971066,14.70173287,11.0172951,0.749387517,0.550864755,0.749387517,0.327584231
Track_815,815,815,13,0,0,0,0,0,60,160,220,6.285405529,188.2970275,68.74341404,0,0.491111458,0.942532677,0.130828868,0.475052929,0.233207943,44.20045457,29.4666875,6.285405529,0.213305467,0.104756759,0.213305467,0.352712965
Track_816,816,816,17,0,0,0,0,0,80,165,245,11.21076621,370.5251002,75.94932329,0,0.48841393,0.954911706,0.108855123,0.568404391,0.241665182,58.55758465,39.07311441,11.90055312,0.286917651,0.140134578,0.286917651,0.421721222
Track_820,820,820,17,0,0,0,0,0,80,165,245,6.489975584,407.5288359,97.27626148,0,0.445390609,1.00027303,0.039839843,0.323647789,0.308315837,79.03585625,35.63124868,10.38898385,0.182142805,0.081124695,0.182142805,0.301897471
Track_821,821,821,6,0,0,0,0,0,25,160,185,3.314094748,172.2003513,104.2126208,0,0.302425577,0.34956833,0.240678172,0.32735565,0.049227507,78.19311142,7.560639415,4.85741387,0.438335247,0.13256379,0.438335247,0.243481885
Track_823,823,823,4,1,0,0,0,1,20,170,190,4.480051449,384.6373011,74.65119774,0,0.336979589,0.574924821,0.209176056,0.22683789,0.206255752,13.85532546,7.929317938,5.28640798,0.564998337,0.224002572,0.664736322,0.366692562
Track_825,825,825,4,0,0,0,0,0,15,170,185,4.702994989,372.6103075,84.87155707,0,0.505611425,0.756366119,0.288914742,0.471553414,0.23557941,20.69084549,7.58417137,4.702994989,0.620106635,0.313532999,0.620106635,0.301861313
Track_826,826,826,11,1,0,0,0,1,55,170,225,9.677716899,385.4402915,93.31908321,0,0.438958665,0.796304924,0.061159464,0.39202429,0.243324579,54.20845309,25.57770556,9.677716899,0.378365326,0.175958489,0.400854347,0.322884355
Track_828,828,828,15,0,0,0,0,0,70,170,240,7.027874333,192.503976,115.0623041,0,0.316974006,0.762410183,0.04102964,0.273836282,0.229252509,61.729245,22.18818041,7.027874333,0.316739552,0.100398205,0.316739552,0.339231763
Track_829,829,829,10,1,0,0,0,1,50,170,220,13.50902687,21.94714761,128.5368369,0,0.495406865,1.832992204,0.165868905,0.255547357,0.531662517,60.89739466,23.4841131,13.90683802,0.575241092,0.270180537,0.545371,0.223427855
Track_832,832,832,7,0,0,0,0,0,30,170,200,8.121454948,217.5885564,147.2881658,0,0.653055726,1.140719991,0.273237754,0.584539507,0.338178078,21.8985424,19.59167179,10.5190296,0.414536086,0.270715165,0.414536086,0.315905204
Track_833,833,833,7,1,0,0,0,1,35,170,205,5.11891334,413.8448334,146.9541034,0,0.380790809,0.673975407,0.137353962,0.316870277,0.218242831,16.83809798,12.79873683,5.50910286,0.399954574,0.146254667,0.384081399,0.3133904
Track_834,834,834,16,0,0,0,0,0,75,170,245,10.25575037,253.2565468,148.4259934,0,0.479184603,1.440861106,0.064818261,0.501202068,0.361527991,67.01288402,35.93884519,10.25575037,0.28536672,0.136743338,0.28536672,0.343270303
Track_838,838,838,5,0,0,0,0,0,20,170,190,4.065558558,118.9734215,190.1520612,0,0.39507916,0.602328563,0.217589498,0.541317059,0.205601222,57.8404705,7.901583195,5.276365125,0.514524553,0.203277928,0.514524553,0.317486311
Track_841,841,841,5,1,0,0,0,1,25,160,185,10.83318364,94.26643008,119.2209436,0,0.357959899,0.810587672,0.076977729,0.324567,0.318356078,47.59265747,11.21213634,10.83318364,0.966201562,0.433327346,1.210547178,0.180069168
Track_844,844,844,4,1,0,0,0,1,20,160,180,1.721067177,116.1039292,183.38226,0,0.557387194,0.790791905,0.433448708,0.447920968,0.20226389,20.88047719,10.60041274,5.530589758,0.162358506,0.086053359,0.15438704,0.353919176
Track_847,847,847,9,1,0,0,0,1,45,160,205,7.045822714,282.8694293,88.16460806,0,0.563643151,1.025130051,0.285968693,0.473821733,0.274133885,54.19936848,24.91483469,9.011366611,0.282796286,0.156573838,0.277788948,0.307471944
Track_848,848,848,13,1,0,0,0,1,65,175,240,8.524152714,92.9361676,121.2502507,0,0.301178007,0.556407276,0.102080365,0.291546445,0.124644803,45.69975956,20.85271682,8.524152714,0.408778999,0.131140811,0.435426252,0.338020159
Track_849,849,849,15,0,0,0,0,0,70,175,245,13.74191993,211.860534,136.0211464,0,0.565786742,0.957633529,0.233625487,0.528904138,0.213614793,70.90181211,39.60507195,13.74191993,0.34697374,0.196313142,0.34697374,0.267758476
Track_850,850,850,9,0,0,0,0,0,40,175,215,3.281288939,101.0390168,134.5298307,0,0.345651629,0.561443245,0.205875326,0.380190675,0.137048645,73.08973143,13.82606516,4.230453198,0.237326304,0.082032223,0.237326304,0.337552137
Track_851,851,851,10,0,0,0,0,0,45,175,220,5.73743743,27.49445875,162.0452913,0,0.292765486,0.645768054,0.078931498,0.353081439,0.198254112,57.35595455,13.17444688,6.496549467,0.435497405,0.12749861,0.435497405,0.330357451
Track_853,853,853,12,0,0,0,0,0,55,175,230,16.87927553,355.6325543,181.5757307,0,0.481083912,0.804245572,0.137165156,0.495954315,0.197591701,43.74877969,26.45961515,16.87927553,0.637925965,0.306895919,0.637925965,0.202543047
Track_855,855,855,3,0,0,0,0,0,10,175,185,4.95030073,308.6022806,191.6824304,0,0.770281072,1.047570581,0.492991563,1.047570581,0.392146584,21.14473089,7.702810716,4.95030073,0.642661609,0.495030073,0.642661609,0.385407994
Track_856,856,856,15,0,0,0,0,0,70,175,245,10.19469645,440.7818788,51.76569539,0,0.397674423,1.020066138,0.111998769,0.367019969,0.230770233,92.56301524,27.83720958,10.52196486,0.366225516,0.145638521,0.366225516,0.339552973
Track_857,857,857,7,0,0,0,0,0,30,175,205,1.686908091,327.7248066,53.63178327,0,0.288672513,0.546981207,0.07384048,0.36640535,0.200993905,52.39242881,8.660175385,2.760521991,0.194789137,0.05623027,0.194789137,0.337035259
Track_859,859,859,7,1,0,0,0,1,35,175,210,4.083861773,243.0064621,76.32449154,0,0.313072116,0.570759245,0.166870024,0.324146841,0.143127936,42.36115605,10.46289601,4.083861773,0.39031849,0.116681765,0.372699321,0.384663708
Track_860,860,860,11,2,0,0,0,1,60,175,235,10.93373803,271.348041,91.16956081,0,0.375764446,0.816412082,0.12064847,0.339287902,0.220077897,38.28688387,20.04915441,10.93373803,0.545346592,0.182228967,0.48495532,0.290302829
Track_862,862,862,9,0,0,0,0,0,40,175,215,13.04602924,17.75631116,97.26121413,0,0.646511328,1.703171208,0.24126652,0.631114489,0.471083835,22.15728717,25.86045311,13.04602924,0.504477984,0.326150731,0.504477984,0.220597428
Track_863,863,863,13,1,0,0,0,1,65,180,245,8.840857584,177.2877211,102.5089951,0,0.382834189,0.801305515,0.058187277,0.374276214,0.200130179,53.63823502,24.38913421,8.840857584,0.362491653,0.136013194,0.355279642,0.28777748
Track_864,864,864,6,0,0,0,0,0,25,190,215,1.274765247,93.1821337,115.0152281,0,0.216988165,0.388298307,0.026728053,0.181236594,0.160112227,44.73560397,5.424704122,2.765331525,0.234992585,0.05099061,0.234992585,0.29911258
Track_865,865,865,7,0,0,0,0,0,30,190,220,11.30232347,169.0318801,120.5129213,0,0.629875698,0.985292722,0.226070037,0.726879309,0.282209401,34.52418191,18.89627093,14.03271945,0.598124546,0.376744116,0.598124546,0.175205003
Track_866,866,866,4,0,0,0,0,0,15,180,195,3.409426477,83.82716662,114.696007,0,0.667590634,0.706451937,0.622376526,0.67394344,0.042396195,13.83401394,10.01385952,6.477068811,0.340470772,0.227295098,0.340470772,0.281932249
Track_867,867,867,6,0,0,0,0,0,25,190,215,3.992826002,210.0770942,116.1586026,0,0.244305981,0.32823843,0.153023321,0.225168748,0.07733536,54.91622448,6.107649513,3.992826002,0.653741835,0.15971304,0.653741835,0.317011271
Track_870,870,870,12,0,0,0,0,0,55,190,245,8.552469289,303.0543006,122.6539394,0,0.377254167,0.512426823,0.175052085,0.381887572,0.106824414,65.0630401,20.74897921,8.552469289,0.412187472,0.155499442,0.412187472,0.350237711
Track_871,871,871,6,1,0,0,0,1,30,180,210,7.997509232,387.89344,121.3909421,0,0.621465785,1.163483654,0.218376069,0.649744955,0.359012699,23.16500123,16.62852496,10.17095532,0.480951212,0.266583641,0.428959482,0.24047435
Track_872,872,872,11,0,0,0,0,0,50,190,240,13.47942587,177.6770243,130.4227667,0,0.597760557,1.061854758,0.051216423,0.624600232,0.294125371,73.95034183,29.88802786,13.47942587,0.450997501,0.269588517,0.450997501,0.302665321
Track_873,873,873,4,0,0,0,0,0,15,180,195,2.63131845,312.7961597,126.2709119,0,0.325327139,0.587762713,0.161304897,0.226913808,0.229631128,24.74587727,4.879907092,2.938813566,0.539214866,0.17542123,0.539214866,0.568353433
Track_874,874,874,7,0,0,0,0,0,30,180,210,6.577670198,381.74668,132.8663288,0,0.488644107,1.048137263,0.063933879,0.550480852,0.343301337,66.84114729,14.65932321,7.061438171,0.448702174,0.219255673,0.448702174,0.326389998
Track_875,875,875,12,1,0,0,0,1,60,185,245,14.40131231,57.26424011,139.1905058,0,0.54935455,1.536942878,0.076308125,0.453936812,0.415458769,60.62286266,32.98040525,14.40131231,0.436662685,0.240021872,0.436916145,0.271659978
Track_876,876,876,9,0,0,0,0,0,40,190,230,3.508940354,314.1562248,137.7935149,0,0.221925243,0.514233825,0.055500315,0.228449276,0.170638217,60.41269122,8.877009706,4.625794483,0.395284051,0.087723509,0.395284051,0.318951718
Track_877,877,877,8,1,0,0,0,1,40,190,230,7.401315916,176.900472,147.4172774,0,0.414965405,0.778929798,0.18781854,0.409177156,0.199377807,52.92636228,16.42940091,7.401315916,0.450492136,0.185032898,0.445899576,0.267142204
Track_880,880,880,14,0,0,0,0,0,65,180,245,8.335326543,203.6313811,159.4886221,0,0.321674038,0.589220683,0.058377937,0.370486205,0.149959072,60.33648872,20.9088125,8.434780852,0.39865136,0.128235793,0.39865136,0.269756048
Track_881,881,881,11,1,0,0,0,1,55,190,245,14.99067248,205.6245901,157.8873284,0,0.452405918,0.866496585,0.159841571,0.444644729,0.262058935,56.68869019,26.95277883,14.99067248,0.556182818,0.272557681,0.602462679,0.274002362
Track_883,883,883,11,1,0,0,0,1,55,190,245,10.05659057,154.1210714,173.1457572,0,0.20572931,0.670924421,0.020414017,0.050469545,0.246600128,34.15366155,13.64108762,10.15627719,0.737227914,0.182847101,0.888775163,0.290871092
Track_884,884,884,4,0,0,0,0,0,15,180,195,2.165452769,419.9903242,169.7027813,0,0.485744166,0.740918192,0.260676288,0.455638018,0.24153231,55.86353874,7.286162489,4.44075787,0.297200724,0.144363518,0.297200724,0.395009782
Track_886,886,886,13,0,0,0,0,0,60,185,245,6.95749264,79.83182649,171.4696782,0,0.274714119,0.482651549,0.042061579,0.268529376,0.143561722,46.31584065,16.48284716,6.95749264,0.422105027,0.115958211,0.422105027,0.239494422
Track_887,887,887,3,0,0,0,0,0,10,185,195,3.317054474,118.8512873,171.9511228,0,0.588567002,0.760968019,0.416165986,0.760968019,0.243811855,12.57658958,5.885670025,3.804840094,0.563581455,0.331705447,0.563581455,0.417228825
Track_889,889,889,5,0,0,0,0,0,20,190,210,9.738839666,366.1640525,180.3567142,0,0.669335068,1.136277528,0.193284048,1.106318993,0.5223958,20.90672817,13.38670135,9.738839666,0.727501078,0.486941983,0.727501078,0.125471718
Track_890,890,890,6,0,0,0,0,0,25,180,205,7.090357795,436.3328784,178.8164898,0,0.470017674,0.750593447,0.27348655,0.388392911,0.209537869,74.85755221,11.75044186,7.090357795,0.603412015,0.283614312,0.603412015,0.303391966
Track_891,891,891,7,0,0,0,0,0,30,190,220,6.255791443,312.7870375,179.4939041,0,0.339703772,0.460018316,0.123899742,0.399697105,0.132732876,71.30602142,10.19111316,6.255791443,0.613847707,0.208526381,0.613847707,0.244707245
Track_893,893,893,4,0,0,0,0,0,15,185,200,8.112113217,322.4609589,196.5264488,0,0.66367556,0.996389177,0.179924237,0.814713264,0.428675916,51.81287766,9.955133394,8.112113217,0.814867355,0.540807548,0.814867355,0.282291625
Track_894,894,894,14,0,0,0,0,0,65,180,245,13.37642102,423.3526255,20.3004464,0,0.426335009,0.72614733,0.169250433,0.387927774,0.20212605,58.84174865,27.71177558,13.37642102,0.482698086,0.205791093,0.482698086,0.303424071
Track_895,895,895,8,0,0,0,0,0,35,185,220,9.100466434,205.8358409,24.74592169,0,0.702081315,1.269961547,0.27071295,0.602890136,0.339094389,47.40474653,24.57284604,9.734471747,0.370346456,0.260013327,0.370346456,0.427127906
Track_896,896,896,4,0,0,0,0,0,15,190,205,4.768693654,42.3853023,26.86941027,0,0.414132723,0.528049,0.256431856,0.457917313,0.141002787,67.19200826,6.211990844,4.768693654,0.767659479,0.31791291,0.767659479,0.153382489
Track_897,897,897,13,0,0,0,0,0,60,185,245,19.74909511,96.27064019,30.61898252,0,0.465094551,1.211271836,0.182640436,0.363636628,0.293191504,73.76331109,27.90567306,19.81483895,0.707708969,0.329151585,0.707708969,0.211513492
Track_898,898,898,14,0,0,0,0,0,65,180,245,16.58143353,213.4019713,46.04848722,0,0.529691192,0.910354589,0.131327124,0.539882163,0.256457452,77.22831603,34.42992745,16.58143353,0.481599433,0.255098977,0.481599433,0.343819912
Track_900,900,900,12,1,0,0,0,1,60,185,245,5.167556212,355.9699218,61.41223971,0,0.4071751,0.669539556,0.182159916,0.371464064,0.147229545,32.90296197,24.0503817,5.577737264,0.214863792,0.086125937,0.211520638,0.302319994
Track_901,901,901,6,0,0,0,0,0,25,190,215,2.319444568,365.4450799,59.13110168,0,0.367613229,0.58950331,0.14056503,0.404584472,0.174481961,60.39976581,9.190330732,3.910013054,0.252378792,0.092777783,0.252378792,0.31252676
Track_902,902,902,3,0,0,0,0,0,10,190,200,8.328416158,260.5019856,69.12903323,0,0.834189024,0.986293327,0.682084721,0.986293327,0.215107968,27.52092584,8.34189024,8.328416158,0.998384769,0.832841616,0.998384769,0.023126032
Track_904,904,904,7,0,0,0,0,0,30,180,210,6.683076233,43.37774745,78.75376901,0,0.406089717,0.781838747,0.213959452,0.392656968,0.19641169,61.37663814,12.1826915,6.683076233,0.548571408,0.222769208,0.548571408,0.294923226
Track_905,905,905,12,0,0,0,0,0,55,180,235,7.354590939,50.10804406,86.33660428,0,0.429971588,1.309621638,0.044869604,0.273920865,0.34820108,58.1902109,23.64843732,7.735101717,0.31099691,0.133719835,0.31099691,0.297090494
Track_906,906,906,4,0,0,0,0,0,15,180,195,1.703600899,295.0757915,88.01839957,0,0.50690547,0.709126967,0.287222612,0.524366831,0.211493488,42.20766783,7.603582047,4.043082319,0.224052412,0.113573393,0.224052412,0.282362389
Track_907,907,907,13,0,0,0,0,0,60,185,245,13.91152783,235.9712745,91.74658429,0,0.532194734,1.219966946,0.12394142,0.484940182,0.330855075,65.63702561,31.93168405,13.91152783,0.435665335,0.231858797,0.435665335,0.298053488
Track_908,908,908,7,0,0,0,0,0,30,180,210,10.58480559,266.2459957,94.40490946,0,0.574197366,0.772421249,0.251027533,0.662029738,0.194916742,48.48369544,17.22592099,11.26132642,0.614469647,0.352826853,0.614469647,0.270214224
Track_909,909,909,5,0,0,0,0,0,20,190,210,7.457120077,354.3893097,97.44937716,0,0.621147542,0.994976103,0.127373413,0.876235736,0.394501457,67.49799194,12.42295085,7.457120077,0.600269627,0.372856004,0.600269627,0.271818799
Track_915,915,915,13,1,0,0,0,1,65,180,245,8.504139359,402.3091521,191.840699,0,0.446683671,0.998249103,0.157350765,0.46662024,0.259400688,48.03409782,27.97107088,11.48762555,0.304033385,0.130832913,0.292898357,0.274338348
Track_916,916,916,11,0,0,0,0,0,50,195,245,7.020345747,323.236402,97.25031705,0,0.348631822,0.719078249,0.125713014,0.338277663,0.188940034,74.68734429,17.4315911,7.020345747,0.402736945,0.140406915,0.402736945,0.242335151
Track_917,917,917,11,0,0,0,0,0,50,195,245,9.117893875,312.8606458,93.29077532,0,0.429603063,0.651139648,0.268822189,0.388019535,0.111534892,50.38467745,21.48015315,9.117893875,0.424479929,0.182357877,0.424479929,0.302527295
Track_919,919,919,10,1,0,0,0,1,50,195,245,20.49705043,250.2193009,132.9225983,0,0.615085648,1.185646383,0.265332248,0.609073117,0.259609165,63.64473705,29.58593413,20.49705043,0.692797136,0.409941009,0.666477928,0.240335603
Track_920,920,920,5,0,0,0,0,0,20,195,215,8.102039857,38.98078208,123.8778605,0,0.792938573,1.191415183,0.233730989,1.118385088,0.448903618,33.09119682,15.85877147,8.939852536,0.51088698,0.405101993,0.51088698,0.206997738
Track_921,921,921,9,0,0,0,0,0,40,195,235,4.429548945,436.7073148,130.2307233,0,0.532146395,0.913205687,0.171109167,0.503310504,0.234448538,59.78582764,21.28585578,6.05417452,0.208098232,0.110738724,0.208098232,0.286887886
Track_922,922,922,11,0,0,0,0,0,50,195,245,5.217605756,26.29789093,129.668572,0,0.306428843,0.674988375,0.049481069,0.275588969,0.215348502,73.45821727,15.32144215,6.418895778,0.340542731,0.104352115,0.340542731,0.298087054
Track_923,923,923,11,0,0,0,0,0,50,195,245,7.432113014,437.4365524,136.9233986,0,0.405270247,0.793590875,0.150422403,0.382321096,0.174500432,50.03604091,20.26351237,8.791058633,0.366773187,0.14864226,0.366773187,0.29856731
Track_925,925,925,8,1,0,0,0,1,40,195,235,7.166951325,81.59363485,170.0158166,0,0.301385076,0.817471881,0.038424177,0.24913514,0.274711535,58.94692183,10.93939434,7.166951325,0.655150651,0.179173783,0.59450118,0.219774569
Track_926,926,926,10,1,0,0,0,1,50,195,245,6.037945977,373.1580052,181.4947636,0,0.399997711,0.626269461,0.111745742,0.397295958,0.175661784,47.05752726,19.51301585,6.393221919,0.309431716,0.12075892,0.301899026,0.294885609
Track_927,927,927,4,0,0,0,0,0,15,195,210,4.151390105,54.24214259,197.6175671,0,0.335351857,0.509299559,0.225067363,0.271688648,0.152436014,53.61184645,5.030277854,4.151390105,0.825280477,0.27675934,0.825280477,0.190483887
Track_928,928,928,4,0,0,0,0,0,15,195,210,3.99394038,404.5514237,199.6209417,0,0.486076948,0.585806363,0.312963604,0.559460878,0.150498152,23.2752192,7.291154224,3.99394038,0.547778892,0.266262692,0.547778892,0.334376912
Track_929,929,929,2,0,0,0,0,0,5,195,200,4.863531644,437.4321619,22.65510121,0,0.972706329,0.972706329,0.972706329,0.972706329,NaN,43.71033669,4.863531644,4.863531644,1,0.972706329,1,NaN
Track_930,930,930,6,1,0,0,0,1,30,195,225,14.63231216,331.2773574,37.90774771,0,0.513902636,0.73827334,0.130229561,0.620378848,0.2678556,48.84572411,16.53893261,14.63231216,0.884719256,0.487743739,0.94909756,0.197351597
Track_931,931,931,11,0,0,0,0,0,50,195,245,10.34498547,116.9219236,39.76291349,0,0.381808855,0.782572853,0.147098504,0.39702683,0.207697935,27.86273766,19.09044276,10.34498547,0.541893428,0.206899709,0.541893428,0.359876227
Track_932,932,932,11,0,0,0,0,0,50,195,245,10.38884798,352.4656186,39.99697307,0,0.533182964,1.148435178,0.170174391,0.502924125,0.252955029,66.75283657,26.6591482,10.38884798,0.38969167,0.20777696,0.38969167,0.222729584
Track_933,933,933,6,0,0,0,0,0,25,195,220,7.281903868,451.4914577,62.91299864,0,0.348446382,0.49109774,0.136316164,0.384250272,0.144375807,57.3878568,8.711159562,7.281903868,0.835928193,0.291276155,0.835928193,0.130963915
Track_934,934,934,6,0,0,0,0,0,25,195,220,2.719628316,324.3683409,72.71283434,0,0.496024558,0.609201258,0.264101652,0.54080366,0.141515655,65.14892896,12.40061394,3.683767672,0.219314006,0.108785133,0.219314006,0.471512312
Track_936,936,936,11,0,0,0,0,0,50,195,245,4.077495206,325.6862038,82.49967677,0,0.375164271,0.670728087,0.052494147,0.424482933,0.196736092,79.4574572,18.75821354,4.077495206,0.21737119,0.081549904,0.21737119,0.3163628
Track_938,938,938,4,0,0,0,0,0,15,200,215,3.53032966,75.76143393,98.41283441,0,0.638286772,1.042025681,0.315318276,0.557516357,0.370025415,29.55028296,9.574301574,3.53032966,0.368729733,0.235355311,0.368729733,0.374919265
Track_939,939,939,10,0,0,0,0,0,45,200,245,3.8138085,448.2634447,104.829136,0,0.381045313,0.956830605,0.072775631,0.251010155,0.295674665,63.59928274,17.14703906,5.193867315,0.222417905,0.0847513,0.222417905,0.317523599
Track_940,940,940,10,0,0,0,0,0,45,200,245,14.08470608,272.8785521,118.2411881,0,0.519502652,1.546714173,0.138779927,0.387678574,0.418024985,46.33204231,23.37761935,14.08470608,0.602486758,0.312993468,0.602486758,0.276526386
Track_941,941,941,7,0,0,0,0,0,30,200,230,6.214661875,18.71975121,118.8440768,0,0.329998671,0.57557527,0.123374733,0.340048658,0.148121861,55.55741446,9.899960126,6.214661875,0.627746152,0.207155396,0.627746152,0.296120194
Track_942,942,942,4,0,0,0,0,0,15,200,215,2.904989609,178.9410752,142.1778164,0,0.301973524,0.432622316,0.121477691,0.351820564,0.161450581,15.38874984,4.529602859,2.904989609,0.641334285,0.193665974,0.641334285,0.202142904
Track_944,944,944,3,0,0,0,0,0,10,200,210,9.127229199,167.6305483,151.2701709,0,0.953946385,0.994000179,0.913892591,0.994000179,0.056644618,21.46443081,9.539463852,9.127229199,0.956786392,0.91272292,0.956786392,0.118128975
Track_946,946,946,10,0,0,0,0,0,45,200,245,13.7209206,353.1373399,182.1699268,0,0.570018596,0.929064655,0.090537761,0.604749245,0.272143672,32.38190975,25.65083684,13.7209206,0.534911227,0.304909347,0.534911227,0.237948711
Track_948,948,948,3,0,0,0,0,0,10,200,210,1.667021315,23.62162428,190.8876772,0,0.566746016,0.732683899,0.400808133,0.732683899,0.234671605,10.34365813,5.667460157,2.004040664,0.294139045,0.166702132,0.294139045,0.616547875
Track_949,949,949,9,0,0,0,0,0,40,200,240,3.269649717,97.53636087,19.10830909,0,0.313909731,0.848076132,0.05608916,0.270468198,0.289491536,54.67543602,12.55638923,3.375600478,0.260397289,0.081741243,0.260397289,0.384446467
Track_951,951,951,9,0,0,0,0,0,40,200,240,5.796674629,46.55167943,22.10771305,0,0.580681517,0.940843724,0.341085139,0.554920702,0.197553311,43.04611609,23.22726067,5.796674629,0.249563421,0.144916866,0.249563421,0.403255968
Track_954,954,954,10,0,0,0,0,0,45,200,245,4.883720769,261.1393842,56.42724803,0,0.323921962,0.724135368,0.107127059,0.281505538,0.214471985,63.03160114,14.5764883,5.381305861,0.335040969,0.108527128,0.335040969,0.39688691
Track_956,956,956,10,0,0,0,0,0,45,200,245,20.62150225,269.1900075,77.47426162,0,0.792953326,1.82882804,0.291719952,0.748161947,0.479546711,62.01546373,35.68289966,20.62150225,0.577909936,0.458255605,0.577909936,0.335009058
Track_957,957,957,10,0,0,0,0,0,45,200,245,3.686833435,398.745131,82.71581893,0,0.348078659,0.65058502,0.039922732,0.355912138,0.195258365,72.40776482,15.66353965,5.930809208,0.235376774,0.081929632,0.235376774,0.400241228
Track_958,958,958,10,0,0,0,0,0,45,200,245,9.183513402,446.4247673,86.21069405,0,0.603716113,1.31198559,0.064309684,0.637899036,0.38871907,40.0999299,27.1672251,10.17086467,0.338036489,0.204078076,0.338036489,0.440465869
Track_959,959,959,10,0,0,0,0,0,45,200,245,10.41152161,311.2010828,92.68160481,0,0.372977524,0.757158244,0.205995741,0.326400035,0.182894213,56.55408421,16.78398856,10.41152161,0.620324637,0.231367147,0.620324637,0.199040267
Track_961,961,961,2,0,0,0,0,0,5,185,190,5.534143414,289.6441813,140.7485486,0,1.106828683,1.106828683,1.106828683,1.106828683,NaN,38.60090351,5.534143414,5.534143414,1,1.106828683,1,NaN
Track_962,962,962,7,0,0,0,0,0,30,215,245,13.00725828,432.4751622,111.5340862,0,0.488371569,0.682593088,0.329841852,0.491306225,0.123598383,80.67141397,14.65114706,13.00725828,0.887797946,0.433575276,0.887797946,0.070720829
Track_963,963,963,7,0,0,0,0,0,30,215,245,7.281526747,215.9354802,112.2162672,0,0.257473324,0.338976779,0.180513108,0.314313232,0.077295444,51.78172956,7.724199708,7.281526747,0.94269012,0.242717558,0.94269012,0.118988057
Track_964,964,964,7,0,0,0,0,0,30,215,245,2.468493048,447.2470982,114.9444466,0,0.443326026,0.641729498,0.162666871,0.537164944,0.187268144,38.63931533,13.29978079,4.973503381,0.18560404,0.082283102,0.18560404,0.381011171
Track_965,965,965,9,0,0,0,0,0,40,205,245,3.831362046,20.58451874,120.6949498,0,0.323846882,0.685950906,0.106173256,0.350689436,0.181200359,68.10117722,12.9538753,3.831362046,0.295769564,0.095784051,0.295769564,0.227229612
Track_966,966,966,9,0,0,0,0,0,40,205,245,7.132144394,390.7789075,129.6316356,0,0.53835291,0.911820833,0.084248382,0.677481872,0.335455108,38.61988884,21.53411638,9.064915415,0.331202092,0.17830361,0.331202092,0.250111618
Track_967,967,967,7,0,0,0,0,0,30,215,245,3.107451649,358.1717317,133.469293,0,0.285068855,0.432968458,0.095592094,0.329496508,0.140225335,61.6002918,8.55206566,4.581165647,0.363356851,0.103581722,0.363356851,0.240197695
Track_970,970,970,7,0,0,0,0,0,30,215,245,9.500484902,202.8908146,142.6442163,0,0.391378533,0.4473099,0.320912115,0.396436299,0.041420429,53.52818094,11.74135598,9.500484902,0.809147165,0.31668283,0.809147165,0.181021945
Track_971,971,971,9,0,0,0,0,0,40,205,245,4.810124945,24.59476278,146.429292,0,0.426103662,0.758269283,0.180721324,0.324621779,0.225220149,73.76365789,17.04414648,4.810124945,0.282215654,0.120253124,0.282215654,0.352476342
Track_973,973,973,8,0,0,0,0,0,35,210,245,8.184320736,310.4018054,159.2786823,0,0.67861887,0.912332174,0.281943029,0.760777491,0.253808601,49.88459277,23.75166046,9.907198642,0.344578887,0.233837735,0.344578887,0.39319261
Track_974,974,974,7,0,0,0,0,0,30,215,245,7.217827874,245.7664756,163.0621508,0,0.556672529,0.94917801,0.231234699,0.626468633,0.284531904,61.94034236,16.70017587,7.590083845,0.43220071,0.240594262,0.43220071,0.407860139
Track_975,975,975,7,0,0,0,0,0,30,215,245,8.106384859,314.2990362,175.1427126,0,0.426374732,0.607047817,0.142490348,0.497363322,0.168693509,64.2274407,12.79124197,8.106384859,0.633744939,0.270212829,0.633744939,0.243848337
Track_976,976,976,9,0,0,0,0,0,40,205,245,8.801359682,141.4864648,171.15477,0,0.449173838,0.823552191,0.147712116,0.48804716,0.228911361,88.5415607,17.96695351,9.618295019,0.489863775,0.220033992,0.489863775,0.250016527
Track_977,977,977,5,0,0,0,0,0,20,205,225,3.231143295,228.0064138,175.2379041,0,0.312896423,0.708148215,0.127051564,0.215978328,0.266338849,10.53138142,6.257928453,3.540741074,0.516327938,0.161557165,0.516327938,0.372034542
Track_979,979,979,7,1,0,0,0,1,35,210,245,14.44952335,382.2060642,186.2433495,0,0.514029965,1.019628859,0.066242848,0.506798571,0.333795274,52.64876257,16.87960022,14.44952335,0.85603469,0.412843524,0.803150695,0.145313474
Track_980,980,980,4,0,0,0,0,0,15,210,225,6.356664583,212.493356,189.2470569,0,0.467307967,0.926287305,0.122076906,0.35355969,0.413995887,9.267077446,7.009619507,6.356664583,0.906848735,0.423777639,0.906848735,0.164995015
Track_981,981,981,8,0,0,0,0,0,35,205,240,3.721768816,308.701642,193.7588792,0,0.281057889,0.44419088,0.082910402,0.332761612,0.133191725,14.61782324,9.8370261,3.721768816,0.378342883,0.106336252,0.378342883,0.419706475
Track_982,982,982,8,0,0,0,0,0,35,205,240,3.270637787,447.4122582,196.2332883,0,0.445851906,0.671176715,0.279389496,0.362845591,0.15352257,36.70327151,15.6048167,4.332281978,0.209591554,0.093446794,0.209591554,0.370109256
Track_983,983,983,8,1,0,0,0,1,40,205,245,7.077181864,450.586587,199.5195492,0,0.331950924,0.525397655,0.157729171,0.356062073,0.127473271,31.64222479,12.40692821,7.077181864,0.570421763,0.176929547,0.532999108,0.281493569
Track_985,985,985,6,0,0,0,0,0,25,215,240,4.287523718,315.4353413,36.27654404,0,0.716395752,0.981120447,0.420500664,0.663381468,0.219607631,58.70551999,17.90989381,6.301445147,0.239394145,0.171500949,0.239394145,0.237774702
Track_987,987,987,7,0,0,0,0,0,30,210,240,9.635605578,322.5175697,59.58792658,0,0.620158928,0.93486499,0.301675151,0.576324283,0.226284233,50.18515301,18.60476785,10.89557976,0.517910552,0.321186853,0.517910552,0.368018011
Track_989,989,989,8,1,0,0,0,1,40,205,245,14.42399908,142.8443458,70.8227286,0,0.449236609,0.634686526,0.184214406,0.452299229,0.162610267,32.93744719,18.56186954,15.31884874,0.777076849,0.360599977,0.802694994,0.189413896
Track_991,991,991,7,1,0,0,0,1,35,210,245,5.16631313,297.4404137,85.30210605,0,0.48139541,0.970136236,0.071280038,0.440554612,0.307162561,54.22773375,16.19522825,5.16631313,0.319002181,0.147608947,0.306627241,0.440235353
Track_993,993,993,7,0,0,0,0,0,30,210,240,6.216129653,273.4601948,94.23553708,0,0.35916309,0.533166991,0.102984506,0.404104832,0.154201541,69.22469984,10.77489269,6.216129653,0.57690873,0.207204322,0.57690873,0.380704242
Track_994,994,994,7,0,0,0,0,0,30,215,245,4.22960107,91.75257971,93.65668843,0,0.21983779,0.297027108,0.110172366,0.267506186,0.071287573,55.75051389,6.595133691,4.22960107,0.641321506,0.140986702,0.641321506,0.246285003
Track_995,995,995,7,0,0,0,0,0,30,215,245,3.144692359,47.21334037,96.88236965,0,0.317373888,0.473798252,0.112958722,0.396454277,0.137628526,91.44017138,9.521216641,3.340927433,0.330282618,0.104823079,0.330282618,0.323567639
Track_996,996,996,8,0,0,0,0,0,35,210,245,13.39222234,347.1527319,96.10595398,0,0.490821279,0.792929265,0.1381674,0.593901362,0.242214899,79.96628571,17.17874478,13.39222234,0.779580959,0.382634924,0.779580959,0.219945189
Track_997,997,997,9,0,0,0,0,0,40,205,245,11.77035052,118.3952324,98.61166267,0,0.409908141,0.755892765,0.210720894,0.435985442,0.167729536,65.8260036,16.39632562,11.77035052,0.717865136,0.294258763,0.717865136,0.20435125
Track_998,998,998,7,0,0,0,0,0,30,205,235,12.71226771,85.59603561,98.17800887,0,0.624933333,1.025891122,0.129707982,0.678998397,0.361673387,37.22396919,18.74799998,12.71226771,0.678059938,0.423742257,0.678059938,0.171339878
Track_999,999,999,6,0,0,0,0,0,25,205,230,12.15477369,363.3344158,107.8990275,0,0.846637089,1.666185814,0.207015551,0.885330575,0.569398321,34.1145312,21.16592724,12.15477369,0.574261338,0.486190947,0.574261338,0.363448892
Track_1000,1000,1000,7,0,0,0,0,0,30,215,245,9.490191196,106.8639529,109.198204,0,0.646188313,1.101933562,0.357067774,0.674813252,0.274992208,25.79450662,19.3856494,10.7503238,0.489547242,0.316339707,0.489547242,0.254541667
Track_1003,1003,1003,4,1,0,0,0,1,20,205,225,4.242744833,108.6319706,89.3959079,0,0.403155197,0.600428904,0.295629493,0.313407195,0.171075124,29.95499492,7.614363937,4.242744833,0.55720279,0.212137242,0.526192501,0.293183403
Track_1007,1007,1007,7,1,0,0,0,1,35,210,245,6.160316017,285.5156789,161.1593126,0,0.460265271,0.760448196,0.298042229,0.472538354,0.179158808,59.17430019,15.31837714,6.293638959,0.402152001,0.176009029,0.382407798,0.303516892
Track_1008,1008,1008,2,0,0,0,0,0,5,210,215,5.042540687,295.4775614,50.19086683,0,1.008508137,1.008508137,1.008508137,1.008508137,NaN,18.23421001,5.042540687,5.042540687,1,1.008508137,1,NaN
Track_1009,1009,1009,7,1,0,0,0,1,35,210,245,11.79159353,312.6835993,94.08855057,0,0.359036488,0.549175511,0.124858903,0.419523824,0.186831581,62.44073214,13.5169722,11.79159353,0.872354648,0.336902672,0.938352182,0.149596306
Track_1010,1010,1010,2,0,0,0,0,0,5,220,225,5.075792247,65.55907349,151.7068693,0,1.015158449,1.015158449,1.015158449,1.015158449,NaN,9.334599018,5.075792247,5.075792247,1,1.015158449,1,NaN
Track_1011,1011,1011,3,0,0,0,0,0,10,220,230,5.844558018,432.6779756,185.8022394,0,0.780358802,1.007138476,0.553579127,1.007138476,0.320714892,11.26460425,7.803588015,5.844558018,0.748957788,0.584455802,0.748957788,0.305982269
Track_1013,1013,1013,4,1,0,0,0,1,20,220,240,1.875530578,287.9435593,24.53468427,0,0.296932722,0.416337693,0.199319884,0.275140588,0.110137892,23.6112802,5.45059025,2.081688467,0.344096784,0.093776529,0.315817429,0.193866421
Track_1014,1014,1014,5,0,0,0,0,0,20,220,240,2.633170034,292.6245722,28.84184796,0,0.730916455,1.028388795,0.361441243,0.788027742,0.275974144,69.55496292,14.6183291,4.488775271,0.180127976,0.131658502,0.180127976,0.442414951
Track_1015,1015,1015,5,0,0,0,0,0,20,220,240,2.237769957,232.1337883,33.34405163,0,0.461104137,0.620918263,0.294198478,0.610276596,0.178733942,29.88671608,9.222082744,3.824963884,0.242653424,0.111888498,0.242653424,0.341357276
Track_1016,1016,1016,4,0,0,0,0,0,15,220,235,9.948133578,190.815272,59.18066816,0,0.668286147,1.031918219,0.211204815,0.761735408,0.418260919,27.35099864,10.02429221,9.948133578,0.992402592,0.663208905,0.992402592,0.043170366
Track_1017,1017,1017,6,0,0,0,0,0,25,220,245,6.657565248,332.7301315,72.27815799,0,0.475737483,0.671920757,0.157721711,0.454801128,0.208903585,89.68601863,11.89343707,7.116470035,0.559767981,0.26630261,0.559767981,0.353929605
Track_1018,1018,1018,6,0,0,0,0,0,25,220,245,5.217052174,161.029324,93.47882441,0,0.597838362,0.997960693,0.211009263,0.437585318,0.36220452,28.15438223,14.94595906,5.399674237,0.349061051,0.208682087,0.349061051,0.272309351
Track_1019,1019,1019,5,0,0,0,0,0,20,220,240,5.474311516,297.9452733,117.9233677,0,0.528490803,1.000306774,0.252963024,0.494331834,0.329635449,42.24205246,10.56981606,5.474311516,0.517919279,0.273715576,0.517919279,0.270108354
Track_1020,1020,1020,6,0,0,0,0,0,25,220,245,4.48541708,440.251984,119.6929635,0,0.377119546,0.731742617,0.168051062,0.371546025,0.218618476,66.38243802,9.427988656,5.178731512,0.47575546,0.179416683,0.47575546,0.370293602
Track_1022,1022,1022,6,0,0,0,0,0,25,220,245,7.485278371,319.7113368,137.6861943,0,0.46905308,0.695845152,0.232021598,0.462003978,0.175772269,33.17789936,11.72632699,7.485278371,0.638331029,0.299411135,0.638331029,0.401384331
Track_1024,1024,1024,5,1,0,0,0,1,25,220,245,6.606887623,346.0678662,141.9082811,0,0.742130303,1.053335317,0.21562424,1.010960426,0.386950553,20.23059483,18.28561221,10.31058443,0.361316184,0.264275505,0.356103913,0.258785725
Track_1027,1027,1027,4,0,0,0,0,0,15,230,245,3.156570223,385.5643744,140.5836514,0,0.630330574,0.901477514,0.287122571,0.702391636,0.313452702,56.09563684,9.454958604,3.511958182,0.333853415,0.210438015,0.333853415,0.334971608
Track_1028,1028,1028,5,0,0,0,0,0,20,225,245,5.587183683,441.0303842,147.1350324,0,0.396730969,0.78099143,0.080206893,0.578749098,0.33830534,60.12258759,7.934619372,5.587183683,0.704152704,0.279359184,0.704152704,0.20752984
Track_1029,1029,1029,3,0,0,0,0,0,10,225,235,2.4820596,343.8436777,153.9951339,0,0.750577594,0.972630867,0.528524321,0.972630867,0.31403075,23.83929507,7.505775939,2.642621605,0.33068661,0.24820596,0.33068661,0.566199109
Track_1031,1031,1031,5,0,0,0,0,0,20,225,245,8.68948821,116.638522,173.782428,0,0.493409128,0.756049811,0.317908635,0.577134536,0.212904946,53.92780037,9.868182554,8.68948821,0.880556086,0.43447441,0.880556086,0.101861684
Track_1032,1032,1032,5,0,0,0,0,0,20,225,245,9.4985605,417.1808076,181.524374,0,0.603418724,0.734039399,0.432163047,0.636794875,0.125905952,51.26586914,12.06837448,9.4985605,0.787062128,0.474928025,0.787062128,0.257355881
Track_1033,1033,1033,5,0,0,0,0,0,20,225,245,6.857919401,32.66817172,181.4843269,0,0.597840564,0.740999926,0.382873191,0.654486069,0.152909766,25.69841614,11.95681127,7.922526913,0.573557552,0.34289597,0.573557552,0.310669586
Track_1034,1034,1034,5,0,0,0,0,0,20,225,245,3.750931321,268.1083845,195.7414649,0,0.414735645,0.891203167,0.147782808,0.333246832,0.327269597,64.80580292,8.294712892,4.830712575,0.452207493,0.187546566,0.452207493,0.444869048
Track_1035,1035,1035,5,0,0,0,0,0,20,225,245,5.231256671,193.2576654,198.882395,0,0.602321907,1.046064682,0.306109801,0.595061067,0.318526612,67.24798775,12.04643815,5.231256671,0.434257546,0.261562834,0.434257546,0.3411729
Track_1037,1037,1037,4,0,0,0,0,0,15,230,245,3.139844985,364.3598507,59.69752143,0,0.402294924,0.793962404,0.111747148,0.30117522,0.352169433,46.12435746,6.034423862,3.969812019,0.520322247,0.209322999,0.520322247,0.392471007
Track_1039,1039,1039,3,0,0,0,0,0,10,225,235,4.305912859,217.7737428,82.48064545,0,0.468307931,0.591427533,0.345188329,0.591427533,0.174117411,54.70440292,4.683079311,4.305912859,0.91946187,0.430591286,0.91946187,0.167892319
Track_1040,1040,1040,5,0,0,0,0,0,20,225,245,5.21478262,277.1404343,91.60291394,0,0.295078346,0.330833858,0.257370978,0.316383123,0.03429641,74.46330185,5.901566927,5.21478262,0.883626787,0.260739131,0.883626787,0.12108581
Track_1041,1041,1041,4,0,0,0,0,0,15,230,245,3.644828262,237.2118348,92.7804909,0,0.404542617,0.650998968,0.142301543,0.42032734,0.254715794,65.42155743,6.068139259,3.644828262,0.600650069,0.242988551,0.600650069,0.49628103
Track_1042,1042,1042,3,0,0,0,0,0,10,225,235,7.702968266,114.2632786,106.1417046,0,0.819406264,1.126270023,0.512542506,1.126270023,0.433970889,20.34593487,8.194062645,7.702968266,0.940067046,0.770296827,0.940067046,0.150635907
Track_1046,1046,1046,4,1,0,0,0,1,20,225,245,4.012688217,163.9614129,178.4528475,0,0.245453627,0.495234618,0.024113959,0.217012304,0.23684457,24.71992493,6.157977488,5.032386935,0.651624373,0.200634411,0.817402511,0.324056337
Track_1049,1049,1049,3,0,0,0,0,0,10,235,245,8.228404499,132.4015147,83.4899947,0,0.876012929,1.065254596,0.686771262,1.065254596,0.267628132,35.51579158,8.760129289,8.228404499,0.939301719,0.82284045,0.939301719,0.143621885
Track_1050,1050,1050,3,0,0,0,0,0,10,235,245,3.129865984,137.1891542,90.08891162,0,0.447719837,0.548550442,0.346889231,0.548550442,0.14259601,60.85050074,4.477198367,3.129865984,0.699067972,0.312986598,0.699067972,0.32962365
Track_1053,1053,1053,3,0,0,0,0,0,10,235,245,5.188309732,197.6602287,117.4160107,0,0.519659101,0.700898652,0.33841955,0.700898652,0.256311431,66.82822418,5.196591013,5.188309732,0.998406401,0.518830973,0.998406401,0.024100019
Track_1058,1058,1058,3,0,0,0,0,0,10,235,245,6.578312803,193.0192926,43.97685316,0,0.676458092,0.694872128,0.658044056,0.694872128,0.026041379,51.19409498,6.764580918,6.578312803,0.972464205,0.65783128,0.972464205,0.094121627
Track_1060,1060,1060,3,0,0,0,0,0,10,235,245,6.433324392,254.1074076,63.56254797,0,0.771049274,0.941095945,0.601002603,0.941095945,0.240482308,31.80130704,7.71049274,6.433324392,0.834359698,0.643332439,0.834359698,0.240238789
Track_1061,1061,1061,2,0,0,0,0,0,5,240,245,4.675520775,265.1565678,35.49717243,0,0.935104155,0.935104155,0.935104155,0.935104155,NaN,54.77517796,4.675520775,4.675520775,1,0.935104155,1,NaN
Track_1067,1067,1067,2,0,0,0,0,0,5,240,245,5.178343353,178.3183766,114.9967644,0,1.035668671,1.035668671,1.035668671,1.035668671,NaN,30.33006048,5.178343353,5.178343353,1,1.035668671,1,NaN
Track_1075,1075,1075,2,0,0,0,0,0,5,125,130,4.477211871,139.8069406,182.0061627,0,0.895442374,0.895442374,0.895442374,0.895442374,NaN,18.72433376,4.477211871,4.477211871,1,0.895442374,1,NaN
Track_1077,1077,1077,2,0,0,0,0,0,5,90,95,4.456331954,137.7006574,17.37969462,0,0.891266391,0.891266391,0.891266391,0.891266391,NaN,52.59732056,4.456331954,4.456331954,1,0.891266391,1,NaN
Track_1080,1080,1080,7,0,0,0,0,0,30,55,85,3.153211701,438.4320409,104.7455943,0,0.284476478,0.43034713,0.18966091,0.262615296,0.093754875,47.43033818,8.534294334,3.153211701,0.369475387,0.105107057,0.369475387,0.423873585
Track_1081,1081,1081,10,0,0,0,0,0,45,35,80,7.831218198,232.2647308,113.8586924,0,0.307006355,0.641928756,0.108792895,0.321183769,0.160965551,45.08674068,13.81528596,7.831218198,0.56685169,0.174027071,0.56685169,0.288100905
Track_1082,1082,1082,4,0,0,0,0,0,15,50,65,8.517562511,354.9909261,110.5544823,0,0.667612355,0.704383578,0.618129292,0.680324196,0.04451004,15.15182257,10.01418533,8.517562511,0.850549718,0.567837501,0.850549718,0.137143717
Track_1083,1083,1083,7,0,0,0,0,0,30,55,85,5.456655053,20.5641511,118.2078268,0,0.343625831,0.549725937,0.170921597,0.31027625,0.15722369,49.36288779,10.30877492,6.304655404,0.529321388,0.181888502,0.529321388,0.378357067
Track_1084,1084,1084,5,1,0,0,0,1,25,50,75,15.6957643,377.4000439,123.5136673,0,0.686442859,0.91668856,0.24208769,0.829199011,0.303279417,26.24717922,17.51783805,15.6957643,0.895987521,0.627830572,0.91461447,0.077126137
Track_1085,1085,1085,7,0,0,0,0,0,30,35,65,4.070828751,346.2594627,134.6284325,0,0.571867566,0.983064607,0.195851114,0.674179312,0.305092521,46.42629678,17.15602697,4.915323034,0.23728272,0.135694292,0.23728272,0.23689686
Track_1086,1086,1086,5,0,0,0,0,0,20,45,65,6.81243632,435.800489,139.0942178,0,0.4754253,0.711127512,0.321829797,0.448667964,0.166259455,52.10836029,9.508506007,6.81243632,0.716457066,0.340621816,0.716457066,0.250367385
Track_1087,1087,1087,8,1,0,0,0,1,40,35,75,4.343570645,296.7347423,139.5221781,0,0.438098432,0.720767132,0.144042419,0.418514725,0.191283329,18.93478072,17.42601875,4.343570645,0.249257774,0.108589266,0.247864996,0.171379065
Track_1089,1089,1089,5,0,0,0,0,0,20,55,75,10.22307504,233.0208898,162.5238306,0,0.537685608,0.847025206,0.180974774,0.62076616,0.277555484,20.01674519,10.75371216,10.22307504,0.950655448,0.511153752,0.950655448,0.073884146
Track_1090,1090,1090,4,0,0,0,0,0,15,55,70,5.622513753,36.21431443,168.40659,0,0.397812896,0.664341677,0.185312487,0.343784525,0.244042086,54.26332188,5.967193443,5.622513753,0.942237554,0.37483425,0.942237554,0.101227923
Track_1092,1092,1092,10,1,0,0,0,1,50,35,85,5.67378855,242.0763079,176.6486624,0,0.301527438,0.647727866,0.106432962,0.228953185,0.181014383,62.02021866,14.62398616,5.67378855,0.387978249,0.113475771,0.376336468,0.226458663
Track_1093,1093,1093,9,1,0,0,0,1,45,35,80,3.028583778,160.986237,179.3469735,0,0.28118116,0.843807712,0.031395286,0.360608416,0.277007792,21.91981167,13.18781978,4.28988141,0.229650073,0.067301862,0.239354093,0.361752607
Track_1095,1095,1095,7,0,0,0,0,0,30,50,80,8.340264543,301.1394935,188.0171401,0,0.640489529,0.868536427,0.15139518,0.803036521,0.282769138,66.40279061,19.21468588,8.340264543,0.434056773,0.278008818,0.434056773,0.348138965
Track_1096,1096,1096,5,0,0,0,0,0,20,40,60,3.360106597,259.6077324,191.798217,0,0.397919629,0.572390633,0.240843608,0.398066469,0.135917554,62.01896858,7.958392577,4.917387076,0.422209204,0.16800533,0.422209204,0.243677997
Track_1097,1097,1097,8,0,0,0,0,0,35,45,80,5.638245811,175.3053891,198.5603743,0,0.263444062,0.690798721,0.10211408,0.229203981,0.200283804,61.57465267,9.220542184,5.74271361,0.611487448,0.161092737,0.611487448,0.268718973
Track_1098,1098,1098,9,1,0,0,0,1,45,40,85,3.9752407,51.41550825,199.2277856,0,0.458721132,0.761232241,0.131434539,0.606256306,0.249408078,40.11955314,19.00601797,4.317890278,0.209156947,0.088338682,0.192576003,0.35360174
Track_1099,1099,1099,8,0,0,0,0,0,35,35,70,3.406778584,407.1921948,17.86908528,0,0.354290661,0.534759835,0.117461309,0.363754842,0.147441986,36.57609797,12.40017315,6.056741034,0.274736372,0.097336531,0.274736372,0.379261919
Track_1100,1100,1100,9,0,0,0,0,0,40,35,75,8.293762845,302.9103149,25.48566526,0,0.429390676,0.833266787,0.104537024,0.416981176,0.224234844,75.51751624,17.17562705,8.293762845,0.48287977,0.207344071,0.48287977,0.287640864
Track_1103,1103,1103,8,0,0,0,0,0,35,50,85,4.541388906,418.7813601,29.5942947,0,0.504120667,0.742795178,0.1012039,0.546458909,0.234464974,46.06403065,17.64422335,4.541388906,0.257386727,0.129753969,0.257386727,0.257823688
Track_1104,1104,1104,5,0,0,0,0,0,20,45,65,8.906943814,298.9849764,46.10860032,0,0.676386483,1.166607205,0.343069364,0.770337856,0.375575886,16.83974819,13.52772967,10.58990214,0.658421186,0.445347191,0.658421186,0.288963561
Track_1105,1105,1105,5,0,0,0,0,0,20,50,70,1.149987593,451.1408021,53.0944166,0,0.348460629,0.572762851,0.159872647,0.345083655,0.170229273,14.77364559,6.969212578,1.725418273,0.165009688,0.05749938,0.165009688,0.346788669
Track_1106,1106,1106,4,1,0,0,0,1,20,55,75,4.018256073,160.1118198,49.54911611,0,0.437711756,0.63946491,0.159795118,0.51387524,0.248739693,14.91728187,7.364651929,4.018256073,0.545613847,0.200912804,0.4590071,0.119409624
Track_1107,1107,1107,9,0,0,0,0,0,40,40,80,4.788851392,235.5762745,54.18688929,0,0.440881259,0.720077885,0.21221216,0.495330234,0.203631038,41.06467395,17.63525038,4.788851392,0.271549952,0.119721285,0.271549952,0.277962748
Track_1108,1108,1108,7,1,0,0,0,1,35,45,80,6.462713302,382.7374127,82.57164167,0,0.533175183,0.876060443,0.143789744,0.570770386,0.253535958,39.74760001,18.028591,6.666553175,0.358470238,0.184648951,0.346319479,0.459536577
Track_1109,1109,1109,8,0,0,0,0,0,35,50,85,3.32151962,291.1340058,78.28323548,0,0.382788241,1.117526464,0.074514549,0.302843183,0.338587175,42.49711168,13.39758844,3.796281284,0.247919216,0.094900561,0.247919216,0.269661398
Track_1110,1110,1110,5,0,0,0,0,0,20,40,60,8.510744182,167.2383548,89.97108508,0,0.445568595,0.564909087,0.355024482,0.45873358,0.090137788,40.64363327,8.911371899,8.510744182,0.955043093,0.425537209,0.955043093,0.084666756
Track_1111,1111,1111,7,0,0,0,0,0,30,45,75,13.25232362,157.7712268,91.85509461,0,0.761203208,0.994614419,0.558263472,0.832542348,0.178644004,39.84841783,22.83609623,13.25232362,0.580323514,0.441744121,0.580323514,0.269908401
Track_1112,1112,1112,5,0,0,0,0,0,20,50,70,4.087447832,409.5424661,91.28508655,0,0.441541563,0.760692199,0.242718258,0.485348466,0.238220434,50.47222443,8.830831268,4.366149007,0.46286105,0.204372392,0.46286105,0.417509645
Track_1113,1113,1113,8,0,0,0,0,0,35,50,85,4.801854629,237.1517109,93.96237478,0,0.40807602,0.901017335,0.149254597,0.337287989,0.248371781,21.61287463,14.2826607,7.43284191,0.336201687,0.137195847,0.336201687,0.265966482
Track_1114,1114,1114,10,0,0,0,0,0,45,35,80,19.01271462,348.3976247,96.21082544,0,0.564327168,0.965854652,0.120543413,0.576338349,0.22400269,36.14120188,25.39472257,19.01271462,0.748687629,0.422504769,0.748687629,0.263635512
Track_1115,1115,1115,6,0,0,0,0,0,25,40,65,6.644222776,4.082386959,96.15794584,0,0.455214988,0.92215948,0.178253278,0.411651266,0.307712036,30.61477327,11.38037469,6.644222776,0.583831636,0.265768911,0.583831636,0.312509009
Track_1117,1117,1117,4,0,0,0,0,0,15,60,75,4.062742447,364.4608511,38.2195093,0,0.481454486,0.826488417,0.188426968,0.429448073,0.322194201,22.99037743,7.221817289,4.062742447,0.562565111,0.270849496,0.562565111,0.270489646
Track_1118,1118,1118,4,0,0,0,0,0,15,60,75,5.571928781,428.4726186,45.53381537,0,0.717984901,0.998132173,0.533743269,0.622079263,0.246602275,53.2952857,10.76977352,7.88702561,0.517367312,0.371461919,0.517367312,0.289351255
Track_1119,1119,1119,4,1,0,0,0,1,20,45,65,4.37125871,110.3583672,48.60603627,0,0.393158851,0.523479044,0.30977753,0.346219978,0.114322035,14.11171293,8.514777979,6.049735074,0.513373187,0.218562935,0.555915084,0.368547973
Track_1121,1121,1121,3,0,0,0,0,0,10,60,70,5.777139795,246.4712433,82.42644223,0,0.60098756,1.086212648,0.115762471,1.086212648,0.686211901,36.18955994,6.009875597,5.777139795,0.961274439,0.577713979,0.961274439,0.194394661
Track_1122,1122,1122,4,0,0,0,0,0,15,60,75,6.174913081,176.5040208,84.27384283,0,0.539559153,0.570280764,0.518816027,0.529580668,0.027144657,38.59244585,8.093387299,6.174913081,0.762957814,0.411660872,0.762957814,0.300095072
Track_1123,1123,1123,4,1,0,0,0,1,20,60,80,5.354505704,423.0836643,83.85070805,0,0.424506649,0.747375108,0.062838025,0.463306813,0.343914006,16.55736637,6.681789856,5.354505704,0.801357992,0.267725285,0.630673951,0.440900179
Track_1124,1124,1124,7,2,0,0,0,1,40,45,85,6.266078661,239.0213453,101.9912664,0,0.376593206,1.048969802,0.118369337,0.352038487,0.343855954,11.27099909,13.6498353,6.266078661,0.459058921,0.156651967,0.415971303,0.230658772
Track_1125,1125,1125,5,1,0,0,0,1,25,45,70,8.849776609,208.1367812,118.458665,0,0.42075263,0.692404512,0.119086034,0.609527449,0.27424939,12.48366261,9.010482779,8.849776609,0.982164533,0.353991064,0.841328226,0.050210637
Track_1126,1126,1126,4,0,0,0,0,0,15,60,75,4.944727523,84.90858763,124.2416978,0,0.516241535,0.976160886,0.255383763,0.317179956,0.399498498,36.82449222,7.74362302,6.115106602,0.638554784,0.329648502,0.638554784,0.373195503
Track_1128,1128,1128,5,0,0,0,0,0,20,60,80,3.346832351,355.9194187,171.9868189,0,0.587640257,0.758675614,0.446756136,0.669805664,0.151071299,18.94455051,11.75280513,3.349028321,0.284768812,0.167341618,0.284768812,0.392719397
Track_1132,1132,1132,2,0,0,0,0,0,5,80,85,4.642050837,391.4257632,199.037021,0,0.928410167,0.928410167,0.928410167,0.928410167,NaN,17.57478905,4.642050837,4.642050837,1,0.928410167,1,NaN
Track_1133,1133,1133,5,0,0,0,0,0,20,65,85,5.502872432,300.1184207,66.04772435,0,0.531731864,0.586461335,0.426614878,0.583929644,0.074772502,21.26536446,10.63463727,5.843847255,0.517448061,0.275143622,0.517448061,0.319163248
Track_1134,1134,1134,5,0,0,0,0,0,20,35,55,2.616926986,296.5928899,18.1836044,0,0.347099655,0.493489794,0.089126639,0.402891093,0.177205642,46.95373745,6.941993094,2.616926986,0.376970554,0.130846349,0.376970554,0.506389204
Track_1135,1135,1135,7,1,0,0,0,1,35,35,70,10.88677555,225.734182,42.62341414,0,0.624027832,0.857384269,0.279541134,0.722489952,0.20532017,34.46356923,23.0077563,11.99364065,0.473178497,0.31105073,0.498456502,0.369451992
Track_1141,1141,1141,4,0,0,0,0,0,15,40,55,3.551539062,27.97289642,112.9276451,0,0.399186416,0.51090523,0.249988787,0.43666523,0.134435277,36.59702039,5.987796236,3.551539062,0.593129579,0.236769271,0.593129579,0.2874
Track_1142,1142,1142,3,0,0,0,0,0,10,45,55,4.128477199,298.8504051,120.7288094,0,0.784454484,1.112134554,0.456774414,1.112134554,0.463409599,21.47657553,7.844544836,5.560672768,0.526286392,0.41284772,0.526286392,0.484284696
Track_1143,1143,1143,3,0,0,0,0,0,10,45,55,7.79248611,177.3698741,122.5314633,0,0.984649647,1.187576617,0.781722677,1.187576617,0.286982073,26.39522902,9.846496471,7.79248611,0.791396832,0.779248611,0.791396832,0.26990584
Track_1144,1144,1144,3,0,0,0,0,0,10,45,55,2.724038867,368.7389469,142.9057249,0,0.594337227,0.767556889,0.421117566,0.767556889,0.244969594,31.43519592,5.943372275,2.724038867,0.458332196,0.272403887,0.458332196,0.476807813
Track_1145,1145,1145,5,1,0,0,0,1,25,45,70,10.01709621,164.3150271,181.4955746,0,0.493991262,0.677316552,0.102808381,0.652608761,0.267217955,29.56197472,13.26640801,10.01709621,0.755072225,0.400683849,0.811115255,0.100582196
Track_1153,1153,1153,3,0,0,0,0,0,10,65,75,3.413873803,362.6910091,70.26890048,0,0.536856141,0.706933644,0.366778638,0.706933644,0.240525912,79.38527679,5.368561407,3.53466822,0.635901044,0.34138738,0.635901044,0.380183454
Track_1154,1154,1154,3,0,0,0,0,0,10,70,80,5.22393831,326.2895886,92.54648663,0,0.540233663,0.725419354,0.355047972,0.725419354,0.261892115,44.93822638,5.402336631,5.22393831,0.966977563,0.522393831,0.966977563,0.10989686
Track_1158,1158,1158,4,0,0,0,0,0,15,65,80,5.670195811,60.12093874,131.4250293,0,0.536168021,0.635544874,0.469996236,0.502962952,0.087627166,12.29404831,8.042520313,5.670195811,0.705027229,0.378013054,0.705027229,0.317918011
Track_1162,1162,1162,3,0,0,0,0,0,10,40,50,4.34619561,96.29219496,64.88092954,0,0.528049563,0.688350903,0.367748224,0.688350903,0.226700329,14.86242453,5.280495635,4.34619561,0.823065847,0.434619561,0.823065847,0.255441915
Track_1164,1164,1164,4,0,0,0,0,0,15,35,50,1.842531869,122.6669721,108.2073692,0,0.400991717,0.737853587,0.194509005,0.270612558,0.294202103,16.91500854,6.014875749,1.85246584,0.306329166,0.122835458,0.306329166,0.387189922
Track_1167,1167,1167,3,0,0,0,0,0,10,35,45,5.382061804,259.5686769,157.1111953,0,0.771675831,0.961501839,0.581849823,0.961501839,0.268454515,18.75812721,7.716758305,5.382061804,0.697451131,0.53820618,0.697451131,0.332842516
Track_1168,1168,1168,4,0,0,0,0,0,15,65,80,7.133052102,185.4085212,100.6429368,0,0.885514792,1.446328842,0.166168181,1.044047353,0.65463903,11.95761585,13.28272188,7.133052102,0.53701735,0.475536807,0.53701735,0.420709497
Track_1171,1171,1171,2,0,0,0,0,0,5,65,70,5.785547605,221.8024867,177.7901296,0,1.157109521,1.157109521,1.157109521,1.157109521,NaN,19.19376659,5.785547605,5.785547605,1,1.157109521,1,NaN
Track_1183,1183,1183,2,0,0,0,0,0,5,0,5,5.365953249,284.9912751,65.20376018,0,1.07319065,1.07319065,1.07319065,1.07319065,NaN,56.51387501,5.365953249,5.365953249,1,1.07319065,1,NaN
Track_1184,1184,1184,2,0,0,0,0,0,5,0,5,5.077046971,346.603865,79.65465939,0,1.015409394,1.015409394,1.015409394,1.015409394,NaN,22.61563778,5.077046971,5.077046971,1,1.015409394,1,NaN
Track_1189,1189,1189,2,0,0,0,0,0,5,0,5,4.95282878,391.9295499,111.596132,0,0.990565756,0.990565756,0.990565756,0.990565756,NaN,30.56104183,4.95282878,4.95282878,1,0.990565756,1,NaN
Track_1193,1193,1193,2,0,0,0,0,0,5,0,5,5.097395335,258.4078104,145.2623626,0,1.019479067,1.019479067,1.019479067,1.019479067,NaN,14.14515495,5.097395335,5.097395335,1,1.019479067,1,NaN
Track_1200,1200,1200,2,0,0,0,0,0,5,0,5,5.322679201,264.9157901,184.2265553,0,1.06453584,1.06453584,1.06453584,1.06453584,NaN,10.11822748,5.322679201,5.322679201,1,1.06453584,1,NaN
Track_1206,1206,1206,3,0,0,0,0,0,10,100,110,5.378670199,441.6428116,156.9616914,0,0.627102531,0.671778711,0.582426351,0.671778711,0.063181659,22.31235377,6.271025312,5.378670199,0.85770188,0.53786702,0.85770188,0.216616391
Track_1207,1207,1207,2,0,0,0,0,0,5,100,105,5.607710032,168.318587,85.14138391,0,1.121542006,1.121542006,1.121542006,1.121542006,NaN,44.94400978,5.607710032,5.607710032,1,1.121542006,1,NaN
Track_1209,1209,1209,2,0,0,0,0,0,5,105,110,4.616908454,398.6283909,92.66570678,0,0.923381691,0.923381691,0.923381691,0.923381691,NaN,10.33514214,4.616908454,4.616908454,1,0.923381691,1,NaN
