LABEL,TRACK_ID,SPOT_SOURCE_ID,SPOT_TARGET_ID,LINK_COST,DIRECTIONAL_CHANGE_RATE,SPEED,DISPLACEMENT,EDGE_TIME,EDGE_X_LOCATION,EDGE_Y_LOCATION,EDGE_Z_LOCATION,MANUAL_EDGE_COLOR
ID124317_ID124129,2,124317,124129,0.004458794,0.622531181,0.01335484,0.066774201,232.5,338.8898371,19.25385548,0,
ID112137_ID114463,2,112137,114463,0.002280479,0.444258781,0.009550871,0.047754356,67.5,338.7813723,18.93473728,0,
ID114157_ID115416,2,114157,115416,0.11531789,0.605083045,0.067916976,0.339584879,87.5,338.6596606,18.76767392,0,
ID115719_ID117278,2,115719,117278,0.083363819,0.627774554,0.057745586,0.288727932,107.5,338.8238696,18.92291059,0,
ID111294_ID111574,2,111294,111574,0.076489516,0.579820376,0.055313476,0.276567381,17.5,338.4258262,18.12434392,0,
ID120996_ID120489,2,120996,120489,0.069328371,0.573437736,0.052660562,0.263302812,182.5,338.8510124,19.01009428,0,
ID118221_ID118826,2,118221,118826,0.011281075,0.041311762,0.021242481,0.106212404,127.5,338.7842851,18.96486935,0,
ID122021_ID121257,2,122021,121257,0.039570908,0.540115315,0.039784876,0.198924378,157.5,338.562012,18.79373975,0,
ID114779_ID116644,2,114779,116644,0.011160052,0.218286279,0.021128229,0.105641146,97.5,338.7251639,18.84259052,0,
ID121257_ID119711,2,121257,119711,0.124613052,0.6230844,0.070601148,0.353005739,162.5,338.6230929,18.84081852,0,
ID122559_ID122810,2,122559,122810,0.003270968,0.137406238,0.011438476,0.057192379,207.5,338.8857961,19.27363919,0,
ID113603_ID113014,2,113603,113014,0.008930393,0.372719387,0.018900151,0.094500757,32.5,338.5053867,18.5892632,0,
ID111863_ID113884,2,111863,113884,0.163426578,NaN,0.080852106,0.404260532,7.5,337.3623935,18.28034648,0,
ID113014_ID112453,2,113014,112453,0.066956064,0.46026696,0.05175174,0.258758699,37.5,338.5625407,18.6761349,0,
ID116033_ID116340,2,116033,116340,6.71E-04,0.223264402,0.005179896,0.025899479,47.5,338.7738318,18.79697628,0,
ID121536_ID120669,2,121536,120669,0.006979669,0.550689909,0.016708883,0.083544414,172.5,338.8622813,19.04171044,0,
ID123290_ID124317,2,123290,124317,0.004982847,0.388163679,0.014117857,0.070589285,227.5,338.8883365,19.25539613,0,
ID115092_ID114157,2,115092,114157,0.062813728,0.076856807,0.050125334,0.25062667,82.5,338.6423811,18.72332675,0,
ID122810_ID123053,2,122810,123053,0.057165696,0.369307603,0.047818698,0.239093489,212.5,338.7787257,19.23140637,0,
ID120489_ID120244,2,120489,120244,0.016217775,0.467348129,0.025469805,0.127349027,187.5,338.8641424,19.10803238,0,
ID116950_ID115092,2,116950,115092,0.022161001,0.474015656,0.029773143,0.148865714,77.5,338.7620034,18.87898187,0,
ID111574_ID113603,2,111574,113603,0.306388016,0.230008751,0.055352328,0.553523275,25,338.421614,18.33576227,0,
ID117903_ID117596,2,117903,117596,0.002041232,0.607162339,0.009035999,0.045179993,117.5,338.7698376,18.85347739,0,
ID117596_ID118221,2,117596,118221,0.005897813,0.478457196,0.015359444,0.076797222,122.5,338.7583469,18.87761317,0,
ID120669_ID120996,2,120669,120996,0.019206616,0.204896462,0.027717587,0.138587936,177.5,338.7981496,18.96794472,0,
ID119423_ID119976,2,119423,119976,7.34E-04,0.122327786,0.005419287,0.027096437,147.5,338.6388194,18.83217624,0,
ID116644_ID115719,2,116644,115719,0.100691654,0.540229968,0.063463897,0.317319483,102.5,338.814288,18.9122931,0,
ID123514_ID123290,2,123514,123290,0.006015506,0.581090828,0.015511939,0.077559696,222.5,338.8800428,19.29651602,0,
ID116340_ID110997,2,116340,110997,0.002361909,0.522839231,0.009719894,0.048599471,52.5,338.7603954,18.79116248,0,
ID112453_ID116033,2,112453,116033,0.012069798,0.072564603,0.021972527,0.109862633,42.5,338.7188143,18.76899838,0,
ID119711_ID121536,2,119711,121536,0.03014131,0.019561408,0.034722505,0.173612527,167.5,338.8311786,19.00170853,0,
ID110997_ID110698,2,110997,110698,0.00169307,0.244367508,0.008229385,0.041146927,57.5,338.72541,18.77968909,0,
ID119132_ID119423,2,119132,119423,0.092651559,0.598298579,0.060877437,0.304387187,142.5,338.7776994,18.91840302,0,
ID123053_ID123514,2,123053,123514,0.076978425,0.62536342,0.055489972,0.27744986,217.5,338.7931681,19.24416721,0,
ID110698_ID112137,2,110698,112137,0.032173232,0.36080774,0.035873797,0.179368983,62.5,338.7556488,18.86153806,0,
ID122310_ID121784,2,122310,121784,0.030252684,0.579819123,0.034786597,0.173932986,197.5,338.808347,19.03870391,0,
ID123929_ID123738,2,123929,123738,0.006301326,0.030012011,0.015876178,0.079380889,242.5,338.8220714,19.18816082,0,
ID114463_ID116950,2,114463,116950,0.001376193,0.564208362,0.007419416,0.037097078,72.5,338.7747316,18.94016093,0,
ID119976_ID122021,2,119976,122021,8.55E-04,0.395117728,0.005847636,0.029238178,152.5,338.6311418,18.84567888,0,
ID117278_ID117903,2,117278,117903,0.006241396,0.606608194,0.015800502,0.079002509,112.5,338.759108,18.84002967,0,
ID118532_ID119132,2,118532,119132,0.020385792,0.481574767,0.028555764,0.142778822,137.5,338.8388469,18.97349046,0,
ID121784_ID122559,2,121784,122559,0.019308801,0.026299893,0.027791222,0.138956112,202.5,338.8718284,19.18132463,0,
ID124129_ID123929,2,124129,123929,0.001963755,0.300501689,0.008862856,0.04431428,237.5,338.8499232,19.24320295,0,
ID115416_ID114779,2,115416,114779,7.97E-04,0.493118612,0.005644843,0.028224215,92.5,338.7528552,18.89653444,0,
ID113884_ID111294,2,113884,111294,1.072096942,0.127121548,0.207084228,1.035421142,12.5,338.0424423,18.15855803,0,
ID118826_ID118532,2,118826,118532,0.006036245,0.626643269,0.015538655,0.077693276,132.5,338.7892133,18.97825564,0,
ID120244_ID122310,2,120244,122310,0.019866411,0.237287777,0.028189651,0.140948256,192.5,338.7847931,19.02999411,0,
ID113606_ID113022,3,113606,113022,3.160801913,0.10411562,0.355572885,1.777864425,32.5,202.9356896,22.89947092,0,
ID110700_ID112140,3,110700,112140,6.765665046,0.223870851,0.520217841,2.601089204,62.5,198.2561454,21.43144432,0,
ID111578_ID113319,3,111578,113319,9.316520556,0.515693292,0.610459517,3.052297586,22.5,206.3282391,23.40254477,0,
ID111866_ID113887,3,111866,113887,0.120115001,0.339862953,0.069315222,0.346576111,7.5,208.3732545,22.07338714,0,
ID115094_ID114159,3,115094,114159,16.93359844,0.263554321,0.823009075,4.115045375,82.5,195.1271779,20.50875213,0,
ID116040_ID116346,3,116040,116346,2.543715607,0.037289326,0.318980602,1.594903009,47.5,198.3541843,22.86096302,0,
ID113887_ID111297,3,113887,111297,2.732775654,0.357822982,0.33062218,1.653110902,12.5,207.6873261,22.49845175,0,
ID113319_ID113606,3,113319,113606,2.545342217,0.247544207,0.319082573,1.595412867,27.5,204.5449177,22.64011275,0,
ID112749_ID111866,3,112749,111866,1.348351258,NaN,0.232237056,1.161185282,2.5,208.9163273,21.85798234,0,
ID112140_ID114466,3,112140,114466,6.237644704,0.580013789,0.499505544,2.497527718,67.5,198.4700068,21.65776956,0,
ID116346_ID110999,3,116346,110999,10.00931449,0.210542786,0.632750013,3.163750067,52.5,196.4953345,21.89538982,0,
ID111297_ID111578,3,111297,111578,2.130743743,0.201849577,0.291941346,1.459706732,17.5,207.2398004,23.78611398,0,
ID112457_ID116040,3,112457,116040,7.444443023,0.204069112,0.545690133,2.728450663,42.5,200.4919451,22.60578301,0,
ID110999_ID110700,3,110999,110700,4.473276349,0.594856421,0.423002428,2.115012139,57.5,196.2543202,21.38197642,0,
ID113022_ID112457,3,113022,112457,0.119800745,0.17683297,0.069224488,0.346122442,37.5,201.9522544,22.68025684,0,
ID114466_ID116954,3,114466,116954,0.079739284,0.445086449,0.05647629,0.28238145,72.5,197.5165351,22.33270153,0,
ID116954_ID115094,3,116954,115094,2.6063832,0.029223227,0.322885937,1.614429683,77.5,197.3453078,21.40118375,0,
ID113889_ID111305,4,113889,111305,9.734024291,0.333639286,0.623987958,3.11993979,12.5,36.55353425,31.20366132,0,
ID111305_ID111589,4,111305,111589,17.84110959,0.262638217,0.844774753,4.223873766,17.5,34.21408885,32.96418919,0,
ID113622_ID113036,4,113622,113036,3.059896333,0.581838598,0.349851187,1.749255937,32.5,27.8716208,36.04436544,0,
ID111869_ID113889,4,111869,113889,0.28430713,0.283780014,0.106640917,0.533204586,7.5,37.05066258,29.7283449,0,
ID112754_ID111869,4,112754,111869,9.407120408,NaN,0.613420587,3.067102934,2.5,37.91038365,28.38392511,0,
ID111589_ID113334,4,111589,113334,26.81719017,0.147905124,1.035706332,5.178531661,22.5,30.39183776,35.11707138,0,
ID113334_ID113622,4,113334,113622,4.494891993,0.380198057,0.424023207,2.120116033,27.5,28.14969339,36.12749377,0,
ID110709_ID112145,5,110709,112145,12.63233656,0.491763458,0.71083997,3.554199848,62.5,29.72143897,27.29858757,0,
ID115099_ID114164,5,115099,114164,4.997176204,0.355976517,0.447087294,2.235436468,82.5,32.469469,29.64682815,0,
ID115423_ID114786,5,115423,114786,0.90766945,0.422033829,0.190543376,0.952716878,92.5,34.39169352,29.94217917,0,
ID118827_ID118534,5,118827,118534,1.188851899,0.585804137,0.218068971,1.090344853,132.5,39.10078203,20.39738174,0,
ID113326_ID113608,5,113326,113608,13.66130975,0.496201768,0.739224181,3.696120906,27.5,38.9104588,26.22784724,0,
ID117279_ID117906,5,117279,117906,3.78686677,0.247999652,0.38919747,1.945987351,112.5,36.49211108,21.70988748,0,
ID113020_ID112459,5,113020,112459,0.237671173,0.522088096,0.097503061,0.487515305,37.5,34.34840419,23.30587828,0,
ID118222_ID118827,5,118222,118827,1.735827324,0.549798336,0.2635016,1.317507998,127.5,38.9351574,20.43783409,0,
ID114164_ID115423,5,114164,115423,2.682413782,0.230821534,0.327561523,1.637807614,87.5,33.89407537,30.44137487,0,
ID116352_ID111008,5,116352,111008,1.631112596,0.133767108,0.255430037,1.277150185,52.5,31.2572769,27.57713425,0,
ID114470_ID116958,5,114470,116958,4.13235522,0.172400116,0.406563905,2.032819525,72.5,32.45159929,27.38849498,0,
ID116039_ID116352,5,116039,116352,19.61579846,0.368545226,0.885794524,4.428972619,47.5,31.72575545,24.87322441,0,
ID116958_ID115099,5,116958,115099,0.943216746,0.29969207,0.194238693,0.971193465,77.5,32.30385507,28.53671422,0,
ID117906_ID117597,5,117906,117597,11.42036054,0.087178321,0.675880479,3.379402395,117.5,39.00998312,21.04445254,0,
ID113888_ID111301,5,113888,111301,1.330817049,0.41766865,0.230722088,1.153610441,12.5,38.94276932,29.10088159,0,
ID112757_ID111871,5,112757,111871,3.602595503,NaN,0.37961009,1.898050448,2.5,39.59875702,31.11458222,0,
ID114786_ID116649,5,114786,116649,0.998142962,0.065823891,0.19981421,0.99907105,97.5,33.65197822,29.32602448,0,
ID111301_ID111580,5,111301,111580,5.12211877,0.286629967,0.452641968,2.263209838,17.5,38.09298278,28.06636821,0,
ID115728_ID117279,5,115728,117279,72.83141523,0.542521854,1.706826473,8.534132365,107.5,34.05650138,25.69979806,0,
ID118534_ID119134,5,118534,119134,0.217474008,0.158692877,0.093268217,0.466341086,137.5,38.45615355,20.05922217,0,
ID111580_ID113326,5,111580,113326,4.569527385,0.450743379,0.427529058,2.13764529,22.5,38.78533178,27.42057714,0,
ID112145_ID114470,5,112145,114470,2.809753988,0.290836966,0.335246416,1.676232081,67.5,31.37739869,26.08825731,0,
ID113608_ID113020,5,113608,113020,17.14002198,0.14687195,0.828010193,4.140050964,32.5,36.13123794,23.84975074,0,
ID112459_ID116039,5,112459,116039,8.076876993,0.509349482,0.568396939,2.841984693,42.5,33.14308274,23.07768379,0,
ID116649_ID115728,5,116649,115728,0.799823205,0.265161888,0.178865671,0.894328354,102.5,32.90783607,29.39005618,0,
ID111871_ID113888,5,111871,113888,2.475778701,0.249957979,0.314692148,1.57346074,7.5,39.20367816,29.76008588,0,
ID117597_ID118222,5,117597,118222,4.887018005,0.523303227,0.442132017,2.210660083,122.5,39.45618412,20.24095987,0,
ID111008_ID110709,5,111008,110709,4.645178148,0.101783976,0.431053507,2.155267535,57.5,29.841901,28.45330043,0,
ID113607_ID113023,6,113607,113023,13.87257357,0.07022483,0.744918078,3.724590389,32.5,315.1149648,23.6911122,0,
ID111007_ID110707,6,111007,110707,7.897124072,0.269952904,0.562036443,2.810182213,57.5,313.1676593,26.90552389,0,
ID111308_ID111587,6,111308,111587,8.097882097,0.421747673,0.569135558,2.845677792,17.5,322.6301239,32.78801067,0,
ID111587_ID113321,6,111587,113321,39.01117446,0.087271532,1.249178522,6.245892608,22.5,321.5524717,28.46711951,0,
ID116041_ID116350,6,116041,116350,4.994308345,0.317677143,0.446958984,2.234794922,47.5,317.7212829,23.68055185,0,
ID116350_ID111007,6,116350,111007,27.06730641,0.30279785,1.040524991,5.202624954,52.5,316.3051543,26.19849706,0,
ID110707_ID114472,6,110707,114472,15.89503482,0.160920352,0.398685776,3.986857762,65,310.8766112,27.60125235,0,
ID114472_ID116960,6,114472,116960,2.300284178,0.032214519,0.303333755,1.516668777,72.5,309.1217449,29.71158648,0,
ID112461_ID116041,6,112461,116041,11.3832974,0.279760307,0.674782851,3.373914255,42.5,315.7153263,23.74559723,0,
ID113023_ID112461,6,113023,112461,2.341502677,0.476695223,0.306039388,1.530196941,37.5,313.7990212,24.1936738,0,
ID113891_ID111308,6,113891,111308,21.73064041,NaN,0.9323227,4.661613498,12.5,324.4599972,31.94522569,0,
ID113321_ID113607,6,113321,113607,20.62649168,0.218558876,0.908327951,4.541639756,27.5,319.0949016,24.54357937,0,
ID111302_ID111584,7,111302,111584,3.783361643,0.043193906,0.389017308,1.945086539,17.5,278.2544357,28.98435018,0,
ID113325_ID113614,7,113325,113614,6.239278399,0.079085091,0.499570952,2.497854759,27.5,275.8709966,27.26199108,0,
ID115431_ID114795,7,115431,114795,1.07508759,0.169537311,0.207372861,1.036864306,92.5,284.9709354,34.86462102,0,
ID112755_ID111868,7,112755,111868,1.64261513,NaN,0.256329095,1.281645477,2.5,280.3863413,28.45521813,0,
ID112157_ID114481,7,112157,114481,7.110975409,0.486725573,0.533328244,2.666641222,67.5,275.7727683,36.18919416,0,
ID117300_ID117929,7,117300,117929,6.76035366,0.225918442,0.520013602,2.600068011,112.5,283.0273969,38.59747593,0,
ID113890_ID111302,7,113890,111302,0.198616132,0.226419986,0.08913274,0.445663699,12.5,279.2132211,29.69116222,0,
ID115108_ID115431,7,115108,115431,26.09343467,0.029480486,0.510817332,5.108173321,85,282.0561883,34.64377578,0,
ID113614_ID113031,7,113614,113031,29.84111853,0.177823214,1.092540499,5.462702493,32.5,272.272605,27.87070873,0,
ID112470_ID116052,7,112470,116052,0.446164353,0.602278367,0.133591071,0.667955353,42.5,268.4473063,33.88006428,0,
ID116972_ID115108,7,116972,115108,8.657097753,0.331485603,0.588458928,2.942294641,77.5,278.1256938,35.29915441,0,
ID111584_ID113325,7,111584,113325,0.574066806,0.034528223,0.151534393,0.757671964,22.5,277.2447848,28.09223076,0,
ID111018_ID110720,7,111018,110720,0.832977065,0.424487719,0.182535154,0.912675772,57.5,275.4055865,36.87528261,0,
ID114795_ID115738,7,114795,115738,13.25524497,0.189169768,0.364077533,3.640775325,100,283.7046523,36.04095118,0,
ID111868_ID113890,7,111868,113890,1.264955955,0.150260093,0.224940521,1.124702607,7.5,279.8527844,29.43955766,0,
ID116052_ID116361,7,116052,116361,53.64555248,0.354030953,1.464862485,7.324312423,47.5,271.9538145,34.7419756,0,
ID114481_ID116972,7,114481,116972,0.522871279,0.449744078,0.144619678,0.723098388,72.5,276.6500155,35.45828824,0,
ID115738_ID117300,7,115738,117300,1.108166497,0.448322437,0.210538975,1.052694873,107.5,282.5496592,37.07323773,0,
ID113031_ID112470,7,113031,112470,28.83385559,0.174319743,1.073943306,5.369716528,37.5,269.1003031,31.61833617,0,
ID110720_ID112157,7,110720,112157,0.209246723,0.357740606,0.091486988,0.457434939,62.5,274.9720262,37.04097403,0,
ID116361_ID111018,7,116361,111018,1.20011352,0.164848115,0.219099386,1.095496928,52.5,275.6369356,36.43624895,0,
ID111001_ID110701,9,111001,110701,8.411896216,0.585287722,0.580065383,2.900326915,57.5,53.66279024,23.41587077,0,
ID111303_ID111585,9,111303,111585,0.258468946,0.174325442,0.101679683,0.508398413,17.5,62.53436962,29.75047066,0,
ID111872_ID113895,9,111872,113895,4.619564277,0.353933167,0.429863433,2.149317165,7.5,64.12203289,31.30350953,0,
ID116957_ID115098,9,116957,115098,3.613755984,0.265600612,0.380197632,1.90098816,77.5,49.21121337,27.02594231,0,
ID113327_ID113618,9,113327,113618,1.556096241,0.086273821,0.249487173,1.247435866,27.5,59.61431138,29.81882403,0,
ID112756_ID111872,9,112756,111872,3.522471115,NaN,0.375364949,1.876824743,2.5,65.32920301,30.8795062,0,
ID113618_ID113027,9,113618,113027,16.09555405,0.352647378,0.802385295,4.011926476,32.5,58.54859564,28.14592738,0,
ID110701_ID112144,9,110701,112144,16.36334096,0.589652161,0.809032532,4.045162661,62.5,53.09794411,23.75923663,0,
ID113895_ID111303,9,113895,111303,6.779463473,0.443527548,0.520748057,2.603740285,12.5,63.05692271,31.13336189,0,
ID112462_ID116042,9,112462,116042,3.401699684,0.044089878,0.368873945,1.844369725,42.5,56.35120283,24.3654305,0,
ID111585_ID113327,9,111585,113327,6.009751022,0.392733501,0.490295871,2.451479354,22.5,61.40265783,29.53204502,0,
ID112144_ID116957,9,112144,116957,10.40081786,0.064594485,0.32250299,3.225029901,70,49.9157548,25.09094208,0,
ID113027_ID112462,9,113027,112462,2.535409065,0.082083873,0.318459358,1.592296789,37.5,57.55505578,25.57698781,0,
ID116042_ID116347,9,116042,116347,1.691139755,0.163345875,0.260087659,1.300438294,47.5,54.9931984,23.86538324,0,
ID116347_ID111001,9,116347,111001,4.967492169,0.085525586,0.44575743,2.228787152,52.5,53.28300657,23.62329971,0,
ID111588_ID113330,10,111588,113330,2.160962453,0.605719761,0.294004248,1.470021242,22.5,255.7382723,32.55663145,0,
ID116050_ID116358,10,116050,116358,3.535795974,0.084073111,0.376074247,1.880371233,47.5,248.2478137,33.68259691,0,
ID110716_ID112153,10,110716,112153,1.003884732,0.321167184,0.200388097,1.001940483,62.5,248.6233149,34.7540727,0,
ID112153_ID114478,10,112153,114478,0.659560523,0.324039456,0.162426663,0.812133316,67.5,248.7782805,34.14435462,0,
ID112469_ID116050,10,112469,116050,4.049020132,0.4355177,0.402443543,2.012217715,42.5,249.9150048,32.76399453,0,
ID111306_ID111588,10,111306,111588,0.231486418,0.354924173,0.096226071,0.481130354,17.5,256.2349167,32.56533647,0,
ID111875_ID113897,10,111875,113897,5.129802655,0.064592055,0.452981353,2.264906765,7.5,257.3027008,33.3025938,0,
ID112762_ID111875,10,112762,111875,2.176593585,NaN,0.295065659,1.475328297,2.5,259.0697296,33.83978232,0,
ID113033_ID112469,10,113033,112469,4.202077693,0.617812425,0.409979399,2.049896996,37.5,249.6890821,31.84984514,0,
ID113897_ID111306,10,113897,111306,0.297813867,0.209769187,0.10914465,0.545723251,12.5,256.091626,32.85725982,0,
ID111014_ID110716,10,111014,110716,5.56143173,0.604019942,0.47165376,2.358268799,57.5,247.5636092,34.06344627,0,
ID114478_ID116964,10,114478,116964,3.257054081,0.134669151,0.360946205,1.804731027,72.5,248.5282828,32.92388516,0,
ID116358_ID111014,10,116358,111014,0.940240792,0.278444443,0.193932028,0.969660142,52.5,247.1285617,33.51461107,0,
ID113330_ID113620,10,113330,113620,5.694003382,0.014850527,0.477242219,2.386211093,27.5,253.8180525,32.71649168,0,
ID113620_ID113033,10,113620,113033,17.06780771,0.084267482,0.826264067,4.131320335,32.5,250.6651248,32.21898236,0,
ID112761_ID111876,11,112761,111876,6.834194514,NaN,0.522845848,2.614229239,2.5,416.0679973,33.03540879,0,
ID115743_ID117305,11,115743,117305,0.116323337,0.156733115,0.068212414,0.341062072,107.5,391.6819862,41.69750983,0,
ID114486_ID116979,11,114486,116979,13.82538955,0.478990262,0.743650175,3.718250873,72.5,401.1006534,40.83687948,0,
ID114802_ID116665,11,114802,116665,11.29251853,0.263151108,0.672086856,3.360434278,97.5,394.6248638,40.89873563,0,
ID111314_ID111597,11,111314,111597,9.297606541,0.196659006,0.609839538,3.049197688,17.5,414.5727759,39.22753077,0,
ID111597_ID113342,11,111597,113342,9.554803948,0.092552909,0.618216918,3.091084591,22.5,411.9248348,40.61263163,0,
ID113342_ID113635,11,113342,113635,0.576222915,0.338565136,0.151818696,0.759093482,27.5,410.5669078,41.35153627,0,
ID112481_ID116060,11,112481,116060,8.633982538,0.172796378,0.587672784,2.938363922,42.5,406.1239671,40.37938207,0,
ID116979_ID114175,11,116979,114175,1.863650193,0.275638594,0.136515574,1.365155739,80,400.2148147,41.72318434,0,
ID118843_ID118546,11,118843,118546,1.995657989,0.144224334,0.282535519,1.412677596,132.5,387.5630043,37.67837923,0,
ID111876_ID113896,11,111876,113896,0.87316251,0.399500876,0.18688633,0.934431651,7.5,414.8869502,32.87275962,0,
ID117305_ID117930,11,117305,117930,8.062835755,0.129072492,0.567902659,2.839513295,112.5,390.1421784,41.4512974,0,
ID117617_ID118245,11,117617,118245,2.763701586,0.428046603,0.332487689,1.662438446,122.5,388.444564,39.67542393,0,
ID112161_ID114486,11,112161,114486,6.016073784,0.126925419,0.490553719,2.452768596,67.5,400.9282304,39.57842376,0,
ID110723_ID112161,11,110723,112161,0.450733932,0.531438523,0.134273442,0.671367211,62.5,399.4279709,39.74861351,0,
ID116665_ID115743,11,116665,115743,6.387907094,0.33564785,0.505486186,2.527430928,102.5,393.0191357,42.07616943,0,
ID116366_ID111021,11,116366,111021,4.657473831,0.157687837,0.431623625,2.158118123,52.5,401.966147,39.83453601,0,
ID113045_ID112481,11,113045,112481,2.056568289,7.19E-04,0.286814804,1.434074018,37.5,407.740882,41.57373793,0,
ID113635_ID113045,11,113635,113045,5.065306168,0.397662181,0.450124701,2.250623506,32.5,409.5813864,41.65609097,0,
ID111021_ID110723,11,111021,110723,3.424208297,0.092701224,0.370092329,1.850461644,57.5,400.0384923,39.53345716,0,
ID115439_ID114802,11,115439,114802,20.68021187,0.234379759,0.909510019,4.547550095,92.5,397.3228591,39.27341093,0,
ID118245_ID118843,11,118245,118843,2.752695122,0.407058728,0.331824961,1.659124806,127.5,387.7903586,39.09808882,0,
ID113896_ID111314,11,113896,111314,34.34935849,0.563077719,1.172166515,5.860832576,12.5,415.351632,35.32139774,0,
ID114175_ID115439,11,114175,115439,3.728628668,0.118498324,0.386193147,1.930965735,87.5,399.9714514,40.16362609,0,
ID117930_ID117617,11,117930,117617,3.122753372,0.324576246,0.353426279,1.767131396,117.5,388.9991888,40.28538337,0,
ID116060_ID116366,11,116060,116366,6.074380118,0.266150643,0.492925151,2.464625756,47.5,404.0980183,39.72098159,0,
ID111309_ID111592,12,111309,111592,0.832446953,0.024511461,0.182477062,0.912385309,17.5,210.4020326,35.3839613,0,
ID111592_ID113333,12,111592,113333,7.046158447,0.027817394,0.530892021,2.654460105,22.5,208.7421411,36.02712745,0,
ID113333_ID113626,12,113333,113626,6.042045882,0.051968207,0.491611468,2.458057339,27.5,206.4697814,37.1502142,0,
ID113626_ID113039,12,113626,113039,1.151070723,0.105618503,0.214575928,1.072879641,32.5,205.2185299,38.32137412,0,
ID113899_ID111309,12,113899,111309,0.413189454,NaN,0.128559629,0.642798144,12.5,211.1099347,35.06564704,0,
ID113898_ID111310,13,113898,111310,3.138856832,0.577983923,0.354336384,1.771681922,12.5,429.1623513,34.96122583,0,
ID111880_ID113898,13,111880,113898,7.983300525,0.243669653,0.565094701,2.825473505,7.5,429.285282,35.54548292,0,
ID111586_ID113328,13,111586,113328,8.650193876,0.114845924,0.588224239,2.941121194,22.5,424.3054894,30.53947262,0,
ID113028_ID112468,13,113028,112468,3.365657388,0.481973478,0.366914562,1.834572808,37.5,422.492,26.92704157,0,
ID112468_ID116048,13,112468,116048,0.778769593,0.315925573,0.176495846,0.882479231,42.5,423.0512084,27.7733535,0,
ID116353_ID111010,13,116353,111010,8.631388895,0.471107211,0.587584509,2.937922547,52.5,421.6714201,28.45947454,0,
ID111310_ID111586,13,111310,111586,31.51459822,0.425027696,1.122757289,5.613786443,17.5,427.2286265,33.44254059,0,
ID116048_ID116353,13,116048,116353,2.626340321,0.364541202,0.324119751,1.620598754,47.5,422.2562733,27.57056982,0,
ID111010_ID110713,13,111010,110713,1.482384829,0.055478777,0.243506454,1.21753227,57.5,421.4782383,30.5116104,0,
ID113328_ID113617,13,113328,113617,1.329175418,0.147201927,0.23057974,1.152898702,27.5,422.7113338,29.43944219,0,
ID112767_ID111880,13,112767,111880,18.04358289,NaN,0.849554775,4.247773874,2.5,430.8842171,37.9993872,0,
ID113617_ID113028,13,113617,113028,6.629162088,0.025950834,0.514943185,2.574715924,32.5,422.0868941,27.68690794,0,
ID113337_ID113628,14,113337,113628,12.90925252,0.077335072,0.718588965,3.592944825,27.5,286.0748492,38.40478881,0,
ID112765_ID111881,14,112765,111881,5.452657522,NaN,0.467018523,2.335092615,2.5,296.5367116,37.70562934,0,
ID113901_ID111312,14,113901,111312,0.51121233,0.338293054,0.142998228,0.71499114,12.5,291.1191182,37.59521477,0,
ID111312_ID111593,14,111312,111593,4.722053634,0.190189188,0.434605736,2.173028678,17.5,290.1959258,36.64268463,0,
ID111881_ID113901,14,111881,113901,19.22215767,0.112099428,0.876861624,4.384308118,7.5,293.2973343,37.6017754,0,
ID111593_ID113337,14,111593,113337,5.119151922,0.276770542,0.452510858,2.262554292,22.5,288.5020891,36.86202342,0,
ID112768_ID111884,15,112768,111884,1.798545342,NaN,0.268219712,1.341098558,2.5,246.0527897,40.05575465,0,
ID111595_ID113336,15,111595,113336,25.33294175,0.175491547,1.006636811,5.033184057,22.5,239.6635069,38.27770719,0,
ID113903_ID111315,15,113903,111315,8.228560533,0.347512933,0.573709353,2.868546763,12.5,243.9934946,39.67639591,0,
ID111884_ID113903,15,111884,113903,0.33448055,0.192894797,0.115668587,0.578342934,7.5,245.2366937,40.35279948,0,
ID111315_ID111595,15,111315,111595,1.051524067,0.237912676,0.205087695,1.025438475,17.5,242.4448018,38.99171335,0,
ID111882_ID113902,16,111882,113902,0.811878775,0.014856989,0.180208632,0.901043159,7.5,419.2451888,38.31167579,0,
ID112766_ID111882,16,112766,111882,1.384351746,NaN,0.235316956,1.176584781,2.5,420.2823826,38.35528184,0,
ID113902_ID111313,16,113902,111313,0.397346087,0.116881771,0.126070788,0.630353938,12.5,418.5489226,38.07848788,0,
ID111313_ID111594,16,111313,111594,8.960171472,0.143617877,0.59867091,2.993354552,17.5,416.806749,37.95733213,0,
ID111594_ID113339,16,111594,113339,4.613065065,0.121138029,0.429560942,2.147804708,22.5,414.4604406,38.68594342,0,
ID111601_ID113352,17,111601,113352,10.34692395,0.094319403,0.643332696,3.216663481,22.5,353.0913251,44.13660125,0,
ID111316_ID111601,17,111316,111601,11.85123304,0.559895353,0.688512397,3.442561987,17.5,355.2271195,41.70342851,0,
ID113905_ID111316,17,113905,111316,1.736822397,0.553126122,0.263577116,1.317885578,12.5,356.249994,41.24109313,0,
ID111886_ID113905,17,111886,113905,3.386002548,0.15002304,0.368021877,1.840109385,7.5,356.6397796,41.27168376,0,
ID112770_ID111886,17,112770,111886,21.14097439,NaN,0.919586307,4.597931534,2.5,359.6740082,41.12967118,0,
ID113634_ID113044,18,113634,113044,1.875779906,0.063638713,0.273918229,1.369591146,32.5,340.5437885,41.68015,0,
ID111318_ID111599,18,111318,111599,9.471305757,0.036023056,0.615509732,3.07754866,17.5,344.5373754,42.15305576,0,
ID113345_ID113634,18,113345,113634,9.617354334,0.596004968,0.620237191,3.101185956,27.5,342.6980486,42.17967122,0,
ID113904_ID111318,18,113904,111318,8.890161097,0.091877685,0.596327464,2.981637318,12.5,347.5546765,42.16338415,0,
ID111599_ID113345,18,111599,113345,1.650724886,0.588251535,0.256961078,1.284805388,22.5,343.6202541,42.19677444,0,
ID111887_ID113904,18,111887,113904,3.51489804,0.076848301,0.374961227,1.874806134,7.5,349.8401228,41.54433525,0,
ID112764_ID111887,18,112764,111887,27.03099565,NaN,1.039826825,5.199134125,2.5,352.1911049,38.96990981,0,
ID114487_ID116977,19,114487,116977,3.358187171,0.47787613,0.366507144,1.832535722,72.5,387.534129,40.46584141,0,
ID110730_ID112162,19,110730,112162,10.3637897,0.057454001,0.643856807,3.219284035,62.5,386.6089366,41.64912261,0,
ID116977_ID115113,19,116977,115113,0.929103847,0.62586578,0.192780066,0.96390033,77.5,387.2852194,40.82185021,0,
ID116374_ID110730,19,116374,110730,9.274148895,0.229804042,0.304534873,3.045348731,55,387.4869658,44.6222682,0,
ID113907_ID111317,19,113907,111317,1.593108071,0.467684682,0.25243677,1.26218385,12.5,401.8021395,42.186409,0,
ID113638_ID113051,19,113638,113051,8.733811067,0.01999707,0.591060439,2.955302195,32.5,391.820024,43.45306383,0,
ID112486_ID116068,19,112486,116068,1.708369179,0.411597104,0.261409195,1.307045974,42.5,389.4626288,44.44959276,0,
ID111889_ID113907,19,111889,113907,0.19366083,NaN,0.088013824,0.44006912,7.5,401.9726856,42.66048326,0,
ID113347_ID113638,19,113347,113638,9.663405333,0.163112668,0.621720366,3.108601829,27.5,394.847698,43.39845738,0,
ID111600_ID113347,19,111600,113347,2.731954949,0.126589357,0.330572531,1.652862653,22.5,396.9859509,42.86209141,0,
ID113051_ID112486,19,113051,112486,2.023052292,0.239926136,0.284468085,1.422340427,37.5,390.1344806,44.23438219,0,
ID114176_ID115440,19,114176,115440,4.419156504,0.560827856,0.420435798,2.10217899,87.5,388.0228853,40.47171406,0,
ID116068_ID116374,19,116068,116374,4.833776904,0.390223155,0.439717041,2.198585205,47.5,388.5652934,44.99452528,0,
ID111317_ID111600,19,111317,111600,15.10760655,0.211542985,0.777370093,3.886850467,17.5,399.4916758,41.98390952,0,
ID112162_ID114487,19,112162,114487,2.99196056,0.304704688,0.345945693,1.729728464,67.5,387.2208182,39.88954632,0,
ID115113_ID114176,19,115113,114176,1.64282639,0.378800129,0.256345578,1.281727892,82.5,387.9394501,40.95885374,0,
ID111022_ID110728,20,111022,110728,0.441159014,0.583674686,0.132839605,0.664198023,57.5,269.9303672,42.57918835,0,
ID116370_ID111022,20,116370,111022,5.401181419,0.293852606,0.464808839,2.324044195,52.5,270.5335249,43.16580739,0,
ID111319_ID111596,20,111319,111596,17.99546559,0.234304242,0.848421254,4.242106268,17.5,284.7553897,41.16410916,0,
ID111596_ID113341,20,111596,113341,18.84491039,0.267714371,0.868214499,4.341072493,22.5,281.5624549,40.09905751,0,
ID113341_ID113630,20,113341,113630,11.75329204,0.111629009,0.685661492,3.428307461,27.5,277.8420152,40.44525229,0,
ID111885_ID113906,20,111885,113906,5.048062583,0.289860444,0.449357879,2.246789394,7.5,287.1165222,41.67804301,0,
ID113040_ID112482,20,113040,112482,17.74748444,0.234720117,0.842555267,4.212776334,37.5,272.2781645,40.3177531,0,
ID116070_ID116370,20,116070,116370,0.740892719,0.493207267,0.172150251,0.860751253,47.5,271.1973968,44.25950435,0,
ID112482_ID116070,20,112482,116070,8.598613473,0.189708652,0.58646785,2.932339249,42.5,270.8243768,43.15908917,0,
ID112769_ID111885,20,112769,111885,0.750312738,NaN,0.173241189,0.866205944,2.5,287.7747539,40.61302701,0,
ID113906_ID111319,20,113906,111319,1.007765351,0.239313179,0.200775033,1.003875167,12.5,286.3953494,42.86384324,0,
ID113630_ID113040,20,113630,113040,6.582578708,0.047665771,0.513130732,2.565653661,32.5,275.0186897,39.50375719,0,
ID113908_ID111322,22,113908,111322,5.823395711,0.142793371,0.48263426,2.413171298,12.5,391.6745161,44.00639972,0,
ID115116_ID115436,22,115116,115436,43.80151401,0.020483654,0.661827123,6.618271225,85,388.1114526,39.40171836,0,
ID111322_ID111603,22,111322,111603,20.38318322,0.465579594,0.902954777,4.514773884,17.5,393.2017726,44.69757224,0,
ID111888_ID113908,22,111888,113908,9.132981918,0.514194964,0.604416476,3.022082381,7.5,393.8597362,42.6950077,0,
ID113042_ID112483,22,113042,112483,3.211807654,0.576864137,0.358430337,1.792151683,37.5,389.2187121,41.15025843,0,
ID114489_ID116980,22,114489,116980,1.518209338,0.465310269,0.246431275,1.232156377,72.5,385.2093947,42.43679159,0,
ID111603_ID113344,22,111603,113344,11.32327782,0.434172382,0.67300157,3.365007848,22.5,394.3248816,43.15623017,0,
ID112165_ID114489,22,112165,114489,0.873498902,0.303419761,0.186922326,0.934611632,67.5,384.9278867,42.08496943,0,
ID114797_ID116658,22,114797,116658,1.973893622,0.393371349,0.280990649,1.404953246,97.5,389.0295425,35.31432536,0,
ID116658_ID115734,22,116658,115734,0.407239078,0.060357991,0.127630573,0.638152864,102.5,389.9202673,34.83482557,0,
ID111028_ID110732,22,111028,110732,1.304584029,0.381398972,0.228436777,1.142183886,57.5,385.6825294,44.77565458,0,
ID116064_ID116371,22,116064,116371,6.687035458,0.275447267,0.517186058,2.585930289,47.5,388.0874542,43.03633718,0,
ID115436_ID114797,22,115436,114797,5.371853545,0.347385337,0.463545189,2.317725943,92.5,389.4098091,36.3456915,0,
ID112774_ID111888,22,112774,111888,10.8412661,NaN,0.658521559,3.292607796,2.5,394.1807717,43.53374272,0,
ID113344_ID113632,22,113344,113632,7.647104877,0.146462838,0.553067984,2.765339921,27.5,391.8344999,41.74184897,0,
ID116980_ID115116,22,116980,115116,2.067101954,0.554750672,0.287548393,1.437741964,77.5,385.4735215,42.42937324,0,
ID115734_ID117295,22,115734,117295,1.092370416,0.22388814,0.209033052,1.045165258,107.5,390.5777134,35.13169184,0,
ID116371_ID111028,22,116371,111028,5.403179915,0.182222898,0.464894823,2.324474116,52.5,386.7946157,44.82325286,0,
ID117295_ID117923,22,117295,117923,0.994051933,0.215262699,0.199404306,0.997021531,112.5,391.4129258,35.3986984,0,
ID110732_ID112165,22,110732,112165,4.651350712,0.078991875,0.431339806,2.156699031,62.5,385.0731021,43.27417812,0,
ID112483_ID116064,22,112483,116064,2.317599762,0.475193478,0.3044733,1.5223665,42.5,389.101512,41.77084601,0,
ID113632_ID113042,22,113632,113042,4.677995541,0.079756099,0.432573487,2.162867435,32.5,389.5176798,41.05664802,0,
ID116059_ID116362,23,116059,116362,3.502432193,0.062301916,0.374295722,1.871478611,47.5,311.2733609,38.01827217,0,
ID114476_ID116963,23,114476,116963,0.887901376,0.112783558,0.188457038,0.942285189,72.5,302.7778218,32.05854566,0,
ID113910_ID111324,23,113910,111324,9.862449422,NaN,0.628090739,3.140453697,12.5,323.7707386,46.13427096,0,
ID113637_ID113049,23,113637,113049,1.659644656,0.283968746,0.257654393,1.288271965,32.5,312.2326511,42.66887823,0,
ID113353_ID113637,23,113353,113637,26.54313634,0.248902447,1.030400628,5.152003138,27.5,314.1061163,44.67882168,0,
ID111324_ID111607,23,111324,111607,16.93102937,0.069602546,0.822946642,4.114733208,17.5,320.2145472,46.48868718,0,
ID113049_ID112479,23,113049,112479,7.648030937,0.333236292,0.553101471,2.765507356,37.5,311.2621677,41.56641601,0,
ID116963_ID115101,23,116963,115101,0.530526022,0.261444802,0.145674435,0.728372173,77.5,302.596427,31.41736821,0,
ID111607_ID113353,23,111607,113353,8.025421158,0.048233246,0.566583486,2.832917429,22.5,316.76892,46.65130283,0,
ID115101_ID114168,23,115101,114168,12.35204909,0.571273913,0.702909641,3.514548206,82.5,303.9836484,31.67817924,0,
ID115428_ID114789,23,115428,114789,0.264433846,0.4243197,0.102846263,0.514231315,92.5,303.9400079,33.1547518,0,
ID114789_ID116652,23,114789,116652,14.86154963,0.447747013,0.771013609,3.855068045,97.5,304.0138809,31.37651641,0,
ID112155_ID114476,23,112155,114476,3.626943442,0.109943696,0.380890716,1.904453581,67.5,302.9141487,33.42546518,0,
ID116362_ID111017,23,116362,111017,12.53184353,0.312117686,0.708006879,3.540034397,52.5,309.9430237,36.51076245,0,
ID110719_ID112155,23,110719,112155,3.472223279,0.132003428,0.372678053,1.863390265,62.5,303.8704611,34.96598887,0,
ID112479_ID116059,23,112479,116059,1.792360161,0.0624004,0.267758112,1.338790559,42.5,310.9213691,39.56496737,0,
ID116652_ID115722,23,116652,115722,11.93735752,0.060958476,0.691009624,3.455048121,102.5,303.2390795,27.84775161,0,
ID111017_ID110719,23,111017,110719,13.98584606,0.057276828,0.747953102,3.739765509,57.5,306.4244751,35.73675469,0,
ID114168_ID115428,23,114168,115428,4.60318876,0.491778214,0.429100863,2.145504314,87.5,304.7048642,32.56893033,0,
ID111898_ID113912,24,111898,113912,11.70545367,0.594199632,0.684264676,3.421323379,7.5,11.82068777,50.2438411,0,
ID112780_ID111898,24,112780,111898,2.010852299,NaN,0.283609048,1.418045239,2.5,11.62031124,51.2430122,0,
ID113912_ID111325,24,113912,111325,2.12849296,0.102979199,0.291787111,1.458935557,12.5,12.8917026,48.12639675,0,
ID111325_ID111610,24,111325,111610,13.95819573,0.286237297,0.747213376,3.73606688,17.5,14.86940568,48.82611974,0,
ID111329_ID111618,25,111329,111618,11.01695683,0.047965573,0.663836029,3.319180145,17.5,378.4271044,52.56917381,0,
ID113063_ID112497,25,113063,112497,8.052471357,0.502168876,0.567537536,2.837687678,37.5,372.8715256,55.91609182,0,
ID111895_ID113915,25,111895,113915,7.874815691,0.191679487,0.56124204,2.806210201,7.5,384.018868,49.98912049,0,
ID113648_ID113063,25,113648,113063,6.807618767,0.151711255,0.521828277,2.609141385,32.5,373.7053851,56.08942632,0,
ID113915_ID111329,25,113915,111329,10.09660155,0.044753352,0.635502999,3.177514996,12.5,381.1909482,50.90724737,0,
ID112497_ID116083,25,112497,116083,9.723149152,0.420655687,0.623639292,3.118196458,42.5,371.4181542,55.62360095,0,
ID112777_ID111895,25,112777,111895,8.549729536,NaN,0.584798411,2.923992055,2.5,385.9879319,48.38062154,0,
ID111618_ID113648,25,111618,113648,10.15801239,0.02388499,0.318716369,3.18716369,25,375.6594877,54.23448577,0,
ID113916_ID111333,26,113916,111333,7.539612498,NaN,0.549167097,2.745835483,12.5,128.5829989,51.70845046,0,
ID111333_ID111609,26,111333,111609,17.79393893,0.306407275,0.843657251,4.218286256,17.5,126.2207719,50.71966949,0,
ID113645_ID113058,27,113645,113058,5.41203856,0.080978694,0.46527577,2.326378851,32.5,246.9806411,52.35110881,0,
ID112168_ID114496,27,112168,114496,0.167891796,0.504388092,0.081949203,0.409746015,67.5,243.0016914,46.57487057,0,
ID114496_ID116985,27,114496,116985,0.408245393,0.562324247,0.127788167,0.638940837,72.5,243.1426857,46.59262246,0,
ID112781_ID111896,27,112781,111896,8.690914545,NaN,0.589607142,2.94803571,2.5,260.7529923,51.34530711,0,
ID116378_ID111031,27,116378,111031,9.468200127,0.377927403,0.615408811,3.077044057,52.5,240.6895741,49.51398531,0,
ID111331_ID111614,27,111331,111614,13.07645093,0.135131467,0.723227514,3.616137571,17.5,254.7559829,51.51484957,0,
ID116078_ID116378,27,116078,116378,15.26925064,0.490350165,0.78151777,3.907588852,47.5,240.9905427,51.56563134,0,
ID110738_ID112168,27,110738,112168,3.992438035,0.190518278,0.399621723,1.998108614,62.5,242.9023944,47.40971892,0,
ID112493_ID116078,27,112493,116078,1.275591749,0.42535061,0.225884196,1.129420979,42.5,242.4208458,52.18880604,0,
ID111031_ID110738,27,111031,110738,0.547955359,0.050159205,0.148048014,0.740240068,57.5,242.2985125,48.50472696,0,
ID111896_ID113919,27,111896,113919,2.844775519,0.201381177,0.337329247,1.686646234,7.5,258.7695899,50.81726458,0,
ID113919_ID111331,27,113919,111331,2.697757737,0.01563393,0.328497046,1.642485232,12.5,257.2581433,51.51158339,0,
ID113356_ID113645,27,113356,113645,2.366521542,0.03364964,0.307670053,1.538350266,27.5,248.8057487,51.84284456,0,
ID115118_ID114179,27,115118,114179,2.413540473,0.338439433,0.310711472,1.553557361,82.5,240.1752327,46.9746382,0,
ID111614_ID113356,27,111614,113356,12.09365288,0.080201608,0.695518595,3.477592973,22.5,251.2802845,51.48392433,0,
ID113058_ID112493,27,113058,112493,14.66029539,0.150111751,0.765775304,3.828876518,37.5,244.1061702,52.23915955,0,
ID116985_ID115118,27,116985,115118,10.93258668,0.53911353,0.661289246,3.306446231,77.5,241.7943661,46.339106,0,
ID111330_ID111613,28,111330,111613,10.53291703,0.449213776,0.649089116,3.245445582,17.5,82.26591205,51.58235728,0,
ID112779_ID111894,28,112779,111894,1.73506049,NaN,0.26344339,1.317216949,2.5,84.26019154,48.85258492,0,
ID111613_ID113354,28,111613,113354,16.5558547,0.003456838,0.813777726,4.068888632,22.5,78.68871174,50.822408,0,
ID113354_ID113644,28,113354,113644,9.019068194,0.072784692,0.60063527,3.003176351,27.5,75.21363122,50.65749792,0,
ID113918_ID111330,28,113918,111330,0.947382879,0.125387734,0.194667191,0.973335954,12.5,83.63544345,51.49794253,0,
ID113644_ID113057,28,113644,113057,0.653879097,0.215397693,0.161725582,0.80862791,32.5,73.60016124,51.2823764,0,
ID111894_ID113918,28,111894,113918,3.385343244,0.151296743,0.367986046,1.839930228,7.5,83.57718751,50.15446363,0,
ID115445_ID114811,29,115445,114811,8.45195091,0.515522856,0.581444784,2.907223918,92.5,330.0653503,48.96784482,0,
ID114811_ID116671,29,114811,116671,9.323724832,0.287363638,0.6106955,3.053477498,97.5,331.7195511,50.48456255,0,
ID118560_ID119158,29,118560,119158,1.681365058,0.007369792,0.259334923,1.296674615,137.5,323.1619474,49.6006732,0,
ID112784_ID111903,29,112784,111903,0.55588862,NaN,0.149115877,0.745579386,2.5,351.5639558,54.64989041,0,
ID110743_ID112174,29,110743,112174,0.149431497,0.450386511,0.077312741,0.386563704,62.5,334.0378662,50.50948759,0,
ID116379_ID111032,29,116379,111032,3.266006799,0.105761601,0.361441934,1.807209672,52.5,336.9694192,50.13411536,0,
ID112489_ID116076,29,112489,116076,9.697162237,0.153908208,0.622805338,3.114026692,42.5,340.6408931,50.72380208,0,
ID111032_ID110743,29,111032,110743,4.994399666,0.106173379,0.446963071,2.234815354,57.5,335.0276905,50.32450774,0,
ID113055_ID112489,29,113055,112489,4.154559159,0.19422343,0.407654715,2.038273573,37.5,342.4726984,49.17887216,0,
ID116076_ID116379,29,116076,116379,6.75807074,0.345263448,0.519925792,2.599628962,47.5,338.8283383,51.17268133,0,
ID117629_ID118255,29,117629,118255,0.866771337,0.333887204,0.18620111,0.931005552,122.5,330.9847179,52.84805151,0,
ID115747_ID117311,29,115747,117311,9.867908589,0.408980834,0.628264549,3.141322745,107.5,332.31218,47.64470677,0,
ID113921_ID111328,29,113921,111328,7.864883604,0.274933615,0.560887996,2.80443998,12.5,350.5485906,53.28834584,0,
ID111903_ID113921,29,111903,113921,1.413068012,0.369225857,0.237745075,1.188725373,7.5,350.9892787,54.8536277,0,
ID112174_ID114499,29,112174,114499,1.063590512,0.194782616,0.206261049,1.031305247,67.5,334.6031455,50.2000475,0,
ID116671_ID115747,29,116671,115747,11.78697427,0.290197767,0.686643263,3.433216315,102.5,333.5265481,48.86008694,0,
ID117938_ID117629,29,117938,117629,37.34925361,0.467355531,1.222280714,6.111403571,117.5,328.8601495,50.66629706,0,
ID111328_ID111615,29,111328,111615,5.050472669,0.272052225,0.449465134,2.24732567,17.5,349.6051704,51.55705873,0,
ID116990_ID115121,29,116990,115121,2.816793572,0.393672996,0.335666118,1.678330591,77.5,333.1184007,49.83906676,0,
ID117311_ID117938,29,117311,117938,19.8196954,0.030069306,0.89038633,4.451931648,112.5,328.6180592,48.4747483,0,
ID119158_ID119457,29,119158,119457,30.38806815,0.251013513,1.102507472,5.51253736,142.5,320.6178672,51.23001953,0,
ID114499_ID116990,29,114499,116990,4.696031326,0.622233697,0.433406568,2.167032839,72.5,334.0616048,50.37244271,0,
ID115121_ID114182,29,115121,114182,5.059695408,0.325739213,0.449875334,2.249376671,82.5,332.0936113,48.93923424,0,
ID113355_ID113643,29,113355,113643,6.07465873,0.177564796,0.492936456,2.464682278,27.5,344.4173463,50.11908716,0,
ID118255_ID118560,29,118255,118560,58.88195294,0.126934142,0.767345769,7.673457691,130,327.2031367,51.54521177,0,
ID113643_ID113055,29,113643,113055,0.080386334,0.036758873,0.056704968,0.283524838,32.5,343.5693683,49.04056546,0,
ID111615_ID113355,29,111615,113355,11.38488735,0.053439288,0.674829974,3.374149871,22.5,346.8466065,51.16204774,0,
ID114182_ID115445,29,114182,115445,2.90053075,0.171774346,0.340618893,1.703094463,87.5,330.4536101,48.19640097,0,
ID111899_ID113920,30,111899,113920,16.31885888,NaN,0.807932148,4.039660739,7.5,316.5910407,52.08999181,0,
ID113920_ID111336,30,113920,111336,19.94957701,0.381777505,0.893298987,4.466494935,12.5,315.506474,54.30324497,0,
ID112502_ID116088,31,112502,116088,4.8241441,0.107263869,0.439278686,2.19639343,42.5,83.15107523,59.1040181,0,
ID113922_ID111337,31,113922,111337,6.666457736,0.447087192,0.516389688,2.581948438,12.5,88.0154651,57.02053038,0,
ID111904_ID113922,31,111904,113922,1.552451036,0.351340096,0.249194786,1.245973931,7.5,88.8555865,56.42318011,0,
ID111337_ID111624,31,111337,111624,0.746734715,0.271099212,0.172827627,0.864138134,17.5,87.02636602,58.07566758,0,
ID113062_ID112502,31,113062,112502,2.125655395,0.475783102,0.291592551,1.457962755,37.5,81.89661901,57.86300518,0,
ID111624_ID113360,31,111624,113360,4.942387808,0.120161939,0.444629635,2.223148175,22.5,85.86694504,57.14273495,0,
ID112785_ID111904,31,112785,111904,6.246144745,NaN,0.499845766,2.49922883,2.5,90.13206445,56.24299405,0,
ID113360_ID113062,31,113360,113062,16.60093612,0.114874197,0.407442464,4.074424636,30,83.1846439,56.92746667,0,
ID113924_ID111341,32,113924,111341,7.222357669,0.548726623,0.53748889,2.687444449,12.5,261.6567976,58.49360013,0,
ID111341_ID111625,32,111341,111625,6.251044021,0.194453958,0.500041759,2.500208795,17.5,259.3649814,58.39975763,0,
ID111910_ID113924,32,111910,113924,2.168519376,NaN,0.294517869,1.472589344,7.5,262.3802435,58.47855329,0,
ID113365_ID113654,33,113365,113654,1.314877819,0.058537127,0.229336244,1.14668122,27.5,349.7914864,58.61445516,0,
ID111915_ID113927,33,111915,113927,7.757898518,0.28372035,0.557060087,2.785300436,7.5,353.2879461,60.4581511,0,
ID112797_ID111915,33,112797,111915,9.684186274,NaN,0.622388505,3.111942524,2.5,355.17145,61.67057792,0,
ID113654_ID113065,33,113654,113065,7.453231205,0.141739153,0.546012132,2.73006066,32.5,347.9535774,58.66422429,0,
ID111339_ID111621,33,111339,111621,4.290323821,0.297955317,0.414261937,2.071309687,17.5,352.6202371,57.27577743,0,
ID111621_ID113365,33,111621,113365,4.370908288,0.262559943,0.418134346,2.090671731,22.5,350.9957944,57.55673148,0,
ID113927_ID111339,33,113927,111339,2.143553673,0.129950944,0.2928176,1.464088001,12.5,353.2443934,58.43405777,0,
ID112506_ID116089,34,112506,116089,4.847256353,0.001452654,0.440329711,2.201648553,42.5,287.5969737,60.19436319,0,
ID116089_ID116394,34,116089,116394,1.700000391,0.613567535,0.260768126,1.303840631,47.5,287.1555856,60.2972878,0,
ID111622_ID113361,34,111622,113361,1.781247554,0.252350496,0.266926773,1.334633865,22.5,294.5773302,56.51391591,0,
ID113361_ID113651,34,113361,113651,11.06644607,0.549251216,0.665325366,3.32662683,27.5,293.5108735,56.67487508,0,
ID113651_ID113067,34,113651,113067,6.603491759,0.17674421,0.513945202,2.569726009,32.5,291.597085,58.53658667,0,
ID113067_ID112506,34,113067,112506,6.49733843,0.231696272,0.509797545,2.548987727,37.5,289.9554773,59.91236545,0,
ID111340_ID111622,34,111340,111622,4.337266616,0.531803375,0.416522106,2.082610529,17.5,294.5834152,57.91115766,0,
ID114512_ID116999,34,114512,116999,2.755635689,0.038869415,0.33200215,1.66001075,72.5,284.5633423,60.91899572,0,
ID111906_ID113926,34,111906,113926,3.062740682,NaN,0.350013753,1.750068765,7.5,295.0898439,58.10711454,0,
ID110751_ID112185,34,110751,112185,3.205612958,0.294399105,0.358084513,1.790422564,62.5,286.6281787,61.64405107,0,
ID113926_ID111340,34,113926,111340,1.038650725,0.472913862,0.20382843,1.019142152,12.5,294.6439858,58.5438212,0,
ID116394_ID111047,34,116394,111047,0.665101149,0.498856307,0.163107468,0.815537338,52.5,287.4939109,60.52684742,0,
ID111047_ID110751,34,111047,110751,0.164727092,0.272992022,0.081173171,0.405865855,57.5,287.2767191,60.96742715,0,
ID112185_ID114512,34,112185,114512,0.956937902,0.285097889,0.195646406,0.978232029,67.5,285.5561266,61.77874861,0,
ID111911_ID113928,36,111911,113928,0.896104349,0.344028143,0.189325577,0.946627883,7.5,355.3738247,59.72515553,0,
ID111343_ID111626,36,111343,111626,7.209798653,0.437627309,0.537021365,2.685106823,17.5,354.3073249,59.13148509,0,
ID112793_ID111911,36,112793,111911,14.63486995,NaN,0.765110971,3.825554855,2.5,357.2473416,60.04650603,0,
ID113367_ID113066,36,113367,113066,40.17323199,0.069654054,0.633823572,6.338235716,30,347.5098846,59.21939163,0,
ID112503_ID116082,36,112503,116082,1.920008877,0.064001322,0.27712877,1.385643849,42.5,344.1732042,57.4241727,0,
ID113066_ID112503,36,113066,112503,0.371164429,0.28170689,0.121846531,0.609232656,37.5,344.3864318,58.38749454,0,
ID113928_ID111343,36,113928,111343,0.879889946,0.591214185,0.187604898,0.938024491,12.5,355.2883946,59.70674819,0,
ID111626_ID113367,36,111626,113367,10.60037205,0.280534502,0.651164251,3.255821256,22.5,352.0399111,58.92458242,0,
ID112798_ID111916,37,112798,111916,11.58218681,NaN,0.68065224,3.403261202,2.5,357.8584531,62.48358022,0,
ID113657_ID113070,37,113657,113070,3.039368561,0.432441467,0.348675698,1.743378491,32.5,348.2414664,60.5334364,0,
ID111344_ID111630,37,111344,111630,2.589157966,0.060016638,0.321817213,1.609086065,17.5,352.2535737,60.13212751,0,
ID111916_ID113931,37,111916,113931,3.700866566,0.21027142,0.384752729,1.923763646,7.5,355.539416,62.2232116,0,
ID112507_ID116086,37,112507,116086,5.182437546,0.383105466,0.455299354,2.27649677,42.5,345.995673,59.79929708,0,
ID111630_ID113369,37,111630,113369,10.04034288,0.23829349,0.633730002,3.168650009,22.5,350.2387223,60.33646335,0,
ID113070_ID112507,37,113070,112507,2.205178138,0.234709958,0.296996844,1.484984222,37.5,346.8964186,60.48072345,0,
ID113931_ID111344,37,113931,111344,4.788903319,0.076976227,0.437671261,2.188356305,12.5,353.8648947,61.09654837,0,
ID113369_ID113657,37,113369,113657,0.023669738,0.613833499,0.030769945,0.153849725,27.5,348.9033799,61.03628819,0,
ID111913_ID113930,38,111913,113930,1.505336839,0.319302994,0.245384338,1.226921692,7.5,404.4462007,61.08964892,0,
ID112792_ID111913,38,112792,111913,3.777539938,NaN,0.388717889,1.943589447,2.5,405.0968139,60.1586493,0,
ID111623_ID113359,38,111623,113359,5.231962012,0.086404434,0.45746965,2.287348249,22.5,403.0076877,56.32283769,0,
ID113930_ID111346,38,113930,111346,0.446808709,0.298892659,0.133687503,0.668437513,12.5,403.7868675,61.38048708,0,
ID111346_ID111623,38,111346,111623,19.16945315,0.555352687,0.875658681,4.378293406,17.5,403.2551362,59.5765116,0,
ID111345_ID111632,39,111345,111632,0.921835804,0.329247432,0.192024561,0.960122807,17.5,337.0345484,60.9858299,0,
ID113660_ID112515,39,113660,112515,61.22683038,0.029992406,0.782475753,7.824757528,35,327.7907691,66.80182393,0,
ID111632_ID113373,39,111632,113373,18.88110823,0.588129851,0.869047944,4.345239721,22.5,335.6777828,62.01826101,0,
ID113373_ID113660,39,113373,113660,10.60122049,0.009403804,0.65119031,3.255951549,27.5,332.7390867,64.42674057,0,
ID113933_ID111345,39,113933,111345,4.796854325,NaN,0.438034443,2.190172213,12.5,337.6503664,61.97132277,0,
ID112515_ID116100,39,112515,116100,3.9292472,0.253377985,0.396446576,1.982232882,42.5,323.5183187,67.39843335,0,
ID111917_ID113932,40,111917,113932,21.75898577,0.04035533,0.932930561,4.664652803,7.5,319.1238369,63.282208,0,
ID113932_ID111347,40,113932,111347,1.159586917,0.411263049,0.215368235,1.076841175,12.5,317.2781565,62.20933754,0,
ID112803_ID111917,40,112803,111917,8.546949446,NaN,0.584703325,2.923516623,2.5,322.631334,64.68013756,0,
ID111639_ID113370,40,111639,113370,7.060471432,0.603090288,0.531430953,2.657154763,22.5,318.1590875,63.31236773,0,
ID111347_ID111639,40,111347,111639,8.260112816,0.38451461,0.57480824,2.874041199,17.5,318.2610697,63.13432942,0,
ID111350_ID111640,41,111350,111640,15.91068567,0.110723351,0.797764017,3.988820084,17.5,349.8088508,66.40180031,0,
ID111921_ID113935,41,111921,113935,15.80494573,0.222589387,0.79510869,3.975543451,7.5,352.9536801,66.45748117,0,
ID114505_ID115125,41,114505,115125,62.85193347,0.003916852,0.792792113,7.927921132,75,333.1137426,54.36118205,0,
ID111640_ID113377,41,111640,113377,13.87062138,0.256733544,0.744865662,3.724328312,22.5,346.7356387,66.07891511,0,
ID111049_ID110749,41,111049,110749,17.84239771,0.436515444,0.844805249,4.224026244,57.5,335.2335045,59.40425201,0,
ID117310_ID117939,41,117310,117939,1.897739658,0.508955681,0.275516944,1.377584719,112.5,324.5587773,48.83152781,0,
ID116091_ID111049,41,116091,111049,7.346985226,0.195855971,0.271053228,2.710532277,50,335.3861134,61.13232098,0,
ID114188_ID115446,41,114188,115446,32.79055493,0.025197935,1.145260755,5.726303775,87.5,326.8948836,50.32555016,0,
ID115446_ID114810,41,115446,114810,2.635209926,0.597480183,0.324666594,1.623332968,92.5,325.743791,48.61128056,0,
ID114810_ID116673,41,114810,116673,6.179820937,0.19905577,0.497184913,2.485924564,97.5,326.0954276,50.3940603,0,
ID113935_ID111350,41,113935,111350,0.573973091,0.417216973,0.151522024,0.757610118,12.5,351.7314534,65.0941112,0,
ID113074_ID112505,41,113074,112505,23.59362123,0.116176786,0.97146531,4.857326552,37.5,336.9162615,61.32842396,0,
ID112805_ID111921,41,112805,111921,6.751210642,NaN,0.519661838,2.598309189,2.5,355.2860822,68.03288738,0,
ID112181_ID114505,41,112181,114505,1.020473064,0.394276971,0.202036934,1.010184668,67.5,337.4185418,55.56037606,0,
ID116673_ID115750,41,116673,115750,0.275625318,0.546283322,0.105000061,0.525000303,102.5,326.0095877,51.39808549,0,
ID113661_ID113074,41,113661,113074,21.74651922,0.180075694,0.932663267,4.663316333,32.5,339.8974035,64.78035099,0,
ID115125_ID114188,41,115125,114188,0.907322973,0.103392981,0.190507005,0.952535024,82.5,328.9657468,52.94120129,0,
ID110749_ID112181,41,110749,112181,6.127577171,0.006344666,0.495078869,2.475394347,62.5,337.1728299,56.67351114,0,
ID113377_ID113661,41,113377,113661,14.01293406,0.222119775,0.748677075,3.743385374,27.5,343.6360399,65.40121156,0,
ID115750_ID117310,41,115750,117310,11.46141878,0.212077283,0.677094344,3.385471722,107.5,325.4049206,49.6652285,0,
ID112505_ID116091,41,112505,116091,4.715680083,0.621467118,0.434312334,2.171561669,42.5,336.324803,60.1215253,0,
ID113934_ID111348,42,113934,111348,5.895816255,0.088703502,0.485626039,2.428130197,12.5,192.4764601,62.71231865,0,
ID112794_ID111914,42,112794,111914,2.589478955,NaN,0.321837161,1.609185805,2.5,195.9390166,61.08343594,0,
ID111914_ID113934,42,111914,113934,3.652297743,0.027747222,0.382219714,1.91109857,7.5,194.5001625,62.08992727,0,
ID113374_ID113664,42,113374,113664,5.259185725,0.159497984,0.458658292,2.293291461,27.5,186.3035009,65.38825669,0,
ID111348_ID111638,42,111348,111638,15.73182955,0.008585405,0.793267409,3.966337045,17.5,189.289353,62.95770595,0,
ID113664_ID113079,42,113664,113079,1.650560092,0.263142914,0.256948251,1.284741255,32.5,185.7549335,66.72923408,0,
ID111638_ID113374,42,111638,113374,2.502501392,0.153572761,0.316385928,1.581929642,22.5,186.7750854,63.66052484,0,
ID113385_ID113667,43,113385,113667,10.7103733,0.091470934,0.654534133,3.272670667,27.5,433.6595314,69.71805202,0,
ID112806_ID111919,43,112806,111919,2.525097614,NaN,0.317811115,1.589055573,2.5,439.1988614,67.44431584,0,
ID113937_ID111355,43,113937,111355,4.597052609,0.022499446,0.428814767,2.144073835,12.5,437.0073367,68.93626063,0,
ID111644_ID113385,43,111644,113385,0.598984798,0.252071973,0.154788216,0.773941082,22.5,435.3798857,70.72004454,0,
ID111355_ID111644,43,111355,111644,1.375638595,0.053427276,0.234575241,1.172876206,17.5,436.0258746,70.25636426,0,
ID111919_ID113937,43,111919,113937,1.928882459,0.305476659,0.277768426,1.388842129,7.5,438.129164,67.57520744,0,
ID117337_ID117965,44,117337,117965,2.614136322,0.306687873,0.323365819,1.616829095,112.5,363.4933589,67.22966321,0,
ID115144_ID114201,44,115144,114201,1.872416401,0.277951967,0.273672534,1.368362672,82.5,358.9761792,67.95037583,0,
ID112199_ID117008,44,112199,117008,23.02505122,0.099793089,0.479844258,4.798442582,70,362.4986121,70.67156682,0,
ID115773_ID117337,44,115773,117337,8.33477142,0.363574163,0.577400084,2.887000419,107.5,362.9107808,68.80605042,0,
ID111641_ID113383,44,111641,113383,7.444783636,0.228968346,0.545702616,2.728513082,22.5,372.0901844,68.39967012,0,
ID118874_ID118577,44,118874,118577,18.1290017,0.069998055,0.851563308,4.257816542,132.5,366.5461183,65.04382601,0,
ID116102_ID116407,44,116102,116407,7.031936084,0.534773156,0.530355959,2.651779795,47.5,364.2324809,71.63575754,0,
ID110763_ID112199,44,110763,112199,1.395732374,0.561855665,0.236282236,1.181411179,62.5,364.486865,72.59209986,0,
ID116692_ID115773,44,116692,115773,6.116600889,0.156788464,0.494635255,2.473176275,102.5,361.2630027,68.64935416,0,
ID111060_ID110763,44,111060,110763,0.923111125,0.501400229,0.192157344,0.960786722,57.5,364.3281603,72.72638275,0,
ID114833_ID116692,44,114833,116692,5.371270504,0.536538389,0.463520032,2.31760016,97.5,359.6043751,67.18293685,0,
ID117647_ID118270,44,117647,118270,3.433001393,0.598935817,0.370567208,1.852836041,122.5,362.6490347,66.75308869,0,
ID116407_ID111060,44,116407,111060,0.780983401,0.543056342,0.17674653,0.883732652,52.5,364.5381114,72.52624095,0,
ID112811_ID111923,44,112811,111923,4.954025507,NaN,0.445152806,2.225764028,2.5,380.1693111,70.03975862,0,
ID111923_ID113936,44,111923,113936,23.71337108,0.112253334,0.973927535,4.869637674,7.5,377.1005479,68.51088694,0,
ID113383_ID113674,44,113383,113674,20.07193979,0.051200967,0.89603437,4.480171849,27.5,370.3339674,71.51540261,0,
ID113936_ID111351,44,113936,111351,1.316152954,0.118771569,0.229447419,1.147237096,12.5,374.56846,67.0408605,0,
ID111351_ID111641,44,111351,111641,2.061951587,0.022788577,0.287189943,1.435949716,17.5,373.2792299,67.06839405,0,
ID112519_ID116102,44,112519,116102,10.29741605,0.122312503,0.641791744,3.208958718,42.5,364.9114557,71.36449721,0,
ID114201_ID115465,44,114201,115465,1.75495022,0.600508819,0.264949068,1.324745342,87.5,358.9781269,68.04639553,0,
ID118270_ID118874,44,118270,118874,1.997253065,0.176157853,0.282648408,1.41324204,127.5,363.8946071,65.953396,0,
ID117965_ID117647,44,117965,117647,1.590312201,0.338737541,0.252215162,1.261075811,117.5,362.5473957,67.0527548,0,
ID117008_ID115144,44,117008,115144,3.344278649,0.096783087,0.36574738,1.8287369,77.5,360.063845,68.53896082,0,
ID115465_ID114833,44,115465,114833,2.496209131,0.436968762,0.315987919,1.579939597,92.5,359.0668835,67.37413488,0,
ID113085_ID112519,44,113085,112519,5.882131096,0.260880035,0.485062103,2.425310515,37.5,367.4679955,72.19819376,0,
ID113674_ID113085,44,113674,113085,1.565533833,0.44615143,0.250242589,1.251212945,32.5,368.8653054,72.75396146,0,
ID111055_ID110758,45,111055,110758,4.531809313,0.167091314,0.425760934,2.128804668,57.5,143.4581015,69.72388471,0,
ID112518_ID116104,45,112518,116104,72.783866,0.203923534,1.706269217,8.531346084,42.5,148.771295,71.81696958,0,
ID118873_ID118580,45,118873,118580,1.959716144,0.165518699,0.279979724,1.399898619,132.5,140.0796229,66.30018472,0,
ID114194_ID115457,45,114194,115457,0.588508827,0.49735786,0.153428658,0.76714329,87.5,141.7962543,59.79446418,0,
ID113084_ID112518,45,113084,112518,1.596846891,0.066272295,0.252732815,1.263664074,37.5,153.3609627,71.22281093,0,
ID115457_ID114827,45,115457,114827,2.31967192,0.049991368,0.304609384,1.52304692,92.5,141.4342654,60.87244924,0,
ID118580_ID119471,45,118580,119471,2.002718508,0.116597776,0.141517437,1.415174374,140,138.9497092,65.97764194,0,
ID121825_ID122598,45,121825,122598,3.210570353,0.506580575,0.35836129,1.79180645,202.5,133.3578776,69.84073754,0,
ID121305_ID119758,45,121305,119758,9.104018401,0.530168149,0.603457319,3.017286596,162.5,136.1951003,69.26840444,0,
ID120279_ID122350,45,120279,122350,6.029752617,0.304947183,0.491111092,2.45555546,192.5,133.943872,68.33802054,0,
ID123330_ID124349,45,123330,124349,0.761841082,0.362920376,0.174567017,0.872835083,227.5,129.697676,71.10926487,0,
ID112196_ID117005,45,112196,117005,55.19245057,0.228573974,0.742916217,7.429162171,70,139.5276044,67.71482989,0,
ID117957_ID117642,45,117957,117642,1.928278341,0.326057038,0.277724924,1.388624622,117.5,141.3909824,61.34415002,0,
ID115762_ID117326,45,115762,117326,0.993958297,0.539833504,0.199394914,0.996974572,107.5,141.5384253,60.72294349,0,
ID117005_ID115137,45,117005,115137,11.11516087,0.10539219,0.666788149,3.333940743,77.5,139.3069626,62.49636589,0,
ID116686_ID115762,45,116686,115762,0.497916114,0.498066751,0.141126343,0.705631713,102.5,141.3343463,60.607014,0,
ID120739_ID121027,45,120739,121027,15.46157441,0.444608198,0.786424171,3.932120854,177.5,134.7547122,65.87588808,0,
ID122852_ID123092,45,122852,123092,0.133455364,0.189343946,0.073063086,0.365315431,212.5,133.1817928,73.27535671,0,
ID123092_ID123553,45,123092,123553,13.68816656,0.586155105,0.739950446,3.69975223,217.5,131.9644794,72.12961375,0,
ID122598_ID122852,45,122598,122852,7.306337796,0.170753211,0.540604765,2.703023825,207.5,132.8849335,71.83997106,0,
ID120020_ID122062,45,120020,122062,3.448736053,0.118327905,0.371415458,1.857077288,152.5,135.4873608,67.78727593,0,
ID116104_ID116404,45,116104,116404,3.910092259,0.519501803,0.395479064,1.977395322,47.5,145.3455789,71.34683875,0,
ID119471_ID120020,45,119471,120020,9.005740722,0.276905906,0.600191327,3.000956634,147.5,137.1898487,66.19729833,0,
ID113939_ID111352,45,113939,111352,7.89919079,0.175580972,0.562109982,2.810549909,12.5,158.5329657,68.98124096,0,
ID123967_ID123772,45,123967,123772,3.126316207,0.415595009,0.353627839,1.768139193,242.5,128.5575224,72.25841409,0,
ID117326_ID117957,45,117326,117957,0.488762923,0.597556151,0.139823163,0.699115815,112.5,141.6792159,60.64249297,0,
ID122062_ID121305,45,122062,121305,5.777043719,0.182401492,0.48070963,2.403548152,157.5,135.6151486,69.69942793,0,
ID122350_ID121825,45,122350,121825,0.147022804,0.604556542,0.076687106,0.383435528,197.5,133.9420823,69.37567936,0,
ID117642_ID118269,45,117642,118269,10.01909901,0.035861003,0.633059208,3.165296039,122.5,141.3082226,63.61185047,0,
ID111352_ID111642,45,111352,111642,1.466708232,0.562594321,0.24221546,1.211077302,17.5,157.7556547,68.62566082,0,
ID121027_ID120526,45,121027,120526,7.822838644,0.410990344,0.559386759,2.796933793,182.5,132.9573228,65.69995602,0,
ID120526_ID120279,45,120526,120279,2.319567135,0.373923627,0.304602504,1.52301252,187.5,133.213219,67.05756164,0,
ID111922_ID113939,45,111922,113939,5.824547987,0.002729217,0.482682007,2.413410033,7.5,160.8214693,69.58128996,0,
ID111642_ID113380,45,111642,113380,5.852212988,0.488290876,0.483826952,2.41913476,22.5,158.2307529,67.93014607,0,
ID112809_ID111922,45,112809,111922,3.60641921,NaN,0.379811491,1.899057453,2.5,162.9292939,69.12719094,0,
ID116404_ID111055,45,116404,111055,4.490131298,0.494678286,0.423798598,2.118992991,52.5,145.1323556,70.7064375,0,
ID124349_ID124163,45,124349,124163,6.216560049,0.004373497,0.498660608,2.49330304,232.5,129.6736902,72.79208572,0,
ID123553_ID123330,45,123553,123330,0.844000514,0.098078622,0.183739001,0.918695006,222.5,130.1428048,70.78286617,0,
ID118269_ID118873,45,118269,118873,0.984010523,0.068724711,0.198394609,0.991973045,127.5,140.9554047,65.63779772,0,
ID110758_ID112196,45,110758,112196,20.53099813,0.308680492,0.906222889,4.531114446,62.5,140.9617619,70.13142895,0,
ID124163_ID123967,45,124163,123967,5.612716151,0.438512126,0.473823433,2.369117167,237.5,128.6999207,73.3294753,0,
ID115137_ID114194,45,115137,114194,13.37859596,0.310642022,0.731535261,3.657676306,82.5,140.3112169,60.21116693,0,
ID114827_ID116686,45,114827,116686,1.602768763,0.61749371,0.253201008,1.266005041,97.5,141.4366995,61.00632783,0,
ID121577_ID120739,45,121577,120739,1.361443204,0.593274135,0.233361797,1.166808983,172.5,136.164484,66.78467532,0,
ID113380_ID113084,45,113380,113084,37.58773688,0.238888869,0.613088386,6.130883858,30,156.029012,68.70475204,0,
ID119758_ID121577,45,119758,121577,2.396370365,0.001129527,0.309604287,1.548021435,167.5,136.2611275,66.98671373,0,
ID116411_ID111065,46,116411,111065,2.307509346,0.043992653,0.303809766,1.519048829,52.5,338.0089019,76.32240958,0,
ID110767_ID112207,46,110767,112207,3.139948129,0.279033944,0.354397976,1.771989878,62.5,336.0548208,76.94174692,0,
ID111649_ID113390,46,111649,113390,4.32420838,0.117302694,0.41589462,2.079473102,22.5,355.9206886,73.13768245,0,
ID117022_ID115156,46,117022,115156,3.550609037,0.183780273,0.376861197,1.884305983,77.5,332.9271415,76.28417175,0,
ID115156_ID114215,46,115156,114215,18.33594752,0.057920075,0.856409891,4.282049453,82.5,330.0981225,77.43943726,0,
ID116109_ID116411,46,116109,116411,10.83092165,0.035568163,0.658207312,3.291036561,47.5,340.3355208,75.7648724,0,
ID113938_ID111353,46,113938,111353,2.044215137,0.164888774,0.285952103,1.429760517,12.5,357.8795712,68.81199665,0,
ID113091_ID112520,46,113091,112520,21.02914231,0.143135738,0.917150856,4.585754279,37.5,345.9080432,75.2014477,0,
ID112520_ID116109,46,112520,116109,4.628985753,0.179809138,0.430301557,2.151507786,42.5,342.8583405,74.77246906,0,
ID112207_ID117022,46,112207,117022,5.899349217,0.183984138,0.24288576,2.428857595,70,334.7558137,76.92196389,0,
ID111920_ID113938,46,111920,113938,8.686835162,0.151925173,0.589468749,2.947343747,7.5,359.8671459,68.40840249,0,
ID113390_ID113091,46,113390,113091,57.00077949,0.053185778,0.754988606,7.549886058,30,351.6121929,75.0174884,0,
ID111065_ID110767,46,111065,110767,0.698029752,0.074507082,0.16709635,0.835481749,57.5,336.8515527,76.26791457,0,
ID111353_ID111649,46,111353,111649,14.87290245,0.355943326,0.771308043,3.856540217,17.5,356.9164181,70.4642105,0,
ID112810_ID111920,46,112810,111920,18.16707891,NaN,0.852457129,4.262285644,2.5,363.2237671,68.37617036,0,
ID113381_ID113668,47,113381,113668,5.153064772,0.298091769,0.454007259,2.270036293,27.5,96.19809165,69.01231399,0,
ID111354_ID111643,47,111354,111643,15.74095172,0.369425541,0.793497365,3.967486827,17.5,100.2094147,69.56789283,0,
ID113940_ID111354,47,113940,111354,1.84758107,NaN,0.271851509,1.359257544,12.5,102.1056545,69.82430936,0,
ID113083_ID112517,47,113083,112517,11.65885672,0.079276489,0.682901361,3.414506804,37.5,97.48184282,70.86546969,0,
ID111643_ID113381,47,111643,113381,3.617886295,0.234241969,0.380414842,1.902074209,22.5,97.72319817,69.21241653,0,
ID113668_ID113083,47,113668,113083,0.876466792,0.470194812,0.18723961,0.936198051,32.5,95.67356237,69.70859821,0,
ID112517_ID116103,47,112517,116103,0.993617389,0.495197368,0.199360717,0.996803586,42.5,98.33903928,71.90940316,0,
ID116103_ID116408,47,116103,116408,6.288680995,0.097611,0.501544853,2.507724266,47.5,96.74044358,72.51685347,0,
ID113943_ID111361,48,113943,111361,2.560536324,0.57969418,0.320033518,1.600167592,12.5,112.9694139,73.20595727,0,
ID111361_ID111652,48,111361,111652,27.01308789,0.537814883,1.039482331,5.197411653,17.5,111.279262,74.09868996,0,
ID111927_ID113943,48,111927,113943,6.614503448,0.025986505,0.514373539,2.571867696,7.5,113.4588249,72.96712283,0,
ID112815_ID111927,48,112815,111927,3.554421449,NaN,0.377063467,1.885317334,2.5,115.6812596,72.88362026,0,
ID112813_ID111926,49,112813,111926,0.590802019,NaN,0.153727293,0.768636467,2.5,106.2940718,72.34826917,0,
ID117014_ID115150,49,117014,115150,1.340228805,0.198226448,0.231536503,1.157682515,77.5,84.97687579,72.16134574,0,
ID114526_ID117014,49,114526,117014,5.725789839,0.058574716,0.478572454,2.392862269,72.5,86.54416876,71.89910689,0,
ID119762_ID121584,49,119762,121584,1.254963733,0.483565395,0.224050328,1.120251638,167.5,78.03780929,74.3254332,0,
ID117341_ID117651,49,117341,117651,19.08057919,0.159430181,0.436813223,4.368132231,115,81.77831692,72.83488159,0,
ID118883_ID119183,49,118883,119183,4.894363252,0.182935688,0.221232078,2.212320784,135,79.28843451,76.28991989,0,
ID116403_ID111058,49,116403,111058,0.328610813,0.428644468,0.114649171,0.573245857,52.5,93.64435455,70.9766817,0,
ID115776_ID117341,49,115776,117341,4.794178271,0.136790637,0.437912241,2.189561205,107.5,84.08358871,72.09866489,0,
ID112516_ID116101,49,112516,116101,0.357032349,0.385564471,0.119504368,0.59752184,42.5,98.16018393,69.36841674,0,
ID119482_ID120029,49,119482,120029,0.711116423,0.297544359,0.168655438,0.843277192,147.5,78.0805213,77.07573148,0,
ID115472_ID114844,49,115472,114844,0.293856868,0.386475687,0.108417133,0.542085665,92.5,86.47372367,73.6014294,0,
ID115150_ID114205,49,115150,114205,5.244792916,0.564524849,0.458030257,2.290151287,82.5,85.2421653,72.72446971,0,
ID110760_ID112195,49,110760,112195,6.422118446,0.167162675,0.50683798,2.534189899,62.5,91.31919782,70.58270169,0,
ID121309_ID119762,49,121309,119762,0.38130925,0.283545319,0.123500486,0.617502429,162.5,78.26150762,74.00943617,0,
ID111357_ID111646,49,111357,111646,5.868581248,0.051576689,0.484503096,2.422515479,17.5,100.5287019,71.83324228,0,
ID113081_ID112516,49,113081,112516,2.180057112,0.607876739,0.295300329,1.476501646,37.5,97.55965824,69.02276636,0,
ID114844_ID116700,49,114844,116700,3.862935484,0.493441964,0.393087038,1.96543519,97.5,85.74727804,73.91025541,0,
ID112195_ID114526,49,112195,114526,6.374427007,0.012959288,0.504952553,2.524762763,67.5,88.84928497,71.12220842,0,
ID120029_ID122069,49,120029,122069,4.885853482,0.561576764,0.442079336,2.21039668,152.5,77.77851146,76.42192872,0,
ID113382_ID113669,49,113382,113669,2.842445241,0.425857296,0.337191058,1.68595529,27.5,98.69262139,69.43836303,0,
ID111926_ID113942,49,111926,113942,19.02641278,0.424580871,0.872385529,4.361927645,7.5,104.2985942,72.55598527,0,
ID116700_ID115776,49,116700,115776,2.520694461,0.423575582,0.317533901,1.587669506,102.5,84.89006271,73.68785481,0,
ID117651_ID118277,49,117651,118277,1.820678248,0.286824117,0.269865022,1.349325108,122.5,80.62708079,74.90888795,0,
ID119183_ID119482,49,119183,119482,2.381595016,0.367338163,0.308648345,1.543241723,142.5,78.12422645,76.16729251,0,
ID111058_ID110760,49,111058,110760,2.524323574,0.612342024,0.3177624,1.588812001,57.5,93.20851634,70.71335509,0,
ID122069_ID121309,49,122069,121309,3.311114757,0.220820253,0.363929375,1.819646877,157.5,77.55009853,74.71842492,0,
ID116101_ID116403,49,116101,116403,26.88071804,0.496395466,1.036932361,5.184661806,47.5,95.87179121,69.95888559,0,
ID113669_ID113081,49,113669,113081,2.886146371,0.321942068,0.33977324,1.698866202,32.5,97.55288304,69.16010152,0,
ID113942_ID111357,49,113942,111357,0.24970554,0.022552378,0.099941091,0.499705454,12.5,101.8754407,72.3819892,0,
ID118277_ID118883,49,118277,118883,3.5912986,0.235482267,0.379014438,1.895072189,127.5,80.54730761,76.26414233,0,
ID114205_ID115472,49,114205,115472,0.234242484,0.03893801,0.096797207,0.483986037,87.5,86.20513683,73.71753324,0,
ID111646_ID113382,49,111646,113382,5.492892722,0.225834206,0.468738423,2.343692113,22.5,99.41535383,70.1556962,0,
ID111929_ID113945,50,111929,113945,15.21493465,0.056082882,0.780126519,3.900632596,7.5,9.32304934,73.41252286,0,
ID112817_ID111929,50,112817,111929,10.66323489,NaN,0.65309218,3.2654609,2.5,12.87004668,73.50350897,0,
ID111654_ID113391,50,111654,113391,10.71714488,0.562840877,0.654741014,3.27370507,22.5,4.425357481,74.88140781,0,
ID113945_ID111360,50,113945,111360,4.567292515,0.0102602,0.427424497,2.137122485,12.5,6.315694828,73.66541988,0,
ID111360_ID111654,50,111360,111654,8.253456696,0.104990898,0.574576599,2.872882994,17.5,4.043610567,74.50166528,0,
ID113944_ID111362,51,113944,111362,1.516373877,0.084190028,0.246282267,1.231411335,12.5,320.9121303,73.39880237,0,
ID113673_ID113089,51,113673,113089,7.16155599,0.245551327,0.535221673,2.676108367,32.5,315.3111209,74.5569277,0,
ID113393_ID113673,51,113393,113673,1.589055454,0.050931926,0.252115486,1.260577429,27.5,316.8930713,74.05451678,0,
ID111924_ID113944,51,111924,113944,6.062858773,0.201330144,0.492457461,2.462287305,7.5,322.0708789,72.00747023,0,
ID111362_ID111653,51,111362,111653,4.234384084,0.01668239,0.411552382,2.057761911,17.5,319.504918,74.24733846,0,
ID113089_ID112524,51,113089,112524,2.76824713,0.065718233,0.332761003,1.663805016,37.5,313.482021,75.67227337,0,
ID112812_ID111924,51,112812,111924,13.67728785,NaN,0.739656349,3.698281743,2.5,324.5687288,70.94431154,0,
ID111653_ID113393,51,111653,113393,1.522314727,0.162253646,0.246764238,1.233821189,22.5,318.0182885,74.5686296,0,
ID113088_ID112521,52,113088,112521,11.13644061,0.127834507,0.667426119,3.337130595,37.5,213.6753594,75.01657305,0,
ID113947_ID111363,52,113947,111363,1.531384422,NaN,0.247498236,1.237491181,12.5,226.2083775,73.91428159,0,
ID113676_ID113088,52,113676,113088,6.955328449,0.225234141,0.527459134,2.63729567,32.5,216.4535559,75.59654029,0,
ID111066_ID110765,52,111066,110765,9.625707939,0.435027733,0.620506501,3.102532504,57.5,206.9745334,76.33009485,0,
ID112521_ID116108,52,112521,116108,11.2872457,1.20E-04,0.671929928,3.359649639,42.5,210.3363171,75.26659738,0,
ID116108_ID116409,52,116108,116409,0.093492362,0.114345609,0.061153042,0.305765208,47.5,208.526779,75.31859875,0,
ID111363_ID111650,52,111363,111650,7.4740412,0.063201157,0.546773855,2.733869273,17.5,224.3243493,73.35786045,0,
ID111650_ID113676,52,111650,113676,42.0902615,0.094725052,0.648770079,6.487700787,25,220.3127342,74.57291272,0,
ID116409_ID111066,52,116409,111066,4.53360536,0.389397742,0.425845294,2.12922647,52.5,208.2638097,76.30248433,0,
ID110765_ID112202,52,110765,112202,7.048654016,0.078440526,0.530986027,2.654930134,62.5,204.5594204,74.86667325,0,
ID112527_ID116115,53,112527,116115,15.7561599,0.065397376,0.793880593,3.969402965,42.5,353.4413687,79.9980868,0,
ID111365_ID111658,53,111365,111658,11.18887695,0.20290526,0.668995574,3.344977869,17.5,357.5872307,76.44437978,0,
ID112821_ID111932,53,112821,111932,7.001124497,NaN,0.529192762,2.645963812,2.5,361.0006737,74.35083492,0,
ID111658_ID113398,53,111658,113398,7.904610768,0.244056014,0.562302793,2.811513964,22.5,355.4371004,77.77290337,0,
ID113398_ID113680,53,113398,113680,7.173941145,0.330543216,0.535684278,2.678421391,27.5,353.7413736,78.53844134,0,
ID113680_ID113093,53,113680,113093,11.6866074,0.4940177,0.683713607,3.418568034,32.5,354.1824087,77.57074997,0,
ID113951_ID111365,53,113951,111365,4.397801165,0.355958853,0.419418701,2.097093504,12.5,359.8099496,75.54540421,0,
ID113093_ID112527,53,113093,112527,3.177589628,0.468655012,0.356515897,1.782579487,37.5,355.3912623,77.92883966,0,
ID111932_ID113951,53,111932,113951,0.523395187,0.550800601,0.144692113,0.723460564,7.5,360.0195864,74.53102702,0,
ID116115_ID116417,53,116115,116417,7.593608433,0.090836589,0.551130055,2.755650274,47.5,350.6102295,81.65240636,0,
ID116412_ID111063,54,116412,111063,8.855507157,0.330714645,0.595164083,2.975820417,52.5,292.3783174,76.65159448,0,
ID114538_ID117026,54,114538,117026,0.247665587,0.562959261,0.099532022,0.497660112,72.5,287.319545,79.30227174,0,
ID113092_ID112526,54,113092,112526,2.562707598,0.195393741,0.32016918,1.600845901,37.5,295.123917,77.75134432,0,
ID111925_ID113953,54,111925,113953,62.79133283,0.54256016,1.584819647,7.924098235,7.5,304.928347,73.4049126,0,
ID116111_ID116412,54,116111,116412,0.497711173,0.452383339,0.141097296,0.70548648,47.5,293.2534268,77.87048594,0,
ID117026_ID115158,54,117026,115158,2.482026569,0.464647791,0.315088976,1.57544488,77.5,287.4732896,78.67707489,0,
ID110768_ID112209,54,110768,112209,2.488052694,0.111819973,0.315471247,1.577356236,62.5,289.5591991,79.36931689,0,
ID114845_ID116701,54,114845,116701,5.077210728,0.501104779,0.450653336,2.253266679,97.5,289.5953131,75.59952633,0,
ID111655_ID113395,54,111655,113395,8.41015412,0.420007241,0.580005314,2.900026572,22.5,298.732452,76.5178295,0,
ID112526_ID116111,54,112526,116111,2.325108739,0.16325513,0.304966145,1.524830725,42.5,293.76011,78.196271,0,
ID112209_ID114538,54,112209,114538,3.83437302,0.213124902,0.391631103,1.958155515,67.5,288.0394073,79.50437883,0,
ID115473_ID114845,54,115473,114845,0.455108164,0.159867705,0.13492341,0.67461705,92.5,289.4828498,74.72830745,0,
ID111364_ID111655,54,111364,111655,0.047115142,0.595092756,0.043412046,0.217060228,17.5,299.5389459,75.37547245,0,
ID111063_ID110768,54,111063,110768,11.34925998,0.391124591,0.673773255,3.368866275,57.5,290.7107838,77.27514268,0,
ID113678_ID113092,54,113678,113092,2.90676345,0.065852383,0.340984659,1.704923297,32.5,296.5523013,77.45023932,0,
ID115158_ID114213,54,115158,114213,6.429900821,0.177608406,0.507144982,2.53572491,82.5,288.3846928,77.04686624,0,
ID113953_ID111364,54,113953,111364,4.139891714,0.098833656,0.406934477,2.034672385,12.5,300.4489183,75.34515757,0,
ID114213_ID115473,54,114213,115473,1.508019111,0.180932758,0.245602859,1.228014296,87.5,289.2937017,75.59074061,0,
ID113395_ID113678,54,113395,113678,0.19749553,0.164749834,0.088880938,0.444404692,27.5,297.5969589,77.65818767,0,
ID112819_ID111925,54,112819,111925,9.275635279,NaN,0.609118553,3.045592763,2.5,307.4881675,72.70513103,0,
ID113683_ID113098,55,113683,113098,15.28365772,0.139878832,0.781886378,3.909431892,32.5,358.5133363,80.61743002,0,
ID111366_ID111659,55,111366,111659,18.9348485,0.090928966,0.870283827,4.351419137,17.5,366.0803074,77.47774211,0,
ID112825_ID111936,55,112825,111936,13.50223244,NaN,0.73490768,3.674538398,2.5,376.9367312,78.99067599,0,
ID113397_ID113683,55,113397,113683,13.78818888,0.084373328,0.742649012,3.71324506,27.5,361.8929993,79.43414831,0,
ID111659_ID113397,55,111659,113397,2.413482288,0.282355049,0.310707727,1.553538634,22.5,363.6579698,77.54556389,0,
ID111936_ID113955,55,111936,113955,8.21179421,0.079759825,0.573124566,2.865622831,7.5,373.8603232,78.08735313,0,
ID113955_ID111366,55,113955,111366,20.29663846,0.134118005,0.901035814,4.505179071,12.5,370.3862361,77.74810962,0,
ID117344_ID117975,56,117344,117975,4.814838595,0.005051959,0.438854809,2.194274047,112.5,314.8347592,76.69844316,0,
ID117655_ID118280,56,117655,118280,4.245430919,0.474855954,0.41208887,2.06044435,122.5,313.9448652,77.70704527,0,
ID118888_ID118596,56,118888,118596,46.93847719,0.23012033,1.370233224,6.851166119,132.5,311.3671261,83.63765365,0,
ID113396_ID113679,56,113396,113679,1.749339219,0.452442108,0.264525176,1.32262588,27.5,329.9984111,78.12270337,0,
ID112206_ID114530,56,112206,114530,4.248750502,0.573314385,0.412249949,2.061249743,67.5,319.0438881,76.28958835,0,
ID115772_ID117344,56,115772,117344,42.85826416,0.443325808,1.30932447,6.546622348,107.5,315.3756054,72.36185332,0,
ID113954_ID111359,56,113954,111359,13.15623693,0.302347374,0.725430546,3.627152731,12.5,330.8262106,74.73176628,0,
ID110764_ID112206,56,110764,112206,4.73348826,0.321124663,0.435131624,2.175658121,62.5,318.816024,76.10086532,0,
ID116110_ID116410,56,116110,116410,4.561842088,0.492187082,0.427169385,2.135846925,47.5,324.6765895,75.58166743,0,
ID114836_ID116695,56,114836,116695,6.272015351,0.623417873,0.50087984,2.5043992,97.5,313.3782756,69.07529275,0,
ID117975_ID117655,56,117975,117655,0.187018967,0.546554688,0.086491379,0.432456896,117.5,314.8259071,77.60122872,0,
ID116410_ID111064,56,116410,111064,13.30347664,0.608458459,0.729478626,3.647393129,52.5,323.9235645,75.73442462,0,
ID111064_ID110764,56,111064,110764,10.59377215,0.146938908,0.650961509,3.254807544,57.5,320.7020198,75.71157242,0,
ID114530_ID117020,56,114530,117020,12.12122388,0.445640854,0.696310962,3.481554808,72.5,317.9160933,75.49715189,0,
ID111656_ID113396,56,111656,113396,9.630908255,0.089603408,0.620674093,3.103370467,22.5,330.2596412,76.91100256,0,
ID118596_ID119193,56,118596,119193,16.95604021,0.428487048,0.823554253,4.117771267,137.5,308.4850543,83.82716322,0,
ID115468_ID114836,56,115468,114836,21.08204479,0.014145878,0.918303758,4.591518789,92.5,314.0103778,69.90667102,0,
ID112823_ID111934,56,112823,111934,21.37763682,NaN,0.924719132,4.623595659,2.5,334.802059,76.31423451,0,
ID114206_ID115468,56,114206,115468,6.024685474,0.434443607,0.490904694,2.454523472,87.5,316.2896498,72.59041992,0,
ID113094_ID112525,56,113094,112525,1.357476881,0.141694216,0.23302162,1.165108099,37.5,328.4890125,77.20815807,0,
ID117020_ID115153,56,117020,115153,4.688084707,0.185105686,0.433039707,2.165198537,77.5,315.5066824,74.68237116,0,
ID111359_ID111656,56,111359,111656,6.354979669,0.547670937,0.5041817,2.520908501,17.5,330.2300697,74.16852116,0,
ID118280_ID118888,56,118280,118888,12.63166352,0.313928068,0.710821033,3.554105164,127.5,313.4628593,79.70483819,0,
ID111934_ID113954,56,111934,113954,1.883147863,0.01636724,0.27445567,1.372278348,7.5,331.8088258,76.44676227,0,
ID112525_ID116110,56,112525,116110,18.82914033,0.003645893,0.867851147,4.339255734,42.5,325.8152187,76.55630496,0,
ID119193_ID119489,56,119193,119489,1.567316334,0.019455553,0.25038501,1.251925051,142.5,308.0588044,81.17866656,0,
ID113679_ID113094,56,113679,113094,0.355649356,0.090603008,0.119272689,0.596363443,32.5,329.2344047,77.57759472,0,
ID115153_ID114206,56,115153,114206,5.355720743,0.417640211,0.462848603,2.314243017,82.5,315.9820123,73.65973858,0,
ID116695_ID115772,56,116695,115772,3.434799114,0.276452747,0.370664221,1.853321104,102.5,314.995016,69.5730877,0,
ID111373_ID111667,57,111373,111667,2.332622806,0.125984636,0.305458528,1.527292639,17.5,335.8866681,85.61960964,0,
ID113956_ID111373,57,113956,111373,14.34071509,0.235364857,0.757382733,3.786913663,12.5,337.0980433,83.37511859,0,
ID111937_ID113956,57,111937,113956,11.86708879,0.085515574,0.688972824,3.444864118,7.5,339.4067684,81.44495321,0,
ID112826_ID111937,57,112826,111937,5.556188119,NaN,0.471431357,2.357156787,2.5,342.1562436,80.74442935,0,
ID111370_ID111662,59,111370,111662,0.248563495,0.025790434,0.099712285,0.498561426,17.5,393.9888544,82.04235179,0,
ID113958_ID111370,59,113958,111370,1.866834079,NaN,0.273264273,1.366321367,12.5,394.9184206,81.9920958,0,
ID111662_ID113405,59,111662,113405,8.144485567,0.246465775,0.570770902,2.853854511,22.5,393.4729063,83.48050269,0,
ID111371_ID111663,60,111371,111663,3.983385282,0.507648638,0.3991684,1.995841998,17.5,145.6637106,83.35580762,0,
ID113693_ID113114,60,113693,113114,1.864608828,0.236963173,0.273101361,1.365506803,32.5,138.8788605,88.9122991,0,
ID115171_ID114223,60,115171,114223,7.63548035,0.332802017,0.552647459,2.763237295,82.5,130.4360949,87.57399906,0,
ID110788_ID112229,60,110788,112229,5.860312536,0.108859224,0.484161648,2.42080824,62.5,134.0234691,90.30554705,0,
ID113960_ID111371,60,113960,111371,1.523696246,NaN,0.246876183,1.234380916,12.5,146.2505683,83.22148257,0,
ID116433_ID111083,60,116433,111083,2.022098794,0.448167638,0.28440104,1.422005202,52.5,136.4178057,89.18044404,0,
ID112229_ID117038,60,112229,117038,15.15219561,0.230980778,0.389258213,3.892582127,70,133.0108571,89.27879878,0,
ID113114_ID112541,60,113114,112541,6.359945917,0.468489989,0.504378664,2.52189332,37.5,137.9601598,89.01934001,0,
ID117038_ID115171,60,117038,115171,4.256480135,0.435339848,0.412624776,2.063123878,77.5,132.0198546,88.0205174,0,
ID111083_ID110788,60,111083,110788,0.861200063,0.07784969,0.185601731,0.928008654,57.5,135.2666524,89.25873374,0,
ID111663_ID113693,60,111663,113693,65.07254455,0.111187925,0.806675552,8.066755516,25,141.7002426,85.61874077,0,
ID116136_ID116433,60,116136,116433,2.502058849,0.554560636,0.316357952,1.581789761,47.5,136.5840311,89.81682099,0,
ID112541_ID116136,60,112541,116136,4.261993339,0.325156495,0.412891915,2.064459576,42.5,136.4309933,89.43655496,0,
ID114223_ID115486,60,114223,115486,6.729396452,0.508688866,0.518821605,2.594108026,87.5,129.6619979,87.7477573,0,
ID113101_ID112532,61,113101,112532,0.070917067,0.052100744,0.053260517,0.266302586,37.5,137.6575653,85.69676965,0,
ID111372_ID111664,61,111372,111664,1.352051325,0.513720011,0.232555484,1.162777419,17.5,142.9921249,84.75637588,0,
ID111664_ID113402,61,111664,113402,3.046536566,0.123652114,0.349086612,1.74543306,22.5,141.7713689,84.09582337,0,
ID116423_ID111072,61,116423,111072,0.387441114,0.391860251,0.124489536,0.62244768,52.5,136.4653624,85.21293569,0,
ID113963_ID111372,61,113963,111372,0.084039608,NaN,0.057979172,0.289895858,12.5,143.3488416,85.05663063,0,
ID113402_ID113686,61,113402,113686,6.541793909,0.214493929,0.511538617,2.557693083,27.5,140.0550959,84.81579264,0,
ID116124_ID116423,61,116124,116423,1.055731095,0.360013851,0.205497552,1.027487759,47.5,136.2452918,85.65023212,0,
ID112532_ID116124,61,112532,116124,1.688541118,0.133294046,0.259887754,1.29943877,42.5,136.9289731,85.90893603,0,
ID113686_ID113101,61,113686,113101,1.956212946,0.167126134,0.279729365,1.398646827,32.5,138.4849903,85.74258203,0,
ID111072_ID110780,61,111072,110780,1.708875098,0.528630605,0.261447899,1.307239495,57.5,136.1392269,85.45864183,0,
ID111368_ID111661,62,111368,111661,0.404653087,0.397469782,0.127224697,0.636123484,17.5,402.0803111,80.08685631,0,
ID112827_ID111938,62,112827,111938,6.36583346,NaN,0.504612067,2.523060336,2.5,406.3339714,81.80201525,0,
ID113962_ID111368,62,113962,111368,16.10796507,0.400927437,0.802694589,4.013472944,12.5,403.0424017,81.72577001,0,
ID111938_ID113962,62,111938,113962,3.824428882,0.102395681,0.391122941,1.955614707,7.5,404.4549478,82.88255605,0,
ID111661_ID113400,62,111661,113400,3.083022725,0.175115059,0.351170769,1.755853845,22.5,400.9823003,80.24184668,0,
ID111940_ID113964,64,111940,113964,2.451228662,0.349898552,0.313128003,1.565640017,7.5,147.3551279,84.3313029,0,
ID112830_ID111940,64,112830,111940,11.09478712,NaN,0.666176767,3.330883835,2.5,148.9616208,83.74631374,0,
ID113964_ID111379,64,113964,111379,2.313804693,0.006382767,0.304223911,1.521119553,12.5,147.4726388,85.8700056,0,
ID111669_ID113411,64,111669,113411,15.93884806,0.136426337,0.798469738,3.992348689,22.5,144.2939919,87.23410591,0,
ID113411_ID113688,64,113411,113688,5.417549092,0.323121586,0.465512582,2.327562908,27.5,142.0333001,87.09184942,0,
ID111379_ID111669,64,111379,111669,2.269646115,0.373840763,0.301306894,1.506534472,17.5,146.8054804,86.47324371,0,
ID111377_ID111666,65,111377,111666,2.698264102,0.024132847,0.328527874,1.642639371,17.5,314.3166383,86.10221881,0,
ID113102_ID116128,65,113102,116128,38.38122456,0.100629547,0.619525823,6.195258232,40,305.2896376,86.36589867,0,
ID116128_ID116430,65,116128,116430,13.1027739,0.047896666,0.723955079,3.619775394,47.5,300.4403778,86.86429356,0,
ID111666_ID113408,65,111666,113408,3.265623528,0.044434189,0.361420726,1.807103629,22.5,312.6106437,86.27039776,0,
ID113692_ID113102,65,113692,113102,2.701525468,0.20842051,0.328726358,1.643631792,32.5,308.8944124,86.37751224,0,
ID112834_ID111944,65,112834,111944,18.66992265,NaN,0.864174118,4.320870589,2.5,323.5612,86.80495865,0,
ID113408_ID113692,65,113408,113692,5.417635998,0.004474857,0.465516315,2.327581577,27.5,310.5917433,86.71471782,0,
ID113966_ID111377,65,113966,111377,8.020261298,0.084474123,0.566401317,2.832006585,12.5,316.5463907,85.9721953,0,
ID111944_ID113966,65,111944,113966,13.22491486,0.079327381,0.727321521,3.636607604,7.5,319.681045,86.39898589,0,
ID111945_ID113969,66,111945,113969,6.194420369,NaN,0.49777185,2.48885925,7.5,272.2438168,86.88164058,0,
ID113969_ID111369,66,113969,111369,25.38458453,0.26755523,1.007662335,5.038311674,12.5,273.3760691,84.04252705,0,
ID111369_ID111665,66,111369,111665,9.649537587,0.612326195,0.621274097,3.106370484,17.5,273.4730731,83.06851808,0,
ID111378_ID111671,67,111378,111671,0.115930881,0.267400223,0.068097248,0.340486242,17.5,115.4891907,86.67419143,0,
ID113968_ID111378,67,113968,111378,0.717212361,0.074861549,0.169376782,0.846883912,12.5,115.9283145,86.4531539,0,
ID112835_ID111943,67,112835,111943,4.859547323,NaN,0.440887619,2.204438097,2.5,118.0323831,86.62439111,0,
ID111943_ID113968,67,111943,113968,0.363599594,0.037060922,0.12059844,0.602992201,7.5,116.6405769,86.47635977,0,
ID113409_ID113691,67,113409,113691,3.700022207,0.074074516,0.384708836,1.923544179,27.5,110.2007135,86.67815043,0,
ID113691_ID113109,67,113691,113109,9.782039018,0.200756867,0.625525028,3.12762514,32.5,108.0650584,87.33019745,0,
ID111671_ID113409,67,111671,113409,19.04569128,0.285001855,0.872827389,4.364136946,22.5,113.2895708,86.91915929,0,
ID113971_ID111383,68,113971,111383,2.79082301,0.14215564,0.33411513,1.670575652,12.5,117.2878323,88.25263809,0,
ID112838_ID111946,68,112838,111946,4.583175445,NaN,0.428167044,2.140835221,2.5,120.0549748,88.2074469,0,
ID111946_ID113971,68,111946,113971,1.032968359,0.133418556,0.203270102,1.01635051,7.5,118.5524073,88.23941859,0,
ID111674_ID113406,69,111674,113406,9.723959028,0.054884554,0.623665264,3.118326318,22.5,190.6079095,86.83723987,0,
ID113406_ID113684,69,113406,113684,18.2275791,0.365449043,0.85387538,4.269376899,27.5,189.3271066,84.92439209,0,
ID111385_ID111674,69,111385,111674,0.765150755,0.34260065,0.174945792,0.874728961,17.5,189.5164138,88.49365987,0,
ID113100_ID112533,69,113100,112533,10.58637234,0.543304884,0.650734119,3.253670594,37.5,188.0476415,84.08681743,0,
ID112840_ID111950,69,112840,111950,32.63912816,NaN,1.142613288,5.713066441,2.5,192.6791565,90.10468465,0,
ID113973_ID111385,69,113973,111385,3.541645097,0.3739058,0.37638518,1.881925901,12.5,189.9496848,89.37247757,0,
ID111950_ID113973,69,111950,113973,1.059840839,0.53561532,0.205897143,1.029485716,7.5,190.2760357,90.24354986,0,
ID113684_ID113100,69,113684,113100,3.864923795,0.317917548,0.393188189,1.965940944,32.5,187.5442816,83.41913325,0,
ID111382_ID111676,70,111382,111676,6.691224255,0.334067805,0.517348017,2.586740083,17.5,326.5577732,87.93530034,0,
ID113410_ID113703,70,113410,113703,12.2749301,0.287005421,0.700711927,3.503559633,27.5,319.1756106,89.29562343,0,
ID116138_ID116432,70,116138,116432,7.804432079,0.554990381,0.558728273,2.793641365,47.5,316.5454211,89.59572888,0,
ID112213_ID114544,70,112213,114544,6.217881391,0.361011433,0.498713601,2.493568004,67.5,311.0468854,84.64894076,0,
ID112540_ID116138,70,112540,116138,7.56624527,0.306933663,0.550136175,2.750680874,42.5,316.0490718,89.49844563,0,
ID110776_ID112213,70,110776,112213,0.576543155,0.073064743,0.151860878,0.759304389,62.5,312.069786,83.99126966,0,
ID111077_ID110776,70,111077,110776,8.711349928,0.200289927,0.590299921,2.951499607,57.5,312.7065721,85.71262765,0,
ID116432_ID111077,70,116432,111077,17.39989348,0.340087465,0.834263591,4.171317955,52.5,315.1140761,87.72514534,0,
ID111676_ID113410,70,111676,113410,34.73938257,0.164737021,1.178802487,5.894012434,22.5,322.6229796,88.17012755,0,
ID112845_ID111949,70,112845,111949,14.75096983,NaN,0.768139827,3.840699133,2.5,330.0191664,91.63548198,0,
ID113703_ID113108,70,113703,113108,30.84976412,0.365458314,1.110851279,5.554256397,32.5,316.2963847,89.44678706,0,
ID114544_ID117040,70,114544,117040,7.879787923,0.065830315,0.561419199,2.807095995,72.5,309.7557627,86.92256775,0,
ID113972_ID111382,70,113972,111382,1.33535956,0.090140915,0.231115517,1.155577587,12.5,327.8924181,87.65810177,0,
ID113108_ID112540,70,113108,112540,4.673963995,0.53078909,0.432387049,2.161935243,37.5,315.0437739,88.0298313,0,
ID111949_ID113972,70,111949,113972,13.08482372,0.332925497,0.723459017,3.617295083,7.5,329.703205,89.14384049,0,
ID115169_ID114228,71,115169,114228,1.262201429,0.243981064,0.224695476,1.123477382,82.5,352.4930641,87.55175412,0,
ID110782_ID112218,71,110782,112218,1.244584757,0.405115757,0.223121918,1.11560959,62.5,354.4713641,86.76024877,0,
ID114857_ID116714,71,114857,116714,4.920101304,0.389070585,0.443626027,2.218130137,97.5,350.2449183,87.25980516,0,
ID113113_ID112547,71,113113,112547,7.165775211,0.160397326,0.535379313,2.676896563,37.5,361.9967972,89.69465282,0,
ID113417_ID113696,71,113417,113696,8.296430185,0.449139483,0.576070488,2.880352441,27.5,365.1226142,89.59732677,0,
ID112547_ID116131,71,112547,116131,0.841415276,0.493346773,0.183457382,0.917286911,42.5,361.018792,89.98908304,0,
ID111081_ID110782,71,111081,110782,2.670010073,0.019623498,0.326803309,1.634016546,57.5,354.7095193,87.48243683,0,
ID111389_ID111675,71,111389,111675,13.27716313,0.195597294,0.728756835,3.643784177,17.5,367.3194104,89.23309525,0,
ID114548_ID117039,71,114548,117039,0.933701755,0.484576661,0.193256488,0.96628244,72.5,354.3654488,88.06159341,0,
ID115483_ID114857,71,115483,114857,6.414290563,0.590879403,0.506528995,2.532644974,92.5,351.3183194,88.06835691,0,
ID117353_ID117979,71,117353,117979,5.42933981,0.43263066,0.466018876,2.330094378,112.5,349.3101164,85.33281454,0,
ID111675_ID113417,71,111675,113417,4.007999529,0.502623414,0.400399777,2.001998883,22.5,366.1526971,89.13522736,0,
ID114228_ID115483,71,114228,115483,0.223385818,0.543303614,0.094527418,0.472637089,87.5,352.3352004,87.8751804,0,
ID117979_ID117662,71,117979,117662,0.462391216,0.018790766,0.135998708,0.679993541,117.5,348.1199614,86.25215911,0,
ID116435_ID111081,71,116435,111081,7.712644011,0.057038272,0.555432949,2.777164743,52.5,356.6727189,88.48221893,0,
ID117039_ID115169,71,117039,115169,4.42989325,0.488188738,0.420946232,2.104731159,77.5,353.845261,87.52032258,0,
ID113975_ID111389,71,113975,111389,0.303479022,0.213874588,0.11017786,0.550889301,12.5,369.0694031,90.17830682,0,
ID113696_ID113113,71,113696,113113,0.441378144,0.023546872,0.132872592,0.664362961,32.5,363.4424955,89.03891006,0,
ID118599_ID119199,71,118599,119199,10.25870602,0.613857624,0.640584296,3.202921481,137.5,346.9316749,87.57059623,0,
ID117662_ID118287,71,117662,118287,2.255416138,0.458530445,0.300360859,1.501804294,122.5,347.9389594,85.69601995,0,
ID118287_ID118896,71,118287,118896,4.192623525,0.624764643,0.409517937,2.047589687,127.5,347.8837237,85.96371787,0,
ID111956_ID113975,71,111956,113975,16.3128187,NaN,0.807782612,4.038913059,7.5,370.8687575,91.38294239,0,
ID115788_ID117353,71,115788,117353,2.319165561,0.16380334,0.304576136,1.522880679,107.5,350.2826465,85.35979817,0,
ID116714_ID115788,71,116714,115788,0.005054996,0.209982454,0.014219699,0.071098493,102.5,350.3764552,86.14032848,0,
ID116131_ID116435,71,116131,116435,10.6730961,0.348086372,0.653394095,3.266970477,47.5,359.5474262,89.31029717,0,
ID118896_ID118599,71,118896,118599,0.373784272,0.450352075,0.122275798,0.611378992,132.5,347.9903449,86.821731,0,
ID112218_ID114548,71,112218,114548,4.164782714,0.536567375,0.408155986,2.040779928,67.5,354.4221479,87.33406421,0,
ID113974_ID111388,72,113974,111388,4.85709321,0.205720765,0.440776279,2.203881397,12.5,256.2723156,90.15816134,0,
ID111953_ID113974,72,111953,113974,2.342631414,0.106645438,0.306113143,1.530565717,7.5,257.728563,90.89949952,0,
ID112842_ID111953,72,112842,111953,2.590726365,NaN,0.32191467,1.609573349,2.5,258.7693625,91.99988505,0,
ID113977_ID111392,73,113977,111392,3.007564062,0.39665509,0.346846598,1.73423299,12.5,248.13965,91.39472509,0,
ID116141_ID111096,73,116141,111096,23.04376456,0.023163117,0.480039213,4.800392126,50,243.1249236,93.3931861,0,
ID110797_ID112236,73,110797,112236,0.808697848,0.569638036,0.179855258,0.899276291,62.5,241.0852604,93.32866522,0,
ID112553_ID116141,73,112553,116141,1.105154375,0.062983075,0.210252646,1.051263228,42.5,245.8636776,92.39704037,0,
ID113122_ID112553,73,113122,112553,2.109931236,0.347289519,0.290512047,1.452560235,37.5,247.1001382,92.42705072,0,
ID113420_ID113704,73,113420,113704,3.280568836,0.382563081,0.362246813,1.811234064,27.5,248.2298562,91.40871904,0,
ID111392_ID111678,73,111392,111678,14.98579061,0.411684964,0.774229697,3.871148487,17.5,246.4436313,91.17309417,0,
ID113704_ID113122,73,113704,113122,0.106691512,0.097165853,0.065327333,0.326636666,32.5,247.8160369,92.37678304,0,
ID111096_ID110797,73,111096,110797,2.004935406,0.402401283,0.283191483,1.415957417,57.5,240.9412546,93.59923859,0,
ID112236_ID114569,73,112236,114569,2.202118856,0.240611846,0.296790758,1.483953792,67.5,240.5851354,94.19032402,0,
ID111952_ID113977,73,111952,113977,8.265592244,NaN,0.574998861,2.874994303,7.5,249.4800682,91.24576869,0,
ID111678_ID113420,73,111678,113420,14.74486316,0.536342743,0.767980811,3.839904057,22.5,246.7425785,90.34662178,0,
ID111679_ID113421,74,111679,113421,5.393084507,0.272706642,0.464460311,2.322301554,22.5,110.8808414,90.86300566,0,
ID117364_ID117990,74,117364,117990,1.019450261,0.39452973,0.201935659,1.009678296,112.5,95.99222507,93.10054699,0,
ID113702_ID113121,74,113702,113121,17.13397523,0.324043428,0.827864125,4.139320624,32.5,107.7888651,91.7950393,0,
ID119203_ID119501,74,119203,119501,0.646129644,0.19556054,0.16076438,0.803821898,142.5,95.30599595,92.21204685,0,
ID124369_ID124184,74,124369,124184,1.473023463,0.071642432,0.242736356,1.21368178,232.5,94.49288144,92.14245235,0,
ID119501_ID120040,74,119501,120040,0.030370427,0.170215989,0.034854226,0.174271131,147.5,94.9602802,91.90257152,0,
ID111088_ID110792,74,111088,110792,0.002164381,0.108461036,0.009304582,0.04652291,57.5,102.1314006,90.96853278,0,
ID123108_ID123575,74,123108,123575,0.702315074,0.414652987,0.167608481,0.838042406,217.5,95.4220961,92.50294784,0,
ID110792_ID112228,74,110792,112228,1.41028981,0.073741126,0.237511247,1.187556234,62.5,101.5281492,91.09088096,0,
ID121053_ID120555,74,121053,120555,0.279962131,0.263895945,0.105822896,0.529114478,182.5,94.38974184,92.46972313,0,
ID120555_ID120306,74,120555,120306,0.260571769,0.152321343,0.102092462,0.510462309,187.5,94.37752421,92.95213494,0,
ID118901_ID118607,74,118901,118607,0.618408436,0.434979325,0.157277899,0.786389494,132.5,96.98361006,92.20969572,0,
ID122376_ID121850,74,122376,121850,1.088261541,0.541914534,0.20863955,1.043197748,197.5,94.29726468,93.05106971,0,
ID122877_ID123108,74,122877,123108,0.831935701,0.066035338,0.182421019,0.912105093,212.5,94.97720333,92.46328196,0,
ID123351_ID124369,74,123351,124369,0.227449883,0.191846048,0.095383412,0.476917061,227.5,95.12182895,92.69070932,0,
ID120040_ID122084,74,120040,122084,0.401712241,0.526965247,0.126761546,0.633807732,152.5,94.8326546,92.11100907,0,
ID113121_ID112550,74,113121,112550,4.889018605,0.192489896,0.442222505,2.211112527,37.5,104.9997456,92.37979771,0,
ID115177_ID114235,74,115177,114235,1.686732554,0.144542112,0.259748536,1.298742682,82.5,99.09630633,91.51995628,0,
ID116726_ID115801,74,116726,115801,0.054737905,0.484196684,0.046792266,0.233961332,102.5,96.32699335,92.33976266,0,
ID122623_ID122877,74,122623,122877,0.204540407,0.208833239,0.090452287,0.452261437,207.5,94.60475152,93.02498723,0,
ID115494_ID114865,74,115494,114865,1.039932691,0.129280952,0.20395418,1.019770901,92.5,97.17894278,91.82920011,0,
ID118297_ID118901,74,118297,118901,0.945591784,0.006786402,0.194483088,0.972415438,127.5,96.90105205,92.61835432,0,
ID123985_ID123792,74,123985,123792,0.296888886,0.012098494,0.108975022,0.54487511,242.5,95.80579248,91.79595151,0,
ID115801_ID117364,74,115801,117364,0.986917831,0.6049464,0.198687476,0.993437381,107.5,96.38868609,92.71551204,0,
ID124184_ID123985,74,124184,123985,2.35928274,0.507309911,0.307199137,1.535995684,237.5,94.76573454,91.800411,0,
ID117047_ID115177,74,117047,115177,0.062345674,0.167647006,0.049938232,0.249691158,77.5,99.84175166,91.46347564,0,
ID117674_ID118297,74,117674,118297,1.56193475,0.465767888,0.249954776,1.24977388,122.5,95.92714896,93.15285815,0,
ID121850_ID122623,74,121850,122623,0.445150151,0.541474524,0.133439147,0.667195736,202.5,94.19496227,93.29018125,0,
ID116436_ID111088,74,116436,111088,1.193252711,0.089131278,0.218472214,1.092361071,52.5,102.6601051,90.76582637,0,
ID120306_ID122376,74,120306,122376,0.255208913,0.447334347,0.101036412,0.505182059,192.5,94.5984264,92.9744084,0,
ID119778_ID121594,74,119778,121594,1.252500412,0.395747272,0.22383033,1.119151649,167.5,94.46651549,91.311102,0,
ID121594_ID120778,74,121594,120778,1.63764305,0.582354533,0.255940856,1.279704282,172.5,94.30906597,91.28915131,0,
ID113421_ID113702,74,113421,113702,0.123056754,0.251756356,0.070158892,0.350794461,27.5,109.655089,90.90307508,0,
ID114865_ID116726,74,114865,116726,0.671026488,0.285113492,0.163832413,0.819162064,97.5,96.52473598,92.07455552,0,
ID122084_ID121321,74,122084,121321,0.291787738,0.553805342,0.108034761,0.540173803,157.5,94.71722646,92.13574681,0,
ID112550_ID116135,74,112550,116135,2.93477215,0.155234369,0.342623534,1.71311767,42.5,103.6916579,91.11631968,0,
ID116135_ID116436,74,116135,116436,0.108744535,0.408189831,0.065952872,0.329764362,47.5,103.2767393,90.43752676,0,
ID114235_ID115494,74,114235,115494,0.720958408,0.040028106,0.169818539,0.849092697,87.5,98.06493429,91.80025025,0,
ID118607_ID119203,74,118607,119203,1.157252374,0.174638302,0.21515133,1.075756652,137.5,96.13792711,92.23096281,0,
ID111386_ID111679,74,111386,111679,1.768238219,0.384352569,0.265950237,1.329751187,17.5,112.0507001,90.00306502,0,
ID121321_ID119778,74,121321,119778,0.301423644,0.286512889,0.109804124,0.549020622,162.5,94.44623902,91.82703835,0,
ID112228_ID114557,74,112228,114557,0.277911123,0.017434755,0.105434553,0.527172764,67.5,100.6961365,91.29494026,0,
ID117990_ID117674,74,117990,117674,0.227333437,0.306566896,0.095358993,0.476794963,117.5,95.44082404,93.2301164,0,
ID120778_ID121053,74,120778,121053,0.632393368,0.339892743,0.159046329,0.795231644,177.5,94.17603376,91.98522754,0,
ID114557_ID117047,74,114557,117047,0.269134515,1.87E-04,0.103756352,0.518781761,72.5,100.1967277,91.45016925,0,
ID113976_ID111386,74,113976,111386,7.520889234,NaN,0.548484794,2.74242397,12.5,113.3447509,89.85874131,0,
ID123575_ID123351,74,123575,123351,0.102060045,0.392038391,0.063893676,0.319468379,222.5,95.41539775,92.89054325,0,
ID113978_ID111387,75,113978,111387,3.872524734,NaN,0.39357463,1.96787315,12.5,254.5686386,90.10713429,0,
ID112549_ID116142,75,112549,116142,6.027411663,0.1177379,0.49101575,2.455078749,42.5,243.371426,92.3007977,0,
ID116142_ID116443,75,116142,116443,1.747001121,0.557964111,0.26434834,1.3217417,47.5,243.2586747,92.93935532,0,
ID111387_ID111680,75,111387,111680,2.818804138,0.176665814,0.335785892,1.678929462,17.5,252.9212803,90.02142175,0,
ID111680_ID113415,75,111680,113415,1.374472488,0.261996575,0.234475797,1.172378986,22.5,251.785034,89.91631118,0,
ID113415_ID113118,75,113415,113118,42.58280209,0.108177718,0.652554995,6.525549945,30,248.2144002,90.10820647,0,
ID113118_ID112549,75,113118,112549,1.281783262,0.049919253,0.226431735,1.132158674,37.5,244.5058761,90.99843453,0,
ID116443_ID111097,75,116443,111097,3.799207261,0.455635338,0.389831105,1.949155525,52.5,243.7488973,93.49536129,0,
ID111097_ID110800,75,111097,110800,0.154145667,0.410084304,0.078522778,0.39261389,57.5,243.5553829,94.37531913,0,
ID110779_ID112216,76,110779,112216,0.724433165,0.056000843,0.170227279,0.851136396,62.5,97.77669757,85.75606044,0,
ID111954_ID113981,76,111954,113981,3.911769559,0.08573264,0.395563879,1.977819395,7.5,117.8120485,92.41010271,0,
ID113981_ID111391,76,113981,111391,13.88741077,0.065941047,0.745316329,3.726581647,12.5,115.0051281,92.16979004,0,
ID112841_ID111954,76,112841,111954,1.493585248,NaN,0.244424651,1.222123254,2.5,119.3105898,91.9574071,0,
ID111074_ID110779,76,111074,110779,0.227779895,0.070471099,0.095452584,0.47726292,57.5,98.41480447,85.59459659,0,
ID114221_ID115481,76,114221,115481,0.240542257,0.296665941,0.098090215,0.490451075,87.5,94.7748629,86.09547791,0,
ID113697_ID113105,76,113697,113105,10.09081628,0.159359367,0.635320904,3.17660452,32.5,105.8121088,88.26521021,0,
ID114854_ID116718,76,114854,116718,0.365155964,0.11035536,0.120856272,0.604281362,97.5,94.24811539,87.44054499,0,
ID113416_ID113697,76,113416,113697,2.42985094,0.023559244,0.311759583,1.558797915,27.5,107.3932253,89.80171705,0,
ID112535_ID116120,76,112535,116120,8.769486519,0.130703063,0.592266377,2.961331883,42.5,101.6649088,85.40137986,0,
ID116120_ID116422,76,116120,116422,2.339383609,0.243187149,0.305900873,1.529504367,47.5,99.95658472,84.59780473,0,
ID114543_ID117035,76,114543,117035,1.14688823,0.291742836,0.214185735,1.070928677,72.5,96.65576589,85.73243289,0,
ID112216_ID114543,76,112216,114543,0.162406232,0.22495977,0.080599313,0.402996566,67.5,97.24306244,85.65155023,0,
ID115481_ID114854,76,115481,114854,0.868206814,0.016102354,0.186355232,0.931776161,92.5,94.45360981,86.72930665,0,
ID116422_ID111074,76,116422,111074,0.751337331,0.078641093,0.173359434,0.866797168,52.5,98.94012228,85.19091662,0,
ID117035_ID115166,76,117035,115166,0.374924997,0.052501813,0.122462239,0.612311193,77.5,95.88230448,86.04683603,0,
ID111391_ID113416,76,111391,113416,28.58484755,0.014836605,0.534647992,5.346479922,20,110.6654219,90.89009554,0,
ID115166_ID114221,76,115166,114221,0.561886043,0.109553663,0.149918117,0.749590584,82.5,95.22874637,85.99225786,0,
ID113105_ID112535,76,113105,112535,5.57598307,0.170175229,0.472270392,2.361351958,37.5,103.8274099,86.69980483,0,
ID113983_ID111397,77,113983,111397,11.37602926,0.450019179,0.674567395,3.372836975,12.5,219.7992202,95.67433992,0,
ID111958_ID113983,77,111958,113983,0.263087758,NaN,0.102584162,0.51292081,7.5,220.7832595,94.49196445,0,
ID111397_ID111687,77,111397,111687,6.668562853,0.243617746,0.516471213,2.582356066,17.5,219.0569658,98.01198283,0,
ID113430_ID113712,77,113430,113712,1.436690648,0.367477591,0.239724062,1.19862031,27.5,216.2444216,100.3734619,0,
ID113131_ID112562,77,113131,112562,5.827402374,0.161491804,0.482800264,2.41400132,37.5,212.1108827,100.8874967,0,
ID113712_ID113131,77,113712,113131,12.02267389,0.363589038,0.693474553,3.467372764,32.5,214.7988348,101.2491042,0,
ID111687_ID113430,77,111687,113430,13.09400247,0.35810213,0.723712718,3.618563592,22.5,217.7706241,99.51785619,0,
ID112847_ID111955,78,112847,111955,8.064280064,NaN,0.567953521,2.839767607,2.5,257.8785868,93.74150484,0,
ID113419_ID113698,78,113419,113698,1.826556077,0.191959501,0.270300283,1.351501416,27.5,243.9353869,89.90657711,0,
ID111393_ID111682,78,111393,111682,84.11101717,0.017550087,1.834241175,9.171205873,17.5,248.540517,92.39739258,0,
ID113111_ID116130,78,113111,116130,20.51974812,0.055443748,0.452987286,4.529872859,40,240.108948,88.78607888,0,
ID114876_ID116737,78,114876,116737,0.362963104,0.497997023,0.120492839,0.602464193,97.5,234.3745543,99.70171167,0,
ID114552_ID117049,78,114552,117049,4.049617104,0.364884075,0.402473209,2.012366046,72.5,233.8750333,90.50581114,0,
ID113698_ID113111,78,113698,113111,1.701697297,0.067547712,0.26089824,1.304491202,32.5,242.9359079,89.06110908,0,
ID111955_ID113982,78,111955,113982,2.396083129,0.189500865,0.309585732,1.547928658,7.5,256.0149166,93.08977569,0,
ID116130_ID116434,78,116130,116434,5.027650078,0.023668294,0.44844844,2.242242199,47.5,236.7349261,89.00018552,0,
ID111682_ID113419,78,111682,113419,2.373105348,0.344346684,0.308097734,1.540488672,22.5,244.1764225,91.16713902,0,
ID116434_ID111084,78,116434,111084,0.165254625,0.592445805,0.081303044,0.406515221,52.5,235.8282968,89.16694323,0,
ID117049_ID114245,78,117049,114245,28.06143027,0.093353386,0.529730406,5.297304057,80,233.5766523,93.83899298,0,
ID116737_ID115810,78,116737,115810,2.759827208,0.014608331,0.332254553,1.661272767,102.5,234.2293691,98.57978778,0,
ID113982_ID111393,78,113982,111393,4.900513804,0.096188264,0.442742083,2.213710416,12.5,254.1865062,93.09583936,0,
ID111084_ID112223,78,111084,112223,2.433933851,0.255536658,0.1560107,1.560107,60,235.3661633,89.58175823,0,
ID115508_ID114876,78,115508,114876,2.737306194,0.203169145,0.330896128,1.654480642,92.5,233.8475319,99.38383477,0,
ID114245_ID115508,78,114245,115508,5.806325833,0.0887888,0.481926378,2.409631888,87.5,233.6414568,97.61077612,0,
ID115810_ID117375,78,115810,117375,6.502576597,0.410357141,0.510003004,2.550015019,107.5,233.0758745,98.50849887,0,
ID112223_ID114552,78,112223,114552,0.053987803,0.316356547,0.046470551,0.232352756,67.5,234.6413361,89.88935337,0,
ID111395_ID111684,79,111395,111684,0.041337535,0.490673952,0.040663268,0.203316342,17.5,292.067905,95.31618356,0,
ID111962_ID113985,79,111962,113985,5.917771586,0.11686256,0.486529407,2.432647033,7.5,294.0587846,96.68500699,0,
ID113424_ID113708,79,113424,113708,1.997781354,0.035785079,0.282685787,1.413428935,27.5,289.0318874,97.28009464,0,
ID113985_ID111395,79,113985,111395,1.845606423,0.092677768,0.271706196,1.35853098,12.5,292.4392042,95.79284202,0,
ID111684_ID113424,79,111684,113424,8.984268372,0.501042982,0.599475383,2.997376915,22.5,290.870299,96.07584066,0,
ID112853_ID111962,79,112853,111962,0.84367179,NaN,0.183703216,0.91851608,2.5,295.483243,97.45516056,0,
ID113708_ID113126,79,113708,113126,2.718932893,0.026934057,0.329783741,1.648918704,32.5,287.7965997,98.17898637,0,
ID113987_ID111399,80,113987,111399,6.814353026,0.044156088,0.522086316,2.610431579,12.5,375.6212174,97.91526749,0,
ID111399_ID111686,80,111399,111686,14.26500461,0.161528044,0.755380821,3.776904104,17.5,372.7047651,98.32947064,0,
ID112855_ID111961,80,112855,111961,18.84055262,NaN,0.868114108,4.340570541,2.5,379.7660982,98.07473911,0,
ID111686_ID113429,80,111686,113429,2.309631872,0.280723831,0.303949461,1.519747305,22.5,370.5864747,98.69562189,0,
ID111961_ID113987,80,111961,113987,3.163207276,0.248478418,0.355708154,1.778540772,7.5,377.4997735,96.80601124,0,
ID113988_ID111400,81,113988,111400,3.005515815,0.102004748,0.346728471,1.733642355,12.5,290.2105035,98.35625844,0,
ID111959_ID113988,81,111959,113988,58.57667423,0.205312978,1.530707996,7.653539981,7.5,294.2027509,96.06552998,0,
ID111400_ID111689,81,111400,111689,4.167125982,0.120797933,0.408270792,2.041353958,17.5,288.7345054,99.39115668,0,
ID113428_ID113707,81,113428,113707,15.30258141,0.060542618,0.782370281,3.911851404,27.5,282.9418725,98.54003273,0,
ID112561_ID116150,81,112561,116150,1.101253419,0.554215512,0.209881244,1.049406222,42.5,281.3421756,99.33260041,0,
ID113128_ID112561,81,113128,112561,4.969126402,0.472901701,0.445830748,2.229153741,37.5,280.7370959,99.08521283,0,
ID112850_ID111959,81,112850,111959,8.828915156,NaN,0.594269809,2.971349046,2.5,298.9110744,95.31029938,0,
ID113707_ID113128,81,113707,113128,3.913996138,0.222001903,0.39567644,1.978382202,32.5,280.3941136,98.3565001,0,
ID111689_ID113428,81,111689,113428,9.431152095,0.091663721,0.614203618,3.071018088,22.5,286.2467034,99.53757607,0,
ID115224_ID114281,82,115224,114281,0.250048359,0.328507319,0.100009671,0.500048357,82.5,340.3022406,113.543845,0,
ID111112_ID110817,82,111112,110817,7.726046889,0.263210682,0.555915349,2.779576746,57.5,342.6043566,107.3014547,0,
ID114588_ID117092,82,114588,117092,5.073036209,0.060346563,0.450468033,2.252340163,72.5,341.3388778,110.2908546,0,
ID115537_ID114908,82,115537,114908,1.677505812,0.078393028,0.259037126,1.295185628,92.5,338.7943811,114.7579538,0,
ID114281_ID115537,82,114281,115537,2.060860056,0.443322772,0.287113919,1.435569593,87.5,339.876075,113.9682141,0,
ID113991_ID111401,82,113991,111401,0.88562416,0.373290784,0.188215213,0.941076065,12.5,353.3750885,100.738682,0,
ID111698_ID113440,82,111698,113440,0.15138672,0.027887055,0.077816893,0.389084464,22.5,352.8946841,104.597561,0,
ID113138_ID112571,82,113138,112571,7.923773789,0.371936687,0.562983971,2.814919855,37.5,350.9088247,104.9611463,0,
ID114908_ID116767,82,114908,116767,2.348237439,0.526177682,0.306479196,1.53239598,97.5,338.5302563,114.491625,0,
ID116166_ID116465,82,116166,116465,4.957109101,0.012202617,0.445291325,2.226456625,47.5,347.2305152,106.8082683,0,
ID117092_ID115224,82,117092,115224,5.579864259,0.106822543,0.472434726,2.36217363,77.5,340.6996904,112.4226054,0,
ID111401_ID111698,82,111401,111698,17.35789592,0.621754606,0.833256165,4.166280826,17.5,353.1959389,102.3416316,0,
ID113717_ID113138,82,113717,113138,2.469294809,0.603106616,0.314279799,1.571398997,32.5,351.1397846,103.5773658,0,
ID112571_ID116166,82,112571,116166,3.028156273,0.106105556,0.348031968,1.740159841,42.5,349.1389872,106.2719459,0,
ID115838_ID117403,82,115838,117403,0.05666333,0.489687731,0.047608121,0.238040606,107.5,339.7487117,113.6308929,0,
ID116465_ID111112,82,116465,111112,8.638151612,0.114631529,0.587814651,2.939073257,52.5,344.7589719,106.6100719,0,
ID110817_ID112259,82,110817,112259,1.70161844,0.349240946,0.260892195,1.304460977,62.5,341.3673935,108.0159228,0,
ID117403_ID118032,82,117403,118032,0.310490984,0.14956078,0.111443436,0.557217179,112.5,339.3770291,113.5832952,0,
ID111966_ID113991,82,111966,113991,13.05062425,0.133935524,0.722512955,3.612564775,7.5,355.0911656,100.948106,0,
ID112259_ID114588,82,112259,114588,2.765732242,0.522180846,0.332609816,1.66304908,67.5,341.1258756,108.3666437,0,
ID116767_ID115838,82,116767,115838,1.308158403,0.262367602,0.228749505,1.143747526,102.5,339.2714124,113.7240356,0,
ID112860_ID111966,82,112860,111966,12.72914308,NaN,0.713558493,3.567792466,2.5,358.4204933,101.5908352,0,
ID113440_ID113717,82,113440,113717,8.21774803,0.375944961,0.573332296,2.866661478,27.5,351.6373009,104.0129987,0,
ID111688_ID113431,83,111688,113431,2.939504951,0.007730502,0.342899691,1.714498455,22.5,369.9202528,99.51264697,0,
ID113125_ID112555,83,113125,112555,6.638472874,0.037489052,0.515304682,2.576523408,37.5,364.8587028,96.58870537,0,
ID113713_ID113125,83,113713,113125,11.90543624,0.320501008,0.690085103,3.450425516,32.5,366.3175872,99.21069374,0,
ID112246_ID114573,83,112246,114573,1.990784636,0.509125671,0.282190335,1.410951677,67.5,361.9866915,97.84224975,0,
ID117066_ID115188,83,117066,115188,6.20936553,0.404383652,0.498371971,2.491859854,77.5,360.9768163,96.03902338,0,
ID110808_ID112246,83,110808,112246,2.332090039,0.226076166,0.305423643,1.527118214,62.5,361.584363,98.00726967,0,
ID114573_ID117066,83,114573,117066,1.934582512,0.271860775,0.278178541,1.390892703,72.5,361.137802,97.159088,0,
ID116446_ID110808,83,116446,110808,13.45847742,0.17996731,0.366857976,3.668579756,55,361.597091,95.73974573,0,
ID111396_ID111688,83,111396,111688,85.60117815,0.514190082,1.850418095,9.252090475,17.5,375.1184035,97.76913812,0,
ID113431_ID113713,83,113431,113713,5.312496165,0.033670794,0.460977056,2.304885282,27.5,368.0660707,100.2695718,0,
ID114239_ID115502,83,114239,115502,2.69458267,0.29786168,0.328303681,1.641518404,87.5,360.4691681,94.39811592,0,
ID116146_ID116446,83,116146,116446,14.55925884,0.583280266,0.763131937,3.815659686,47.5,363.7980301,94.9832169,0,
ID112555_ID116146,83,112555,116146,1.917981087,0.50094201,0.276982388,1.384911942,42.5,364.7728874,95.75360516,0,
ID113990_ID111396,83,113990,111396,8.294687483,NaN,0.576009982,2.88004991,12.5,378.6005547,97.39986967,0,
ID115188_ID114239,83,115188,114239,0.576509611,0.154860463,0.15185646,0.7592823,82.5,361.387886,94.5545021,0,
ID113134_ID112568,84,113134,112568,1.890569627,0.019779624,0.274995973,1.374979864,37.5,106.7358355,103.4488274,0,
ID122644_ID122898,84,122644,122898,0.165675368,0.2525652,0.081406478,0.407032392,207.5,93.59798685,105.4879738,0,
ID123378_ID124394,84,123378,124394,1.047200351,0.243632401,0.204665615,1.023328076,227.5,94.10006851,111.7207721,0,
ID120574_ID120320,84,120574,120320,0.193008042,0.327330281,0.087865361,0.439326805,187.5,94.36294425,105.4116101,0,
ID111403_ID111695,84,111403,111695,6.065205709,0.063563048,0.492552767,2.462763835,17.5,112.4701702,102.2345016,0,
ID123136_ID123599,84,123136,123599,1.152642792,0.146931423,0.214722406,1.073612031,217.5,93.22659851,111.4185588,0,
ID123599_ID123378,84,123599,123378,0.017323759,0.43348119,0.026323951,0.131619753,222.5,93.56647221,111.7890734,0,
ID117695_ID118317,84,117695,118317,0.203663849,0.478930811,0.090258263,0.451291313,122.5,95.70000029,105.9480907,0,
ID120817_ID121078,84,120817,121078,0.482757705,0.129077759,0.138961535,0.694807675,177.5,94.12356001,104.6397624,0,
ID112252_ID114578,84,112252,114578,0.467975181,0.050820001,0.136817423,0.684087115,67.5,100.4753165,103.620079,0,
ID116162_ID116461,84,116162,116461,0.532857434,0.129895782,0.145994169,0.729970844,47.5,104.2732909,103.0260457,0,
ID115202_ID114257,84,115202,114257,1.207724609,0.105544214,0.219793049,1.098965245,82.5,98.52125891,104.2017363,0,
ID111107_ID110812,84,111107,110812,0.647683089,0.054358632,0.160957521,0.804787605,57.5,102.2825053,103.4494422,0,
ID115822_ID117386,84,115822,117386,0.786290405,0.357276408,0.177346035,0.886730176,107.5,95.78144638,105.4774921,0,
ID111970_ID113993,84,111970,113993,3.178621644,0.115578072,0.356573787,1.782868936,7.5,116.6189489,102.7312313,0,
ID113993_ID111403,84,113993,111403,4.450934223,0.017970397,0.421944746,2.109723731,12.5,114.727289,102.2816698,0,
ID116747_ID115822,84,116747,115822,0.556139897,0.294038197,0.149149576,0.745747878,102.5,96.15980303,105.1286028,0,
ID118622_ID119221,84,118622,119221,0.878080845,0.415701085,0.187411936,0.93705968,137.5,95.86895622,105.0197282,0,
ID114578_ID117075,84,114578,117075,1.354595841,0.121994675,0.232774212,1.163871059,72.5,99.6342968,103.8932678,0,
ID111695_ID113436,84,111695,113436,1.537304347,0.088876808,0.247976156,1.239880779,22.5,110.7265742,102.7233584,0,
ID112568_ID116162,84,112568,116162,2.495563621,0.131203307,0.31594706,1.579735301,42.5,105.3477095,103.2748787,0,
ID117386_ID118013,84,117386,118013,0.658719615,0.356366145,0.162323087,0.811615435,112.5,95.3707604,105.8198558,0,
ID116461_ID111107,84,116461,111107,1.636436196,0.0103042,0.255846532,1.279232659,52.5,103.3010162,103.2776151,0,
ID121078_ID120574,84,121078,120574,0.181898883,0.146898197,0.085299211,0.426496053,182.5,94.34514549,105.1162379,0,
ID118919_ID118622,84,118919,118622,0.077466199,0.141044724,0.055665501,0.278327504,132.5,96.2848394,104.9694469,0,
ID114257_ID115516,84,114257,115516,0.35666145,0.11034387,0.119442279,0.597211395,87.5,97.73184568,104.419429,0,
ID119801_ID121614,84,119801,121614,1.184378141,0.541475865,0.217658277,1.088291386,167.5,94.51059512,104.0351503,0,
ID110812_ID112252,84,110812,112252,1.169512411,0.036305096,0.216287994,1.081439971,62.5,101.348287,103.547165,0,
ID114885_ID116747,84,114885,116747,0.641082629,0.278178861,0.160135271,0.800676357,97.5,96.66005663,104.8474672,0,
ID118013_ID117695,84,118013,117695,0.823856669,0.576334906,0.181533101,0.907665505,117.5,95.37358786,105.9409776,0,
ID112858_ID111970,84,112858,111970,6.788094438,NaN,0.521079435,2.605397175,2.5,118.721263,102.5994979,0,
ID122109_ID121341,84,122109,121341,0.393163378,0.367949772,0.125405483,0.627027414,157.5,94.5677544,104.7088193,0,
ID117075_ID115202,84,117075,115202,0.005263903,0.197694582,0.014510552,0.07255276,77.5,99.10177327,104.1754092,0,
ID119516_ID120059,84,119516,120059,0.005900381,0.084095404,0.015362788,0.076813938,147.5,95.38358296,104.5036173,0,
ID120059_ID122109,84,120059,122109,0.739267995,0.350974394,0.17196139,0.859806952,152.5,95.02693652,104.7339454,0,
ID121341_ID119801,84,121341,119801,0.031975424,0.613827501,0.035763347,0.178816733,162.5,94.48770889,104.4991457,0,
ID121870_ID122644,84,121870,122644,0.077747945,0.625481836,0.055766637,0.278833185,202.5,93.62886271,105.7656499,0,
ID120320_ID122392,84,120320,122392,0.153547243,0.406608872,0.078370209,0.391851046,192.5,94.14429154,105.3905495,0,
ID113436_ID113715,84,113436,113715,2.329591817,0.140036597,0.305260008,1.526300041,27.5,109.4479591,102.9588605,0,
ID121614_ID120817,84,121614,120817,0.829507243,0.524856172,0.182154576,0.910772882,172.5,94.28078717,103.8940333,0,
ID122392_ID121870,84,122392,121870,0.728132405,0.420930594,0.170661349,0.853306747,197.5,93.80894887,105.541851,0,
ID119221_ID119516,84,119221,119516,0.451568745,0.385545038,0.13439773,0.671988649,142.5,95.42071713,104.8731431,0,
ID122898_ID123136,84,122898,123136,32.42406637,0.486886258,1.138842682,5.694213411,212.5,93.19535578,108.1533714,0,
ID113715_ID113134,84,113715,113134,1.841330551,0.091196135,0.271391271,1.356956356,32.5,108.0484823,103.0769826,0,
ID115516_ID114885,84,115516,114885,0.492258072,0.16087678,0.140322211,0.701611054,92.5,97.14490482,104.5335939,0,
ID118317_ID118919,84,118317,118919,0.802640915,0.222273113,0.179180458,0.895902291,127.5,95.9511974,105.4207198,0,
ID113995_ID111408,85,113995,111408,4.812085165,NaN,0.438729309,2.193646545,12.5,40.19227007,104.8912015,0,
ID111699_ID113439,85,111699,113439,0.601648664,0.296034371,0.155132029,0.775660147,22.5,43.67306738,104.1958331,0,
ID111408_ID111699,85,111408,111699,21.10996554,0.605614288,0.918911651,4.594558253,17.5,41.40589918,104.8659938,0,
ID113994_ID111404,86,113994,111404,1.294445316,0.038482193,0.227547386,1.137736928,12.5,124.2498684,103.615751,0,
ID113142_ID112578,86,113142,112578,14.13870793,0.027646202,0.752029466,3.760147328,37.5,115.7036422,109.4813218,0,
ID116170_ID116468,86,116170,116468,1.829470687,0.103489146,0.270515854,1.352579272,47.5,110.6588982,109.3238013,0,
ID111404_ID111697,86,111404,111697,17.3690138,0.269820779,0.833522976,4.167614881,17.5,121.972525,103.5862381,0,
ID112865_ID111978,86,112865,111978,10.49613837,NaN,0.647954887,3.239774433,2.5,128.5051465,106.7606094,0,
ID113441_ID113722,86,113441,113722,4.075751608,0.252378009,0.403769816,2.01884908,27.5,117.3124279,105.9584822,0,
ID113722_ID113142,86,113722,113142,1.249511018,0.134474343,0.223563058,1.117815288,32.5,116.9827071,107.4094684,0,
ID111978_ID113994,86,111978,113994,18.5908833,0.288821717,0.862342932,4.311714659,7.5,125.7998283,105.8465559,0,
ID111697_ID113441,86,111697,113441,7.775505757,0.01768392,0.557691878,2.788459388,22.5,118.6223639,104.5084442,0,
ID112578_ID116170,86,112578,116170,15.05497124,0.306906202,0.776014723,3.880073613,42.5,113.0509733,110.2067587,0,
ID113997_ID111411,87,113997,111411,11.47431293,0.060378055,0.677475104,3.387375522,12.5,42.10626957,107.5637655,0,
ID111411_ID111703,87,111411,111703,14.06232427,0.242180855,0.749995314,3.74997657,17.5,39.31781013,108.4832258,0,
ID111703_ID113448,87,111703,113448,12.08655083,0.384826531,0.695314341,3.476571707,22.5,37.67815597,109.7454247,0,
ID113726_ID113148,87,113726,113148,5.339020714,0.073057284,0.462126421,2.310632103,32.5,33.35785128,112.5457678,0,
ID111972_ID113997,87,111972,113997,4.097924645,0.049714681,0.404866627,2.024333136,7.5,43.88018732,105.5588193,0,
ID112864_ID111972,87,112864,111972,2.851274544,NaN,0.337714349,1.688571747,2.5,45.45627726,104.6049715,0,
ID113148_ID112577,87,113148,112577,5.277973847,0.307337036,0.459476826,2.297384131,37.5,31.75504626,112.1265004,0,
ID113448_ID113726,87,113448,113726,12.42390959,0.305582941,0.704951334,3.524756672,27.5,36.11033808,111.728407,0,
ID118937_ID118639,88,118937,118639,1.037666478,0.628022686,0.203731831,1.018659157,132.5,337.0398162,114.1273025,0,
ID115837_ID117402,88,115837,117402,0.256589435,0.420959544,0.101309315,0.506546577,107.5,338.4674027,113.448415,0,
ID118639_ID119227,88,118639,119227,25.05597148,0.178267214,1.001118804,5.005594019,137.5,335.635252,111.64685,0,
ID116762_ID115837,88,116762,115837,3.980962278,0.251434102,0.399046979,1.995234893,102.5,338.0025286,112.6828621,0,
ID116168_ID116463,88,116168,116463,3.326786273,0.16824852,0.364789598,1.823947991,47.5,349.3560623,106.2900087,0,
ID113140_ID112572,88,113140,112572,4.874665521,0.077426278,0.441572894,2.207864471,37.5,353.5434756,105.7566056,0,
ID113720_ID113140,88,113720,113140,1.501607538,0.048671902,0.245080194,1.22540097,32.5,355.0503246,104.9975773,0,
ID112261_ID114587,88,112261,114587,0.141557406,0.121472825,0.075248231,0.376241154,67.5,339.5853301,108.4976772,0,
ID118329_ID118937,88,118329,118937,0.188310823,0.254945798,0.08678959,0.433947949,127.5,336.9715858,114.4115852,0,
ID114277_ID115533,88,114277,115533,0.041267683,0.231843762,0.040628898,0.203144488,87.5,337.1782911,111.933774,0,
ID119227_ID119521,88,119227,119521,13.68545607,0.133000675,0.739877181,3.699385904,142.5,332.319594,109.2019239,0,
ID111980_ID113999,88,111980,113999,18.86096478,NaN,0.868584245,4.342921227,7.5,358.9676229,107.0022314,0,
ID117402_ID118031,88,117402,118031,0.131529842,0.016568329,0.072534086,0.362670431,112.5,338.0439139,113.5444712,0,
ID116463_ID110819,88,116463,110819,49.89516139,0.11418135,0.706365071,7.063650713,55,345.6219915,107.718879,0,
ID113999_ID111407,88,113999,111407,12.87873476,0.474842381,0.717739082,3.588695412,12.5,358.5924003,105.5238968,0,
ID114904_ID116762,88,114904,116762,0.91728315,0.586544703,0.1915498,0.957749002,97.5,336.8675343,112.2021125,0,
ID110819_ID112261,88,110819,112261,9.735772453,0.179415752,0.624043987,3.120219937,62.5,341.177391,109.1431803,0,
ID111696_ID113438,88,111696,113438,7.441344207,0.232121694,0.545576547,2.727882733,22.5,357.6970209,103.1786709,0,
ID113438_ID113720,88,113438,113720,2.134796468,0.159502146,0.292218854,1.461094271,27.5,355.9317168,103.9970357,0,
ID117090_ID115215,88,117090,115215,0.452630098,0.412106007,0.134555579,0.672777897,77.5,338.9415561,110.7807971,0,
ID112572_ID116168,88,112572,116168,6.078790906,0.011048237,0.493104083,2.465520413,42.5,351.3119577,106.4467561,0,
ID115215_ID114277,88,115215,114277,3.82201901,0.273243076,0.390999694,1.954998468,82.5,337.9669146,111.283132,0,
ID115533_ID114904,88,115533,114904,0.688414477,0.213014443,0.165941493,0.829707465,92.5,336.7631138,112.1593283,0,
ID111407_ID111696,88,111407,111696,4.921636189,0.348425694,0.443695219,2.218476096,17.5,359.6437737,103.8911036,0,
ID114587_ID117090,88,114587,117090,6.925981153,0.481068042,0.526345178,2.631725889,72.5,339.3474183,109.6567423,0,
ID118031_ID117709,88,118031,117709,0.415572736,0.196894026,0.128929862,0.644649312,117.5,337.7363984,113.8714114,0,
ID117709_ID118329,88,117709,118329,0.343011161,0.220259972,0.117134309,0.585671547,122.5,337.3151114,114.1837777,0,
ID113998_ID111410,89,113998,111410,0.51116627,0.218362834,0.142991786,0.714958929,12.5,248.9508899,105.8817466,0,
ID116158_ID116456,89,116158,116456,7.0137299,0.180472961,0.529668949,2.648344747,47.5,231.9883836,101.442843,0,
ID115515_ID114880,89,115515,114880,15.77953599,0.465640357,0.794469282,3.972346409,92.5,229.7091915,102.92328,0,
ID111410_ID111701,89,111410,111701,24.56568158,0.102643438,0.991275574,4.956377869,17.5,246.156237,105.8300928,0,
ID112569_ID116158,89,112569,116158,7.846387748,0.107843414,0.560228087,2.801140437,42.5,234.1854395,102.5322321,0,
ID113723_ID113139,89,113723,113139,23.36638297,0.384801595,0.966775733,4.833878667,32.5,239.1176509,107.0907114,0,
ID116739_ID115812,89,116739,115812,4.387426333,0.142938482,0.418923684,2.094618422,102.5,231.4986331,98.83422156,0,
ID114579_ID117076,89,114579,117076,0.866328222,0.273043338,0.186153509,0.930767545,72.5,229.3070986,103.9995752,0,
ID115812_ID117376,89,115812,117376,6.446368299,0.389469886,0.507793986,2.538969929,107.5,230.1838251,98.87822868,0,
ID122093_ID121329,89,122093,121329,1.41873536,0.227812281,0.238221356,1.191106779,157.5,230.9995519,94.76205811,0,
ID117076_ID115205,89,117076,115205,1.226108692,0.029629085,0.221459585,1.107297924,77.5,228.576663,104.7061493,0,
ID114880_ID116739,89,114880,116739,5.369573824,0.174580714,0.463446818,2.317234089,97.5,231.7343226,100.8876811,0,
ID114259_ID115515,89,114259,115515,14.55088632,0.559370417,0.76291248,3.814562402,87.5,229.7399575,104.4648354,0,
ID110809_ID112256,89,110809,112256,25.62852739,0.268440863,1.012492516,5.062462582,62.5,230.576597,102.7267873,0,
ID112256_ID114579,89,112256,114579,5.061914895,0.51750869,0.449973995,2.249869973,67.5,230.5434204,104.4086095,0,
ID117376_ID118002,89,117376,118002,3.099204383,0.585895029,0.352091146,1.760455732,112.5,229.7778843,99.07012081,0,
ID111973_ID113998,89,111973,113998,6.407531778,NaN,0.506262058,2.531310289,7.5,250.297706,105.3048552,0,
ID111701_ID113444,89,111701,113444,1.112315679,0.162296388,0.210932755,1.054663775,22.5,243.334773,106.3381725,0,
ID118619_ID119210,89,118619,119210,14.78193864,0.465251766,0.768945737,3.844728683,137.5,231.8612606,99.32211601,0,
ID111104_ID110809,89,111104,110809,0.355970939,0.486127474,0.1193266,0.596633002,57.5,229.4364091,100.3734236,0,
ID118002_ID117682,89,118002,117682,3.041166321,0.222155182,0.348778802,1.743894011,117.5,231.0649453,98.32174547,0,
ID119506_ID120046,89,119506,120046,1.935759374,0.489812966,0.27826314,1.391315699,147.5,232.680465,96.20004186,0,
ID119210_ID119506,89,119210,119506,5.869910294,0.186169858,0.484557955,2.422789775,142.5,233.1838664,96.83315898,0,
ID113444_ID113723,89,113444,113723,15.94964953,0.028349021,0.798740246,3.993701232,27.5,241.4800626,108.0441694,0,
ID120046_ID122093,89,120046,122093,4.311874612,0.34835731,0.415301077,2.076505385,152.5,231.5433256,96.04830991,0,
ID117682_ID118308,89,117682,118308,2.180666405,0.405058647,0.295341592,1.476707962,122.5,231.5914836,99.00214319,0,
ID121329_ID119789,89,121329,119789,1.163695319,0.367577853,0.215749421,1.078747106,162.5,231.6414959,94.50916616,0,
ID118308_ID118909,89,118308,118909,1.148023733,0.369407605,0.214291739,1.071458694,127.5,230.8590761,99.28495327,0,
ID118909_ID118619,89,118909,118619,2.856798108,0.461619644,0.338041306,1.690206528,132.5,230.4504468,99.75979091,0,
ID116456_ID111104,89,116456,111104,3.409636682,0.120834931,0.369304031,1.846520155,52.5,229.9020803,100.9276382,0,
ID113139_ID112569,89,113139,112569,11.72245732,0.170244347,0.684761486,3.42380743,37.5,236.6612867,104.2284858,0,
ID115205_ID114259,89,115205,114259,11.10630156,0.462032708,0.666522365,3.332611823,82.5,229.8719425,105.1087526,0,
ID116482_ID111128,90,116482,111128,3.770048554,0.361912203,0.388332257,1.941661287,52.5,193.498088,116.2438918,0,
ID110832_ID112269,90,110832,112269,5.099454458,0.346833787,0.451639434,2.25819717,62.5,190.4830242,116.2220493,0,
ID111705_ID113447,90,111705,113447,5.590337018,0.612387892,0.472877871,2.364389354,22.5,197.1510266,110.192143,0,
ID114601_ID117100,90,114601,117100,1.405615038,0.373794648,0.237117274,1.185586369,72.5,187.9692581,116.2483662,0,
ID114003_ID111418,90,114003,111418,33.34800223,0.029437418,1.154954583,5.774772916,12.5,200.5911393,110.1732433,0,
ID113727_ID113150,90,113727,113150,10.28669646,0.232931424,0.641457604,3.207288022,32.5,195.1939622,113.5637344,0,
ID113150_ID112584,90,113150,112584,1.517751082,0.543217703,0.246394081,1.231970406,37.5,194.8975631,114.5951334,0,
ID111418_ID111705,90,111418,111705,4.269997439,0.182812348,0.413279442,2.066397212,17.5,196.9790426,110.1729906,0,
ID112867_ID111979,90,112867,111979,7.317298134,NaN,0.541010097,2.705050486,2.5,210.0525446,107.3638838,0,
ID113447_ID113727,90,113447,113727,9.401611244,0.434024514,0.613240939,3.066204697,27.5,196.6909163,111.4134361,0,
ID117100_ID115230,90,117100,115230,2.529128438,0.519447829,0.318064675,1.590323375,77.5,187.5661815,116.3697858,0,
ID112584_ID116175,90,112584,116175,1.499197844,0.260458932,0.24488347,1.224417349,42.5,195.1524065,113.6520652,0,
ID116175_ID116482,90,116175,116482,14.1515465,0.517730933,0.752370826,3.761854131,47.5,194.9680441,115.0372886,0,
ID112269_ID114601,90,112269,114601,4.947049412,0.238484574,0.44483927,2.224196352,67.5,188.7732323,115.5037531,0,
ID111128_ID110832,90,111128,110832,4.710893256,0.269725401,0.434091845,2.170459227,57.5,191.9011526,116.4291879,0,
ID111979_ID114003,90,111979,114003,32.43576841,0.065358166,1.139048171,5.695240856,7.5,206.052569,108.4746304,0,
ID114002_ID111413,91,114002,111413,1.001786502,0.105588558,0.200178571,1.000892853,12.5,402.4535167,108.6449783,0,
ID111983_ID114002,91,111983,114002,11.89030644,0.048670972,0.689646473,3.448232364,7.5,404.566604,109.1435609,0,
ID112875_ID111983,91,112875,111983,10.60063233,NaN,0.651172245,3.255861227,2.5,407.5387191,110.6393379,0,
ID111982_ID114005,92,111982,114005,0.226939772,0.20747383,0.095276392,0.47638196,7.5,317.7827402,109.9048146,0,
ID112870_ID111982,92,112870,111982,10.23659321,NaN,0.639893529,3.199467645,2.5,319.3751059,109.2208809,0,
ID111708_ID113450,92,111708,113450,18.11509041,0.058212074,0.851236522,4.25618261,22.5,311.7894023,112.7680207,0,
ID114005_ID111415,92,114005,111415,5.224243871,0.30419883,0.457132098,2.285660489,12.5,316.6038266,109.9126139,0,
ID111415_ID111708,92,111415,111708,7.457576613,0.1528104,0.546171278,2.730856388,17.5,314.331599,110.4233495,0,
ID112869_ID111981,93,112869,111981,2.768576245,NaN,0.332780783,1.663903917,2.5,298.8051938,108.3242438,0,
ID111981_ID114004,93,111981,114004,6.914144406,0.048402613,0.525895214,2.629476071,7.5,296.7912571,109.0232321,0,
ID114004_ID111416,93,114004,111416,21.53859354,0.061265271,0.928193806,4.640969031,12.5,293.2915617,109.8496275,0,
ID113451_ID113728,94,113451,113728,12.23365853,0.290158841,0.699532945,3.497664725,27.5,59.08433066,114.0029826,0,
ID116171_ID116470,94,116171,116470,9.826684434,0.055926581,0.626950857,3.134754286,47.5,50.09392026,110.5162393,0,
ID111419_ID111711,94,111419,111711,3.037442822,0.234892955,0.34856522,1.742826102,17.5,62.46889569,113.6743126,0,
ID115841_ID117395,94,115841,117395,13.89564673,0.353971272,0.745537302,3.727686512,107.5,33.14590713,112.3352404,0,
ID118926_ID118635,94,118926,118635,6.401318784,0.221212101,0.506016552,2.530082762,132.5,28.20463236,110.7622648,0,
ID118635_ID119228,94,118635,119228,7.806223929,0.299208944,0.55879241,2.793962049,137.5,26.30142931,111.2023395,0,
ID117097_ID115220,94,117097,115220,1.922380239,0.332983058,0.277299855,1.386499275,77.5,38.99035969,113.354247,0,
ID116764_ID115841,94,116764,115841,3.238637889,0.025165975,0.359924319,1.799621596,102.5,34.49936888,113.67256,0,
ID115527_ID114902,94,115527,114902,4.175579471,0.269465281,0.408684694,2.043423468,92.5,38.25603948,111.119589,0,
ID117395_ID118025,94,117395,118025,6.186617243,0.333743002,0.497458229,2.487291146,112.5,31.43652606,111.0525229,0,
ID117699_ID118321,94,117699,118321,2.782181979,0.414566206,0.333597481,1.667987404,122.5,30.02325351,109.9723806,0,
ID111119_ID110830,94,111119,110830,9.784039336,0.040912108,0.625588981,3.127944906,57.5,46.86376106,113.5051625,0,
ID114272_ID115527,94,114272,115527,0.438690265,0.352333368,0.132467395,0.662336973,87.5,37.17171714,110.7621215,0,
ID112579_ID116171,94,112579,116171,11.68358541,0.133644582,0.683625202,3.418126009,42.5,53.29747633,111.03023,0,
ID116470_ID111119,94,116470,111119,3.581084722,0.197332485,0.378475084,1.892375418,52.5,47.99451671,111.2779246,0,
ID113147_ID112579,94,113147,112579,0.755094796,0.176922242,0.173792381,0.868961907,37.5,55.18260419,111.8797369,0,
ID112879_ID111990,94,112879,111990,1.167528324,NaN,0.216104449,1.080522246,2.5,67.76947726,113.7522947,0,
ID114007_ID111419,94,114007,111419,6.414588634,0.24644252,0.506540764,2.532703819,12.5,63.47716416,112.1916131,0,
ID119228_ID119519,94,119228,119519,14.86610473,0.064847814,0.771131759,3.855658793,142.5,23.7145758,109.1819701,0,
ID111990_ID114007,94,111990,114007,12.79250191,0.216699408,0.715332144,3.576660721,7.5,65.92350386,112.758722,0,
ID112268_ID114598,94,112268,114598,8.387311679,0.030876488,0.579217116,2.896085579,67.5,41.16464903,114.8980778,0,
ID114902_ID116764,94,114902,116764,16.87515843,0.430755736,0.821587693,4.107938465,97.5,37.19081913,112.4676998,0,
ID113728_ID113147,94,113728,113147,8.123968802,0.202434238,0.570051535,2.850257673,32.5,56.85238523,112.3447364,0,
ID114598_ID117097,94,114598,117097,3.141706859,0.175492334,0.354497213,1.772486067,72.5,39.09196734,114.4220566,0,
ID118321_ID118926,94,118321,118926,3.961281676,0.582421858,0.398059376,1.990296881,127.5,29.85697004,109.7678412,0,
ID110830_ID112268,94,110830,112268,13.43296328,0.246378664,0.733020144,3.665100719,62.5,44.43527471,114.8514025,0,
ID115220_ID114272,94,115220,114272,10.41746875,0.360808219,0.645522076,3.227610378,82.5,38.22416709,111.9468608,0,
ID118025_ID117699,94,118025,117699,3.312604178,0.266283163,0.364011218,1.820056092,117.5,29.74629152,110.8188748,0,
ID111711_ID113451,94,111711,113451,8.160436165,0.264197449,0.571329543,2.856647715,22.5,61.23096499,115.0463201,0,
ID112877_ID111985,95,112877,111985,8.72883779,NaN,0.590892132,2.95446066,2.5,118.4276669,112.0231444,0,
ID111706_ID113446,95,111706,113446,0.783034095,0.169639062,0.176978428,0.884892138,22.5,111.4914309,110.7004139,0,
ID114006_ID111414,95,114006,111414,3.466613961,0.020453423,0.372376904,1.861884519,12.5,114.9506281,110.2859225,0,
ID111414_ID111706,95,111414,111706,6.175366013,0.14579036,0.497005675,2.485028373,17.5,112.9287066,110.0671891,0,
ID111985_ID114006,95,111985,114006,2.195391693,0.007516167,0.296337085,1.481685423,7.5,116.430374,111.0592337,0,
ID120580_ID120327,96,120580,120327,0.522501618,0.487332863,0.144568547,0.722842734,187.5,93.69539398,111.8089013,0,
ID116751_ID115825,96,116751,115825,11.68711569,0.413736385,0.683728475,3.418642375,102.5,100.4728531,106.6376931,0,
ID124014_ID123821,96,124014,123821,0.085429193,0.184885292,0.058456545,0.292282727,242.5,95.66842704,114.2128244,0,
ID121622_ID120824,96,121622,120824,7.597076104,0.591234917,0.551255879,2.756279395,172.5,94.81303322,111.0816165,0,
ID118636_ID119232,96,118636,119232,0.915135711,0.152630195,0.191325452,0.956627258,137.5,98.16257631,112.0662981,0,
ID112580_ID116172,96,112580,116172,4.958397065,0.13978029,0.445349169,2.226745847,42.5,105.6576558,111.1792141,0,
ID121350_ID119808,96,121350,119808,0.459717318,0.481079251,0.135604914,0.67802457,162.5,95.7031747,110.671242,0,
ID120824_ID121084,96,120824,121084,0.091425366,0.231934561,0.060473256,0.302366278,177.5,93.3742964,111.2183378,0,
ID124398_ID124213,96,124398,124213,1.077440173,0.511610142,0.207599631,1.037998156,232.5,94.98623751,114.1473323,0,
ID119808_ID121622,96,119808,121622,0.184241681,0.237495171,0.085846766,0.42923383,167.5,95.98028498,111.0435628,0,
ID117700_ID118325,96,117700,118325,1.729426745,0.473599084,0.263015341,1.315076707,122.5,98.84629443,110.5300773,0,
ID111707_ID113449,96,111707,113449,0.883770156,0.235623939,0.188018101,0.940090504,22.5,109.0472204,111.4516344,0,
ID114592_ID117086,96,114592,117086,8.505131444,0.216011983,0.58327117,2.91635585,72.5,105.7369558,110.1478369,0,
ID122648_ID122900,96,122648,122900,0.102477939,0.282361864,0.064024351,0.320121756,207.5,92.56908821,111.8837768,0,
ID113724_ID113146,96,113724,113146,1.090653308,0.432417943,0.208868696,1.044343482,32.5,108.6183304,110.6871849,0,
ID111417_ID111707,96,111417,111707,6.105692352,0.21396011,0.494193984,2.470969921,17.5,110.3775312,110.8019506,0,
ID122115_ID121350,96,122115,121350,7.236531218,0.493716047,0.53801603,2.690080151,157.5,96.71741187,111.139846,0,
ID116473_ID110822,96,116473,110822,5.666587059,0.010874193,0.238045942,2.380459422,55,106.3609474,110.7180349,0,
ID120327_ID122397,96,120327,122397,0.121959939,0.327502688,0.069845526,0.349227632,192.5,93.31402711,111.7236956,0,
ID123604_ID123383,96,123604,123383,0.068802004,0.059375533,0.052460272,0.262301361,222.5,94.25694197,114.4480162,0,
ID115520_ID114889,96,115520,114889,1.896749282,0.198973248,0.275445042,1.377225211,92.5,102.2545849,106.7073691,0,
ID119527_ID120064,96,119527,120064,1.079095152,0.139633235,0.20775901,1.038795048,147.5,97.65906381,111.0395461,0,
ID110822_ID112262,96,110822,112262,0.971347987,0.159100061,0.197113976,0.985569879,62.5,107.8519285,110.2105783,0,
ID112876_ID111988,96,112876,111988,13.5568402,NaN,0.736392292,3.68196146,2.5,116.1488827,112.8031902,0,
ID113146_ID112580,96,113146,112580,2.423330686,0.022027523,0.311341015,1.556705074,37.5,107.4380532,111.2288342,0,
ID122397_ID121874,96,122397,121874,0.512177348,0.466653738,0.143133134,0.715665668,197.5,93.07191973,111.8403296,0,
ID121084_ID120580,96,121084,120580,0.670110464,0.30412024,0.16372055,0.818602751,182.5,93.67997734,111.5395116,0,
ID115209_ID114267,96,115209,114267,1.570045531,0.604015544,0.250602915,1.253014577,82.5,104.5619995,106.9328653,0,
ID118931_ID118636,96,118931,118636,1.282314423,0.550285964,0.226478646,1.132393228,132.5,99.12609918,112.1776894,0,
ID122900_ID123140,96,122900,123140,4.846938162,0.518995617,0.440315258,2.20157629,212.5,93.05006014,112.7234078,0,
ID113449_ID113724,96,113449,113724,2.180696538,0.600125939,0.295343633,1.476718165,27.5,109.007406,111.1736199,0,
ID117392_ID118021,96,117392,118021,0.25131872,0.136136407,0.100263397,0.501316985,112.5,98.19904028,109.8385268,0,
ID123140_ID123604,96,123140,123604,0.834054281,0.065314087,0.182653145,0.913265723,217.5,93.82787607,114.0528551,0,
ID116172_ID116473,96,116172,116473,0.334854233,0.566956749,0.115733182,0.578665908,47.5,104.8876593,110.8382839,0,
ID118325_ID118931,96,118325,118931,3.842499995,0.317625795,0.392045915,1.960229577,127.5,98.98812175,111.6921992,0,
ID114267_ID115520,96,114267,115520,3.54187989,0.294676746,0.376397656,1.881988281,87.5,103.4940023,107.4349003,0,
ID115825_ID117392,96,115825,117392,7.738232987,0.252344694,0.556353592,2.781767961,107.5,98.58486074,108.2924309,0,
ID121874_ID122648,96,121874,122648,0.103010015,0.241910393,0.064190347,0.320951733,202.5,92.70571832,112.0858592,0,
ID123383_ID124398,96,123383,124398,1.185253378,0.127520684,0.217738685,1.088693427,227.5,94.91133756,114.4448821,0,
ID124213_ID124014,96,124213,124014,1.190493607,0.567174436,0.218219487,1.091097433,237.5,95.06013407,114.0006956,0,
ID114889_ID116751,96,114889,116751,0.116431663,0.587739356,0.068244169,0.341220843,97.5,102.0545141,106.2245464,0,
ID120064_ID122115,96,120064,122115,2.007830015,0.590591985,0.283395837,1.416979186,152.5,97.61587699,111.2562159,0,
ID114009_ID111417,96,114009,111417,4.348829079,0.097320056,0.417076927,2.085384636,12.5,112.2352026,111.4345322,0,
ID111988_ID114009,96,111988,114009,2.497531011,0.097336678,0.316071575,1.580357874,7.5,113.5918644,112.5867557,0,
ID119232_ID119527,96,119232,119527,0.522118583,0.424152799,0.144515547,0.722577735,142.5,97.79495191,111.857672,0,
ID112262_ID114592,96,112262,114592,1.933028464,0.586035698,0.278066788,1.39033394,67.5,107.6213777,110.2658889,0,
ID117086_ID115209,96,117086,115209,10.77490139,0.254133309,0.656502898,3.282514492,77.5,104.542785,107.9548794,0,
ID118021_ID117700,96,118021,117700,1.789969111,0.464730287,0.267579454,1.337897272,117.5,98.6818926,110.0573527,0,
ID111986_ID114008,97,111986,114008,2.0601978,0.284956995,0.287067783,1.435338915,7.5,251.2327681,111.8041383,0,
ID113718_ID113136,97,113718,113136,5.122756521,0.234186685,0.452670146,2.263350729,32.5,244.5343592,103.9638066,0,
ID112871_ID111986,97,112871,111986,2.398421632,NaN,0.309736768,1.548683838,2.5,251.7832476,110.8175612,0,
ID112565_ID116154,97,112565,116154,1.956168906,0.298976535,0.279726217,1.398631083,42.5,241.8430382,101.7959232,0,
ID111702_ID113443,97,111702,113443,8.747755723,0.269020845,0.591532103,2.957660515,22.5,246.9039429,106.3744148,0,
ID113136_ID112565,97,113136,112565,4.878351107,0.00702025,0.441739793,2.208698963,37.5,242.5399612,102.9535372,0,
ID114008_ID111412,97,114008,111412,11.12863447,0.309947038,0.66719216,3.335960801,12.5,249.9981047,110.4538668,0,
ID111412_ID111702,97,111412,111702,8.608751734,0.007808102,0.586813488,2.934067439,17.5,248.9056777,107.5159785,0,
ID113443_ID113718,97,113443,113718,4.589142221,0.354710338,0.428445666,2.142228331,27.5,245.4972853,105.5272999,0,
ID112890_ID111997,98,112890,111997,4.788552831,NaN,0.437655245,2.188276224,2.5,348.5781342,117.6304751,0,
ID111997_ID114010,98,111997,114010,8.62653223,0.172910126,0.587419177,2.937095884,7.5,348.5491719,115.2984173,0,
ID114010_ID111420,98,114010,111420,2.619904103,0.332321192,0.323722357,1.618611783,12.5,348.2745097,113.7107741,0,
ID114013_ID111421,99,114013,111421,3.342289706,0.145048377,0.365638603,1.828193017,12.5,246.0104557,114.5200159,0,
ID111421_ID111710,99,111421,111710,2.458131452,0.050368118,0.313568586,1.56784293,17.5,244.6212385,113.5670562,0,
ID112882_ID111993,99,112882,111993,5.796421648,NaN,0.481515177,2.407575886,2.5,250.9088441,114.8986243,0,
ID111993_ID114013,99,111993,114013,9.135404692,0.031637849,0.60449664,3.0224832,7.5,248.2104017,115.1092553,0,
ID114012_ID111423,100,114012,111423,2.994141341,0.080002491,0.346071746,1.730358732,12.5,242.830136,115.1382949,0,
ID113454_ID113733,100,113454,113733,2.730198477,0.107233533,0.330466245,1.652331225,27.5,239.5889702,117.7681902,0,
ID111989_ID114012,100,111989,114012,4.703697837,0.530432125,0.433760203,2.168801014,7.5,244.5571881,114.3197461,0,
ID113733_ID113154,100,113733,113154,0.418962735,0.394768247,0.129454662,0.647273308,32.5,238.8379602,117.8845184,0,
ID111423_ID111713,100,111423,111713,0.794485764,0.032307976,0.178267862,0.891339309,17.5,241.5721163,115.4927967,0,
ID112880_ID111989,100,112880,111989,8.000218135,NaN,0.565693137,2.828465686,2.5,244.0376468,113.8737033,0,
ID111713_ID113454,100,111713,113454,3.553277019,0.142203297,0.37700276,1.885013798,22.5,240.7245355,116.4953362,0,
ID113453_ID113731,101,113453,113731,2.834432208,0.124812555,0.336715441,1.683577206,27.5,6.629451142,116.4688746,0,
ID113731_ID113149,101,113731,113149,9.656291264,0.065372343,0.621491473,3.107457363,32.5,4.602834735,115.247059,0,
ID114015_ID111425,101,114015,111425,12.21327858,0.058829319,0.698950029,3.494750146,12.5,11.9151003,116.7042042,0,
ID111994_ID114015,101,111994,114015,3.5026474,0.029528135,0.374307221,1.871536107,7.5,14.57132896,116.6472154,0,
ID111712_ID113453,101,111712,113453,5.693884205,0.225860949,0.477237224,2.386186121,22.5,8.567707451,116.3961078,0,
ID112885_ID111994,101,112885,111994,1.435526722,NaN,0.239626937,1.198134684,2.5,16.04635447,116.2375545,0,
ID113149_ID112587,101,113149,112587,8.61068845,0.244027225,0.586879492,2.934397459,37.5,2.131907389,115.0813799,0,
ID111425_ID111712,101,111425,111712,0.477911598,0.150907774,0.138262301,0.691311506,17.5,9.941532796,116.3067771,0,
ID113455_ID113734,102,113455,113734,0.428450434,0.378085909,0.130912251,0.654561253,27.5,236.9798989,118.332733,0,
ID114899_ID116759,102,114899,116759,4.85787856,0.042883149,0.440811913,2.204059564,97.5,223.1754459,110.9557494,0,
ID114600_ID115223,102,114600,115223,46.84643972,0.05396302,0.68444459,6.844445903,75,228.9399101,114.3084796,0,
ID111718_ID113455,102,111718,113455,2.755859325,0.299187843,0.332015622,1.660078108,22.5,237.7347543,118.0970377,0,
ID117394_ID118022,102,117394,118022,0.358181435,0.503929669,0.119696522,0.59848261,112.5,222.9924593,110.0148027,0,
ID118022_ID117698,102,118022,117698,0.387715398,0.046927941,0.124533594,0.622667968,117.5,223.5582587,109.7967031,0,
ID116182_ID116480,102,116182,116480,1.862444141,0.061731626,0.272942788,1.364713941,47.5,236.06863,115.9949708,0,
ID115830_ID117394,102,115830,117394,1.329338382,0.607527811,0.230593875,1.152969376,107.5,223.2993761,110.2322221,0,
ID111428_ID111718,102,111428,111718,1.171539845,0.146156065,0.216475388,1.082376942,17.5,238.6553067,117.648013,0,
ID114279_ID115535,102,114279,115535,1.27816922,0.598589492,0.226112292,1.130561462,87.5,225.6209058,113.0444777,0,
ID114014_ID111428,102,114014,111428,5.526043755,0.215264697,0.470150774,2.35075387,12.5,239.6756936,116.3908116,0,
ID113734_ID113155,102,113734,113155,0.228345861,0.559165823,0.095571096,0.477855481,32.5,237.0811666,118.4152369,0,
ID116759_ID115830,102,116759,115830,2.409917208,0.498271015,0.310478161,1.552390804,102.5,223.0948278,110.2858459,0,
ID111127_ID110829,102,111127,110829,1.275694621,0.151764941,0.225893304,1.12946652,57.5,234.9196808,114.8538697,0,
ID115223_ID114279,102,115223,114279,0.202906162,0.566048524,0.090090213,0.450451065,82.5,225.9511653,113.1412978,0,
ID113155_ID112589,102,113155,112589,1.47287522,0.217174248,0.242724141,1.213620707,37.5,236.6148843,117.8295303,0,
ID112589_ID116182,102,112589,116182,0.675758764,0.213017892,0.164409095,0.822045476,42.5,236.1619615,117.0721245,0,
ID111996_ID114014,102,111996,114014,5.390533511,0.59283978,0.46435045,2.32175225,7.5,241.6649221,116.1316234,0,
ID110829_ID112271,102,110829,112271,6.345607582,0.307773184,0.503809789,2.519048944,62.5,233.5783155,115.2430751,0,
ID112271_ID114600,102,112271,114600,0.534705781,0.317773397,0.146247158,0.73123579,67.5,232.3837052,115.7687576,0,
ID112886_ID111996,102,112886,111996,0.594613624,NaN,0.154222388,0.77111194,2.5,242.4080786,116.3823974,0,
ID116480_ID111127,102,116480,111127,0.406149798,0.257402355,0.127459766,0.637298829,52.5,235.6140247,115.3005352,0,
ID115535_ID114899,102,115535,114899,2.731373948,0.141393697,0.330537378,1.652686888,92.5,224.5487482,112.2940161,0,
ID111998_ID114017,103,111998,114017,1.130711256,0.301171463,0.212669815,1.063349075,7.5,229.3270243,117.5522443,0,
ID111715_ID113452,103,111715,113452,0.89389903,0.01531183,0.189092467,0.945462337,22.5,222.7704695,116.2386737,0,
ID114017_ID111426,103,114017,111426,10.30075746,0.221246308,0.641895863,3.209479314,12.5,227.43469,117.3486216,0,
ID112887_ID111998,103,112887,111998,0.325596104,NaN,0.114122058,0.570610291,2.5,229.9242158,117.3875434,0,
ID111426_ID111715,103,111426,111715,7.492475926,0.035518446,0.547447748,2.737238741,17.5,224.5865858,116.5361686,0,
ID116178_ID116478,104,116178,116478,1.261114788,0.13289049,0.224598734,1.122993672,47.5,236.7379279,114.1143777,0,
ID114016_ID111427,104,114016,111427,0.469059667,0.22007427,0.136975862,0.684879308,12.5,243.4164387,116.8245687,0,
ID117077_ID115200,104,117077,115200,1.469513025,0.032181479,0.242446945,1.212234724,77.5,236.9083473,103.5052663,0,
ID112881_ID111991,104,112881,111991,5.506909074,NaN,0.469336087,2.346680437,2.5,245.486889,114.2720969,0,
ID113730_ID113151,104,113730,113151,0.044278246,0.00132012,0.042084793,0.210423966,32.5,238.3820455,115.664139,0,
ID113151_ID112586,104,113151,112586,1.183156887,0.088903527,0.217546031,1.087730154,37.5,237.8924156,115.2512929,0,
ID112586_ID116178,104,112586,116178,0.3331878,0.063533558,0.115444844,0.57722422,42.5,237.2430005,114.7457524,0,
ID116478_ID111123,104,116478,111123,0.776368105,0.118206539,0.176223506,0.881117532,52.5,236.1114982,113.3878961,0,
ID111427_ID111716,104,111427,111716,0.495949478,0.1935962,0.140847361,0.704236806,17.5,242.8058995,116.8968346,0,
ID111716_ID113730,104,111716,113730,18.21026303,0.092778699,0.426734848,4.267348478,25,240.4979415,116.3959763,0,
ID114584_ID117077,104,114584,117077,2.307780595,0.079040843,0.303827622,1.519138109,72.5,236.795252,104.8618851,0,
ID111123_ID112258,104,111123,112258,49.36754983,0.115960746,0.702620451,7.026204511,60,236.13657,109.6767504,0,
ID112258_ID114584,104,112258,114584,0.379569832,0.058239337,0.123218478,0.61609239,67.5,236.6643682,105.9042862,0,
ID111991_ID114016,104,111991,114016,15.29383886,0.4695364,0.78214676,3.910733801,7.5,245.1964314,115.6501076,0,
ID113738_ID113159,105,113738,113159,11.84926346,0.193567494,0.688455183,3.442275913,32.5,31.2503384,123.2194448,0,
ID112593_ID116194,105,112593,116194,30.06563534,0.332935581,1.096642792,5.483213961,42.5,26.94478884,123.98064,0,
ID115235_ID114289,105,115235,114289,1.86577217,0.569290289,0.273186542,1.365932711,82.5,17.585592,121.0249572,0,
ID113457_ID113738,105,113457,113738,7.520235546,0.095884428,0.548460957,2.742304787,27.5,33.8144618,122.2477412,0,
ID117105_ID115235,105,117105,115235,0.962386062,0.592311489,0.196202555,0.981012773,77.5,17.82017186,120.9201567,0,
ID112275_ID114608,105,112275,114608,6.208932934,0.612285445,0.49835461,2.49177305,67.5,19.28586466,120.2719611,0,
ID111138_ID112275,105,111138,112275,49.86400233,0.262842779,0.706144478,7.061444776,60,20.48369214,122.2248919,0,
ID114608_ID117105,105,114608,117105,6.352910264,0.456188851,0.504099604,2.520498019,72.5,18.59134125,121.053512,0,
ID114019_ID111429,105,114019,111429,3.323572793,NaN,0.364613373,1.823066865,12.5,41.83222575,121.7650532,0,
ID113159_ID112593,105,113159,112593,0.066185715,0.236941299,0.051453169,0.257265845,37.5,29.49160471,122.9904053,0,
ID111719_ID113457,105,111719,113457,16.7132204,0.182398169,0.817636115,4.088180573,22.5,36.52205435,120.3239771,0,
ID116194_ID116493,105,116194,116493,5.392628909,0.138045904,0.464440692,2.32220346,47.5,23.32065167,124.7803004,0,
ID116493_ID111138,105,116493,111138,0.712955692,0.367353246,0.168873407,0.844367036,52.5,22.19963428,124.8899534,0,
ID111429_ID111719,105,111429,111719,10.91432125,0.093564936,0.660736597,3.303682983,17.5,39.8440238,120.250335,0,
ID111422_ID111717,106,111422,111717,23.64121166,0.276272975,0.972444583,4.862222914,17.5,295.133682,115.9450831,0,
ID111717_ID113456,106,111717,113456,16.05319306,0.069146995,0.801328723,4.006643615,22.5,291.6974002,118.6431903,0,
ID114018_ID111422,106,114018,111422,23.46374861,0.06737479,0.968787874,4.843939369,12.5,298.814387,116.6129956,0,
ID113456_ID113735,106,113456,113735,0.190090112,0.499079422,0.08719865,0.435993248,27.5,290.5965594,120.1100362,0,
ID114611_ID117107,106,114611,117107,3.042410973,0.293264316,0.348850167,1.744250834,72.5,281.3778533,123.8999689,0,
ID116190_ID116489,106,116190,116489,0.134895915,0.586435927,0.073456359,0.367281793,47.5,287.2619983,122.4856275,0,
ID110836_ID112281,106,110836,112281,6.173627249,0.198480757,0.4969357,2.4846785,62.5,282.651562,121.7013443,0,
ID112590_ID116190,106,112590,116190,8.027022922,0.077674757,0.566640024,2.83320012,42.5,287.20815,121.2492395,0,
ID112000_ID114018,106,112000,114018,13.58589406,0.192081039,0.737180956,3.685904781,7.5,301.9584484,119.4063209,0,
ID113735_ID113156,106,113735,113156,12.50357761,0.467727882,0.707207964,3.536039821,32.5,289.3444321,119.0755427,0,
ID111132_ID110836,106,111132,110836,0.443540958,0.049981431,0.133197741,0.665988707,57.5,283.8247632,120.8468245,0,
ID116489_ID111132,106,116489,111132,11.85750759,0.269609577,0.688694637,3.443473187,52.5,285.7254381,121.6042766,0,
ID113156_ID112590,106,113156,112590,3.524583361,0.35777862,0.375477475,1.877387376,37.5,287.5346288,118.9595329,0,
ID112889_ID112000,106,112889,112000,31.76326929,NaN,1.127178234,5.635891171,2.5,306.1106411,119.1824778,0,
ID112281_ID114611,106,112281,114611,0.908523139,0.223964574,0.19063296,0.953164801,67.5,281.979739,123.056075,0,
ID117107_ID115239,106,117107,115239,2.987327143,0.544463166,0.345677719,1.728388597,77.5,281.4655955,124.2505789,0,
ID111431_ID111723,107,111431,111723,6.804407783,0.484441718,0.521705196,2.608525979,17.5,230.8002566,127.1999609,0,
ID117112_ID115241,107,117112,115241,6.862016858,0.227064036,0.523909032,2.619545162,77.5,210.9069127,127.3480762,0,
ID112594_ID116188,107,112594,116188,4.973008741,0.022446165,0.446004876,2.230024381,42.5,218.9021886,122.5069672,0,
ID112002_ID114021,107,112002,114021,2.431329473,0.430095313,0.311854419,1.559272097,7.5,231.233979,125.5691311,0,
ID113161_ID112594,107,113161,112594,4.182989657,0.222550056,0.409047169,2.045235844,37.5,220.8365374,123.4088597,0,
ID114931_ID116794,107,114931,116794,3.683970098,0.197584176,0.383873422,1.919367109,97.5,205.6009494,133.2608679,0,
ID117428_ID117737,107,117428,117737,2.449497304,0.261453025,0.1565087,1.565086996,115,203.1337916,131.6025888,0,
ID113739_ID113161,107,113739,113161,3.278722045,0.290916453,0.362144835,1.810724177,32.5,221.8596861,124.6884692,0,
ID114305_ID115562,107,114305,115562,9.211670415,0.122170316,0.607014676,3.035073379,87.5,208.1200079,131.2734755,0,
ID112284_ID114612,107,112284,114612,0.089331531,0.552807531,0.059776762,0.298883808,67.5,215.0867291,125.0247336,0,
ID116794_ID115871,107,116794,115871,7.458492997,0.455538992,0.546204833,2.731024166,102.5,204.7649677,132.6407716,0,
ID111723_ID113459,107,111723,113459,12.58270926,0.145521293,0.709442295,3.547211476,22.5,227.9784968,126.6174037,0,
ID117737_ID118363,107,117737,118363,15.62697132,0.114076467,0.790619284,3.953096421,122.5,204.582071,133.8443205,0,
ID114021_ID111431,107,114021,111431,1.98507521,0.320492056,0.281785394,1.408926971,12.5,231.4557647,126.5791493,0,
ID111133_ID110838,107,111133,110838,1.015425661,0.365732221,0.201536663,1.007683314,57.5,215.6474826,122.1613047,0,
ID114612_ID117112,107,114612,117112,17.15554012,0.449443559,0.828384937,4.141924687,72.5,213.6036102,126.3377806,0,
ID113459_ID113739,107,113459,113739,20.25595913,0.094697729,0.900132415,4.500662077,27.5,224.181192,125.6717068,0,
ID116487_ID111133,107,116487,111133,11.44379833,0.542759892,0.676573672,3.382868358,52.5,217.1782044,121.5807542,0,
ID115562_ID114931,107,115562,114931,4.132315722,0.355331523,0.406561962,2.03280981,92.5,207.2336362,132.6590309,0,
ID115871_ID117428,107,115871,117428,4.306025384,0.271274138,0.415019295,2.075096476,107.5,203.5174832,131.2308579,0,
ID116188_ID116487,107,116188,116487,1.152579098,0.43269681,0.214716473,1.073582366,47.5,218.3924614,121.7304957,0,
ID112892_ID112002,107,112892,112002,1.385757352,NaN,0.235436391,1.177181954,2.5,231.8904142,125.4254362,0,
ID115241_ID114305,107,115241,114305,11.02358846,0.278453707,0.664035796,3.32017898,82.5,208.8376544,128.3287973,0,
ID110838_ID112284,107,110838,112284,6.911838904,0.117733462,0.525807528,2.629037638,62.5,215.4539097,123.9065859,0,
ID112893_ID112007,108,112893,112007,16.08710215,NaN,0.802174598,4.010872991,2.5,270.164596,128.3212227,0,
ID113745_ID113169,108,113745,113169,4.565966095,0.235125015,0.427362427,2.136812134,32.5,261.219959,130.3848585,0,
ID111432_ID111728,108,111432,111728,6.964569715,0.615359226,0.527809424,2.639047122,17.5,267.7684356,128.6264147,0,
ID113169_ID112601,108,113169,112601,2.022693684,0.464677058,0.284442872,1.422214359,37.5,261.5233919,131.1035146,0,
ID111728_ID113466,108,111728,113466,10.68953585,0.311988266,0.653897113,3.269485564,22.5,265.8698797,129.5515316,0,
ID113466_ID113745,108,113466,113745,7.379062902,0.057617312,0.543288612,2.716443061,27.5,262.9198361,129.2830651,0,
ID114023_ID111432,108,114023,111432,0.119116136,0.132431626,0.069026411,0.345132056,12.5,268.0216403,127.5073282,0,
ID112007_ID114023,108,112007,114023,5.006715719,0.401507221,0.447513831,2.237569154,7.5,268.3705939,128.7173762,0,
ID112005_ID114022,109,112005,114022,2.351537031,0.043160986,0.306694443,1.533472214,7.5,290.3639759,126.4806194,0,
ID113170_ID112597,109,113170,112597,11.56148965,0.27945341,0.680043812,3.400219059,37.5,280.4625942,130.352785,0,
ID112597_ID116197,109,112597,116197,0.33388305,0.304562426,0.115565228,0.577826142,42.5,279.002217,129.4103088,0,
ID111434_ID111730,109,111434,111730,5.251761424,0.029740892,0.458334438,2.291672189,17.5,285.0611352,129.5982215,0,
ID111730_ID113461,109,111730,113461,5.795937157,0.590900017,0.481495053,2.407475266,22.5,284.9388693,129.4070593,0,
ID113461_ID113170,109,113461,113170,24.90439676,0.287950979,0.499043052,4.990430518,30,283.693414,129.974409,0,
ID114022_ID111434,109,114022,111434,19.54049956,0.138806752,0.884092745,4.420463727,12.5,287.7575491,127.6141235,0,
ID112894_ID112005,109,112894,112005,11.03761665,NaN,0.664458175,3.322290874,2.5,292.6995919,127.0974011,0,
ID116495_ID111137,109,116495,111137,27.93373131,0.175727305,1.057047422,5.28523711,52.5,274.1358518,124.1395155,0,
ID116197_ID116495,109,116197,116495,27.1441168,0.387039148,1.042000322,5.210001612,47.5,277.7387732,127.2338987,0,
ID113464_ID113746,110,113464,113746,8.247885367,0.207526456,0.574382638,2.871913189,27.5,260.7902092,129.4248288,0,
ID114025_ID111433,110,114025,111433,4.595402574,0.137847993,0.428737802,2.143689011,12.5,265.9883089,129.0822799,0,
ID112009_ID114025,110,112009,114025,10.63161752,0.314753278,0.652123225,3.260616126,7.5,266.9340809,131.4506902,0,
ID112896_ID112009,110,112896,112009,9.57964512,NaN,0.619020036,3.095100179,2.5,269.1500916,131.8072369,0,
ID111727_ID113464,110,111727,113464,3.158025254,0.207206288,0.355416671,1.777083356,22.5,262.7992811,129.0900232,0,
ID116198_ID116499,110,116198,116499,0.231855077,0.515168838,0.096302664,0.48151332,47.5,256.0746075,130.2235759,0,
ID112603_ID116198,110,112603,116198,3.952119335,0.025924484,0.397598759,1.987993797,42.5,256.7604997,130.6376992,0,
ID111433_ID111727,110,111433,111727,8.214875257,0.431643465,0.573232074,2.866160368,17.5,264.8070994,128.7586781,0,
ID113168_ID112603,110,113168,112603,0.278266894,0.172774483,0.105502018,0.527510089,37.5,257.9385081,131.0734023,0,
ID113746_ID113168,110,113746,113168,2.811274895,0.012361387,0.335337138,1.676685688,32.5,258.880089,130.6574202,0,
ID113744_ID113165,111,113744,113165,0.973442923,0.343800603,0.197326422,0.986632111,32.5,328.8390057,128.4883058,0,
ID114027_ID111438,111,114027,111438,0.675721031,0.13374034,0.164404505,0.822022524,12.5,334.310021,132.1268317,0,
ID113165_ID112602,111,113165,112602,3.210619927,0.092253321,0.358364057,1.791820283,37.5,328.6280261,129.8273564,0,
ID112010_ID114027,111,112010,114027,3.427290556,NaN,0.370258858,1.851294292,7.5,335.4372527,132.7202342,0,
ID111438_ID111732,111,111438,111732,10.13996267,0.015548051,0.636866161,3.184330804,17.5,332.3140831,131.968731,0,
ID113462_ID113744,111,113462,113744,1.166976931,0.397385469,0.216053413,1.080267065,27.5,328.2515416,128.1546917,0,
ID112602_ID116204,111,112602,116204,6.160871337,0.057354254,0.496422052,2.482110259,42.5,328.3071363,131.9184894,0,
ID111732_ID113462,111,111732,113462,21.2786088,0.153833477,0.922574849,4.612874245,22.5,329.2315679,130.0635635,0,
ID116204_ID116505,111,116204,116505,2.395771522,0.356779209,0.3095656,1.547828002,47.5,327.5164416,132.9709637,0,
ID114026_ID111436,112,114026,111436,12.84039553,0.064193299,0.716669953,3.583349763,12.5,95.29167519,131.6035786,0,
ID112011_ID114026,112,112011,114026,14.14543153,NaN,0.752208256,3.761041282,7.5,98.53804571,133.2166398,0,
ID112013_ID114029,113,112013,114029,19.24870739,0.266994666,0.877466977,4.387334885,7.5,410.9074796,133.5861976,0,
ID111733_ID113469,113,111733,113469,8.615781457,0.030699643,0.587053029,2.935265143,22.5,402.6510178,132.3994991,0,
ID111142_ID110843,113,111142,110843,18.10706984,0.181886066,0.851048056,4.25524028,57.5,387.7740836,128.1417832,0,
ID116200_ID116502,113,116200,116502,13.72537234,0.00113888,0.740955392,3.704776962,47.5,394.170157,130.7715589,0,
ID113750_ID113172,113,113750,113172,0.008497228,0.588646128,0.018436082,0.09218041,32.5,401.4911103,132.4216238,0,
ID113469_ID113750,113,113469,113750,0.260120155,0.480024007,0.102003952,0.51001976,27.5,401.3684625,132.2511366,0,
ID114029_ID111441,113,114029,111441,0.611500731,0.015124847,0.156397024,0.781985122,12.5,408.3572083,133.171854,0,
ID111441_ID111733,113,111441,111733,15.30734063,2.82E-04,0.782491933,3.912459665,17.5,406.0207256,132.9475768,0,
ID110843_ID112286,113,110843,112286,11.49526191,0.11846896,0.678093265,3.390466326,62.5,384.1667719,127.5314125,0,
ID113172_ID112605,113,113172,112605,15.46828254,0.17899084,0.786594751,3.932973753,37.5,399.5917277,131.8093035,0,
ID112605_ID116200,113,112605,116200,2.950932611,0.03187347,0.343565575,1.717827876,42.5,396.8583668,131.1245989,0,
ID116502_ID111142,113,116502,111142,12.67449354,0.137319315,0.712025099,3.560125495,52.5,391.1127033,129.237817,0,
ID112900_ID112013,113,112900,112013,4.6477176,NaN,0.431171316,2.155856581,2.5,413.1368072,135.0384917,0,
ID111729_ID113463,114,111729,113463,4.669854635,0.087651449,0.432196929,2.160984645,22.5,155.0025922,129.6384693,0,
ID116490_ID111135,114,116490,111135,2.223179187,0.328270314,0.298206585,1.491032926,52.5,146.2728182,123.0148912,0,
ID111439_ID111729,114,111439,111729,3.164287627,0.269947433,0.355768893,1.778844464,17.5,154.0448,131.3062677,0,
ID112595_ID116193,114,112595,116193,6.763244798,0.351653574,0.520124785,2.600623925,42.5,148.5902042,124.7683059,0,
ID114028_ID111439,114,114028,111439,6.293246804,NaN,0.50172689,2.50863445,12.5,154.8983006,132.7640564,0,
ID111135_ID110837,114,111135,110837,2.881629628,0.186892017,0.339507268,1.697536341,57.5,144.904889,122.6186296,0,
ID116193_ID116490,114,116193,116490,3.892781123,0.290380148,0.394602642,1.973013209,47.5,147.1455604,123.8295179,0,
ID112280_ID114614,114,112280,114614,12.78684719,0.272634885,0.715174026,3.575870131,67.5,143.6551243,123.7846559,0,
ID113162_ID112595,114,113162,112595,2.895350558,0.111130841,0.340314593,1.701572966,37.5,149.7552884,125.5713365,0,
ID113742_ID113162,114,113742,113162,2.121521609,0.196590491,0.291308881,1.456544407,32.5,149.9019487,127.0831186,0,
ID110837_ID112280,114,110837,112280,0.026168787,0.134163364,0.032353539,0.161767693,62.5,144.1840435,122.0574852,0,
ID113463_ID113742,114,113463,113742,31.73554483,0.419688185,1.1266862,5.633431,27.5,152.9487047,128.2900798,0,
ID114031_ID111444,115,114031,111444,5.640665522,NaN,0.475001706,2.375008531,12.5,213.7282006,135.115514,0,
ID113173_ID112607,115,113173,112607,2.576117038,0.126179201,0.321005734,1.605028672,37.5,200.8133116,132.7575722,0,
ID113471_ID113751,115,113471,113751,2.961155415,0.047567915,0.344160161,1.720800806,27.5,206.5048152,133.8939336,0,
ID113751_ID113173,115,113751,113173,20.62248004,0.19189938,0.908239617,4.541198084,32.5,203.7353249,133.2095887,0,
ID111736_ID113471,115,111736,113471,1.194010668,0.155222249,0.21854159,1.092707952,22.5,207.4165507,134.952815,0,
ID111444_ID111736,115,111444,111736,22.31892404,0.028607099,0.94485817,4.724290851,17.5,210.1869749,135.1649292,0,
ID112607_ID116202,115,112607,116202,3.759635236,0.114324155,0.387795577,1.938977884,42.5,199.1936561,132.2385945,0,
ID111442_ID111735,116,111442,111735,14.26773192,0.114347315,0.755453028,3.777265138,17.5,212.9118705,134.1992074,0,
ID111735_ID113470,116,111735,113470,4.412722304,0.088755862,0.420129614,2.100648068,22.5,210.0412492,134.3119168,0,
ID113747_ID113166,116,113747,113166,11.28986732,0.22988905,0.672007956,3.36003978,32.5,207.3280599,129.8769506,0,
ID113470_ID113747,116,113470,113747,12.62463029,0.257098126,0.710623115,3.553115575,27.5,208.9545829,132.2799603,0,
ID112899_ID112012,116,112899,112012,3.777638182,NaN,0.388722944,1.94361472,2.5,218.5352526,134.3696205,0,
ID114030_ID111442,116,114030,111442,4.97802096,0.157332501,0.44622958,2.231147902,12.5,215.8021261,134.2382558,0,
ID112012_ID114030,116,112012,114030,0.624175053,0.090412219,0.1580095,0.7900475,7.5,217.2022317,134.4886113,0,
ID112903_ID112016,117,112903,112016,5.001739337,NaN,0.447291374,2.236456871,2.5,279.6618473,137.6857174,0,
ID114032_ID111445,117,114032,111445,3.827263714,0.341510649,0.391267873,1.956339366,12.5,275.461431,136.0865026,0,
ID112016_ID114032,117,112016,114032,14.65669454,0.155798565,0.765681253,3.828406266,7.5,276.8426557,137.5706425,0,
ID114035_ID111446,118,114035,111446,1.783197177,0.02504122,0.267072812,1.335364062,12.5,299.2656361,139.8438752,0,
ID112613_ID116212,118,112613,116212,9.077865956,0.145762506,0.602589942,3.01294971,42.5,289.3286586,139.6567753,0,
ID115885_ID117445,118,115885,117445,2.07934162,0.04518013,0.288398448,1.44199224,107.5,277.5032874,144.027469,0,
ID118073_ID117753,118,118073,117753,10.91728853,0.158415641,0.660826408,3.304132038,117.5,271.9672005,141.7995478,0,
ID111446_ID111738,118,111446,111738,8.888028275,0.014413909,0.596255927,2.981279637,17.5,297.1306848,139.5353803,0,
ID116513_ID111160,118,116513,111160,2.395215077,0.016668825,0.309529648,1.547648241,52.5,286.4746418,141.1841431,0,
ID112305_ID114632,118,112305,114632,12.37743833,0.028644348,0.703631674,3.518158372,67.5,279.0174146,140.9620749,0,
ID116814_ID115885,118,116814,115885,6.981086023,0.591642302,0.528434898,2.642174488,102.5,277.7796315,146.0387715,0,
ID114943_ID116814,118,114943,116814,45.97476427,0.250721946,1.356093865,6.780469326,97.5,278.2823952,143.9945616,0,
ID116212_ID116513,118,116212,116513,1.605067928,0.176479086,0.253382551,1.266912755,47.5,287.8653066,140.9765694,0,
ID114632_ID117129,118,114632,117129,4.210885538,0.035909017,0.410408847,2.052044234,72.5,276.2475431,140.7990564,0,
ID112905_ID112019,118,112905,112019,4.737379103,NaN,0.435310423,2.176552114,2.5,302.0575567,139.6171151,0,
ID117129_ID115261,118,117129,115261,1.902352071,0.226603184,0.275851559,1.379257797,77.5,274.8416225,141.1884421,0,
ID112019_ID114035,118,112019,114035,5.441126986,0.392322378,0.466524468,2.332622341,7.5,301.0285417,140.3373357,0,
ID111738_ID113474,118,111738,113474,19.33816619,0.127015417,0.879503637,4.397518185,22.5,294.0516361,137.8462842,0,
ID115573_ID114943,118,115573,114943,7.29573039,0.620048991,0.540212195,2.701060975,92.5,280.0360577,140.3753927,0,
ID113474_ID113757,118,113474,113757,2.523419065,0.454633275,0.317705465,1.588527326,27.5,292.4094826,137.1305421,0,
ID111160_ID110860,118,111160,110860,3.583155127,0.033046239,0.378584475,1.892922377,57.5,284.767856,141.3463578,0,
ID113178_ID112613,118,113178,112613,1.076710598,0.015693636,0.207529333,1.037646663,37.5,290.663794,138.2703617,0,
ID117445_ID118073,118,117445,118073,18.19147957,0.158855794,0.853029415,4.265147075,112.5,275.4241799,142.3245059,0,
ID113757_ID113178,118,113757,113178,1.488682598,0.267884572,0.244023163,1.220115813,32.5,291.7661976,138.0313401,0,
ID115261_ID115573,118,115261,115573,50.49591306,0.241288848,0.710604764,7.10604764,85,277.9043211,140.9365331,0,
ID110860_ID112305,118,110860,112305,9.446363936,0.031274769,0.614698753,3.073493767,62.5,282.2990198,141.1574744,0,
ID116508_ID111153,119,116508,111153,6.243415553,0.117686074,0.499736553,2.498682764,52.5,413.3947898,136.0223196,0,
ID114630_ID117125,119,114630,117125,4.041597643,0.199116047,0.402074503,2.010372513,72.5,410.0652493,138.427311,0,
ID114937_ID116799,119,114937,116799,0.039573097,0.554463806,0.039785976,0.198929881,97.5,407.6701352,136.2572087,0,
ID110856_ID112302,119,110856,112302,4.345485737,0.346377131,0.416916574,2.084582869,62.5,412.6833027,138.0773891,0,
ID116208_ID116508,119,116208,116508,6.045992962,0.236059156,0.491772019,2.458860094,47.5,415.6329313,136.8086828,0,
ID115568_ID114937,119,115568,114937,0.318387019,0.347855473,0.112851587,0.564257937,92.5,407.858871,136.2963018,0,
ID112610_ID116208,119,112610,116208,1.591700189,0.195169356,0.252325202,1.26162601,42.5,417.1622309,137.2100394,0,
ID111153_ID110856,119,111153,110856,4.363115589,0.47142793,0.417761443,2.088807217,57.5,412.8511973,136.7358371,0,
ID115259_ID114318,119,115259,114318,2.489549924,0.278322904,0.315566153,1.577830765,82.5,405.9763964,139.0840302,0,
ID112302_ID114630,119,112302,114630,0.994936169,0.040988992,0.199492974,0.997464871,67.5,411.3467687,138.8301666,0,
ID117439_ID118071,119,117439,118071,2.366605295,0.147859147,0.307675498,1.538377488,112.5,408.8963469,140.1994707,0,
ID111450_ID111737,119,111450,111737,17.20918521,0.322198743,0.8296791,4.148395499,17.5,425.3511432,140.1378599,0,
ID114037_ID111450,119,114037,111450,7.204893646,NaN,0.536838659,2.684193295,12.5,427.5062178,141.2493599,0,
ID117125_ID115259,119,117125,115259,10.70294834,0.152092584,0.654307216,3.271536082,77.5,407.6279785,138.0689478,0,
ID115876_ID117439,119,115876,117439,13.14754374,0.389349537,0.725190837,3.625954184,107.5,408.636668,137.7762397,0,
ID118071_ID117749,119,118071,117749,1.929264156,0.520039991,0.277795907,1.388979537,117.5,409.1527086,140.50385,0,
ID113176_ID112610,119,113176,112610,1.05212337,0.370765498,0.20514613,1.025730652,37.5,417.7266144,136.3703525,0,
ID113754_ID113176,119,113754,113176,13.20689673,0.505284197,0.726825886,3.634129432,32.5,419.4695412,136.4507085,0,
ID113472_ID113754,119,113472,113754,1.682994124,0.546529642,0.259460527,1.297302634,27.5,420.8085664,136.5166773,0,
ID111737_ID113472,119,111737,113472,20.75513643,0.104748483,0.91115611,4.555780551,22.5,422.3854721,137.1581315,0,
ID116799_ID115876,119,116799,115876,0.176789388,0.291573542,0.08409266,0.420463302,102.5,407.9033715,136.1908442,0,
ID114318_ID115568,119,114318,115568,16.75933229,0.524318886,0.818763269,4.093816347,87.5,407.0322128,138.1381466,0,
ID117131_ID115262,120,117131,115262,2.155123432,0.560447927,0.293606773,1.468033866,77.5,108.2634148,141.6077405,0,
ID112912_ID112021,120,112912,112021,6.623749049,NaN,0.514732904,2.573664518,2.5,132.795437,142.8287697,0,
ID119272_ID119557,120,119272,119557,9.103707574,0.11424164,0.603447018,3.017235088,142.5,101.0132185,137.5899844,0,
ID118676_ID119272,120,118676,119272,1.384203186,0.567010813,0.235304329,1.176521647,137.5,100.2979922,139.4882938,0,
ID116219_ID116517,120,116219,116517,17.2530044,0.054336498,0.830734721,4.153673603,47.5,116.5333923,143.7284551,0,
ID111163_ID110861,120,111163,110861,0.289725502,0.566098665,0.107652311,0.538261556,57.5,113.9623256,142.3874926,0,
ID115571_ID114938,120,115571,114938,2.364693793,0.177916265,0.307551218,1.53775609,92.5,109.2473963,139.6638132,0,
ID115879_ID117438,120,115879,117438,1.160545477,0.195802132,0.215457233,1.077286163,107.5,104.2098434,139.2234805,0,
ID117744_ID118365,120,117744,118365,4.092093827,0.157341017,0.404578488,2.022892441,122.5,99.67055178,137.4418047,0,
ID112021_ID114039,120,112021,114039,0.005202145,0.446248516,0.01442518,0.0721259,7.5,132.8935178,141.5675482,0,
ID114039_ID111449,120,114039,111449,13.08834259,0.075446132,0.723556289,3.617781446,12.5,131.084313,141.9160575,0,
ID110861_ID112308,120,110861,112308,6.491987581,0.335557394,0.509587582,2.547937908,62.5,113.1257424,143.3478728,0,
ID114938_ID116800,120,114938,116800,32.2507379,0.598999582,1.135794663,5.678973314,97.5,107.4241361,138.6588376,0,
ID116800_ID115879,120,116800,115879,2.440118029,0.381182716,0.312417543,1.562087715,102.5,104.7777006,138.2002121,0,
ID111742_ID113480,120,111742,113480,11.25189073,0.224625821,0.670876762,3.354383809,22.5,127.3289125,141.8756238,0,
ID121385_ID119839,120,121385,119839,6.835953968,0.341538011,0.522913146,2.614565732,162.5,98.78804088,135.2034816,0,
ID112308_ID114634,120,112308,114634,7.491358585,0.177822047,0.547406927,2.737034633,67.5,110.7786921,143.7771707,0,
ID112619_ID116219,120,112619,116219,5.15438221,0.144191958,0.454065291,2.270326455,42.5,119.6878602,144.1681487,0,
ID114634_ID117131,120,114634,117131,8.207331672,0.127535905,0.572968818,2.864844092,72.5,108.5436431,142.3351789,0,
ID117438_ID118063,120,117438,118063,11.71164398,0.301275034,0.684445585,3.422227927,112.5,102.8493569,138.0045494,0,
ID116517_ID111163,120,116517,111163,2.562189067,0.217938657,0.320136787,1.600683937,52.5,114.1187117,142.9151362,0,
ID111449_ID111742,120,111449,111742,0.360038222,0.243764813,0.12000637,0.600031851,17.5,129.15268,141.9873161,0,
ID118063_ID117744,120,118063,117744,2.714905027,0.339688294,0.329539377,1.647696886,117.5,101.3211904,137.0493328,0,
ID118966_ID118676,120,118966,118676,2.977404849,0.311275979,0.345103164,1.725515821,132.5,100.2756091,139.1387719,0,
ID119557_ID120096,120,119557,120096,1.870760093,0.317993756,0.273551464,1.367757322,147.5,100.6448381,135.9873758,0,
ID121654_ID120861,120,121654,120861,3.564792332,0.129485499,0.377613153,1.888065765,172.5,100.5662174,136.5859316,0,
ID118365_ID118966,120,118365,118966,5.086396338,0.555428106,0.451060809,2.255304046,127.5,99.66527274,137.8459107,0,
ID113480_ID113760,120,113480,113760,2.957975953,0.139605301,0.343975345,1.719876726,27.5,125.0500679,142.6300989,0,
ID113182_ID112619,120,113182,112619,5.403983794,0.035163918,0.464929405,2.324647026,37.5,121.8349573,144.0595222,0,
ID120096_ID122151,120,120096,122151,3.136183989,0.341657049,0.354185487,1.770927437,152.5,100.2520204,135.0222636,0,
ID114319_ID115571,120,114319,115571,2.044533519,0.342314819,0.285974371,1.429871854,87.5,107.918086,139.8298623,0,
ID122151_ID121385,120,122151,121385,2.991256982,0.345252383,0.345905015,1.729525074,157.5,99.67866051,134.0394149,0,
ID113760_ID113182,120,113760,113182,2.500826464,0.110933732,0.316280032,1.581400159,32.5,123.6722721,143.4190234,0,
ID115262_ID114319,120,115262,114319,5.567586475,0.568578082,0.471914673,2.359573367,82.5,108.1068515,141.1068498,0,
ID119839_ID121654,120,119839,121654,0.946677651,0.247865278,0.194594723,0.972973613,167.5,99.20558016,136.6817422,0,
ID112911_ID112025,121,112911,112025,6.688145478,NaN,0.517228981,2.586144907,2.5,145.8368258,143.475239,0,
ID113756_ID113179,121,113756,113179,3.216015291,0.506765789,0.358665041,1.793325205,32.5,138.56781,139.0532681,0,
ID112025_ID114040,121,112025,114040,3.793700345,0.314783958,0.389548474,1.947742371,7.5,144.2641623,143.101977,0,
ID111739_ID113477,121,111739,113477,13.08404138,0.607674411,0.723437388,3.617186942,22.5,143.0062361,139.9005202,0,
ID113179_ID112611,121,113179,112611,8.663909429,0.580409557,0.588690392,2.943451958,37.5,137.9808128,138.8052881,0,
ID113477_ID113756,121,113477,113756,11.54245528,0.034612992,0.679483783,3.397418915,27.5,139.6506798,138.9260327,0,
ID116209_ID116511,121,116209,116511,8.093952571,0.019366492,0.568997454,2.844987271,47.5,133.2556191,138.6435079,0,
ID114040_ID111448,121,114040,111448,4.115383465,0.100210041,0.405728159,2.028640793,12.5,143.967271,141.1988445,0,
ID112611_ID116209,121,112611,116209,5.353364766,0.185541855,0.462746789,2.313733945,42.5,135.7575251,138.0285695,0,
ID111448_ID111739,121,111448,111739,0.523447808,0.31516639,0.144699386,0.72349693,17.5,144.4191038,140.2232117,0,
ID116511_ID111155,121,116511,111155,15.7713407,0.097446862,0.794262946,3.971314732,52.5,129.9453162,138.642752,0,
ID113478_ID113762,122,113478,113762,5.608107095,0.36500205,0.473628846,2.36814423,27.5,106.5792539,142.391288,0,
ID111741_ID113478,122,111741,113478,4.411804837,0.21899643,0.420085936,2.100429679,22.5,107.6944738,141.5939141,0,
ID112024_ID114042,122,112024,114042,0.482460254,NaN,0.138918718,0.694593589,7.5,109.0987086,143.871778,0,
ID114042_ID111452,122,114042,111452,0.77999318,0.500901551,0.176634445,0.883172226,12.5,108.9065283,144.0510154,0,
ID111452_ID111741,122,111452,111741,6.41423096,0.62383753,0.506526641,2.532633207,17.5,108.8088365,143.2319199,0,
ID111458_ID111746,123,111458,111746,3.681718739,0.491255277,0.383756107,1.918780534,17.5,344.5357211,146.1708659,0,
ID113186_ID112615,123,113186,112615,12.31658974,0.329992003,0.701899985,3.509499927,37.5,339.6095466,143.5167273,0,
ID112027_ID114045,123,112027,114045,0.951995456,NaN,0.195140509,0.975702545,7.5,346.9444922,145.3037123,0,
ID113758_ID113186,123,113758,113186,27.16093439,0.543927783,1.042323067,5.211615334,32.5,342.53561,142.7523113,0,
ID114045_ID111458,123,114045,111458,7.47385268,0.015682125,0.546766959,2.733834794,12.5,345.3937666,146.319251,0,
ID113482_ID113758,123,113482,113758,5.689820446,0.158383895,0.47706689,2.385334452,27.5,343.8856775,141.9041007,0,
ID111746_ID113482,123,111746,113482,6.385650338,0.160089809,0.505396887,2.526984436,22.5,344.1827854,144.1508242,0,
ID110874_ID112317,124,110874,112317,14.4229682,0.172624976,0.759551663,3.797758313,62.5,379.6273072,150.4336041,0,
ID116530_ID111179,124,116530,111179,0.969763081,0.414914584,0.196953099,0.984765496,52.5,381.856458,154.4851186,0,
ID111745_ID113483,124,111745,113483,14.6034203,0.544843307,0.764288435,3.821442176,22.5,384.9417116,144.0738072,0,
ID114044_ID111451,124,114044,111451,9.114809329,0.281987253,0.60381485,3.01907425,12.5,386.2610273,143.8671283,0,
ID111451_ID111745,124,111451,111745,6.758373471,0.571924453,0.519937437,2.599687187,17.5,385.8318294,143.9885198,0,
ID112918_ID112023,124,112918,112023,10.05990692,NaN,0.634347127,3.171735633,2.5,390.7429588,143.7934553,0,
ID116226_ID116530,124,116226,116530,19.43055847,0.087721301,0.881602143,4.408010715,47.5,383.1138162,152.9130544,0,
ID112629_ID116226,124,112629,116226,10.68268784,0.330549147,0.653687627,3.268438135,42.5,385.3672341,149.91769,0,
ID112023_ID114044,124,112023,114044,13.6484184,0.38856456,0.738875318,3.694376591,7.5,388.8084107,143.5591264,0,
ID111179_ID110874,124,111179,110874,6.972840012,0.094849556,0.528122713,2.640613567,57.5,381.3986574,152.7725859,0,
ID113483_ID113765,124,113483,113765,8.242516241,0.168522975,0.574195654,2.870978272,27.5,381.9296643,143.5354567,0,
ID113181_ID112629,124,113181,112629,77.7671638,0.47226213,1.763713852,8.81856926,37.5,383.6217689,145.6884911,0,
ID112317_ID114639,124,112317,114639,7.928557439,0.01798473,0.563153884,2.815769422,67.5,376.9232534,148.5359274,0,
ID114639_ID117138,124,114639,117138,3.488845912,0.300290403,0.373569052,1.867845259,72.5,375.1892937,148.3628847,0,
ID113765_ID113181,124,113765,113181,2.227764825,0.380737315,0.298513975,1.492569873,32.5,380.5802993,143.2245795,0,
ID112030_ID114047,125,112030,114047,7.055010901,0.323717506,0.53122541,2.656127049,7.5,374.2410096,145.7431475,0,
ID112915_ID112030,125,112915,112030,2.293267623,NaN,0.302870773,1.514353863,2.5,375.6731388,145.3072617,0,
ID114047_ID111453,125,114047,111453,7.335011721,0.004744634,0.541664535,2.708322677,12.5,371.6249154,145.1520728,0,
ID111453_ID111747,125,111453,111747,4.787937455,0.138491328,0.437627122,2.188135612,17.5,369.3312116,145.3763278,0,
ID111748_ID113484,126,111748,113484,8.239343768,0.115543436,0.574085142,2.870425712,22.5,363.5634,145.4558832,0,
ID112315_ID114637,126,112315,114637,9.098637276,0.589083891,0.60327895,3.016394748,67.5,352.073568,147.4677659,0,
ID117135_ID115267,126,117135,115267,1.200637975,0.165707501,0.219147254,1.095736271,77.5,348.463525,146.7017641,0,
ID112627_ID116221,126,112627,116221,1.244860733,0.283241827,0.223146654,1.115733271,42.5,356.2881505,147.1447286,0,
ID114956_ID116819,126,114956,116819,11.35636946,0.278012246,0.673984257,3.369921285,97.5,344.3308313,150.4251086,0,
ID116523_ID111170,126,116523,111170,0.373013431,0.094954771,0.122149651,0.610748255,52.5,353.6675647,147.7499185,0,
ID115584_ID114956,126,115584,114956,3.400424128,0.215471331,0.368804779,1.844023896,92.5,345.7018924,148.88631,0,
ID116221_ID116523,126,116221,116523,5.617315313,0.329833742,0.474017523,2.370087617,47.5,355.0192813,147.1894215,0,
ID115267_ID114332,126,115267,114332,4.177249057,0.321461951,0.408766391,2.043831954,82.5,347.5302295,147.3594529,0,
ID117451_ID118083,126,117451,118083,8.749194247,0.428263371,0.591580738,2.957903691,112.5,343.9021492,149.9531983,0,
ID114332_ID115584,126,114332,115584,0.692533981,0.025606285,0.166437253,0.832186266,87.5,346.8497665,148.6235256,0,
ID111455_ID111748,126,111455,111748,6.978624792,0.089901725,0.528341738,2.641708688,17.5,366.030625,146.4010838,0,
ID114637_ID117135,126,114637,117135,8.070802051,0.321340023,0.568183141,2.840915706,72.5,350.287462,146.4939165,0,
ID114046_ID111455,126,114046,111455,8.093635308,0.159592854,0.568986302,2.844931512,12.5,368.6671421,145.9524284,0,
ID113484_ID113767,126,113484,113767,8.056112014,0.288314171,0.567665818,2.838329088,27.5,361.4246995,145.6132805,0,
ID112920_ID112029,126,112920,112029,1.790088151,NaN,0.267588352,1.337941759,2.5,372.4495506,146.4227851,0,
ID111170_ID110867,126,111170,110867,0.925611455,0.035503585,0.192417406,0.962087031,57.5,352.8899574,147.8456402,0,
ID116819_ID115894,126,116819,115894,0.942428792,0.551782972,0.194157543,0.970787717,102.5,344.1735437,151.6630655,0,
ID115894_ID117451,126,115894,117451,2.325634482,0.420361788,0.305000622,1.525003109,107.5,343.7124879,151.1839127,0,
ID112029_ID114046,126,112029,114046,3.978237257,0.020769575,0.398910379,1.994551894,7.5,370.8989425,145.8187945,0,
ID110867_ID112315,126,110867,112315,0.954462344,0.296514275,0.195393177,0.976965887,62.5,352.4679875,148.423021,0,
ID113767_ID112627,126,113767,112627,16.45379126,0.054352635,0.405632731,4.056327312,35,358.4728893,147.1434136,0,
ID114049_ID111454,127,114049,111454,26.25368423,NaN,1.024766983,5.123834914,12.5,195.7720253,146.7637407,0,
ID111454_ID111749,127,111454,111749,27.84422896,0.048510695,1.055352623,5.276763114,17.5,190.6251675,146.3672001,0,
ID114330_ID115582,128,114330,115582,4.042237454,0.202914277,0.402106327,2.010531635,87.5,276.2568044,147.5727196,0,
ID113777_ID113197,128,113777,113197,0.933415188,0.195669162,0.193226829,0.966134146,32.5,283.2956019,153.4865251,0,
ID112914_ID112028,128,112914,112028,10.5451791,NaN,0.64946683,3.247334152,2.5,292.3480539,145.2996243,0,
ID113491_ID113777,128,113491,113777,16.2931416,0.214266606,0.807295277,4.036476384,27.5,285.5120442,152.7916641,0,
ID115582_ID114951,128,115582,114951,18.22752197,0.450389357,0.853874041,4.269370207,92.5,275.1712523,146.2740694,0,
ID117143_ID115276,128,117143,115276,6.349466892,0.201718903,0.503962971,2.519814853,77.5,276.33794,151.3498688,0,
ID114644_ID117143,128,114644,117143,0.761742572,0.192160267,0.17455573,0.87277865,72.5,277.870273,151.2237299,0,
ID116526_ID111177,128,116526,111177,2.557977258,0.213253479,0.319873554,1.599367768,52.5,284.1197495,152.5789193,0,
ID117743_ID118364,128,117743,118364,1.30777829,0.143262806,0.228716269,1.143581344,122.5,273.7097874,137.0052444,0,
ID112632_ID116227,128,112632,116227,10.5020495,0.255273753,0.648137316,3.240686579,42.5,284.7253446,151.5866793,0,
ID116807_ID115881,128,116807,115881,3.098010001,0.132105875,0.352023295,1.760116474,102.5,274.0637335,142.9880514,0,
ID112321_ID114644,128,112321,114644,17.01578209,0.040592888,0.825003808,4.125019042,67.5,280.1924816,150.9357235,0,
ID111754_ID113491,128,111754,113491,6.480462363,0.312022113,0.509135045,2.545675227,22.5,287.3331718,150.5921965,0,
ID112028_ID114051,128,112028,114051,15.1406641,0.006626795,0.778220126,3.891100629,7.5,289.4760549,147.4179885,0,
ID110873_ID112321,128,110873,112321,7.995250809,0.395803547,0.565517491,2.827587454,62.5,283.5863885,150.2676141,0,
ID111177_ID110873,128,111177,110873,11.34648847,0.619472251,0.673690982,3.368454909,57.5,284.4436621,151.7542178,0,
ID113197_ID112632,128,113197,112632,2.197082743,0.247305544,0.296451193,1.482255964,37.5,282.9950504,152.5236093,0,
ID118364_ID118962,128,118364,118962,1.648581365,0.214587213,0.256794187,1.283970936,127.5,273.0195843,136.2221055,0,
ID118069_ID117743,128,118069,117743,5.044777941,0.023523651,0.449211662,2.246058312,117.5,274.8722582,138.1031701,0,
ID116227_ID116526,128,116227,116526,4.123050026,0.610941281,0.406105899,2.030529494,47.5,285.3405133,151.5966156,0,
ID114051_ID111462,128,114051,111462,3.960666893,0.42078242,0.398028486,1.99014243,12.5,288.849369,148.9719551,0,
ID111462_ID111754,128,111462,111754,5.805478982,0.553217103,0.481891232,2.409456159,17.5,288.5661673,149.3336345,0,
ID117440_ID118069,128,117440,118069,2.377963548,0.277927339,0.308412941,1.542064703,112.5,275.978313,139.6368412,0,
ID115881_ID117440,128,115881,117440,7.755236904,0.018781591,0.55696452,2.784822598,107.5,275.5800335,141.2986273,0,
ID115276_ID114330,128,115276,114330,13.75534899,0.391401507,0.741764086,3.708820431,82.5,275.257942,149.9008476,0,
ID114951_ID116807,128,114951,116807,3.459120095,0.26085467,0.371974198,1.859870989,97.5,273.3200698,144.5303777,0,
ID111460_ID111755,129,111460,111755,5.768300946,0.026319491,0.480345748,2.401728741,17.5,367.399887,148.7609425,0,
ID114050_ID111460,129,114050,111460,2.521940099,0.189166959,0.317612349,1.588061743,12.5,369.1397362,147.7934495,0,
ID112033_ID114050,129,112033,114050,13.7787588,0.045763663,0.742395011,3.711975054,7.5,371.5385682,148.0060927,0,
ID112922_ID112033,129,112922,112033,4.052382126,NaN,0.402610587,2.013052937,2.5,374.2741648,148.7891086,0,
ID112626_ID116223,130,112626,116223,6.708971821,0.013633197,0.51803366,2.5901683,42.5,417.5005106,147.0357175,0,
ID118081_ID117760,130,118081,117760,0.663015799,0.574745742,0.162851564,0.814257821,117.5,409.5587361,148.0881813,0,
ID113769_ID113192,130,113769,113192,3.152685393,0.174431148,0.355116059,1.775580297,32.5,421.5395155,147.6185569,0,
ID111169_ID110866,130,111169,110866,2.376222626,0.599993949,0.308300024,1.541500122,57.5,411.7588864,146.7791256,0,
ID116813_ID115892,130,116813,115892,0.348151569,0.614881513,0.11800874,0.590043701,102.5,410.4770261,146.9781996,0,
ID110866_ID112312,130,110866,112312,5.925730933,0.586841902,0.486856485,2.434282427,62.5,411.3012166,146.6059059,0,
ID114053_ID111461,130,114053,111461,26.08264124,NaN,1.021423345,5.107116725,12.5,428.1032242,150.1890872,0,
ID111461_ID111750,130,111461,111750,0.732399886,0.181489417,0.17116073,0.855803649,17.5,425.9042992,148.3962861,0,
ID116520_ID111169,130,116520,111169,16.23327108,0.016256663,0.805810674,4.029053372,52.5,413.0133686,146.8450452,0,
ID114954_ID116813,130,114954,116813,0.718955706,0.357621218,0.169582512,0.847912558,97.5,410.3964913,146.8747462,0,
ID115268_ID114325,130,115268,114325,1.481469282,0.178043946,0.243431245,1.217156227,82.5,410.6621364,146.5412284,0,
ID114325_ID115579,130,114325,115579,0.970908409,0.196628789,0.197069369,0.985346847,87.5,411.4548568,145.9780714,0,
ID116223_ID116520,130,116223,116520,1.430634202,0.022111779,0.239218244,1.196091218,47.5,415.6240996,146.8042775,0,
ID115579_ID114954,130,115579,114954,3.554957853,0.514372753,0.377091917,1.885459587,92.5,410.8688042,146.0543464,0,
ID111750_ID113488,130,111750,113488,11.19234318,0.258630894,0.669099191,3.345495954,22.5,424.2162674,147.6723358,0,
ID113488_ID113769,130,113488,113769,0.058301266,0.221731303,0.04829131,0.24145655,27.5,422.4980737,147.4709551,0,
ID117134_ID115268,130,117134,115268,1.062800925,0.578934611,0.206184473,1.030922366,77.5,409.6720165,146.3164746,0,
ID113192_ID112626,130,113192,112626,3.695790966,0.056623431,0.384488802,1.922444009,37.5,419.716361,147.4542177,0,
ID112312_ID114638,130,112312,114638,0.633336675,0.102498468,0.159164905,0.795824525,67.5,409.7442176,146.3615556,0,
ID117449_ID118081,130,117449,118081,5.117975704,0.554556487,0.452458869,2.262294345,112.5,409.7880959,147.3779402,0,
ID114638_ID117134,130,114638,117134,0.045589734,0.08214019,0.042703505,0.213517527,72.5,409.3420668,146.0684646,0,
ID115892_ID117449,130,115892,117449,0.184024127,0.193748047,0.085796067,0.428980334,107.5,410.2685266,146.5766441,0,
ID112034_ID114052,131,112034,114052,1.432401761,NaN,0.239365976,1.19682988,7.5,397.5696576,150.9737143,0,
ID114052_ID111464,131,114052,111464,3.286642658,0.120760467,0.362581999,1.812909997,12.5,396.1305417,151.0156044,0,
ID111464_ID111756,131,111464,111756,6.224270472,0.431168437,0.498969757,2.494848787,17.5,396.1336188,149.9531304,0,
ID114055_ID111457,132,114055,111457,33.83972954,NaN,1.163438517,5.817192583,12.5,404.2737833,149.3532988,0,
ID113764_ID113193,132,113764,113193,24.812816,0.133943339,0.996249286,4.98124643,32.5,401.4619727,145.8039721,0,
ID111743_ID113764,132,111743,113764,2.882770149,0.221266272,0.169787224,1.697872242,25,402.3152243,142.7199494,0,
ID116217_ID116516,132,116217,116516,6.794505831,0.401736504,0.521325458,2.60662729,47.5,398.3492094,143.116185,0,
ID112625_ID116217,132,112625,116217,22.45896325,0.07954106,0.947817773,4.739088863,42.5,398.3664888,145.2827638,0,
ID113193_ID112625,132,113193,112625,3.381635024,0.411062561,0.367784449,1.838922245,37.5,400.4377093,147.7702358,0,
ID111457_ID111743,132,111457,111743,19.93568192,0.016026258,0.892987837,4.464939185,17.5,403.2528232,144.3187653,0,
ID112927_ID112036,133,112927,112036,2.49275505,NaN,0.315769223,1.578846113,2.5,355.2560145,153.3297484,0,
ID111176_ID110875,133,111176,110875,4.414237834,0.135875372,0.420201753,2.101008766,57.5,337.2377871,152.2873137,0,
ID114054_ID111470,133,114054,111470,9.003910194,0.464934202,0.600130326,3.000651628,12.5,351.4138038,153.3999212,0,
ID112036_ID114054,133,112036,114054,18.12903181,0.151936162,0.851564016,4.257820078,7.5,352.6439281,152.4525231,0,
ID114645_ID117145,133,114645,117145,19.41434931,0.031184185,0.881234346,4.40617173,72.5,331.915792,153.2374892,0,
ID110875_ID112323,133,110875,112323,1.206695542,0.083538314,0.219699389,1.098496947,62.5,335.8706609,151.518571,0,
ID113203_ID112640,133,113203,112640,0.16081445,0.113682414,0.080203354,0.40101677,37.5,342.4725328,157.4078204,0,
ID111470_ID111764,133,111470,111764,1.334090968,0.014750563,0.231005711,1.155028557,17.5,352.668908,155.0544368,0,
ID112323_ID114645,133,112323,114645,3.814544785,0.247694932,0.390617193,1.953085965,67.5,334.6041936,151.5551282,0,
ID111764_ID113496,133,111764,113496,11.15622273,0.435252047,0.668018644,3.340093221,22.5,351.379708,155.6566755,0,
ID116232_ID116535,133,116232,116535,18.87918622,0.564627252,0.86900371,4.345018552,47.5,342.7615669,156.5195484,0,
ID112640_ID116232,133,112640,116232,8.517626228,0.613886322,0.583699451,2.918497255,42.5,343.6057554,156.8584966,0,
ID113496_ID113781,133,113496,113781,20.76122375,0.051519022,0.911289718,4.55644859,27.5,347.5808075,156.608582,0,
ID113781_ID113203,133,113781,113203,7.843801267,0.077554329,0.560135743,2.800678715,32.5,344.0445812,157.3523573,0,
ID116535_ID111176,133,116535,111176,23.08222789,0.238694879,0.960879345,4.804396725,52.5,339.4144893,154.7495283,0,
ID114057_ID111468,134,114057,111468,14.66234852,NaN,0.765828924,3.82914462,12.5,300.540812,152.3945032,0,
ID111468_ID111752,134,111468,111752,23.88462592,0.464995029,0.977437996,4.887189982,17.5,300.7398956,150.6082937,0,
ID112038_ID114056,135,112038,114056,2.59477064,0.326607842,0.322165836,1.610829178,7.5,152.4608793,153.2101331,0,
ID111466_ID111763,135,111466,111763,10.66641053,0.290109559,0.653189422,3.265947111,17.5,150.2687193,152.8724894,0,
ID112926_ID112038,135,112926,112038,9.178116711,NaN,0.605908135,3.029540677,2.5,154.0172442,153.8177295,0,
ID113778_ID113199,135,113778,113199,20.80390702,0.145742953,0.912226003,4.561130016,32.5,143.870052,154.8692198,0,
ID114056_ID111466,135,114056,111466,1.621882838,0.176684645,0.254706328,1.27353164,12.5,151.8882549,152.0366367,0,
ID111763_ID113499,135,111763,113499,10.56676758,0.073312644,0.650131297,3.250656484,22.5,148.5743536,155.5914968,0,
ID113499_ID113778,135,113499,113778,7.425748181,0.405158236,0.54500452,2.725022602,27.5,147.0602433,156.1006295,0,
ID112039_ID114059,136,112039,114059,0.693002732,NaN,0.166493571,0.832467857,7.5,185.3343061,154.0605121,0,
ID112314_ID114641,136,112314,114641,6.43665807,0.359020312,0.507411394,2.53705697,67.5,175.5567908,149.1243976,0,
ID113495_ID113775,136,113495,113775,6.327449928,0.618746826,0.503088459,2.515442293,27.5,183.9707383,153.8619043,0,
ID110871_ID112314,136,110871,112314,0.131415549,0.009794282,0.072502565,0.362512826,62.5,176.7368236,148.7406591,0,
ID114059_ID111469,136,114059,111469,1.041598953,0.482557309,0.204117511,1.020587553,12.5,185.1964573,154.3731743,0,
ID111469_ID111762,136,111469,111762,6.63680665,0.558551285,0.515240008,2.576200041,17.5,184.4622037,153.9923434,0,
ID114641_ID117142,136,114641,117142,1.548491104,0.250643387,0.248876765,1.244383825,72.5,174.5052643,150.3006228,0,
ID117142_ID115273,136,117142,115273,13.94428394,0.409856774,0.746840918,3.734204592,77.5,172.8309289,150.2962785,0,
ID114333_ID115587,136,114333,115587,13.03067907,0.399412394,0.721960638,3.60980319,87.5,175.4021248,150.6445917,0,
ID115273_ID114333,136,115273,114333,23.71756833,0.528722394,0.974013723,4.870068617,82.5,173.4741732,149.2897357,0,
ID115587_ID114958,136,115587,114958,9.158910752,0.458166013,0.605273847,3.026369236,92.5,176.2864122,151.7232663,0,
ID112636_ID116229,136,112636,116229,3.475671067,0.340302414,0.372863035,1.864315174,42.5,179.9277785,153.4248854,0,
ID113198_ID112636,136,113198,112636,4.144867669,0.126338839,0.407178962,2.035894808,37.5,180.9447418,154.2145418,0,
ID113775_ID113198,136,113775,113198,2.640022674,0.319303637,0.324962932,1.624814658,32.5,182.5347182,153.5053149,0,
ID116229_ID116528,136,116229,116528,5.444693904,0.473277992,0.466677358,2.333386788,47.5,179.1103362,153.33399,0,
ID111762_ID113495,136,111762,113495,4.440779927,0.592050158,0.421463162,2.107315811,22.5,184.1471199,153.9783778,0,
ID116528_ID110871,136,116528,110871,29.96886753,0.20941083,0.547438284,5.474382844,55,177.5403014,151.546113,0,
ID114640_ID117139,137,114640,117139,3.992495757,0.535256609,0.399624612,1.998123059,72.5,247.9566927,149.7935358,0,
ID115577_ID114947,137,115577,114947,0.981704524,0.034104903,0.198162007,0.990810034,92.5,246.8499162,144.1841615,0,
ID112624_ID116222,137,112624,116222,0.649646174,0.334456489,0.161201262,0.806006312,42.5,254.7281515,146.7667979,0,
ID112037_ID114058,137,112037,114058,1.996048739,0.209657271,0.282563178,1.41281589,7.5,270.3409078,152.9946659,0,
ID114058_ID111463,137,114058,111463,10.08153465,0.139301731,0.63502865,3.175143249,12.5,268.8706029,151.3890092,0,
ID112316_ID114640,137,112316,114640,2.509615557,0.482558984,0.316835324,1.584176618,67.5,248.0954875,149.3555389,0,
ID110869_ID112316,137,110869,112316,3.10787258,0.170605209,0.352583186,1.762915931,62.5,248.0117381,148.7591424,0,
ID116222_ID116521,137,116222,116521,0.465349514,0.235729782,0.136433063,0.682165313,47.5,254.2823995,147.1970528,0,
ID111172_ID110869,137,111172,110869,23.72051937,0.310785723,0.974074317,4.870371585,57.5,251.0988429,148.7382905,0,
ID113190_ID112624,137,113190,112624,4.306550683,0.015788625,0.415044609,2.075223044,37.5,255.8024721,146.7543419,0,
ID115277_ID115577,137,115277,115577,85.89737836,0.271883964,0.926808386,9.268083856,85,245.4275791,149.1057048,0,
ID111757_ID113489,137,111757,113489,16.38408,0.020361657,0.809545057,4.047725287,22.5,264.1049314,149.0115835,0,
ID112925_ID112037,137,112925,112037,1.377467439,NaN,0.234731118,1.173655588,2.5,271.45293,152.8513356,0,
ID116521_ID111172,137,116521,111172,4.243287533,0.244221459,0.411984831,2.059924157,52.5,253.7122037,148.2424007,0,
ID113489_ID113770,137,113489,113770,7.261381368,0.026169691,0.538939008,2.694695042,27.5,260.8441028,148.1836741,0,
ID111463_ID111757,137,111463,111757,4.279449588,0.167990985,0.413736611,2.068683056,17.5,267.0517568,149.8160422,0,
ID113770_ID113190,137,113770,113190,8.225103211,0.024362939,0.573588815,2.867944074,32.5,258.1428741,147.5429963,0,
ID117139_ID115277,137,117139,115277,20.13690447,0.094154668,0.897483247,4.487416236,77.5,245.5484109,151.8497558,0,
ID117165_ID115293,138,117165,115293,11.98590423,0.572711678,0.692413294,3.462066469,77.5,123.0375482,163.6966762,0,
ID112041_ID114061,138,112041,114061,9.213200417,0.002605008,0.607065084,3.035325422,7.5,145.5616599,156.7843682,0,
ID113505_ID113782,138,113505,113782,0.60976208,0.177235701,0.156174528,0.78087264,27.5,139.3478825,159.2176018,0,
ID115293_ID115606,138,115293,115606,69.61507504,0.194387155,0.834356489,8.343564888,85,126.4897767,161.9027502,0,
ID116827_ID115908,138,116827,115908,0.655832664,0.594972979,0.161966992,0.809834961,102.5,126.7609229,159.2832473,0,
ID115908_ID117467,138,115908,117467,1.851360738,0.049158307,0.272129435,1.360647176,107.5,127.7948737,159.5867853,0,
ID117769_ID118393,138,117769,118393,6.147824868,0.514106297,0.495896153,2.479480766,122.5,129.9364041,157.2175558,0,
ID117467_ID118095,138,117467,118095,3.916181564,0.111344585,0.39578689,1.978934452,112.5,129.3875191,159.3668385,0,
ID118095_ID117769,138,118095,117769,7.582149318,0.357534651,0.550714057,2.753570286,117.5,129.5585373,157.8638212,0,
ID114657_ID117165,138,114657,117165,24.41728383,0.245229602,0.988276962,4.941384809,72.5,123.3893958,162.829619,0,
ID114968_ID116827,138,114968,116827,10.57189384,0.14208544,0.650288977,3.251444885,97.5,127.9600285,159.5492686,0,
ID115606_ID114968,138,115606,114968,4.161354058,0.421216573,0.407987944,2.039939719,92.5,130.0907177,160.8367331,0,
ID113204_ID112643,138,113204,112643,1.137773051,0.275409697,0.21333289,1.066664451,37.5,136.3566083,159.1519381,0,
ID116247_ID116542,138,116247,116542,26.44386381,0.253518672,1.02847195,5.142359751,47.5,128.2956363,162.2608543,0,
ID110882_ID112332,138,110882,112332,0.209706556,0.449908208,0.091587457,0.457937284,62.5,125.3536011,158.8801166,0,
ID114061_ID111476,138,114061,111476,8.788183916,0.309443053,0.592897425,2.964487125,12.5,143.6373251,157.7348233,0,
ID116542_ID111185,138,116542,111185,3.565032909,0.031319022,0.377625895,1.888129474,52.5,125.5902827,160.0295757,0,
ID111476_ID111768,138,111476,111768,1.704416327,0.388337543,0.261106593,1.305532966,17.5,142.6611816,158.7191594,0,
ID112332_ID114657,138,112332,114657,7.575235117,0.306170869,0.5504629,2.752314502,67.5,124.240448,159.7358562,0,
ID112643_ID116247,138,112643,116247,51.25479201,0.119955551,1.431849042,7.159245212,42.5,133.259664,161.7324224,0,
ID111185_ID110882,138,111185,110882,0.557461928,0.24136248,0.149326746,0.746633731,57.5,125.0945384,159.0118355,0,
ID112930_ID112041,138,112930,112041,3.468143765,NaN,0.372459059,1.862295295,2.5,147.8949919,157.5273313,0,
ID111768_ID113505,138,111768,113505,7.271954384,0.223112668,0.53933123,2.696656149,22.5,140.9286265,158.8468055,0,
ID113782_ID113204,138,113782,113204,6.201233935,0.06221158,0.498045537,2.490227687,32.5,137.7697652,158.846238,0,
ID112048_ID114060,139,112048,114060,41.97536242,0.137549713,1.295767918,6.478839589,7.5,234.5300317,156.8472223,0,
ID113494_ID113776,139,113494,113776,0.643533608,0.216312814,0.160441093,0.802205465,27.5,228.915371,153.3096537,0,
ID112933_ID112048,139,112933,112048,11.20116463,NaN,0.66936282,3.346814101,2.5,237.5583213,160.3828631,0,
ID111760_ID113494,139,111760,113494,13.16063094,0.007705247,0.725551678,3.627758391,22.5,230.8636996,152.7275195,0,
ID114060_ID111467,139,114060,111467,3.14180087,0.197482529,0.354502517,1.772512587,12.5,233.4719342,153.1972004,0,
ID111467_ID111760,139,111467,111760,1.543145484,0.431395842,0.248446814,1.24223407,17.5,233.2848133,152.4711151,0,
ID113210_ID112653,140,113210,112653,7.186262487,0.284238389,0.536144103,2.680720516,37.5,249.3667553,163.2579973,0,
ID112035_ID114063,140,112035,114063,30.61448966,0.208670382,1.106607241,5.533036206,7.5,251.7696689,155.1937951,0,
ID114356_ID115607,140,114356,115607,8.059552808,0.155823618,0.567787031,2.838935154,87.5,245.6748993,164.9186394,0,
ID116548_ID111189,140,116548,111189,15.21564669,0.425880088,0.780144773,3.900723867,52.5,251.1738683,163.1010506,0,
ID111189_ID110886,140,111189,110886,6.325510353,0.379191331,0.503011346,2.51505673,57.5,251.0479821,161.1510761,0,
ID115304_ID114356,140,115304,114356,1.478054477,0.499530343,0.243150528,1.215752638,82.5,244.4858728,166.4013823,0,
ID112924_ID112035,140,112924,112035,9.348709284,NaN,0.611513182,3.057565908,2.5,254.2651563,152.3616778,0,
ID113788_ID113210,140,113788,113210,9.564485486,0.110226462,0.618530047,3.092650237,32.5,250.0283374,161.1680606,0,
ID117167_ID115304,140,117167,115304,4.208159005,0.33426845,0.410275956,2.051379781,77.5,245.1231167,166.2664206,0,
ID111475_ID113506,140,111475,113506,35.34909751,0.248935041,0.59455107,5.945510702,20,251.5769627,159.3995066,0,
ID113506_ID113788,140,113506,113788,10.16082652,0.569869706,0.637521028,3.187605139,27.5,252.8819386,160.1743177,0,
ID114675_ID117167,140,114675,117167,5.246028517,0.404279048,0.458084207,2.290421035,72.5,246.5754779,166.4020036,0,
ID112653_ID116548,140,112653,116548,0.083879661,0.004453311,0.028961986,0.289619857,45,250.0273711,164.5880094,0,
ID115607_ID114984,140,115607,114984,14.0665828,0.608323021,0.750108867,3.750544334,92.5,245.4404493,165.3421672,0,
ID110886_ID112342,140,110886,112342,5.539143131,0.310684167,0.470707686,2.353538428,62.5,249.5054822,161.9500005,0,
ID112342_ID114675,140,112342,114675,21.06804822,0.026749086,0.917998872,4.58999436,67.5,248.245976,165.1777813,0,
ID114063_ID111475,140,114063,111475,5.314446072,0.156444051,0.461061648,2.305308238,12.5,249.7321038,158.2523192,0,
ID122969_ID123212,141,122969,123212,0.084830372,0.440351678,0.058251308,0.291256541,212.5,139.337484,162.938496,0,
ID124258_ID124065,141,124258,124065,0.927787503,0.389084453,0.192643453,0.963217267,237.5,143.2906903,160.1287393,0,
ID121707_ID120905,141,121707,120905,12.71271161,0.284279349,0.713097794,3.565488972,172.5,136.9880854,167.2131396,0,
ID119631_ID120175,141,119631,120175,6.889887809,0.072842514,0.524971916,2.624859579,147.5,139.0578325,172.4100389,0,
ID112639_ID116234,141,112639,116234,2.562966459,0.271653918,0.32018535,1.60092675,42.5,153.2946498,157.0554775,0,
ID114062_ID111472,141,114062,111472,21.46942578,0.029696307,0.926702234,4.633511172,12.5,170.7061014,157.6163502,0,
ID115600_ID114970,141,115600,114970,5.641545984,0.090383187,0.475038777,2.375193883,92.5,145.2780995,160.0650096,0,
ID111472_ID111767,141,111472,111767,5.561171197,0.001733978,0.471642712,2.358213561,17.5,167.2112405,157.6987844,0,
ID124065_ID123865,141,124065,123865,3.528843247,0.460729503,0.375704312,1.878521559,242.5,143.946324,159.8475681,0,
ID113202_ID112639,141,113202,112639,1.384456121,0.181966446,0.235325827,1.176629135,37.5,154.3820789,157.0005393,0,
ID122234_ID121449,141,122234,121449,4.605239743,0.079204521,0.429196447,2.145982233,157.5,138.1901332,171.854855,0,
ID119906_ID121707,141,119906,121707,15.32012006,0.426558816,0.782818499,3.914092494,167.5,136.5675802,170.0184906,0,
ID112328_ID114653,141,112328,114653,2.41658177,0.349416428,0.310907174,1.55453587,67.5,147.3611639,157.0438958,0,
ID114970_ID116829,141,114970,116829,8.096005357,0.273735888,0.569069604,2.84534802,97.5,143.3175703,160.5837109,0,
ID120175_ID122234,141,120175,122234,0.844329799,0.483759171,0.18377484,0.918874202,152.5,138.5874676,173.3088674,0,
ID121947_ID122724,141,121947,122724,4.450328893,0.029492482,0.421916053,2.109580265,202.5,139.3209346,164.5901906,0,
ID120666_ID120421,141,120666,120421,5.752435497,0.151720156,0.479684709,2.398423544,187.5,139.7619356,168.2033976,0,
ID111182_ID110879,141,111182,110879,3.095788032,0.475375455,0.351897032,1.759485161,57.5,147.8159897,156.0829596,0,
ID113780_ID113202,141,113780,113202,28.85333513,0.07313872,1.074306011,5.371530055,32.5,157.4506587,156.7120731,0,
ID115282_ID114341,141,115282,114341,1.144455652,0.086545394,0.213958468,1.069792341,82.5,146.1400412,158.2866435,0,
ID116234_ID116532,141,116234,116532,16.68501291,0.098007349,0.816945847,4.084729233,47.5,150.5523727,156.6350049,0,
ID122724_ID122969,141,122724,122969,0.451013882,0.030853503,0.134315134,0.671575671,207.5,139.2612366,163.2039255,0,
ID118110_ID117785,141,118110,117785,7.538717793,0.325674914,0.549134511,2.745672557,117.5,139.9337941,165.4371128,0,
ID115916_ID117479,141,115916,117479,2.371954499,0.375808577,0.308023019,1.540115093,107.5,141.8112781,163.4165979,0,
ID119016_ID118728,141,119016,118728,2.786137981,0.244099456,0.333834569,1.669172843,132.5,139.7155706,168.3876609,0,
ID123447_ID124456,141,123447,124456,6.716963326,0.286032967,0.5183421,2.591710502,227.5,140.6772782,161.7655951,0,
ID112042_ID114062,141,112042,114062,4.405477875,0.056360488,0.419784605,2.098923027,7.5,174.0554778,157.3722388,0,
ID117479_ID118110,141,117479,118110,9.807867657,0.419175205,0.626350306,3.131751532,112.5,141.8432007,164.7712309,0,
ID120905_ID121161,141,120905,121161,0.458390732,0.375817036,0.135409118,0.677045591,177.5,138.1030428,165.9156777,0,
ID121449_ID119906,141,121449,119906,1.086895239,0.501141362,0.208508536,1.04254268,162.5,137.7870158,171.2544104,0,
ID114653_ID117146,141,114653,117146,10.65871856,0.576091615,0.652953859,3.264769296,72.5,146.4952633,156.7841436,0,
ID118728_ID119325,141,118728,119325,3.471936245,0.613008018,0.372662649,1.863313244,137.5,139.6004899,168.414744,0,
ID111767_ID113502,141,111767,113502,9.929817972,0.021650988,0.630232274,3.151161369,22.5,164.4692493,157.9179577,0,
ID118402_ID119016,141,118402,119016,25.80899373,0.583116962,1.016051056,5.080255282,127.5,139.1181142,165.5159234,0,
ID113502_ID113780,141,113502,113780,9.257689739,0.109862436,0.608529038,3.042645188,27.5,161.5190791,157.4912952,0,
ID116532_ID111182,141,116532,111182,1.567541856,0.030457276,0.250403024,1.252015118,52.5,147.8900705,156.6875752,0,
ID117146_ID115282,141,117146,115282,4.183847964,0.486052771,0.409089133,2.045445664,77.5,145.4199354,156.9424796,0,
ID110879_ID112328,141,110879,112328,3.642712573,0.57172278,0.381717832,1.908589158,62.5,147.5843714,155.9462451,0,
ID116829_ID115916,141,116829,115916,12.11032935,0.329889692,0.69599797,3.479989849,102.5,141.5119897,161.7679683,0,
ID121161_ID120666,141,121161,120666,4.688608197,0.512252445,0.433063884,2.165319422,182.5,138.2427782,166.724517,0,
ID122485_ID121947,141,122485,121947,10.37960831,0.31101756,0.64434799,3.22173995,197.5,139.5730889,167.2369398,0,
ID123212_ID123665,141,123212,123665,2.964685129,0.017006314,0.344365221,1.721826103,217.5,140.1985552,163.4588573,0,
ID120421_ID122485,141,120421,122485,1.104947325,0.518194799,0.210232949,1.051164747,192.5,140.3396939,168.7568258,0,
ID123665_ID123447,141,123665,123447,2.4302433,0.575795234,0.311784753,1.558923763,222.5,140.3972247,163.3440536,0,
ID117785_ID118402,141,117785,118402,3.302045059,0.262822149,0.363430602,1.817153009,122.5,139.0231119,163.8514958,0,
ID112929_ID112042,141,112929,112042,5.04818011,NaN,0.44936311,2.246815549,2.5,176.09714,156.6940287,0,
ID114341_ID115600,141,114341,115600,0.524142314,0.356659509,0.144795347,0.723976736,87.5,146.2092027,158.8617022,0,
ID124456_ID124258,141,124456,124258,4.119880657,0.064072135,0.405949783,2.029748915,232.5,142.3429664,160.2063864,0,
ID119325_ID119631,141,119325,119631,9.404153609,0.419260215,0.61332385,3.066619248,142.5,139.0059761,169.6115499,0,
ID112049_ID114064,142,112049,114064,2.675414429,0.287281465,0.327133883,1.635669413,7.5,406.653011,158.9454796,0,
ID112935_ID112049,142,112935,112049,9.37521474,NaN,0.612379449,3.061897245,2.5,407.9816539,160.2036053,0,
ID114064_ID111479,142,114064,111479,17.71644623,0.496785586,0.841818181,4.209090903,12.5,405.2448552,159.5705547,0,
ID111474_ID111766,143,111474,111766,2.824084725,0.185921571,0.336100266,1.680501332,17.5,322.9266054,157.5643393,0,
ID111766_ID113497,143,111766,113497,4.972686818,0.263615474,0.44599044,2.229952201,22.5,321.7063496,156.6006648,0,
ID112938_ID112047,143,112938,112047,8.907951192,NaN,0.596923821,2.984619103,2.5,325.393465,160.3428912,0,
ID114067_ID111474,143,114067,111474,26.42412662,0.602447065,1.028088063,5.140440313,12.5,325.2874055,159.6433374,0,
ID112047_ID114067,143,112047,114067,10.80611716,0.510117708,0.657453182,3.287265909,7.5,326.2125809,159.9139028,0,
ID112050_ID114066,144,112050,114066,5.334465569,0.017170274,0.46192924,2.3096462,7.5,390.9135717,159.478726,0,
ID113504_ID113786,144,113504,113786,13.41356664,0.271810863,0.732490727,3.662453636,27.5,385.3546992,159.4306147,0,
ID111772_ID113504,144,111772,113504,6.575142137,0.19876002,0.512840799,2.564203997,22.5,387.7726597,159.8014181,0,
ID112932_ID112050,144,112932,112050,1.08045069,NaN,0.20788946,1.0394473,2.5,392.4851703,160.0529766,0,
ID113786_ID113205,144,113786,113205,2.678771361,0.402496689,0.327339051,1.636695256,32.5,383.7037807,159.3026675,0,
ID111478_ID111772,144,111478,111772,0.873678922,0.264836543,0.186941587,0.934707934,17.5,388.9612611,160.8517348,0,
ID114066_ID111478,144,114066,111478,3.367846732,0.344341123,0.36703388,1.835169402,12.5,389.6341733,159.9478836,0,
ID112330_ID114652,145,112330,114652,0.690288635,0.57793275,0.166167221,0.830836106,67.5,203.2665348,157.7286595,0,
ID116822_ID115904,145,116822,115904,5.1425617,0.207881965,0.45354434,2.267721698,102.5,202.4661148,155.2233288,0,
ID117771_ID118395,145,117771,118395,2.526361213,0.008466137,0.317890624,1.589453118,122.5,200.2157517,158.5687171,0,
ID111777_ID113510,145,111777,113510,9.63802655,0.297281749,0.620903424,3.10451712,22.5,210.9263037,162.3921132,0,
ID117149_ID115287,145,117149,115287,8.328129626,0.458358929,0.577169979,2.885849897,77.5,202.3318972,157.781153,0,
ID115589_ID114962,145,115589,114962,5.049998851,0.367849365,0.44944405,2.24722025,92.5,201.6636444,154.0953504,0,
ID115287_ID114339,145,115287,114339,4.295563949,0.556255877,0.414514846,2.072574232,82.5,202.688272,158.2611389,0,
ID113510_ID113792,145,113510,113792,3.881121246,0.446942137,0.394011231,1.970056153,27.5,210.1293981,161.4645612,0,
ID117462_ID118089,145,117462,118089,2.052123523,0.009995278,0.286504696,1.432523481,112.5,202.2049236,155.766006,0,
ID118395_ID118995,145,118395,118995,0.265345745,0.332446388,0.103023443,0.515117215,127.5,200.119499,159.3757379,0,
ID113792_ID113215,145,113792,113215,3.897732732,0.008376782,0.394853529,1.974267644,32.5,208.6308056,162.7459424,0,
ID114069_ID111482,145,114069,111482,5.507366277,0.345632501,0.46935557,2.34677785,12.5,212.9735779,163.0837728,0,
ID116243_ID116544,145,116243,116544,3.046524616,1.15E-04,0.349085927,1.745429637,47.5,206.0232426,162.0710404,0,
ID114652_ID117149,145,114652,117149,2.646537062,0.323497908,0.325363616,1.626818079,72.5,202.9598594,156.8868684,0,
ID118089_ID117771,145,118089,117771,6.406161872,0.306023531,0.506207936,2.531039682,117.5,201.043929,156.6827331,0,
ID114962_ID116822,145,114962,116822,1.336037792,0.58302419,0.231174202,1.15587101,97.5,201.1873727,154.4179803,0,
ID113215_ID112650,145,113215,112650,0.198112594,0.445065216,0.089019682,0.44509841,37.5,207.8777163,163.1810682,0,
ID112055_ID114069,145,112055,114069,4.158182255,0.19672443,0.407832429,2.039162145,7.5,214.3865112,162.8715845,0,
ID114339_ID115589,145,114339,115589,13.14115156,0.095715197,0.725014526,3.625072628,87.5,202.8919681,155.4948683,0,
ID112650_ID116243,145,112650,116243,1.365740014,0.209428418,0.23372976,1.168648798,42.5,207.3351111,162.705047,0,
ID111183_ID110881,145,111183,110881,5.427948498,0.345929758,0.465959161,2.329795806,57.5,204.8379262,157.6433911,0,
ID110881_ID112330,145,110881,112330,0.662052472,0.112351853,0.162733214,0.813666069,62.5,203.3229929,157.8155851,0,
ID111482_ID111777,145,111482,111777,1.727695826,0.198605512,0.262883687,1.314418436,17.5,211.6172471,163.9845958,0,
ID115904_ID117462,145,115904,117462,0.096803083,0.510071459,0.062226388,0.311131939,107.5,203.0243859,156.0631369,0,
ID112941_ID112055,145,112941,112055,4.323763951,NaN,0.415873248,2.079366238,2.5,216.1206931,163.4079127,0,
ID118995_ID118697,145,118995,118697,6.686382519,0.459793583,0.517160807,2.585804037,132.5,199.8822251,158.2628998,0,
ID116544_ID111183,145,116544,111183,16.6924887,0.261733996,0.817128844,4.085644221,52.5,205.6199435,159.6843953,0,
ID112044_ID114068,146,112044,114068,8.273050865,0.120007234,0.575258233,2.876291165,7.5,443.1260637,159.6608288,0,
ID113793_ID113211,146,113793,113211,1.309414329,0.115057886,0.228859287,1.144296434,32.5,438.0725698,162.7909318,0,
ID111195_ID110894,146,111195,110894,10.07704712,0.515010557,0.634887301,3.174436504,57.5,445.2302332,165.3240127,0,
ID116549_ID111195,146,116549,111195,2.947934797,0.139164214,0.343391019,1.716955095,52.5,444.3204615,165.6833905,0,
ID112928_ID112044,146,112928,112044,14.68039396,NaN,0.766300045,3.831500223,2.5,444.0398857,156.5865829,0,
ID110894_ID112348,146,110894,112348,5.914870882,0.467831556,0.486410151,2.432050757,62.5,446.377101,165.3244238,0,
ID113211_ID112647,146,113211,112647,4.097224007,0.435018739,0.404832015,2.024160074,37.5,437.9400916,161.9686885,0,
ID116245_ID116549,146,116245,116549,11.77682606,0.44695647,0.68634761,3.431738052,47.5,445.7083346,163.6793475,0,
ID111480_ID111773,146,111480,111773,5.979737044,0.068548704,0.489070017,2.445350086,17.5,442.0472379,161.5615236,0,
ID113508_ID113793,146,113508,113793,8.964217544,0.453094789,0.598806064,2.994030318,27.5,439.7441085,161.6901785,0,
ID114068_ID111480,146,114068,111480,7.11E-04,0.181741624,0.00533128,0.026656399,12.5,443.1952352,161.1055513,0,
ID112647_ID116245,146,112647,116245,76.23592958,0.259829254,1.746263778,8.731318891,42.5,442.6753113,161.7895694,0,
ID112348_ID114663,146,112348,114663,11.97067561,0.561089295,0.691973283,3.459866415,67.5,446.904029,164.8533423,0,
ID111773_ID113508,146,111773,113508,1.762548446,0.380282551,0.26552201,1.32761005,22.5,440.8801947,161.3455683,0,
ID114663_ID117169,146,114663,117169,9.453164956,0.543577515,0.614919993,3.074599967,72.5,447.5956957,164.6829287,0,
ID112057_ID114071,147,112057,114071,19.07285013,0.076313662,0.873449486,4.367247431,7.5,206.8912153,163.6895706,0,
ID112947_ID112057,147,112947,112057,22.64512057,NaN,0.951737791,4.758688955,2.5,211.058178,165.3357129,0,
ID111477_ID111769,147,111477,111769,0.191718255,0.419295223,0.087571286,0.437856432,17.5,204.7769741,160.4172969,0,
ID114071_ID111477,147,114071,111477,8.947872811,0.268040351,0.598259904,2.991299519,12.5,204.6618886,161.8112244,0,
ID114070_ID111481,148,114070,111481,10.52951791,0.044178703,0.648984373,3.244921865,12.5,438.9557031,162.9157846,0,
ID112056_ID114070,148,112056,114070,12.19281672,0.333954413,0.698364281,3.491821405,7.5,442.2875768,163.2427238,0,
ID112940_ID112056,148,112940,112056,2.179922687,NaN,0.295291225,1.476456124,2.5,444.0747476,162.8626105,0,
ID114654_ID117158,149,114654,117158,29.30813508,0.389133631,1.082739767,5.413698835,72.5,270.3964855,158.7462438,0,
ID110878_ID114654,149,110878,114654,12.53176628,0.254381811,0.354002349,3.540023486,65,269.2410927,156.376339,0,
ID111486_ID111779,149,111486,111779,3.480235623,0.252075505,0.373107793,1.865538963,17.5,276.4481541,164.7765521,0,
ID114073_ID111486,149,114073,111486,2.59088563,0.258451468,0.321924564,1.609622822,12.5,275.2165841,164.0985908,0,
ID116537_ID111184,149,116537,111184,4.975274185,0.081255331,0.446106453,2.230532265,52.5,270.8678152,158.4905279,0,
ID113513_ID113784,149,113513,113784,17.36956551,0.041620729,0.833536214,4.167681071,27.5,274.9815132,161.6993039,0,
ID111779_ID113513,149,111779,113513,3.182202462,0.456459985,0.356774577,1.783872883,22.5,276.7480926,164.0771691,0,
ID112046_ID114073,149,112046,114073,47.3160536,0.073317737,1.375733311,6.878666557,7.5,277.6275353,161.2374394,0,
ID112931_ID112046,149,112931,112046,12.26174202,NaN,0.700335406,3.501677029,2.5,282.0146524,158.6123933,0,
ID117158_ID115281,149,117158,115281,10.82523944,0.398264698,0.658034633,3.290173163,77.5,272.8787222,158.2604022,0,
ID116237_ID116537,149,116237,116537,2.681097786,0.53048031,0.327481162,1.63740581,47.5,272.6833815,157.9471084,0,
ID113201_ID112641,149,113201,112641,4.263166247,0.514917526,0.412948725,2.064743627,37.5,273.0389585,156.6566191,0,
ID112641_ID116237,149,112641,116237,0.705910932,0.419675622,0.168037012,0.840185058,42.5,272.9717886,157.5516483,0,
ID111184_ID110878,149,111184,110878,12.55248847,0.381912947,0.708589824,3.54294912,57.5,270.1462063,156.8942534,0,
ID113784_ID113201,149,113784,113201,17.79389189,0.1001879,0.843656136,4.218280679,32.5,273.6856014,157.8494127,0,
ID111774_ID113509,150,111774,113509,31.83610736,0.128164738,1.128469891,5.642349454,22.5,65.18289515,161.6626931,0,
ID114072_ID111488,150,114072,111488,4.079417268,0.343190051,0.403951347,2.019756735,12.5,69.35845191,164.5576693,0,
ID113509_ID113790,150,113509,113790,5.037779272,0.141031794,0.448899956,2.244499782,27.5,61.45719211,161.2632229,0,
ID112053_ID114072,150,112053,114072,0.927442824,NaN,0.192607666,0.96303833,7.5,69.18389053,163.5181652,0,
ID111488_ID111774,150,111488,111774,12.55940925,0.626797216,0.708785137,3.543925683,17.5,68.91703141,163.9363609,0,
ID113790_ID113208,150,113790,113208,5.820091575,0.159565461,0.482497319,2.412486596,32.5,59.31140907,161.2393304,0,
ID113208_ID112638,150,113208,112638,26.74821813,0.4131601,1.034373591,5.171867954,37.5,60.20718775,159.1474089,0,
ID112638_ID116233,150,112638,116233,1.407383395,0.027103656,0.237266381,1.186331907,42.5,62.62259759,157.0872282,0,
ID116233_ID116534,150,116233,116534,0.696297391,0.565427351,0.166888872,0.83444436,47.5,62.66305396,156.8557327,0,
ID112937_ID112051,151,112937,112051,11.92497994,NaN,0.690651285,3.453256426,2.5,320.5711087,161.7634743,0,
ID111785_ID113516,151,111785,113516,9.162250627,0.302663819,0.605384196,3.026920981,22.5,312.1974849,166.1611373,0,
ID111491_ID111785,151,111491,111785,1.048206046,0.079745827,0.204763868,1.023819342,17.5,313.7222028,166.7240423,0,
ID114075_ID111491,151,114075,111491,4.63501717,0.089319052,0.4305818,2.152909002,12.5,315.0374032,165.8833908,0,
ID112051_ID114075,151,112051,114075,20.26902864,0.157972673,0.900422759,4.502113797,7.5,317.4317856,163.677954,0,
ID112058_ID114074,152,112058,114074,8.403221215,0.071702123,0.579766202,2.898831008,7.5,214.034822,164.3077856,0,
ID114074_ID111485,152,114074,111485,0.707618589,0.413852114,0.168240137,0.841200683,12.5,212.7433372,164.4717416,0,
ID112942_ID112058,152,112942,112058,8.328950771,NaN,0.577198433,2.885992164,2.5,216.8804566,164.2582381,0,
ID112060_ID114077,153,112060,114077,2.942612603,0.078684854,0.3430809,1.715404501,7.5,440.729562,165.729831,0,
ID112944_ID112060,153,112944,112060,9.624311462,NaN,0.620461488,3.102307442,2.5,443.0771438,165.4329103,0,
ID114077_ID111484,153,114077,111484,20.79261775,0.029185991,0.911978459,4.559892296,12.5,437.6840891,165.0029453,0,
ID111484_ID111776,153,111484,111776,2.64041769,0.042038939,0.324987242,1.624936211,17.5,434.7702564,164.0074234,0,
ID112079_ID114076,154,112079,114076,73.70870663,0.055307037,1.717075498,8.585377489,7.5,357.7615862,169.9308805,0,
ID111496_ID111793,154,111496,111793,6.178658504,0.026189629,0.49713815,2.48569075,17.5,353.8459574,169.0061742,0,
ID114076_ID111496,154,114076,111496,12.27891662,0.451478203,0.700825702,3.504128511,12.5,356.0123457,166.9473008,0,
ID112968_ID112079,154,112968,112079,21.5566474,NaN,0.928582735,4.642913676,2.5,359.2212714,176.3229867,0,
ID111793_ID113526,154,111793,113526,3.300310999,0.151930297,0.363335162,1.81667581,22.5,351.976473,169.7216331,0,
ID111487_ID111775,155,111487,111775,33.93473941,0.019841869,1.165070632,5.825353158,17.5,46.20502665,164.4667182,0,
ID112062_ID114079,155,112062,114079,23.98468555,NaN,0.979483242,4.897416212,7.5,54.87108748,167.0474227,0,
ID113511_ID113798,155,113511,113798,20.9799958,0.245962803,0.916078507,4.580392537,27.5,38.21306317,163.8992236,0,
ID111775_ID113511,155,111775,113511,15.78657779,0.017346204,0.794646532,3.973232662,22.5,41.56631216,162.9040604,0,
ID116248_ID116543,155,116248,116543,24.23992095,0.602372658,0.984681084,4.923405422,47.5,28.16137249,163.985958,0,
ID112655_ID116248,155,112655,116248,0.042596897,0.283665316,0.041278031,0.206390157,42.5,28.29303881,166.3416939,0,
ID114079_ID111487,155,114079,111487,13.89472993,0.050364122,0.745512708,3.727563539,12.5,50.72082473,166.0057877,0,
ID113798_ID112655,155,113798,112655,71.03857192,0.078039782,0.842843829,8.428438285,35,32.50426089,165.9318138,0,
ID111778_ID113514,156,111778,113514,2.955982656,0.00531988,0.343859428,1.71929714,22.5,9.178395891,164.9239496,0,
ID116540_ID111190,156,116540,111190,12.70969247,0.419050689,0.713013113,3.565065564,52.5,0.891266391,161.3192168,0,
ID113514_ID113794,156,113514,113794,4.115919167,0.128352008,0.405754565,2.028772823,27.5,7.648649693,164.0157111,0,
ID113213_ID112645,156,113213,112645,13.95645018,0.557717779,0.747166653,3.735833264,37.5,6.287368253,162.2966617,0,
ID112645_ID116239,156,112645,116239,4.477526357,0.111130869,0.423203325,2.116016625,42.5,3.865359752,160.8474297,0,
ID114078_ID111489,156,114078,111489,8.905439679,NaN,0.596839666,2.984198331,12.5,14.61343298,166.1667104,0,
ID113794_ID113213,156,113794,113213,0.579527798,0.539522979,0.152253446,0.761267232,32.5,7.316224199,163.4107298,0,
ID111489_ID111778,156,111489,111778,10.40601954,0.011082698,0.645167251,3.225836254,17.5,11.59908422,165.4268145,0,
ID116239_ID116540,156,116239,116540,4.99041475,0.068370791,0.446784724,2.233923622,47.5,1.858103971,160.095995,0,
ID113518_ID113797,157,113518,113797,2.476962747,0.038412541,0.31476739,1.573836951,27.5,239.2209427,165.307359,0,
ID113797_ID113216,157,113797,113216,1.633339864,0.041633847,0.255604371,1.278021856,32.5,238.0236605,164.5470446,0,
ID114081_ID111495,157,114081,111495,5.036460668,0.069508667,0.448841204,2.244206022,12.5,243.9337193,167.5273874,0,
ID111784_ID113518,157,111784,113518,4.332576101,0.043544311,0.416296822,2.08148411,22.5,240.7408668,166.3073869,0,
ID111495_ID111784,157,111495,111784,1.926605428,0.093242449,0.277604426,1.388022128,17.5,242.1859651,167.2491703,0,
ID113216_ID112652,157,113216,112652,0.064560801,0.322797355,0.050817635,0.254088175,37.5,237.6112072,164.0497048,0,
ID112063_ID114081,157,112063,114081,0.192869586,NaN,0.08783384,0.4391692,7.5,245.2605838,167.4269223,0,
ID114080_ID111493,158,114080,111493,4.547567999,0.133838409,0.426500551,2.132502755,12.5,245.5107424,166.6868049,0,
ID112948_ID112065,158,112948,112065,2.150485476,NaN,0.293290673,1.466453366,2.5,247.7017567,167.2932933,0,
ID112065_ID114080,158,112065,114080,3.539483744,0.540301436,0.376270315,1.881351574,7.5,247.28769,167.3482939,0,
ID112949_ID112067,159,112949,112067,7.352066766,NaN,0.542293897,2.711469485,2.5,388.614748,168.0316184,0,
ID112067_ID114083,159,112067,114083,2.163839251,0.62807542,0.294199881,1.470999405,7.5,388.0386136,168.2613186,0,
ID114083_ID111497,159,114083,111497,4.033522454,0.593638683,0.401672626,2.008363128,12.5,387.7390404,168.1935161,0,
ID111483_ID111770,160,111483,111770,18.26605337,0.023266584,0.854776073,4.273880364,17.5,431.1637548,162.4994822,0,
ID111770_ID113512,160,111770,113512,7.286244071,0.515593237,0.539860874,2.699304368,22.5,430.1190666,161.8508963,0,
ID117150_ID115291,160,117150,115291,18.9634777,0.035598357,0.870941507,4.354707533,77.5,423.4037807,158.3697579,0,
ID114649_ID117150,160,114649,117150,0.521942742,0.020096229,0.14449121,0.722456049,72.5,422.4787091,156.0109896,0,
ID116533_ID111181,160,116533,111181,1.832414848,0.520509178,0.270733437,1.353667185,52.5,426.0281288,156.5830329,0,
ID114082_ID111483,160,114082,111483,14.03809427,NaN,0.749348898,3.74674449,12.5,432.8796434,166.1166932,0,
ID113787_ID113206,160,113787,113206,10.99677876,0.095135744,0.663227827,3.316139134,32.5,426.4907532,159.3687388,0,
ID110876_ID112324,160,110876,112324,28.29940027,0.313607882,1.063943613,5.319718063,62.5,423.1570406,152.7382908,0,
ID112644_ID116236,160,112644,116236,12.44595318,0.53328313,0.70557645,3.527882251,42.5,426.0528223,158.4432733,0,
ID111181_ID110876,160,111181,110876,19.83069032,0.342008723,0.890633265,4.453166325,57.5,426.2304563,154.3567139,0,
ID116236_ID116533,160,116236,116533,0.062017771,0.166515102,0.049806735,0.249033675,47.5,425.464509,156.6892767,0,
ID113206_ID112644,160,113206,112644,4.727108855,0.567360711,0.434838308,2.17419154,37.5,425.7896004,159.3453393,0,
ID113512_ID113787,160,113512,113787,12.75984589,0.477690982,0.71441853,3.572092649,27.5,428.9080744,161.684113,0,
ID112324_ID114649,160,112324,114649,8.805142215,0.397328228,0.593469198,2.967345988,67.5,421.4267177,154.4971972,0,
ID115630_ID115010,161,115630,115010,15.90144806,0.483911465,0.797532396,3.987661979,92.5,45.34376476,171.6949128,0,
ID113811_ID113228,161,113811,113228,5.62214661,0.38972075,0.474221324,2.371106621,32.5,59.293981,171.2808679,0,
ID110905_ID112356,161,110905,112356,3.905109289,0.563046901,0.395226987,1.976134937,62.5,53.62062623,170.6136245,0,
ID115927_ID117490,161,115927,117490,4.479191067,0.489932125,0.42328199,2.116409948,107.5,46.42674242,167.6578993,0,
ID119013_ID118737,161,119013,118737,9.128842726,0.599514974,0.604279496,3.021397479,132.5,48.77386832,168.8892263,0,
ID114369_ID115630,161,114369,115630,7.77354954,0.276299459,0.557621719,2.788108595,87.5,45.53167954,170.3866294,0,
ID114084_ID111499,161,114084,111499,0.516679808,NaN,0.143760886,0.718804429,12.5,65.874595,169.094693,0,
ID112356_ID114691,161,112356,114691,12.2791794,0.326839824,0.700833201,3.504166007,67.5,51.66564429,170.5447622,0,
ID122203_ID121439,161,122203,121439,9.850766608,0.496546392,0.627718619,3.138593094,157.5,48.8716966,167.1024291,0,
ID114691_ID117184,161,114691,117184,2.397819896,0.228220295,0.309697911,1.548489553,72.5,49.50499188,170.9068163,0,
ID117792_ID118419,161,117792,118419,13.96108795,0.510638226,0.747290785,3.736453927,122.5,46.9629728,167.775913,0,
ID117490_ID118112,161,117490,118112,4.514925083,0.565596551,0.424967061,2.124835307,112.5,46.28227079,167.3598821,0,
ID115010_ID116847,161,115010,116847,27.51466465,0.48573944,1.049088455,5.245442274,97.5,46.73691468,170.6941198,0,
ID111791_ID113522,161,111791,113522,6.134864809,0.087770228,0.495373185,2.476865925,22.5,62.29619689,169.2787999,0,
ID117184_ID115310,161,117184,115310,3.110185801,0.008969481,0.352714377,1.763571887,77.5,48.16148877,169.9393122,0,
ID116847_ID115927,161,116847,115927,0.780022747,0.097497074,0.176637793,0.883188965,102.5,47.19648714,167.7093251,0,
ID116252_ID116552,161,116252,116552,3.523626348,0.263963829,0.375426496,1.87713248,47.5,56.73594066,168.7181913,0,
ID118112_ID117792,161,118112,117792,2.959015597,0.500810563,0.344035789,1.720178943,117.5,46.28650958,166.7274916,0,
ID111499_ID111791,161,111499,111791,6.825413615,0.404096874,0.522509851,2.612549256,17.5,64.76611826,169.5403981,0,
ID120146_ID122203,161,120146,122203,2.101621989,0.008364514,0.289939441,1.449697206,152.5,49.38005638,166.1376268,0,
ID119619_ID120146,161,119619,120146,10.86966046,0.316388001,0.659383362,3.296916811,147.5,50.76273813,168.0660167,0,
ID113522_ID113811,161,113522,113811,10.57205322,0.324817685,0.650293879,3.251469395,27.5,60.67941644,170.4399456,0,
ID113228_ID112669,161,113228,112669,0.580988614,0.365006259,0.152445218,0.762226091,37.5,58.20525053,170.9091492,0,
ID119337_ID119619,161,119337,119619,5.936174002,0.415969174,0.487285296,2.436426482,142.5,50.75147083,170.1047849,0,
ID115310_ID114369,161,115310,114369,1.862162928,0.35291028,0.272922181,1.364610907,82.5,47.1636974,170.0650545,0,
ID112669_ID116252,161,112669,116252,6.165978973,0.516856691,0.496627787,2.483138936,42.5,57.86335801,170.0335373,0,
ID111198_ID110905,161,111198,110905,6.658054722,0.304026317,0.516064133,2.580320663,57.5,53.89916043,170.2285884,0,
ID116552_ID111198,161,116552,111198,4.243240097,0.049770512,0.411982529,2.059912643,52.5,54.78382707,168.7873117,0,
ID118419_ID119013,161,118419,119013,1.740728953,0.535029952,0.263873375,1.319366876,127.5,48.18361271,168.2595756,0,
ID118737_ID119337,161,118737,119337,0.522636705,0.105712176,0.144587234,0.72293617,137.5,49.72126099,170.4571598,0,
ID115941_ID117505,162,115941,117505,0.161477033,0.40558091,0.08036841,0.40184205,107.5,156.1196129,171.0018323,0,
ID111783_ID113525,162,111783,113525,8.367172884,0.304424463,0.578521318,2.89260659,22.5,159.3164238,168.4804442,0,
ID117812_ID118437,162,117812,118437,0.001548402,0.346968278,0.007869947,0.039349735,122.5,156.0418204,171.1037965,0,
ID111492_ID111783,162,111492,111783,15.3791493,0.49003765,0.78432517,3.921625848,17.5,161.1485783,166.7905466,0,
ID116556_ID111205,162,116556,111205,0.02246631,0.45766506,0.029977531,0.149887657,52.5,156.0688827,170.01022,0,
ID118742_ID119339,162,118742,119339,0.014556097,0.475846184,0.024129731,0.120648653,137.5,156.0753283,171.0918912,0,
ID122492_ID121960,162,122492,121960,0.276209236,0.524431724,0.105111224,0.525556121,197.5,156.103334,171.3330238,0,
ID124466_ID124266,162,124466,124266,0.024047623,0.438808377,0.031014592,0.155072959,232.5,156.0286755,171.0546994,0,
ID119339_ID119627,162,119339,119627,0.110334133,0.011790578,0.066433164,0.332165822,142.5,156.2617865,170.9635994,0,
ID114086_ID111492,162,114086,111492,11.2022782,0.408155017,0.669396092,3.34698046,12.5,161.9497849,167.764077,0,
ID121960_ID122744,162,121960,122744,0.261723268,0.593412981,0.102317793,0.511588964,202.5,156.0632272,171.3110589,0,
ID119034_ID118742,162,119034,118742,0.12176645,0.624527709,0.0697901,0.348950498,132.5,156.0672003,170.9548112,0,
ID113525_ID113222,162,113525,113222,0.997572051,0.23225274,0.099878529,0.998785287,30,159.0390136,169.610817,0,
ID117505_ID118130,162,117505,118130,0.320008273,0.608110156,0.113138547,0.565692737,112.5,156.1442161,170.9200634,0,
ID114686_ID117186,162,114686,117186,0.013217964,0.3586086,0.022993881,0.114969407,72.5,156.1812102,170.4780058,0,
ID122744_ID122983,162,122744,122983,0.002488506,0.519757029,0.009976985,0.049884926,207.5,156.1781772,171.1063316,0,
ID118130_ID117812,162,118130,117812,0.24599976,0.61844273,0.099196726,0.495983628,117.5,156.1725962,170.8959718,0,
ID122225_ID121451,162,122225,121451,0.060279075,0.503995065,0.049103594,0.245517972,157.5,156.0823338,171.0474851,0,
ID112360_ID114686,162,112360,114686,0.110270938,0.550577725,0.066414136,0.332070682,67.5,156.026012,170.5287811,0,
ID123454_ID124466,162,123454,124466,0.040795097,0.51545292,0.040395593,0.201977963,227.5,155.9657489,171.1104686,0,
ID119903_ID121717,162,119903,121717,0.159313297,0.514725784,0.07982814,0.399140698,167.5,156.3191587,170.9480232,0,
ID122983_ID123222,162,122983,123222,0.033318739,0.136827202,0.036506843,0.182534214,212.5,156.0668298,171.0972835,0,
ID120427_ID122492,162,120427,122492,0.03495819,0.468722575,0.037394219,0.186971095,192.5,156.1917039,171.1677023,0,
ID123673_ID123454,162,123673,123454,0.027191972,0.530109734,0.032979977,0.164899883,222.5,155.9399792,171.0629112,0,
ID112951_ID112068,162,112951,112068,0.185687322,NaN,0.086182904,0.430914518,2.5,162.9456099,169.4919522,0,
ID113222_ID112660,162,113222,112660,0.940770532,0.454339289,0.193986652,0.969933262,37.5,159.124344,169.2047057,0,
ID120161_ID122225,162,120161,122225,0.215162427,0.395615488,0.092771208,0.463856042,152.5,156.2202176,170.9878384,0,
ID121178_ID120687,162,121178,120687,0.006930239,0.394925433,0.016649612,0.083248059,182.5,156.360037,170.7691057,0,
ID110902_ID112360,162,110902,112360,0.131092248,0.080866543,0.072413327,0.362066635,62.5,155.9847576,170.4739396,0,
ID119627_ID120161,162,119627,120161,0.004936832,0.289873808,0.014052518,0.070262592,147.5,156.3803674,170.8364388,0,
ID115000_ID116859,162,115000,116859,0.115104319,0.620711538,0.067854055,0.339270274,97.5,156.1999864,170.71238,0,
ID116859_ID115941,162,116859,115941,0.03287337,0.473220298,0.03626203,0.181310148,102.5,156.1492047,170.8239734,0,
ID111205_ID110902,162,111205,110902,0.057484609,0.10948877,0.047951896,0.239759482,57.5,156.0872719,170.1972817,0,
ID112660_ID116255,162,112660,116255,13.79031956,0.617822701,0.74270639,3.713531952,42.5,157.8003985,169.567309,0,
ID121717_ID120923,162,121717,120923,0.015585491,0.005825716,0.024968373,0.124841863,172.5,156.1649047,171.1597649,0,
ID124077_ID123877,162,124077,123877,0.049144845,0.472748445,0.044337273,0.221686367,242.5,155.8815211,170.961228,0,
ID124266_ID124077,162,124266,124077,0.025790921,0.015815858,0.032119104,0.160595518,237.5,155.94726,170.9196281,0,
ID117186_ID115318,162,117186,115318,0.034331632,0.089641189,0.037057594,0.18528797,77.5,156.2780721,170.5880255,0,
ID114370_ID115631,162,114370,115631,0.021288078,0.620510114,0.029180869,0.145904344,87.5,156.0968127,170.7903746,0,
ID112068_ID114086,162,112068,114086,4.044014189,0.107580491,0.402194689,2.010973443,7.5,161.7715315,169.2659905,0,
ID121451_ID119903,162,121451,119903,0.14019804,0.229132021,0.074886057,0.374430287,162.5,156.2616996,170.8553782,0,
ID116255_ID116556,162,116255,116556,0.008083521,0.44729497,0.017981681,0.089908406,47.5,156.0190041,169.9834034,0,
ID120687_ID120427,162,120687,120427,0.234922663,0.253623201,0.096937642,0.484688212,187.5,156.2108135,170.9793656,0,
ID120923_ID121178,162,120923,121178,0.263186896,0.610690298,0.102603488,0.513017442,177.5,156.2640851,170.9925596,0,
ID123222_ID123673,162,123222,123673,0.003801215,0.396918021,0.012330799,0.061653997,217.5,155.9961377,171.052338,0,
ID115318_ID114370,162,115318,114370,0.132829672,0.387249726,0.07289161,0.364458052,82.5,156.1927323,170.7378282,0,
ID118437_ID119034,162,118437,119034,0.100844193,0.238441435,0.063511949,0.317559747,127.5,156.0681591,170.9388306,0,
ID115631_ID115000,162,115631,115000,0.051110843,0.014288795,0.045215415,0.226077073,92.5,156.249202,170.6839416,0,
ID112677_ID116269,163,112677,116269,7.561999639,0.594938081,0.549981805,2.749909024,42.5,236.6117661,174.4911451,0,
ID115014_ID116875,163,115014,116875,0.096774951,0.610756264,0.062217345,0.311086727,97.5,229.7103512,173.8577943,0,
ID111498_ID111789,163,111498,111789,0.023943187,0.147659865,0.030947172,0.154735862,17.5,244.9587674,168.7696561,0,
ID117824_ID118452,163,117824,118452,0.598334762,0.55293315,0.154704203,0.773521016,122.5,229.4928224,174.1503896,0,
ID123231_ID123681,163,123231,123681,0.798138148,0.577550521,0.178677156,0.893385778,217.5,230.5441889,173.7073011,0,
ID113519_ID113820,163,113519,113820,78.26571397,0.328402536,1.769358234,8.846791168,27.5,241.1291116,171.5215529,0,
ID120702_ID120431,163,120702,120431,0.031336734,0.49285209,0.035404369,0.177021845,187.5,230.1603258,174.2814695,0,
ID112369_ID114699,163,112369,114699,0.00866514,0.057223765,0.018617347,0.093086736,67.5,230.3443222,173.431457,0,
ID115638_ID115014,163,115638,115014,0.085114176,0.583180473,0.058348668,0.29174334,92.5,229.7080342,173.874012,0,
ID116269_ID116579,163,116269,116579,4.210883865,0.024377433,0.410408765,2.052043826,47.5,235.3073016,176.5016494,0,
ID120180_ID122239,163,120180,122239,0.062537837,0.595859862,0.050015133,0.250075663,152.5,229.8244123,174.2747044,0,
ID118452_ID119054,163,118452,119054,0.193354127,0.009924067,0.087944102,0.43972051,127.5,230.0992334,174.1436726,0,
ID121723_ID120929,163,121723,120929,0.470560145,0.594400096,0.137194773,0.685973866,172.5,230.1277333,174.2000246,0,
ID119913_ID121723,163,119913,121723,0.05146096,0.51725397,0.045370017,0.226850083,167.5,229.90365,174.2600379,0,
ID122989_ID123231,163,122989,123231,0.311452956,0.504428325,0.111615941,0.558079704,212.5,230.7300366,173.7467554,0,
ID111789_ID113519,163,111789,113519,3.062765849,0.2142708,0.350015191,1.750075955,22.5,244.1818472,168.2870381,0,
ID116579_ID111228,163,116579,111228,5.091234539,0.50226378,0.451275284,2.256376418,52.5,235.7695634,176.9931362,0,
ID122750_ID122989,163,122750,122989,0.034804767,0.557764374,0.037312072,0.186560359,207.5,230.5669971,173.87941,0,
ID115330_ID114380,163,115330,114380,0.39099457,0.008299454,0.125059117,0.625295586,82.5,229.590218,173.8413266,0,
ID122498_ID121963,163,122498,121963,0.401445685,0.109503437,0.126719483,0.633597415,197.5,229.4700006,174.217981,0,
ID114089_ID111498,163,114089,111498,3.21120513,0.03284071,0.358396715,1.791983574,12.5,245.8854578,168.9989453,0,
ID113242_ID112677,163,113242,112677,0.387401411,0.318129875,0.124483157,0.622415786,37.5,237.1009077,173.5402563,0,
ID119646_ID120180,163,119646,120180,0.029471144,0.60173418,0.034334323,0.171671616,147.5,229.8163327,174.2328285,0,
ID117193_ID115330,163,117193,115330,1.571791054,0.592071678,0.250742183,1.253710913,77.5,230.4798568,173.5398775,0,
ID116875_ID115955,163,116875,115955,0.030936592,0.607287685,0.035177602,0.17588801,102.5,229.7736872,173.8311608,0,
ID122239_ID121466,163,122239,121466,0.009257888,0.117096857,0.019243583,0.096217917,157.5,229.8275886,174.4419345,0,
ID119354_ID119646,163,119354,119646,0.033338334,0.487168085,0.036517576,0.182587881,142.5,229.8061723,174.2247782,0,
ID121963_ID122750,163,121963,122750,2.28525171,0.542284727,0.30234098,1.511704902,202.5,229.9117652,174.0148976,0,
ID112070_ID114089,163,112070,114089,12.97030674,0.13217916,0.720286241,3.601431207,7.5,248.354657,170.0628443,0,
ID117521_ID118145,163,117521,118145,0.205934343,0.619253116,0.090759979,0.453799893,112.5,229.4291562,174.0090537,0,
ID110913_ID112369,163,110913,112369,3.079993584,0.173286065,0.35099821,1.75499105,62.5,231.2426487,173.2228029,0,
ID114380_ID115638,163,114380,115638,0.315519087,0.612378584,0.112342171,0.561710857,87.5,229.5655712,173.8723228,0,
ID111228_ID110913,163,111228,110913,35.71729479,0.4387957,1.19527896,5.976394799,57.5,234.4745474,174.8507089,0,
ID118145_ID117824,163,118145,117824,0.340453355,0.617173434,0.116696762,0.583483809,117.5,229.3742524,174.0464108,0,
ID118754_ID119354,163,118754,119354,2.26E-04,0.487830966,0.003006859,0.015034297,137.5,229.8158444,174.1396144,0,
ID112953_ID112070,163,112953,112070,6.648651063,NaN,0.515699566,2.578497831,2.5,251.2307875,170.6088359,0,
ID113820_ID113242,163,113820,113242,5.761345093,0.336470124,0.480056042,2.400280211,32.5,237.8430292,174.5259608,0,
ID121466_ID119913,163,121466,119913,0.102762753,0.439030286,0.06411326,0.320566301,162.5,229.9253582,174.3448216,0,
ID121185_ID120702,163,121185,120702,0.111833779,0.427404467,0.066883116,0.334415578,182.5,230.0602791,174.2293352,0,
ID120431_ID122498,163,120431,122498,0.167670174,0.388964517,0.081895097,0.409475487,192.5,229.9720948,174.2486242,0,
ID120929_ID121185,163,120929,121185,0.231806991,0.561489116,0.096292677,0.481463385,177.5,230.2098724,174.0866981,0,
ID115955_ID117521,163,115955,117521,0.278538643,0.048476415,0.105553521,0.527767604,107.5,229.459537,173.985225,0,
ID114699_ID117193,163,114699,117193,0.603850531,0.560154258,0.15541564,0.777078201,72.5,230.6870998,173.3921513,0,
ID119054_ID118754,163,119054,118754,0.259070829,0.625685444,0.101798002,0.508990009,132.5,230.0645591,174.1463107,0,
ID113517_ID113799,164,113517,113799,0.454919125,0.447374601,0.134895385,0.674476927,27.5,100.5845086,166.0389197,0,
ID112946_ID112061,164,112946,112061,10.35509055,NaN,0.64358653,3.217932652,2.5,109.1379432,166.7263249,0,
ID114088_ID111490,164,114088,111490,12.53436684,0.476589517,0.708078155,3.540390775,12.5,105.8963897,167.7794831,0,
ID111490_ID111781,164,111490,111781,2.228587484,0.313578457,0.298569086,1.492845432,17.5,104.4744027,166.4847377,0,
ID112061_ID114088,164,112061,114088,7.749376341,0.246473286,0.556754033,2.783770167,7.5,107.084621,168.0668617,0,
ID111781_ID113517,164,111781,113517,12.23223817,0.148550517,0.699492335,3.497461676,22.5,102.1318722,166.2594833,0,
ID112957_ID112069,165,112957,112069,5.059875175,NaN,0.449883326,2.24941663,2.5,58.54530805,170.9518273,0,
ID112069_ID114091,165,112069,114091,11.67761804,0.046333384,0.683450599,3.417252996,7.5,55.73413781,171.1015985,0,
ID114091_ID111518,165,114091,111518,11.40483838,0.320002039,0.675421006,3.37710503,12.5,54.33628876,173.0115948,0,
ID112066_ID114090,166,112066,114090,6.344736525,NaN,0.503775209,2.518876044,7.5,324.3070667,169.7523574,0,
ID114090_ID111500,166,114090,111500,20.60316672,0.321091365,0.907814226,4.53907113,12.5,321.7974632,170.2430332,0,
ID111500_ID111786,166,111500,111786,1.549101816,0.276500562,0.248925838,1.244629188,17.5,319.7269465,168.9089535,0,
ID111786_ID113520,166,111786,113520,2.503062383,0.310366874,0.316421389,1.582106944,22.5,319.0277306,168.1721995,0,
ID113534_ID113813,167,113534,113813,8.58734845,0.161197164,0.586083559,2.930417794,27.5,67.36820884,172.7664439,0,
ID116551_ID111199,167,116551,111199,7.229415138,0.055034858,0.537751435,2.688757174,52.5,58.57247388,168.3293441,0,
ID112666_ID116251,167,112666,116251,10.00052844,0.068462016,0.632472243,3.162361213,42.5,64.12132113,169.1254349,0,
ID113813_ID113237,167,113813,113237,4.751412256,0.093504069,0.435954688,2.179773441,32.5,64.89666438,173.0443788,0,
ID111199_ID110911,167,111199,110911,16.30115556,0.26266616,0.807493791,4.037468955,57.5,57.49868533,170.8015346,0,
ID111788_ID113534,167,111788,113534,14.19242138,0.375764362,0.753456605,3.767283023,22.5,69.58937385,170.6255752,0,
ID114093_ID111504,167,114093,111504,9.559352325,0.499296743,0.618364046,3.091820228,12.5,74.38522844,171.6032881,0,
ID112073_ID114093,167,112073,114093,0.001063451,0.342781876,0.006522119,0.032610595,7.5,75.8819107,171.9345953,0,
ID113237_ID112666,167,113237,112666,4.989915975,0.327164114,0.446762397,2.233811983,37.5,64.06580185,171.7846951,0,
ID111504_ID111788,167,111504,111788,11.5468961,0.110120521,0.679614482,3.398072409,17.5,71.64463548,170.1058016,0,
ID116251_ID116551,167,116251,116551,16.87664903,0.305221277,0.821623978,4.10811989,47.5,61.88302357,167.7113934,0,
ID112964_ID112073,167,112964,112073,25.40273029,NaN,1.008022426,5.04011213,2.5,77.24134918,174.0538297,0,
ID114092_ID111503,168,114092,111503,3.650114118,0.483664325,0.382105437,1.910527183,12.5,49.99994165,171.4588101,0,
ID112960_ID112075,168,112960,112075,5.056775394,NaN,0.449745501,2.248727505,2.5,54.67104773,172.7329913,0,
ID112075_ID114092,168,112075,114092,20.30906993,0.074967397,0.901311709,4.506558546,7.5,51.36139799,172.4122503,0,
ID111503_ID111808,168,111503,111808,16.78995497,0.539963104,0.819510951,4.097554755,17.5,49.63591249,172.6584138,0,
ID113235_ID112667,169,113235,112667,3.709804116,0.076589103,0.385217036,1.926085179,37.5,249.1149967,171.666476,0,
ID111513_ID111799,169,111513,111799,11.68972776,0.278086291,0.683804877,3.419024387,17.5,252.5599105,172.1849441,0,
ID113530_ID113812,169,113530,113812,13.40603474,0.61062317,0.732285047,3.661425233,27.5,250.8803587,171.6395166,0,
ID112667_ID116257,169,112667,116257,5.481297013,0.494100029,0.468243399,2.341216994,42.5,249.7238982,171.2648932,0,
ID111799_ID113530,169,111799,113530,0.92233271,0.312653655,0.192076309,0.960381544,22.5,251.748443,170.6016264,0,
ID114095_ID111513,169,114095,111513,5.693132135,0.070611754,0.477205706,2.386028528,12.5,254.7279132,172.7991063,0,
ID113812_ID113235,169,113812,113235,0.258635839,0.45541971,0.101712504,0.508562522,32.5,249.6277484,172.7543584,0,
ID116257_ID116564,169,116257,116564,1.721808963,0.395057636,0.262435437,1.312177184,47.5,250.3473447,172.1635464,0,
ID112074_ID114095,169,112074,114095,2.190605945,0.04407632,0.296013915,1.480069574,7.5,256.4577848,172.0020424,0,
ID112954_ID112074,169,112954,112074,12.00933673,NaN,0.693089799,3.465448994,2.5,258.753222,171.1168979,0,
ID116564_ID111217,169,116564,111217,0.714799818,0.245494744,0.16909167,0.845458348,52.5,250.0648941,173.0097699,0,
ID111217_ID110906,169,111217,110906,4.285665162,0.555667699,0.414036963,2.070184813,57.5,249.4991349,172.675089,0,
ID111797_ID113521,170,111797,113521,7.411244165,0.004883105,0.544472007,2.722360036,22.5,126.1125004,169.7092291,0,
ID112674_ID116262,170,112674,116262,3.211104496,0.324518467,0.358391099,1.791955495,42.5,121.2448806,172.2903462,0,
ID113803_ID113224,170,113803,113224,2.631846101,0.062506407,0.32445931,1.622296551,32.5,122.276714,169.9049962,0,
ID116262_ID116568,170,116262,116568,9.853475107,0.017770209,0.627804909,3.139024547,47.5,118.8979031,173.0381718,0,
ID112071_ID114094,170,112071,114094,4.486953654,0.535303398,0.423648612,2.118243058,7.5,131.7693465,171.5493733,0,
ID116568_ID111225,170,116568,111225,10.49793759,0.107964608,0.648010419,3.240052097,52.5,116.3871357,174.8118883,0,
ID112958_ID112071,170,112958,112071,9.700930834,NaN,0.622926347,3.114631733,2.5,131.1759583,171.0529273,0,
ID111505_ID111797,170,111505,111797,0.540108085,0.134995895,0.146984092,0.734920462,17.5,127.2034311,171.0500383,0,
ID114094_ID111505,170,114094,111505,11.76279413,0.124611515,0.685938602,3.429693008,12.5,129.1235933,171.6604682,0,
ID113521_ID113803,170,113521,113803,6.02430805,0.273753736,0.490889317,2.454446587,27.5,124.1679983,169.2110521,0,
ID113224_ID112674,170,113224,112674,4.526523817,0.342246985,0.425512576,2.127562882,37.5,121.794467,171.0519319,0,
ID119007_ID118716,171,119007,118716,0.506206673,0.036020619,0.142296405,0.711482026,132.5,282.0219475,165.8009242,0,
ID114704_ID117199,171,114704,117199,0.036657408,0.432141031,0.038292249,0.191461243,72.5,293.3748776,174.160871,0,
ID120163_ID122227,171,120163,122227,0.174629628,0.035998708,0.08357742,0.4178871,152.5,282.7948088,171.2966496,0,
ID117481_ID118114,171,117481,118114,7.766445268,0.081019072,0.557366855,2.786834274,112.5,284.9267297,166.125373,0,
ID118412_ID119007,171,118412,119007,1.695667481,0.176795603,0.260435595,1.302177976,127.5,283.0244074,165.836815,0,
ID110920_ID112372,171,110920,112372,0.065335134,0.574350537,0.051121476,0.255607382,62.5,293.4873693,173.7189847,0,
ID119315_ID119629,171,119315,119629,23.86088203,0.293657692,0.976952036,4.884760181,142.5,282.3698517,168.2167411,0,
ID111510_ID111804,171,111510,111804,0.229029312,0.244482804,0.095714014,0.47857007,17.5,295.4450053,172.8052271,0,
ID118716_ID119315,171,118716,119315,0.334784036,0.608384315,0.11572105,0.578605251,137.5,281.9592272,165.7621715,0,
ID115640_ID115005,171,115640,115005,8.289967359,0.257147809,0.575846068,2.879230341,92.5,286.3331924,172.3215027,0,
ID118114_ID117799,171,118114,117799,2.741590307,0.381912824,0.331154967,1.655774836,117.5,284.6766533,167.4661695,0,
ID111220_ID110920,171,111220,110920,0.583631367,0.119077107,0.15279154,0.7639577,57.5,293.7070968,173.8599031,0,
ID113536_ID113814,171,113536,113814,1.673728008,0.501291086,0.258745281,1.293726404,27.5,294.8744387,172.9549556,0,
ID113240_ID112678,171,113240,112678,0.055149153,0.058957715,0.046967713,0.234838567,37.5,293.9523539,173.4427475,0,
ID116266_ID116573,171,116266,116573,0.054062464,0.475761902,0.046502673,0.232513363,47.5,294.202892,174.4722566,0,
ID112678_ID116266,171,112678,116266,1.4760304,0.444883867,0.242983983,1.214919915,42.5,293.9951374,173.9851686,0,
ID115332_ID114375,171,115332,114375,4.486707882,0.195055664,0.423637009,2.118185044,82.5,293.8803453,172.9636697,0,
ID113814_ID113240,171,113814,113240,0.315933643,0.254622853,0.11241595,0.562079748,32.5,294.3397825,173.5190483,0,
ID111804_ID113536,171,111804,113536,0.392680503,0.421088994,0.125328449,0.626642245,22.5,295.20097,172.6656891,0,
ID114375_ID115640,171,114375,115640,58.99888855,0.485706589,1.53621468,7.681073398,87.5,290.7644649,172.8652168,0,
ID116573_ID111220,171,116573,111220,0.164331697,0.209588738,0.081075692,0.405378462,52.5,294.1563171,174.1966431,0,
ID117199_ID115332,171,117199,115332,0.090560879,0.064028049,0.060186669,0.300933347,77.5,293.2725527,173.9402378,0,
ID115921_ID117481,171,115921,117481,5.210568792,0.456438748,0.456533407,2.282667035,107.5,286.9837702,164.73393,0,
ID115005_ID115921,171,115005,115921,50.85089055,0.081721271,0.713098104,7.130981037,100,286.8593202,167.6811481,0,
ID119629_ID120163,171,119629,120163,0.2521608,0.089015478,0.10043123,0.502156151,147.5,282.6108303,170.8770346,0,
ID114097_ID111510,171,114097,111510,0.02900148,NaN,0.034059642,0.17029821,12.5,295.6941253,172.6773286,0,
ID112372_ID114704,171,112372,114704,0.280812438,0.350390972,0.105983478,0.529917388,67.5,293.5223167,173.9893798,0,
ID117799_ID118412,171,117799,118412,7.090745705,0.54811355,0.532569083,2.662845415,122.5,284.5477477,166.824425,0,
ID121175_ID120682,172,121175,120682,8.55E-04,0.570147639,0.005847787,0.029238935,182.5,162.3247417,169.7890255,0,
ID113801_ID113223,172,113801,113223,0.002633063,0.072653741,0.010262677,0.051313384,32.5,162.5919978,169.460606,0,
ID112661_ID116253,172,112661,116253,0.41118601,0.500460476,0.128247575,0.641237873,42.5,162.3455495,169.3685738,0,
ID117500_ID118122,172,117500,118122,0.209367021,0.610229551,0.091513282,0.457566411,112.5,162.1879041,169.9482139,0,
ID117803_ID118433,172,117803,118433,0.017897161,0.165117798,0.026756054,0.133780271,122.5,162.31024,169.9935421,0,
ID120920_ID121175,172,120920,121175,0.090012151,0.219578823,0.06000405,0.300020251,177.5,162.3266313,169.9250817,0,
ID124465_ID124264,172,124465,124264,0.00772716,0.412004434,0.017580853,0.087904266,232.5,161.7309624,170.2017535,0,
ID115311_ID114365,172,115311,114365,0.14137079,0.078779548,0.075198614,0.375993072,82.5,162.1283249,169.6603277,0,
ID116253_ID116554,172,116253,116554,3.837049671,0.029310341,0.391767772,1.958838858,47.5,161.0644994,169.1629575,0,
ID115936_ID117500,172,115936,117500,0.27908407,0.619837149,0.105656816,0.528284081,107.5,162.1988732,169.9079159,0,
ID121713_ID120920,172,121713,120920,0.016925327,0.450711742,0.026019475,0.130097376,172.5,162.3814916,170.1056742,0,
ID122978_ID123219,172,122978,123219,0.211402966,0.514916828,0.091957157,0.459785783,212.5,162.0019848,169.8696628,0,
ID120422_ID122489,172,120422,122489,0.005551126,0.302258661,0.014901176,0.074505879,192.5,162.1535327,169.9432522,0,
ID114995_ID116853,172,114995,116853,0.066511001,0.395455904,0.051579454,0.257897268,97.5,162.3644743,169.7413387,0,
ID121446_ID119898,172,121446,119898,0.226517068,0.479619531,0.095187619,0.475938093,162.5,162.2902236,170.0076693,0,
ID123670_ID123451,172,123670,123451,0.04377329,0.486227624,0.041844134,0.209220672,222.5,162.065896,169.8361738,0,
ID111509_ID111792,172,111509,111792,8.095097125,0.099397055,0.569037683,2.845188416,17.5,160.7296999,170.9993228,0,
ID120157_ID122221,172,120157,122221,0.012759543,0.238012709,0.022591629,0.112958146,152.5,162.4446973,170.0696359,0,
ID121958_ID122741,172,121958,122741,0.099937742,0.566865891,0.063225862,0.316129312,202.5,161.9908495,170.140869,0,
ID113223_ID112661,172,113223,112661,0.001685099,0.138979646,0.008209992,0.041049962,37.5,162.6354479,169.4613875,0,
ID114365_ID115626,172,114365,115626,0.140561883,0.571091802,0.074983167,0.374915834,87.5,162.1625181,169.7015198,0,
ID124264_ID124075,172,124264,124075,0.031869981,0.285402514,0.035704331,0.178521653,237.5,161.8182579,170.1434175,0,
ID117179_ID115311,172,117179,115311,0.012918743,0.270837839,0.022732129,0.113660647,77.5,162.2714566,169.4658614,0,
ID119332_ID119622,172,119332,119622,4.66E-04,0.511198103,0.004319353,0.021596767,142.5,162.4513829,169.9848079,0,
ID114099_ID111509,172,114099,111509,5.976540018,NaN,0.488939261,2.444696304,12.5,158.7944684,172.6815436,0,
ID111792_ID113523,172,111792,113523,0.56392098,0.082723041,0.150189345,0.750946723,22.5,161.886867,169.6562195,0,
ID124075_ID123874,172,124075,123874,0.072577192,0.581415695,0.053880309,0.269401543,242.5,161.8228838,170.1953946,0,
ID111202_ID110897,172,111202,110897,0.359007932,0.112444791,0.119834541,0.599172706,57.5,162.0423984,169.2278364,0,
ID123219_ID123670,172,123219,123670,0.134705167,0.559041665,0.073404405,0.367022025,217.5,161.9447224,169.8073436,0,
ID114680_ID117179,172,114680,117179,0.014661838,0.088309892,0.024217215,0.121086076,72.5,162.2382401,169.3805928,0,
ID119898_ID121713,172,119898,121713,0.129233044,0.521392702,0.071897995,0.359489977,167.5,162.4044277,169.9598681,0,
ID116554_ID111202,172,116554,111202,2.885530759,0.61767599,0.339737002,1.698685009,52.5,160.928668,169.1916766,0,
ID119025_ID118738,172,119025,118738,0.043510298,0.437413501,0.041718244,0.208591222,132.5,162.3465636,170.0696785,0,
ID119622_ID120157,172,119622,120157,0.001486199,0.357481155,0.00771025,0.038551248,147.5,162.4553147,170.0043841,0,
ID122741_ID122978,172,122741,122978,0.051064393,0.135940884,0.045194864,0.225974319,207.5,162.1365533,169.9303902,0,
ID110897_ID112353,172,110897,112353,0.230041684,0.618620243,0.095925322,0.479626609,62.5,162.1024116,169.2159983,0,
ID120682_ID120422,172,120682,120422,0.045168631,0.147024438,0.042505826,0.212529129,187.5,162.2285139,169.8564847,0,
ID118738_ID119332,172,118738,119332,0.045525391,0.496709602,0.04267336,0.2133668,137.5,162.4145259,170.0754688,0,
ID112353_ID114680,172,112353,114680,0.092040462,0.520207464,0.060676342,0.303381711,67.5,162.035714,169.3330033,0,
ID116853_ID115936,172,116853,115936,0.025014892,0.626074676,0.031632194,0.15816097,102.5,162.3318874,169.7791038,0,
ID118122_ID117803,172,118122,117803,0.021866277,0.457635984,0.0295745,0.147872501,117.5,162.3618207,169.8752722,0,
ID122489_ID121958,172,122489,121958,0.151564933,0.220007409,0.077862682,0.389313412,197.5,162.0554102,170.1335915,0,
ID115626_ID114995,172,115626,114995,0.018527673,0.176589002,0.027223279,0.136116395,92.5,162.385905,169.6236074,0,
ID123451_ID124465,172,123451,124465,0.170852725,0.07714032,0.08266867,0.41334335,227.5,161.8525525,170.0557288,0,
ID113523_ID113801,172,113523,113801,0.127700547,0.098637171,0.071470427,0.357352134,27.5,162.3891392,169.4592061,0,
ID122221_ID121446,172,122221,121446,0.056593756,0.129956597,0.047578884,0.237894422,157.5,162.3156793,170.176363,0,
ID118433_ID119025,172,118433,119025,0.009096362,0.607852535,0.01907497,0.095374849,127.5,162.2924482,170.0027924,0,
ID112955_ID112072,173,112955,112072,1.362095859,NaN,0.233417725,1.167088625,2.5,445.846068,170.7877566,0,
ID110915_ID112370,173,110915,112370,2.883733645,0.266629564,0.339631191,1.698155954,62.5,448.4656989,173.2196537,0,
ID113815_ID113239,173,113815,113239,0.682239247,0.246081368,0.16519555,0.825977752,32.5,450.0967236,173.1667941,0,
ID116558_ID111210,173,116558,111210,0.591124245,0.535568139,0.153769209,0.768846047,52.5,448.8529154,171.2419352,0,
ID112370_ID114707,173,112370,114707,2.666812047,0.111923164,0.326607535,1.633037675,67.5,447.2426281,174.2525142,0,
ID112672_ID116261,173,112672,116261,0.33280396,0.502725569,0.115378327,0.576891636,42.5,449.80276,171.8251545,0,
ID113538_ID113815,173,113538,113815,0.925198352,0.596745081,0.192374463,0.961872316,27.5,450.8278025,173.168823,0,
ID111806_ID113538,173,111806,113538,2.752998596,0.154353938,0.331843252,1.65921626,22.5,450.6100502,173.4587869,0,
ID111210_ID110915,173,111210,110915,1.669279797,0.037945569,0.258401223,1.292006113,57.5,449.1168589,172.2334992,0,
ID116261_ID116558,173,116261,116558,2.987270062,0.611285587,0.345674417,1.728372084,47.5,449.3558143,171.4597462,0,
ID114098_ID111514,173,114098,111514,8.017214777,0.383381586,0.566293732,2.831468661,12.5,446.0289093,173.4017607,0,
ID113239_ID112672,173,113239,112672,1.703408084,0.153872234,0.261029353,1.305146767,37.5,449.6889743,172.2627179,0,
ID111514_ID111806,173,111514,111806,6.863501917,0.054795231,0.523965721,2.619828605,17.5,448.6765832,173.9315235,0,
ID114707_ID117206,173,114707,117206,2.50464052,0.133723318,0.316521122,1.582605611,72.5,446.0407598,175.181148,0,
ID112072_ID114098,173,112072,114098,4.115885239,0.173398206,0.405752892,2.028764461,7.5,445.3232229,172.152396,0,
ID112963_ID112077,174,112963,112077,0.220013527,NaN,0.093811199,0.469055996,2.5,455.6514345,173.8355777,0,
ID113542_ID113822,174,113542,113822,0.100775694,0.019683504,0.063490375,0.317451877,27.5,453.730898,175.4323788,0,
ID113822_ID113236,174,113822,113236,9.22802092,0.616302801,0.607553156,3.037765778,32.5,453.7140438,174.0720065,0,
ID112077_ID114101,174,112077,114101,5.52058589,0.005582999,0.469918541,2.349592707,7.5,454.2564113,174.0353042,0,
ID113236_ID112684,174,113236,112684,3.688027517,0.510080702,0.384084757,1.920423786,37.5,453.1749937,173.3532585,0,
ID114101_ID111516,174,114101,111516,0.606578016,0.053312156,0.155766237,0.778831186,12.5,452.7065326,174.1463033,0,
ID111516_ID111807,174,111516,111807,2.072302849,0.529738388,0.287909906,1.43954953,17.5,452.9929939,173.8400245,0,
ID111807_ID113542,174,111807,113542,2.86173144,0.37819462,0.338333057,1.691665286,22.5,453.7026051,174.4288659,0,
ID113515_ID113218,175,113515,113218,7.154838951,0.081295553,0.267485307,2.674853071,30,426.9624297,164.5032639,0,
ID112654_ID116244,175,112654,116244,3.371560829,0.232289033,0.367236209,1.836181045,42.5,421.9148186,163.5033231,0,
ID111191_ID110893,175,111191,110893,0.616578511,0.484841207,0.157045027,0.785225134,57.5,423.0159817,163.458993,0,
ID111506_ID111790,175,111506,111790,4.962741733,0.020257096,0.445544239,2.227721197,17.5,430.3735456,170.0985795,0,
ID111790_ID113515,175,111790,113515,19.66766468,0.021886606,0.886964817,4.434824086,22.5,429.027731,167.0561115,0,
ID114100_ID111506,175,114100,111506,16.2858178,NaN,0.807113816,4.03556908,12.5,432.0207385,172.7576995,0,
ID116547_ID111191,175,116547,111191,0.939117094,0.608992815,0.193816108,0.969080541,52.5,423.2466262,163.2375649,0,
ID113218_ID112654,175,113218,112654,11.41876835,0.093371695,0.675833363,3.379166813,37.5,424.0364837,164.1597614,0,
ID116244_ID116547,175,116244,116547,5.442771167,0.46803914,0.466594949,2.332974746,47.5,422.5999352,163.009276,0,
ID113238_ID112664,176,113238,112664,9.088374942,0.278677119,0.602938635,3.014693175,37.5,330.874742,171.4692767,0,
ID115341_ID114389,176,115341,114389,4.244580372,0.574681352,0.412047588,2.060237941,82.5,329.5313874,176.1798889,0,
ID116259_ID116566,176,116259,116566,4.74097528,0.118826598,0.435475615,2.177378075,47.5,329.5269894,172.1926595,0,
ID114389_ID115635,176,114389,115635,14.38605765,0.092234481,0.758579136,3.792895681,87.5,328.5348462,173.5034125,0,
ID111809_ID113541,176,111809,113541,0.728045686,0.400242802,0.170651186,0.853255932,22.5,336.9272808,174.2779945,0,
ID112085_ID114102,176,112085,114102,1.048335277,0.441617737,0.204776491,1.023882453,7.5,339.4205511,175.8901056,0,
ID116566_ID111218,176,116566,111218,2.454405785,0.053077293,0.313330866,1.566654329,52.5,327.8382666,172.9626912,0,
ID117204_ID115341,176,117204,115341,4.845362321,0.073190078,0.440243674,2.201218372,77.5,329.7434167,175.9772342,0,
ID112664_ID116259,176,112664,116259,3.24293316,0.587652722,0.360162916,1.800814582,42.5,330.8432936,170.818658,0,
ID110921_ID112377,176,110921,112377,1.200573992,0.298667633,0.219141415,1.095707074,62.5,325.1950909,174.2881879,0,
ID114102_ID111515,176,114102,111515,4.207109268,0.074823119,0.410224781,2.051123904,12.5,338.2747086,174.901,0,
ID112377_ID114700,176,112377,114700,18.08694772,0.344811301,0.850575046,4.25287523,67.5,327.2983172,174.0817253,0,
ID113821_ID113238,176,113821,113238,24.80645961,0.193703814,0.996121671,4.980608357,32.5,332.8062852,173.9325642,0,
ID113541_ID113821,176,113541,113821,3.96461127,0.354405456,0.398226632,1.991133162,27.5,335.933539,174.4039014,0,
ID114700_ID117204,176,114700,117204,2.62502525,0.381094083,0.324038593,1.620192967,72.5,329.3087622,174.1486294,0,
ID111515_ID111809,176,111515,111809,0.239322749,0.274781045,0.097841249,0.489206244,17.5,337.2485948,174.5049648,0,
ID112966_ID112085,176,112966,112085,4.235744644,NaN,0.411618495,2.058092477,2.5,338.6845682,176.2805172,0,
ID111218_ID110921,176,111218,110921,4.332498455,0.001555759,0.416293092,2.081465458,57.5,326.0841498,173.4629106,0,
ID111818_ID113561,178,111818,113561,23.56663363,0.229457218,0.970909545,4.854547727,22.5,218.6044434,182.6335087,0,
ID112086_ID114104,178,112086,114104,4.923004653,NaN,0.4437569,2.218784499,7.5,221.6605983,177.1626338,0,
ID113561_ID113843,178,113561,113843,5.420962773,0.533871503,0.465659222,2.328296109,27.5,218.5830847,184.1213111,0,
ID114104_ID111522,178,114104,111522,0.862092313,0.33255491,0.185697853,0.928489264,12.5,220.5077967,177.3133429,0,
ID111522_ID111818,178,111522,111818,13.68765434,0.122164991,0.739936601,3.699683005,17.5,219.097383,179.0612418,0,
ID114348_ID115609,179,114348,115609,3.489668617,0.525138667,0.373613095,1.868065474,87.5,416.7818834,163.2178083,0,
ID118105_ID117790,179,118105,117790,5.196847248,0.174944533,0.455931892,2.279659459,117.5,417.0396681,164.4538934,0,
ID115296_ID114348,179,115296,114348,4.133024577,0.291469994,0.406596831,2.032984156,82.5,416.421217,162.8658724,0,
ID118717_ID119311,179,118717,119311,2.575593483,0.412961594,0.320973113,1.604865565,137.5,419.0915645,165.0317599,0,
ID113825_ID113256,179,113825,113256,2.443312208,0.26441247,0.312621957,1.563109787,32.5,419.2767863,177.7020703,0,
ID115914_ID117475,179,115914,117475,0.069043055,0.476704338,0.05255209,0.262760451,107.5,416.6756309,161.915046,0,
ID113256_ID112702,179,113256,112702,3.016986224,0.062711985,0.347389477,1.736947387,37.5,418.058629,178.7848892,0,
ID119602_ID120133,179,119602,120133,0.786448975,0.242485653,0.177363917,0.886819584,147.5,418.7365875,163.1209278,0,
ID112702_ID116285,179,112702,116285,3.881808119,0.432450266,0.394046095,1.970230474,42.5,418.2382362,179.6441834,0,
ID119009_ID118717,179,119009,118717,0.316221333,0.523426398,0.112467121,0.562335606,132.5,418.7556804,165.6611855,0,
ID111527_ID111812,179,111527,111812,6.844604372,0.591848648,0.523243896,2.616219481,17.5,426.984591,178.5555935,0,
ID111226_ID110910,179,111226,110910,13.04567566,0.143049639,0.722375959,3.611879796,57.5,419.9256784,174.3189145,0,
ID112970_ID112084,179,112970,112084,8.97917087,NaN,0.599305293,2.996526467,2.5,425.195218,177.2131109,0,
ID114975_ID116836,179,114975,116836,0.8071993,0.492309778,0.179688542,0.898442708,97.5,418.1292894,163.7095438,0,
ID114106_ID111527,179,114106,111527,7.195865589,0.056761501,0.536502212,2.68251106,12.5,427.0735571,178.3289618,0,
ID117790_ID118407,179,117790,118407,1.939987724,0.526290932,0.278566884,1.392834421,122.5,417.6241859,164.6928299,0,
ID117475_ID118105,179,117475,118105,2.646918582,0.311928917,0.325387067,1.626935334,112.5,416.5925454,162.7363077,0,
ID115609_ID114975,179,115609,114975,5.169703509,0.50266063,0.45473964,2.273698201,92.5,417.2950151,163.6460446,0,
ID118407_ID119009,179,118407,119009,5.243515865,0.509943753,0.457974491,2.289872456,127.5,418.2858444,164.8789542,0,
ID120133_ID122191,179,120133,122191,1.94176022,0.237080348,0.278694113,1.393470567,152.5,418.0329646,162.473438,0,
ID113551_ID113825,179,113551,113825,32.54302998,0.295485599,1.140929971,5.704649856,27.5,422.3599397,178.2837319,0,
ID114684_ID115296,179,114684,115296,45.2451433,0.013091176,0.672645102,6.726451018,75,416.3660754,166.4874073,0,
ID116581_ID111226,179,116581,111226,4.041258712,0.130433347,0.402057643,2.010288216,52.5,419.5547984,176.9409226,0,
ID116836_ID115914,179,116836,115914,6.555071026,0.395668663,0.512057459,2.560287294,102.5,417.2082491,162.9771598,0,
ID111812_ID113551,179,111812,113551,2.803812367,0.293202725,0.334891766,1.674458828,22.5,425.3709102,178.7485502,0,
ID112363_ID114684,179,112363,114684,4.752723474,0.165125229,0.436014838,2.18007419,67.5,417.6773572,170.7358599,0,
ID112084_ID114106,179,112084,114106,4.914780888,0.578197872,0.443386102,2.21693051,7.5,425.2655765,176.7123641,0,
ID116285_ID116581,179,116285,116581,5.088633628,0.328587626,0.451159999,2.255799997,47.5,419.5095728,178.9614408,0,
ID110910_ID112363,179,110910,112363,7.155586226,0.323197704,0.53499855,2.674992752,62.5,419.3579326,172.1953004,0,
ID122191_ID121414,179,122191,121414,1.800853221,0.306319957,0.268391745,1.341958726,157.5,418.3848789,161.5523253,0,
ID119311_ID119602,179,119311,119602,2.157202469,0.240054552,0.29374836,1.468741798,142.5,419.4357572,163.8104928,0,
ID111525_ID111805,180,111525,111805,30.6022799,0.310567592,1.106386549,5.531932746,17.5,40.19328214,176.2884759,0,
ID114705_ID117191,180,114705,117191,8.492872505,0.119481247,0.582850667,2.914253336,72.5,31.76684618,174.0011187,0,
ID117191_ID115324,180,117191,115324,0.429662347,0.058225537,0.131097269,0.655486344,77.5,32.66835969,172.4737541,0,
ID115625_ID115002,180,115625,115002,3.408842829,0.394483961,0.369261037,1.846305183,92.5,31.79701078,170.3957059,0,
ID116272_ID116567,180,116272,116567,7.775049288,0.401207054,0.557675507,2.788377537,47.5,33.6026764,174.7642778,0,
ID115002_ID116855,180,115002,116855,9.865963345,0.177905399,0.628202622,3.141013108,97.5,29.53886692,170.60929,0,
ID110926_ID112380,180,110926,112380,1.123387344,0.232188551,0.211979937,1.059899686,62.5,29.43282419,176.4841001,0,
ID112081_ID114109,180,112081,114109,12.14318987,NaN,0.696941601,3.484708003,7.5,43.71171467,177.1079241,0,
ID112690_ID116272,180,112690,116272,0.788844038,0.093326027,0.177633785,0.888168924,42.5,33.73498664,176.0297331,0,
ID114373_ID115625,180,114373,115625,5.951453003,0.3252437,0.487912,2.439560002,87.5,32.83929009,171.0067359,0,
ID115324_ID114373,180,115324,114373,0.068748776,0.118879537,0.052439976,0.262199878,82.5,33.02516443,172.2120511,0,
ID113243_ID112690,180,113243,112690,6.314586089,0.067610016,0.502576804,2.512884018,37.5,35.14240741,175.1399848,0,
ID111805_ID113532,180,111805,113532,2.659186631,0.165647262,0.326140254,1.63070127,22.5,39.23388906,173.0566342,0,
ID112380_ID114705,180,112380,114705,6.186294286,0.524781624,0.497445245,2.487226223,67.5,29.99840926,175.8823164,0,
ID118129_ID117819,180,118129,117819,5.956695578,0.576120013,0.488126851,2.440634257,117.5,28.20706682,171.7270856,0,
ID115945_ID117514,180,115945,117514,5.947699968,0.211795467,0.487758135,2.438790677,107.5,28.42108433,172.2631944,0,
ID117819_ID118441,180,117819,118441,2.190057554,0.403968817,0.295976861,1.479884304,122.5,29.01558011,172.5010539,0,
ID116855_ID115945,180,116855,115945,1.334782506,0.291080898,0.231065576,1.155327878,102.5,27.81463676,170.7993563,0,
ID117514_ID118129,180,117514,118129,8.557824496,0.57112273,0.585075192,2.925375958,112.5,28.6115881,171.8535877,0,
ID114109_ID111525,180,114109,111525,15.99781021,0.386986227,0.799945253,3.999726267,12.5,42.48685909,178.8552232,0,
ID113817_ID113243,180,113817,113243,0.646416548,0.075111585,0.160800068,0.804000341,32.5,36.49437613,174.2096956,0,
ID113532_ID113817,180,113532,113817,5.15113892,0.270932312,0.453922413,2.269612064,27.5,37.72456326,173.3237935,0,
ID116567_ID111221,180,116567,111221,10.91000966,0.43318788,0.660606075,3.303030375,52.5,32.36864435,174.0114735,0,
ID111221_ID110926,180,111221,110926,4.281746761,0.151840909,0.413847642,2.069238208,57.5,30.39795311,175.558479,0,
ID112078_ID114108,181,112078,114108,36.01045088,0.562116519,1.200174169,6.000870843,7.5,280.9460954,176.120848,0,
ID113550_ID113833,181,113550,113833,0.410887154,0.593509464,0.12820096,0.6410048,27.5,278.2413983,179.3222601,0,
ID112965_ID112078,181,112965,112078,6.315585596,NaN,0.502616577,2.513082887,2.5,282.6517863,175.3852425,0,
ID114108_ID111530,181,114108,111530,8.908098163,0.28423354,0.596928745,2.984643725,12.5,279.2076338,179.2099179,0,
ID111530_ID111819,181,111530,111819,10.58813655,0.405751197,0.650788339,3.253941694,17.5,278.2690841,180.5686987,0,
ID111819_ID113550,181,111819,113550,5.586970265,0.492057544,0.472735455,2.363677276,22.5,277.5444648,179.8395887,0,
ID119381_ID120183,182,119381,120183,81.90035062,0.154426258,0.904988125,9.049881249,145,245.4794611,179.6952822,0,
ID117863_ID118497,182,117863,118497,0.799436565,0.433558716,0.178822433,0.894112166,122.5,243.3766386,188.9017741,0,
ID115989_ID117551,182,115989,117551,7.897356055,0.27949394,0.562044698,2.810223488,107.5,244.1141503,184.2847384,0,
ID113547_ID113831,182,113547,113831,4.923781201,0.132220434,0.443791897,2.218959486,27.5,246.9395234,178.6775239,0,
ID118497_ID119088,182,118497,119088,25.45602981,0.058224917,1.009079379,5.045396894,127.5,246.181629,187.9762688,0,
ID121204_ID120738,182,121204,120738,0.650365794,0.135808639,0.16129052,0.806452599,182.5,238.0276055,180.8878954,0,
ID112706_ID116295,182,112706,116295,10.79893024,0.360726278,0.657234516,3.286172582,42.5,245.4748031,182.8839447,0,
ID115048_ID116905,182,115048,116905,16.21873334,0.060444107,0.805449771,4.027248856,97.5,241.1251415,183.1361085,0,
ID111526_ID111811,182,111526,111811,2.784575347,0.254459078,0.333740938,1.668704691,17.5,247.4455463,178.3508895,0,
ID112971_ID112088,182,112971,112088,11.22555902,NaN,0.670091308,3.35045654,2.5,251.2716308,179.4839877,0,
ID114413_ID115674,182,114413,115674,8.168357208,0.530087091,0.57160676,2.858033801,87.5,238.1378108,183.5834884,0,
ID116905_ID115989,182,116905,115989,4.914862186,0.44786484,0.443389769,2.216948846,102.5,242.702021,182.9633114,0,
ID115360_ID114413,182,115360,114413,4.548018586,0.14077075,0.42652168,2.1326084,82.5,237.6436031,183.085919,0,
ID112417_ID114747,182,112417,114747,11.01493368,0.253792048,0.663775073,3.318875363,67.5,240.8730358,190.0369569,0,
ID112088_ID114111,182,112088,114111,0.776181805,0.085096491,0.176202361,0.881011807,7.5,249.2401791,179.9508322,0,
ID120183_ID122254,182,120183,122254,18.78111846,0.46330407,0.866743756,4.33371878,152.5,247.752691,177.1073381,0,
ID111811_ID113547,182,111811,113547,0.061884753,0.589110941,0.049753293,0.248766463,22.5,247.5801669,177.6509545,0,
ID114747_ID117243,182,114747,117243,2.049506656,0.115071924,0.286321963,1.431609813,72.5,238.6629346,189.4247968,0,
ID110954_ID112417,182,110954,112417,3.365914776,0.429343023,0.366928591,1.834642956,62.5,242.8826445,189.3574515,0,
ID117551_ID118178,182,117551,118178,10.91381155,0.44898592,0.660721168,3.30360584,112.5,244.2880401,185.6170159,0,
ID121481_ID119929,182,121481,119929,0.051616625,0.136567948,0.045438585,0.227192924,162.5,244.5388507,179.4922308,0,
ID117243_ID115360,182,117243,115360,25.5658118,0.140172306,1.011252922,5.056264609,77.5,237.6141063,186.4973455,0,
ID122254_ID121481,182,122254,121481,18.99953165,0.401809991,0.871769044,4.35884522,157.5,246.7925879,179.2322602,0,
ID121744_ID120953,182,121744,120953,6.466817344,0.138336182,0.508598755,2.542993776,172.5,242.1435955,182.1631717,0,
ID114111_ID111526,182,114111,111526,2.737436458,0.068452141,0.330904002,1.654520008,12.5,248.0591742,179.5382976,0,
ID120953_ID121204,182,120953,121204,9.746368107,0.205082286,0.624383475,3.121917377,177.5,239.7034275,181.7656198,0,
ID113831_ID113266,182,113831,113266,4.102589156,0.141417401,0.405096984,2.025484919,32.5,246.3808998,180.5888086,0,
ID111256_ID110954,182,111256,110954,0.523082991,0.475967765,0.144648953,0.723244766,57.5,242.8849021,188.5758334,0,
ID116295_ID116595,182,116295,116595,4.013419303,0.036215599,0.400670403,2.003352017,47.5,244.6623759,185.3901193,0,
ID118178_ID117863,182,118178,117863,5.792130375,0.159164835,0.481336904,2.406684519,117.5,243.0362375,187.9388742,0,
ID115674_ID115048,182,115674,115048,2.48281238,0.395155085,0.315138851,1.575694253,92.5,238.8420595,184.7147089,0,
ID119088_ID118782,182,119088,118782,4.989032453,0.302434619,0.446722843,2.233614213,132.5,248.3693315,186.1999353,0,
ID118782_ID119381,182,118782,119381,14.92963052,0.217453047,0.772777601,3.863888006,137.5,246.2657582,184.5996772,0,
ID116595_ID111256,182,116595,111256,8.415827156,0.04169342,0.580200902,2.901004508,52.5,243.3885972,187.4704443,0,
ID113266_ID112706,182,113266,112706,0.448377563,0.426919222,0.133922002,0.669610008,37.5,246.1705857,181.4438577,0,
ID119929_ID121744,182,119929,121744,6.223672887,0.327349082,0.498945804,2.494729021,167.5,243.8757969,180.5460363,0,
ID112974_ID112090,183,112974,112090,1.371451877,NaN,0.234218008,1.171090038,2.5,253.1371298,181.7284367,0,
ID116867_ID115930,183,116867,115930,21.52545164,0.352966557,0.927910591,4.639552957,102.5,244.8116827,169.7017847,0,
ID117798_ID118423,183,117798,118423,2.152223809,0.497742027,0.293409189,1.467045946,122.5,246.3559715,168.6370553,0,
ID112390_ID114711,183,112390,114711,4.703564604,0.27815572,0.43375406,2.168770298,67.5,241.1323521,177.8251759,0,
ID118423_ID119039,183,118423,119039,4.406130643,0.203894138,0.419815704,2.099078522,127.5,246.8687408,170.1146171,0,
ID116276_ID116587,183,116276,116587,6.398648429,0.468634078,0.505910997,2.529554986,47.5,242.0886404,178.1224602,0,
ID112090_ID114113,183,112090,114113,2.234680248,0.091496871,0.298976939,1.494884694,7.5,251.9139738,181.2917077,0,
ID110940_ID112390,183,110940,112390,2.175866654,0.089809084,0.295016383,1.475081914,62.5,241.4460099,179.2064335,0,
ID111817_ID113553,183,111817,113553,2.485183301,0.290378781,0.315289283,1.576446415,22.5,247.7204085,180.2537435,0,
ID111243_ID110940,183,111243,110940,1.671021604,0.604068659,0.258536002,1.292680008,57.5,242.7408419,179.5859305,0,
ID112694_ID116276,183,112694,116276,0.873468365,0.321937851,0.186919059,0.934595295,42.5,242.0261151,177.1278562,0,
ID114711_ID117210,183,114711,117210,1.541339484,0.474358038,0.248301388,1.241506941,72.5,241.7407905,177.3515296,0,
ID115930_ID117494,183,115930,117494,5.325387453,0.450324444,0.46153602,2.307680102,107.5,245.9125165,168.2418809,0,
ID117494_ID118117,183,117494,118117,1.352530551,0.344265703,0.232596694,1.16298347,112.5,247.0626974,168.6230982,0,
ID117210_ID115339,183,117210,115339,1.423257989,0.531093189,0.238600753,1.193003767,77.5,242.032143,177.3128439,0,
ID114113_ID111531,183,114113,111531,6.898652403,0.180934095,0.525305717,2.626528584,12.5,250.045704,181.3694047,0,
ID113553_ID113838,183,113553,113838,8.958289377,0.036514408,0.598608031,2.993040156,27.5,245.4845806,180.6802593,0,
ID118117_ID117798,183,118117,117798,2.752207391,0.451855147,0.331795563,1.658977815,117.5,246.5917581,168.1855176,0,
ID115636_ID115003,183,115636,115003,1.348331934,0.229699683,0.232235392,1.161176961,92.5,241.7856855,171.6303981,0,
ID111531_ID111817,183,111531,111817,2.766502282,0.348861314,0.332656116,1.663280578,17.5,248.6619852,181.0165496,0,
ID115339_ID114388,183,115339,114388,1.919475882,0.098066763,0.277090302,1.385451508,82.5,242.3954931,176.1158845,0,
ID116587_ID111243,183,116587,111243,2.789740962,0.336750189,0.334050353,1.670251766,52.5,242.5629739,179.4767113,0,
ID113838_ID113259,183,113838,113259,6.446489852,0.241613853,0.507798773,2.538993866,32.5,243.3035523,180.0150349,0,
ID114388_ID115636,183,114388,115636,13.89185713,0.17899596,0.745435634,3.727178172,87.5,242.0599869,173.7802167,0,
ID115003_ID116867,183,115003,116867,5.957138822,0.224735423,0.488145012,2.440725061,97.5,243.3472768,171.6082006,0,
ID113259_ID112694,183,113259,112694,3.569514337,0.016521628,0.377863168,1.889315838,37.5,242.0931904,178.1631908,0,
ID112089_ID114112,184,112089,114112,2.78326686,NaN,0.333662516,1.668312579,7.5,455.189599,180.4630235,0,
ID111534_ID111822,184,111534,111822,1.867792296,0.341746673,0.273334396,1.366671978,17.5,452.6918774,182.9240655,0,
ID111822_ID113555,184,111822,113555,2.630728789,0.020392568,0.324390431,1.621952154,22.5,451.3398275,182.2922639,0,
ID113841_ID113263,184,113841,113263,1.657799238,0.204920009,0.257511106,1.287555528,32.5,447.0222624,182.0216248,0,
ID113263_ID112707,184,113263,112707,1.092824064,0.295423453,0.209076451,1.045382257,37.5,446.1757951,181.8369573,0,
ID114112_ID111534,184,114112,111534,11.99655176,0.361239629,0.692720774,3.463603869,12.5,453.8952234,181.6230626,0,
ID113555_ID113841,184,113555,113841,10.18107323,0.111198401,0.638155882,3.190779409,27.5,449.0163109,182.2463459,0,
ID112707_ID116292,184,112707,116292,3.727874363,0.218257108,0.386154081,1.930770407,42.5,444.8905169,181.6997623,0,
ID113827_ID113251,185,113827,113251,2.408661667,0.627815993,0.310397272,1.551986362,32.5,112.7068641,177.7146876,0,
ID111813_ID113546,185,111813,113546,4.397074121,0.15342202,0.41938403,2.096920151,22.5,112.733055,178.0983782,0,
ID113251_ID112687,185,113251,112687,8.826271669,0.446824142,0.594180837,2.970904184,37.5,112.4956109,176.5551281,0,
ID113546_ID113827,185,113546,113827,3.403042944,0.555718539,0.368946768,1.844733841,27.5,112.5676305,177.759896,0,
ID111528_ID111813,185,111528,111813,7.110533803,0.059654368,0.533311684,2.666558419,17.5,114.6797916,179.1471179,0,
ID112092_ID114115,185,112092,114115,2.06357661,0.459681599,0.287303088,1.43651544,7.5,116.4963182,182.127846,0,
ID114115_ID111528,185,114115,111528,2.189133288,0.007938101,0.295914399,1.479571995,12.5,115.8972505,180.7988718,0,
ID112973_ID112092,185,112973,112092,1.845320972,NaN,0.271685183,1.358425917,2.5,117.067438,182.1738921,0,
ID112687_ID116277,185,112687,116277,10.99514031,0.546986265,0.663178417,3.315892084,42.5,111.8697517,176.355744,0,
ID114114_ID111533,186,114114,111533,8.233389831,0.224442572,0.573877681,2.869388407,12.5,266.8904005,181.8376881,0,
ID112087_ID114114,186,112087,114114,6.503821935,0.139532558,0.510051838,2.55025919,7.5,266.3350423,179.6099803,0,
ID112967_ID112087,186,112967,112087,6.003011396,NaN,0.490020873,2.450104364,2.5,267.8403264,177.8058056,0,
ID111532_ID111820,187,111532,111820,1.386671279,0.235340692,0.235514015,1.177570074,17.5,36.231024,182.0373615,0,
ID113552_ID113830,187,113552,113830,9.803522593,0.354977693,0.626211549,3.131057743,27.5,35.20091451,179.9723454,0,
ID111820_ID113552,187,111820,113552,1.208349703,0.200521184,0.219849922,1.099249609,22.5,36.32242737,181.0430398,0,
ID117209_ID115344,187,117209,115344,1.566748689,0.2307314,0.250339664,1.251698322,77.5,33.24509377,177.9918484,0,
ID117816_ID118425,187,117816,118425,7.897598685,0.214293023,0.562053331,2.810266657,122.5,34.41848468,170.6977858,0,
ID114399_ID115656,187,114399,115656,0.138417739,0.580125281,0.074409069,0.372045346,87.5,31.8495742,177.8314689,0,
ID118425_ID119015,187,118425,119015,2.413906415,0.154493171,0.310735026,1.553675132,127.5,34.80154165,168.699117,0,
ID115966_ID117524,187,115966,117524,1.953851426,0.018104859,0.279560471,1.397802356,107.5,34.13943687,175.3365393,0,
ID117524_ID118144,187,117524,118144,2.262461505,0.219341478,0.30082962,1.504148099,112.5,34.8640931,174.3321106,0,
ID112698_ID116278,187,112698,116278,2.386963598,0.045378927,0.308996026,1.544980129,42.5,36.84023785,178.2702618,0,
ID113258_ID112698,187,113258,112698,0.277629362,0.460327318,0.105381092,0.526905459,37.5,37.69563936,178.8456169,0,
ID115344_ID114399,187,115344,114399,1.676647694,0.273192439,0.258970863,1.294854314,82.5,32.25960502,178.0589071,0,
ID118144_ID117816,187,118144,117816,3.950083395,0.142290106,0.397496334,1.987481672,117.5,34.36716999,172.7705927,0,
ID119595_ID120134,187,119595,120134,4.614230945,0.332456158,0.429615221,2.148076103,147.5,37.45951162,162.7819732,0,
ID116278_ID116582,187,116278,116582,0.426592275,0.297453391,0.130628064,0.653140318,47.5,35.98627873,178.1428331,0,
ID111234_ID110935,187,111234,110935,4.555156502,0.195185929,0.426856252,2.134281261,57.5,34.11565522,177.981986,0,
ID112381_ID114712,187,112381,114712,1.278374607,0.528453049,0.226130459,1.130652293,67.5,33.42223821,176.9424928,0,
ID116582_ID111234,187,116582,111234,0.800466595,0.347192681,0.178937597,0.894687987,52.5,35.48004286,178.0933273,0,
ID115656_ID115027,187,115656,115027,1.424502651,0.499276161,0.238705061,1.193525304,92.5,31.3882104,177.8534572,0,
ID110935_ID112381,187,110935,112381,3.100580917,0.365964537,0.35216933,1.760846648,62.5,33.12665645,177.3078113,0,
ID115027_ID116883,187,115027,116883,1.801904973,0.265906627,0.268470108,1.34235054,97.5,30.77329702,177.0661317,0,
ID113830_ID113258,187,113830,113258,17.10099962,0.531078613,0.827067098,4.135335491,32.5,35.82502526,179.1894872,0,
ID120134_ID122188,187,120134,122188,9.260578424,0.58581576,0.60862397,3.04311985,152.5,37.33871278,162.2728458,0,
ID119015_ID118720,187,119015,118720,1.26139271,0.013904553,0.224623481,1.123117407,132.5,34.35218062,167.4392473,0,
ID118720_ID119309,187,118720,119309,7.189729123,0.14914257,0.536273405,2.681367025,137.5,34.61808177,165.6649295,0,
ID119309_ID119595,187,119309,119595,7.640718181,0.044670344,0.552836981,2.764184904,142.5,35.85828106,163.2600673,0,
ID114117_ID111532,187,114117,111532,20.28617976,NaN,0.900803636,4.50401818,12.5,38.70729851,182.5892028,0,
ID116883_ID115966,187,116883,115966,8.182750547,0.266100051,0.572110148,2.860550742,102.5,32.11636331,175.9940956,0,
ID114712_ID117209,187,114712,117209,0.01197745,0.017075045,0.021888307,0.109441537,72.5,33.67805745,177.5071071,0,
ID115652_ID115024,188,115652,115024,0.062511953,0.187114618,0.050004781,0.250023905,92.5,225.4303699,176.361088,0,
ID118156_ID117834,188,118156,117834,0.206948684,0.57096476,0.090983226,0.454916128,117.5,226.0443268,176.3022502,0,
ID111529_ID111816,188,111529,111816,2.848584788,0.012866382,0.33755502,1.6877751,17.5,237.1803339,180.0373074,0,
ID111816_ID113549,188,111816,113549,1.950513446,0.134692825,0.279321567,1.396607835,22.5,235.9891528,179.1993827,0,
ID112094_ID114116,188,112094,114116,4.366606405,0.240767124,0.41792853,2.08964265,7.5,240.0151008,182.9714246,0,
ID112982_ID112094,188,112982,112094,2.028388568,NaN,0.284843014,1.424215071,2.5,240.708332,184.2567503,0,
ID114393_ID115652,188,114393,115652,0.150727119,0.393029488,0.077647181,0.388235907,87.5,225.6827649,176.4967515,0,
ID118467_ID119048,188,118467,119048,16.25735862,0.183394911,0.806408299,4.032041495,127.5,223.8429365,174.9741051,0,
ID114116_ID111529,188,114116,111529,4.928271403,0.049755786,0.443994207,2.219971037,12.5,238.424342,181.5426939,0,
ID112704_ID116291,188,112704,116291,16.29822164,0.166614307,0.80742112,4.037105602,42.5,223.4404466,180.4019631,0,
ID113549_ID113837,188,113549,113837,16.9972695,0.128858195,0.824554898,4.12277449,27.5,233.4135706,179.8358701,0,
ID113837_ID113262,188,113837,113262,7.704356615,0.053033733,0.555134456,2.775672282,32.5,230.1406838,180.8285283,0,
ID116594_ID110925,188,116594,110925,46.26655095,0.171684321,0.6801952,6.801951996,55,224.6693732,179.1329937,0,
ID110925_ID112383,188,110925,112383,0.688426208,0.561521299,0.165942907,0.829714534,62.5,225.9024292,176.38483,0,
ID116291_ID116594,188,116291,116594,4.354129787,0.436633017,0.417331033,2.086655167,47.5,222.5145989,181.7748402,0,
ID114710_ID117207,188,114710,117207,2.156732235,0.614079231,0.293716342,1.468581709,72.5,225.8551943,176.7451627,0,
ID115338_ID114393,188,115338,114393,0.032487484,0.217615555,0.036048569,0.180242847,82.5,225.8296727,176.6005729,0,
ID116885_ID115959,188,116885,115959,6.861059848,0.451656488,0.523872498,2.619362489,102.5,226.1962769,175.3322592,0,
ID117207_ID115338,188,117207,115338,0.432395077,0.61101793,0.131513509,0.657567546,77.5,225.4557766,176.6632673,0,
ID112383_ID114710,188,112383,114710,0.489446047,0.310418125,0.139920841,0.699604207,67.5,226.2339032,176.8207449,0,
ID113262_ID112704,188,113262,112704,14.36803186,0.106628448,0.758103736,3.79051868,37.5,227.0179889,180.2831904,0,
ID115959_ID117529,188,115959,117529,5.995133438,0.623663101,0.489699232,2.448496158,107.5,226.2711445,175.2816393,0,
ID117529_ID118156,188,117529,118156,0.506567354,0.453261602,0.142347091,0.711735453,112.5,225.9028354,176.2467493,0,
ID115024_ID116885,188,115024,116885,0.014937887,0.573709187,0.02444413,0.122220648,97.5,225.3841438,176.3109621,0,
ID117834_ID118467,188,117834,118467,0.370745548,0.049718044,0.121777756,0.608888781,122.5,225.5277841,176.4110914,0,
ID111538_ID111828,189,111538,111828,0.375649849,0.490782508,0.122580561,0.612902805,17.5,188.6624412,185.5075945,0,
ID116289_ID116588,189,116289,116588,4.372727548,0.296749948,0.418221355,2.091106776,47.5,185.3437673,180.8920551,0,
ID115650_ID115023,189,115650,115023,0.912122008,0.283592319,0.191010158,0.955050788,92.5,187.1960811,176.2955652,0,
ID112711_ID116289,189,112711,116289,13.63684058,0.068585192,0.738561862,3.692809308,42.5,185.9969849,182.9923798,0,
ID112986_ID112096,189,112986,112096,4.640933953,NaN,0.43085654,2.1542827,2.5,189.9875127,185.7848822,0,
ID111242_ID110937,189,111242,110937,0.711100068,0.230503894,0.168653499,0.843267495,57.5,184.3898745,178.742204,0,
ID117203_ID115329,189,117203,115329,6.999742902,0.381861837,0.529140545,2.645702724,77.5,187.5772114,174.3827978,0,
ID114395_ID115650,189,114395,115650,3.514133321,0.561381797,0.374920435,1.874602177,87.5,188.3061133,176.3988773,0,
ID112389_ID114709,189,112389,114709,7.302895284,0.551611565,0.540477392,2.70238696,67.5,185.5842122,177.848559,0,
ID110937_ID112389,189,110937,112389,0.095711642,0.517875667,0.061874596,0.309372982,62.5,184.6750777,178.6457251,0,
ID114119_ID111538,189,114119,111538,3.087854956,0.443983801,0.351445868,1.757229341,12.5,189.2633311,185.2097803,0,
ID112096_ID114119,189,112096,114119,0.239375555,0.505259442,0.097852042,0.489260211,7.5,189.9518672,184.8969323,0,
ID116588_ID111242,189,116588,111242,2.726595352,0.222231018,0.33024811,1.651240549,52.5,184.1901318,179.792119,0,
ID115329_ID114395,189,115329,114395,17.1205263,0.559568708,0.827539154,4.137695772,82.5,187.7723213,175.2985806,0,
ID111828_ID113558,189,111828,113558,5.473057945,0.558383616,0.467891353,2.339456763,22.5,188.1751721,184.7651651,0,
ID116882_ID115972,189,116882,115972,1.251515028,0.464892394,0.223742265,1.118711325,102.5,188.4054545,176.4849219,0,
ID113558_ID113847,189,113558,113847,9.53102198,0.542491817,0.617447066,3.087235329,27.5,187.8342197,185.3576065,0,
ID114709_ID117203,189,114709,117203,8.194674901,0.011270596,0.572526852,2.862634259,72.5,187.6404915,175.9756093,0,
ID115023_ID116882,189,115023,116882,3.417219384,0.528858084,0.369714451,1.848572256,97.5,187.749415,176.3140235,0,
ID113847_ID113274,189,113847,113274,6.152698032,0.422075758,0.496092654,2.48046327,32.5,187.0507103,186.5151236,0,
ID113274_ID112711,189,113274,112711,1.948816553,0.230049293,0.27920004,1.396000198,37.5,185.7501246,185.4949736,0,
ID114118_ID111535,190,114118,111535,0.3739226,0.261324798,0.122298422,0.611492109,12.5,254.9699994,183.9930737,0,
ID112978_ID112095,190,112978,112095,10.18641956,NaN,0.638323415,3.191617076,2.5,260.250305,183.9568488,0,
ID113556_ID113832,190,113556,113832,7.254950744,0.32414502,0.538700315,2.693501577,27.5,249.6970335,180.9995331,0,
ID111535_ID111821,190,111535,111821,9.286611089,0.14019005,0.609478829,3.047394147,17.5,253.6812335,182.7821772,0,
ID111821_ID113556,190,111821,113556,6.938188988,0.164081891,0.526808845,2.634044227,22.5,251.165138,182.1022164,0,
ID112095_ID114118,190,112095,114118,13.60774842,0.067156717,0.737773635,3.688868175,7.5,256.8820901,184.3588909,0,
ID112098_ID114120,191,112098,114120,0.666082942,0.290141567,0.163227809,0.816139046,7.5,82.27208985,186.0537774,0,
ID112985_ID112098,191,112985,112098,7.82836605,NaN,0.559584348,2.797921738,2.5,83.7628344,185.8586512,0,
ID114120_ID111541,191,114120,111541,1.991997089,0.343582114,0.282276254,1.41138127,12.5,81.51885451,186.1666162,0,
ID111257_ID110952,192,111257,110952,0.358721721,0.151330798,0.119786764,0.59893382,57.5,272.8063603,188.4868111,0,
ID111539_ID111827,192,111539,111827,3.227195902,0.281818031,0.359287957,1.796439785,17.5,282.4776347,185.4636109,0,
ID117242_ID115364,192,117242,115364,3.735053333,0.379111386,0.386525721,1.932628607,77.5,272.1898089,187.3603467,0,
ID114123_ID111539,192,114123,111539,2.376517601,0.186603149,0.308319159,1.541595797,12.5,283.4674501,186.2661895,0,
ID116602_ID111257,192,116602,111257,0.130121859,0.518253483,0.072144815,0.360724076,52.5,272.4214151,188.7161079,0,
ID112987_ID112104,192,112987,112104,9.047853842,NaN,0.601593013,3.007965067,2.5,286.2504736,187.4923399,0,
ID114740_ID117242,192,114740,117242,1.05455478,0.350413572,0.205383035,1.026915176,72.5,272.6797524,188.1607998,0,
ID112716_ID116302,192,112716,116302,1.769666969,0.103991458,0.266057661,1.330288303,42.5,274.1322132,187.9078523,0,
ID113277_ID112716,192,113277,112716,1.497974961,0.117010666,0.244783575,1.223917873,37.5,275.3445334,187.6761561,0,
ID111827_ID113560,192,111827,113560,1.361676683,0.141819865,0.233381806,1.166909029,22.5,281.1535534,185.0282809,0,
ID116302_ID116602,192,116302,116602,2.243290706,0.13418752,0.29955238,1.497761899,47.5,272.854826,188.2974748,0,
ID113560_ID113849,192,113560,113849,11.59902287,0.405034968,0.681146764,3.405733822,27.5,280.2297085,186.2589487,0,
ID113849_ID113277,192,113849,113277,14.97583083,0.279930822,0.773972372,3.869861862,32.5,277.812705,187.6460729,0,
ID110952_ID112409,192,110952,112409,1.48034994,0.208286041,0.243339264,1.216696322,62.5,272.8385754,187.6851085,0,
ID112409_ID114740,192,112409,114740,1.047541935,0.583850074,0.204698992,1.023494961,67.5,272.9157814,187.5483675,0,
ID112104_ID114123,192,112104,114123,1.918119007,0.133487083,0.276992347,1.384961735,7.5,284.1615762,187.3741009,0,
ID114125_ID111545,194,114125,111545,0.734901508,0.101211193,0.171452793,0.857263967,12.5,302.4966592,189.5611475,0,
ID112979_ID112093,194,112979,112093,4.714269693,NaN,0.434247381,2.171236904,2.5,301.1268884,183.6888334,0,
ID112093_ID114125,194,112093,114125,42.40837167,0.513077767,1.302434208,6.512171041,7.5,301.941009,185.9669104,0,
ID114127_ID111546,196,114127,111546,1.180521037,0.511375185,0.21730357,1.086517849,12.5,322.2116292,190.2004987,0,
ID112990_ID112105,196,112990,112105,0.71152417,NaN,0.168703784,0.843518921,2.5,322.504045,189.2301454,0,
ID111546_ID111835,196,111546,111835,8.300382301,0.174806781,0.576207681,2.881038407,17.5,320.3830573,190.3764725,0,
ID112105_ID114127,196,112105,114127,1.961233926,0.408620904,0.280088124,1.400440618,7.5,322.3787603,189.8496465,0,
ID114126_ID111543,197,114126,111543,3.354349673,0.620472977,0.366297675,1.831488376,12.5,131.7956519,188.973424,0,
ID111543_ID111832,197,111543,111832,14.4459363,0.421103084,0.760156202,3.800781012,17.5,130.253513,188.4273502,0,
ID111267_ID110963,197,111267,110963,0.499473367,0.410702406,0.141346859,0.706734297,57.5,120.925876,192.2658916,0,
ID112425_ID114753,197,112425,114753,1.91982834,0.156742388,0.27711574,1.385578702,67.5,120.6526304,194.6211508,0,
ID113855_ID113284,197,113855,113284,1.07178172,0.075335635,0.207053782,1.035268912,32.5,126.4040958,190.3847748,0,
ID112984_ID112101,197,112984,112101,4.340733832,NaN,0.416688557,2.083442784,2.5,132.6398292,186.5852499,0,
ID113284_ID112719,197,113284,112719,2.488142767,0.034616703,0.315476957,1.577384787,37.5,125.1321967,190.6614743,0,
ID110963_ID112425,197,110963,112425,2.420623123,0.200532393,0.311167037,1.555835185,62.5,120.8492809,193.2758286,0,
ID112101_ID114126,197,112101,114126,5.870111988,0.042187739,0.48456628,2.422831399,7.5,131.9471818,188.7161942,0,
ID112719_ID116607,197,112719,116607,27.2442543,0.018240919,0.521960289,5.219602887,45,121.7781486,191.1429555,0,
ID113567_ID113855,197,113567,113855,5.958614535,0.415990205,0.48820547,2.441027352,27.5,127.997611,189.7576527,0,
ID116607_ID111267,197,116607,111267,4.343992177,0.548819948,0.41684492,2.084224598,52.5,120.1779164,191.7095182,0,
ID111832_ID113567,197,111832,113567,0.693149903,0.480823588,0.166511249,0.832556246,22.5,128.7273308,188.9606957,0,
ID112110_ID114131,198,112110,114131,0.250055043,0.404019423,0.100011008,0.50005504,7.5,30.66175353,192.1972785,0,
ID116317_ID116619,198,116317,116619,3.515533184,0.261155909,0.374995103,1.874975515,47.5,14.48844063,196.2453148,0,
ID113573_ID113851,198,113573,113851,15.62880754,0.008926889,0.790665733,3.953328665,27.5,20.96870552,189.9492788,0,
ID111838_ID113573,198,111838,113573,2.984806022,0.230380033,0.345531823,1.727659116,22.5,23.0593787,191.8712803,0,
ID113851_ID113285,198,113851,113285,19.2885622,0.261494204,0.878374913,4.391874566,32.5,17.66031147,189.7406163,0,
ID113285_ID116317,198,113285,116317,26.94889154,0.061720281,0.519123218,5.191232179,40,14.7706598,193.2769524,0,
ID111549_ID111838,198,111549,111838,10.95124072,0.149354642,0.661853178,3.309265888,17.5,25.21049457,191.7317408,0,
ID112991_ID112110,198,112991,112110,12.94049079,NaN,0.719457873,3.597289367,2.5,32.05132733,191.2093158,0,
ID114131_ID111549,198,114131,111549,19.0022658,0.562575567,0.871831768,4.359158841,12.5,28.78536734,191.6866893,0,
ID116619_ID111272,198,116619,111272,6.290855412,0.015646123,0.501631555,2.508157773,52.5,16.14509453,197.6775406,0,
ID114130_ID111548,199,114130,111548,4.607573037,0.245409486,0.429305161,2.146525806,12.5,1.773056975,191.788473,0,
ID112109_ID114130,199,112109,114130,1.784266986,0.481380762,0.267152914,1.33576457,7.5,3.19824417,192.0119924,0,
ID111548_ID111837,199,111548,111837,1.787300504,0.435476842,0.267379917,1.336899586,17.5,0.891266391,191.8450906,0,
ID112996_ID112109,199,112996,112109,4.743622947,NaN,0.435597197,2.177985984,2.5,3.508617628,192.6874492,0,
ID113570_ID113856,202,113570,113856,4.144532799,0.443922941,0.407162513,2.035812565,27.5,38.48749729,190.7361266,0,
ID113281_ID112721,202,113281,112721,1.575655174,0.279879564,0.251050208,1.25525104,37.5,37.49175666,190.466344,0,
ID112426_ID114750,202,112426,114750,14.16766927,0.118988335,0.75279929,3.763996449,67.5,28.73445934,193.6067327,0,
ID111266_ID110965,202,111266,110965,11.82728663,0.400667312,0.687816447,3.439082236,57.5,33.68606442,192.799244,0,
ID117249_ID115380,202,117249,115380,1.674902054,0.269645337,0.258836014,1.29418007,77.5,23.27731646,192.9219997,0,
ID116308_ID116618,202,116308,116618,13.78871085,0.285174719,0.742663069,3.713315345,47.5,36.62728737,193.184573,0,
ID111845_ID113570,202,111845,113570,25.53954701,0.542965324,1.010733338,5.05366669,22.5,38.74433965,192.7968833,0,
ID113856_ID113281,202,113856,113281,3.391600369,0.552663308,0.368325963,1.841629813,32.5,38.69037305,190.4186399,0,
ID115380_ID114426,202,115380,114426,12.50530938,0.395772735,0.707256937,3.536284686,82.5,21.82366899,192.1982014,0,
ID111551_ID111845,202,111551,111845,8.913845304,0.401903887,0.597121271,2.985606354,17.5,39.86457437,193.4975487,0,
ID116618_ID111266,202,116618,111266,7.266499911,0.46906531,0.539128924,2.695644619,52.5,35.30192853,193.267671,0,
ID112721_ID116308,202,112721,116308,1.160882278,0.280525878,0.215488494,1.077442471,42.5,37.45940933,191.358685,0,
ID114750_ID117249,202,114750,117249,12.01534102,0.019825216,0.693263039,3.466315194,72.5,25.242694,192.687547,0,
ID114135_ID111551,202,114135,111551,30.57777791,0.06992206,1.105943541,5.529717706,12.5,37.34239177,193.4268135,0,
ID112997_ID112114,202,112997,112114,5.290411486,NaN,0.46001789,2.300089452,2.5,34.24376403,194.4698018,0,
ID112114_ID114135,202,112114,114135,2.811466437,0.538326815,0.335348561,1.676742806,7.5,34.14329368,194.9979892,0,
ID110965_ID112426,202,110965,112426,3.054748133,0.048456481,0.349556756,1.747783778,62.5,31.36703741,193.9218437,0,
ID118795_ID119395,203,118795,119395,0.695885108,0.409357158,0.166839457,0.834197284,137.5,262.9350275,189.9295339,0,
ID118193_ID117873,203,118193,117873,1.190027236,0.567228053,0.218176739,1.090883695,117.5,263.675437,195.1220299,0,
ID112998_ID112112,203,112998,112112,1.234993292,NaN,0.222260504,1.11130252,2.5,284.944269,193.8670526,0,
ID112730_ID116316,203,112730,116316,2.922010485,0.458813006,0.341877784,1.709388922,42.5,280.7927616,195.3548456,0,
ID110967_ID112422,203,110967,112422,26.35276914,0.029228411,1.026698965,5.133494827,62.5,272.2990832,193.6726991,0,
ID117873_ID119096,203,117873,119096,14.85008412,0.207687888,0.385358069,3.853580689,125,263.7192227,193.3930987,0,
ID116922_ID116002,203,116922,116002,3.931258237,0.19598716,0.396548017,1.982740083,102.5,265.8950632,194.4882679,0,
ID116617_ID111270,203,116617,111270,2.159471756,0.470995318,0.293902825,1.469514123,52.5,278.0688673,194.7793035,0,
ID119096_ID118795,203,119096,118795,3.15004283,0.03223073,0.3549672,1.774836001,132.5,262.8767408,190.7162194,0,
ID119677_ID120212,203,119677,120212,2.050766056,0.52702862,0.28640992,1.4320496,147.5,263.0100845,187.7740891,0,
ID115376_ID114428,203,115376,114428,7.615678364,0.254360228,0.551930371,2.759651856,82.5,269.2108277,191.6249539,0,
ID113571_ID113860,203,113571,113860,3.801393216,0.532907943,0.389943238,1.949716189,27.5,280.4448815,191.5093196,0,
ID112112_ID114136,203,112112,114136,3.927521439,0.396533139,0.396359505,1.981797527,7.5,285.856523,193.9996811,0,
ID112422_ID114748,203,112422,114748,0.616881097,0.14675277,0.157083557,0.785417785,67.5,269.7370421,192.3782742,0,
ID113288_ID112730,203,113288,112730,3.980548501,3.77E-04,0.39902624,1.995131199,37.5,281.2194913,194.7106747,0,
ID116316_ID116617,203,116316,116617,5.694777632,0.019071724,0.477274664,2.386373322,47.5,278.8978347,194.5842598,0,
ID114136_ID111554,203,114136,111554,10.91739654,0.517195451,0.660829677,3.304148384,12.5,284.9680624,194.3742347,0,
ID113860_ID113288,203,113860,113288,2.026661646,0.108881179,0.284721734,1.42360867,32.5,280.566737,193.1308473,0,
ID114428_ID115686,203,114428,115686,1.081158409,0.263802064,0.207957535,1.039787675,87.5,270.7433955,192.0526037,0,
ID111839_ID113571,203,111839,113571,4.014775357,0.117199971,0.400738087,2.003690434,22.5,280.9124617,191.4958737,0,
ID111554_ID111839,203,111554,111839,7.150441663,0.0974978,0.534806195,2.674030976,17.5,282.285862,193.2670544,0,
ID115064_ID116922,203,115064,116922,12.30275791,0.139972097,0.701505749,3.507528747,97.5,268.3429766,194.5458929,0,
ID120212_ID122277,203,120212,122277,2.510245706,0.381227134,0.316875099,1.584375494,152.5,262.8323885,188.6316091,0,
ID122277_ID121501,203,122277,121501,0.07049809,0.402729944,0.053102953,0.265514764,157.5,262.1258142,188.8678397,0,
ID115686_ID115064,203,115686,115064,2.883322551,0.170641064,0.339606982,1.698034909,92.5,270.4529537,193.2721391,0,
ID117247_ID115376,203,117247,115376,0.182082584,0.458522659,0.085342272,0.426711359,77.5,267.7597868,191.49322,0,
ID116002_ID117569,203,116002,117569,1.670209472,0.31961501,0.258473169,1.292365843,107.5,264.7298224,194.4008866,0,
ID111270_ID110967,203,111270,110967,13.97547558,0.431777579,0.747675747,3.738378736,57.5,276.5064403,195.0414196,0,
ID114748_ID117247,203,114748,117247,4.056043395,0.147376128,0.402792423,2.013962114,72.5,268.6246105,191.6596344,0,
ID117569_ID118193,203,117569,118193,1.444621303,0.176799396,0.2403848,1.201924,112.5,263.747315,194.9539163,0,
ID119395_ID119677,203,119395,119677,7.873240716,0.388945865,0.561185913,2.805929564,142.5,262.9190364,188.6201366,0,
ID121501_ID119942,203,121501,119942,1.008212802,0.032283193,0.200819601,1.004098004,162.5,262.1803637,188.2367528,0,
ID111556_ID111846,204,111556,111846,2.672365485,0.587931263,0.326947426,1.63473713,17.5,1.696944689,195.9408604,0,
ID113580_ID113867,204,113580,113867,12.23146493,0.534239905,0.699470226,3.497351131,27.5,2.708115899,196.5848375,0,
ID114138_ID111556,204,114138,111556,9.893099689,NaN,0.629065964,3.145329822,12.5,2.463095434,196.1298737,0,
ID111846_ID113580,204,111846,113580,1.960373163,0.057049848,0.280026653,1.400133266,22.5,3.131594556,195.4957257,0,
ID111849_ID113584,205,111849,113584,7.431003699,0.120397183,0.545197348,2.725986739,22.5,300.4828114,197.9901054,0,
ID113584_ID113868,205,113584,113868,10.03338323,0.621687922,0.633510323,3.167551614,27.5,300.2599286,197.9521505,0,
ID113868_ID113300,205,113868,113300,32.04018149,0.098873783,1.132080942,5.660404711,32.5,296.2306152,199.4267572,0,
ID113300_ID112738,205,113300,112738,3.242019599,0.443743611,0.360112182,1.800560912,37.5,294.6148507,201.1971505,0,
ID114141_ID111560,205,114141,111560,10.08337668,0.325422096,0.635086661,3.175433305,12.5,300.5265103,197.6581373,0,
ID112122_ID114141,205,112122,114141,1.078078492,NaN,0.207661117,1.038305587,7.5,302.15906,197.8380223,0,
ID111560_ID111849,205,111560,111849,0.029900524,0.478787357,0.034583536,0.172917679,17.5,299.0484358,198.0353586,0,
ID111848_ID113582,206,111848,113582,0.797475378,0.60091213,0.178602954,0.893014769,22.5,177.1960117,197.6510899,0,
ID112732_ID116320,206,112732,116320,0.816704668,0.580555551,0.180743428,0.903717139,42.5,175.9938787,198.931216,0,
ID112117_ID114140,206,112117,114140,0.762605007,0.353390337,0.174654517,0.873272584,7.5,178.4034858,196.9634536,0,
ID116320_ID116627,206,116320,116627,1.621357747,0.230425765,0.254665094,1.273325468,47.5,176.0238873,199.8491077,0,
ID116627_ID111281,206,116627,111281,2.053445757,0.136442236,0.286596982,1.432984912,52.5,176.9912897,200.6803504,0,
ID111559_ID111848,206,111559,111848,0.343643041,0.073402908,0.11724215,0.586210748,17.5,177.0426362,197.7007066,0,
ID114140_ID111559,206,114140,111559,1.257614856,0.258282159,0.224286857,1.121434285,12.5,177.8719205,197.5613868,0,
ID113866_ID113296,206,113866,113296,8.060059844,0.601133085,0.567804891,2.839024453,32.5,176.8816053,198.1195587,0,
ID111281_ID110981,206,111281,110981,0.120871137,0.205706739,0.069533053,0.347665265,57.5,177.6804907,201.1243498,0,
ID113582_ID113866,206,113582,113866,0.269789827,0.145988908,0.103882593,0.519412964,27.5,177.8241239,197.4386704,0,
ID113296_ID112732,206,113296,112732,0.432476877,0.623742401,0.131525948,0.657629741,37.5,176.0125606,198.7788207,0,
ID113000_ID112117,206,113000,112117,5.53339593,NaN,0.470463428,2.352317141,2.5,179.5544152,196.7416905,0,
ID114143_ID111557,207,114143,111557,6.71865326,0.561907486,0.518407302,2.592036508,12.5,287.506971,197.2249273,0,
ID111840_ID113574,207,111840,113574,3.982616893,0.106356327,0.399129898,1.995649492,22.5,285.6247996,192.1099433,0,
ID111557_ID111840,207,111557,111840,10.75176409,0.059832077,0.655797654,3.278988272,17.5,286.4185646,194.5334864,0,
ID113862_ID113286,207,113862,113286,4.964837102,0.560789028,0.445638288,2.228191442,32.5,286.3188612,193.4667418,0,
ID113286_ID112717,207,113286,112717,16.51668436,0.063971778,0.812814477,4.064072386,37.5,286.3228783,190.3573237,0,
ID113574_ID113862,207,113574,113862,12.06566481,0.599330514,0.694713317,3.473566584,27.5,285.8644159,192.8345027,0,
ID112994_ID112119,207,112994,112119,21.27161214,NaN,0.92242316,4.612115798,2.5,288.9849931,194.9238671,0,
ID112119_ID114143,207,112119,114143,2.283605289,0.069174206,0.302232049,1.511160246,7.5,287.8727868,197.7399379,0,
ID112717_ID116301,207,112717,116301,2.857727576,0.257443155,0.338096293,1.690481463,42.5,286.8766503,188.0125276,0,
ID112123_ID114142,208,112123,114142,2.657938729,0.072479245,0.326063719,1.630318597,7.5,335.40726,198.6524647,0,
ID114142_ID111561,208,114142,111561,3.457601135,0.367784121,0.371892519,1.859462593,12.5,334.7186099,197.8443271,0,
ID113005_ID112123,208,113005,112123,1.6153362,NaN,0.254191754,1.270958772,2.5,334.7759937,199.9325292,0,
ID113572_ID113272,209,113572,113272,32.71091267,0.172039388,0.571934548,5.719345476,30,413.5707419,188.0835958,0,
ID113272_ID112710,209,113272,112710,3.887943853,0.159295653,0.394357394,1.971786969,37.5,411.8632471,184.8934716,0,
ID111831_ID113572,209,111831,113572,24.55711053,0.425012037,0.991102629,4.955513145,22.5,416.6397119,189.7528347,0,
ID114145_ID111558,209,114145,111558,2.650416681,0.528942916,0.325602007,1.628010037,12.5,418.0250789,198.0825081,0,
ID112118_ID114145,209,112118,114145,5.359981273,NaN,0.463032667,2.315163336,7.5,418.5506721,197.8185261,0,
ID111558_ID111831,209,111558,111831,74.62976169,0.044248781,1.727770375,8.638851874,17.5,418.40514,192.9799341,0,
ID111275_ID110972,210,111275,110972,1.657204205,0.018625922,0.257464887,1.287324437,57.5,183.7971417,199.6422987,0,
ID110972_ID112434,210,110972,112434,4.016713138,0.567351803,0.400834786,2.004173929,62.5,183.9851071,200.0329531,0,
ID114144_ID111562,210,114144,111562,2.994266328,0.1072159,0.346078969,1.730394847,12.5,188.0603584,198.7694254,0,
ID111850_ID113588,210,111850,113588,1.907384626,0.248542952,0.276216193,1.381080963,22.5,184.1338604,200.0592131,0,
ID113297_ID112735,210,113297,112735,1.223427825,0.492911503,0.221217343,1.106086717,37.5,180.6242226,199.6873953,0,
ID113874_ID113297,210,113874,113297,12.97928357,0.04300474,0.720535456,3.602677278,32.5,182.026891,199.8612542,0,
ID116322_ID116625,210,116322,116625,0.447733272,0.072165674,0.133825748,0.669128741,47.5,184.7697156,199.9605513,0,
ID112124_ID114144,210,112124,114144,6.374585153,0.212253972,0.504958816,2.524794081,7.5,189.9829888,199.4931046,0,
ID113588_ID113874,210,113588,113874,0.174096961,0.407981139,0.083449856,0.417249279,27.5,183.8795079,200.6296647,0,
ID113002_ID112124,210,113002,112124,12.69279429,NaN,0.712538961,3.562694807,2.5,192.6174999,199.3519249,0,
ID112735_ID116322,210,112735,116322,12.67375707,0.226338887,0.712004412,3.56002206,42.5,182.6741359,200.0177902,0,
ID112434_ID114761,210,112434,114761,0.372469433,0.524101547,0.122060548,0.610302739,67.5,184.4742649,200.6053275,0,
ID116625_ID111275,210,116625,111275,0.511938881,0.625391284,0.143099809,0.715499044,52.5,184.7460195,199.9592542,0,
ID111562_ID111850,210,111562,111850,9.297802245,0.050383671,0.609845956,3.049229779,17.5,185.705137,199.0537907,0,
ID113292_ID112729,212,113292,112729,1.60527245,0.392377575,0.253398694,1.266993469,37.5,274.2381207,195.4934466,0,
ID112729_ID116313,212,112729,116313,4.765100011,0.431972593,0.436582181,2.182910903,42.5,274.1683084,194.588229,0,
ID112127_ID114149,212,112127,114149,7.059681522,NaN,0.531401224,2.65700612,7.5,276.7811241,201.5206221,0,
ID114149_ID111563,212,114149,111563,0.879736559,0.024570577,0.187588545,0.937942727,12.5,275.1418407,200.7896825,0,
ID113583_ID113864,212,113583,113864,1.294224966,0.120043768,0.227528017,1.137640086,27.5,274.3280068,196.7524446,0,
ID111563_ID111853,212,111563,111853,0.002311746,0.120046986,0.009616124,0.048080619,17.5,274.7086647,200.5627956,0,
ID111853_ID113583,212,111853,113583,11.19747728,0.330296522,0.669252636,3.346263181,22.5,274.6691789,198.8918963,0,
ID113864_ID113292,212,113864,113292,0.681063302,0.022318735,0.165053119,0.825265595,32.5,273.8053062,195.9235213,0,
ID116313_ID116613,212,116313,116613,6.277499009,0.120738716,0.501098753,2.505493766,47.5,272.2616555,193.4149441,0,
ID113665_ID113076,214,113665,113076,2.112788458,0.042719902,0.290708683,1.453543414,32.5,382.7223062,65.72513963,0,
ID112514_ID116099,214,112514,116099,12.351057,0.498795706,0.702881412,3.514407062,42.5,382.8879851,66.21268958,0,
ID113076_ID112514,214,113076,112514,4.021193897,0.386289366,0.401058295,2.005291474,37.5,381.7669148,66.0513837,0,
ID113384_ID113665,214,113384,113665,25.18773014,NaN,1.003747581,5.018737903,27.5,384.3841267,68.48703519,0,
ID116679_ID115759,215,116679,115759,13.83335568,0.381047959,0.743864388,3.719321938,102.5,190.2455487,57.36502783,0,
ID112190_ID114518,215,112190,114518,0.780657997,0.068464261,0.176709705,0.883548525,67.5,186.5615853,64.14949355,0,
ID116997_ID115130,215,116997,115130,18.92886896,0.191459888,0.870146401,4.350732003,77.5,185.6216917,58.33058654,0,
ID115759_ID117323,215,115759,117323,1.095469585,0.541454898,0.209329366,1.046646829,107.5,191.0916753,58.48332027,0,
ID117954_ID117638,215,117954,117638,1.07306851,0.233298565,0.20717804,1.035890202,117.5,191.4782015,59.62202871,0,
ID114190_ID115451,215,114190,115451,9.307509121,0.024544171,0.610164211,3.050821057,87.5,188.7580878,54.79613579,0,
ID114817_ID116679,215,114817,116679,14.3100388,0.528124497,0.756572238,3.782861192,97.5,190.5900262,55.21839246,0,
ID112511_ID116097,215,112511,116097,15.87695463,0.10324143,0.796917929,3.984589644,42.5,181.5196513,64.08805192,0,
ID113666_ID113078,215,113666,113078,1.931409058,0.554230286,0.277950287,1.389751437,32.5,184.7218009,66.30821514,0,
ID117323_ID117954,215,117323,117954,1.691647698,0.560221275,0.260126715,1.300633575,112.5,191.1058751,58.71784168,0,
ID116398_ID111051,215,116398,111051,2.090961614,0.337836481,0.289203154,1.446015772,52.5,177.6681056,61.85993911,0,
ID113078_ID112511,215,113078,112511,2.29133192,0.10646147,0.302742922,1.51371461,37.5,183.9926965,65.11222155,0,
ID115451_ID114817,215,115451,114817,4.312460031,0.072551333,0.415329268,2.076646342,92.5,191.2376793,54.32900987,0,
ID114518_ID116997,215,114518,116997,21.78529801,0.40270999,0.933494467,4.667472336,72.5,187.122615,62.04157352,0,
ID115130_ID114190,215,115130,114190,14.10667157,0.399306605,0.751176985,3.755884925,82.5,185.6298626,56.12049607,0,
ID116097_ID116398,215,116097,116398,6.605643934,0.152293943,0.514028946,2.57014473,47.5,178.9115507,62.49909474,0,
ID113378_ID113666,215,113378,113666,2.525143145,NaN,0.31781398,1.589069899,27.5,184.9868557,66.18747255,0,
ID111051_ID112190,215,111051,112190,84.96207413,0.228997062,0.921748741,9.217487409,60,181.6408228,63.12111613,0,
ID113672_ID113090,216,113672,113090,20.42386184,NaN,0.903855339,4.519276694,32.5,180.8850921,74.61364041,0,
ID113675_ID113087,217,113675,113087,10.00236723,0.396046944,0.632530386,3.16265193,32.5,217.4167507,74.68124283,0,
ID113387_ID113675,217,113387,113675,18.81674798,0.417059546,0.867565513,4.337827564,27.5,219.2488505,73.62414567,0,
ID113087_ID112522,217,113087,112522,15.79518776,0.207446428,0.794863202,3.974316011,37.5,214.3324894,74.3163495,0,
ID111651_ID113387,217,111651,113387,5.400192522,NaN,0.464766286,2.323831432,22.5,220.6769858,72.38544362,0,
ID113399_ID113681,219,113399,113681,4.122401613,0.165535978,0.406073964,2.030369822,27.5,287.1538558,79.98816962,0,
ID110759_ID112194,219,110759,112194,13.38376308,0.407961123,0.731676515,3.658382576,62.5,278.2134852,69.34218341,0,
ID111056_ID110759,219,111056,110759,0.656034019,0.354524033,0.161991854,0.80995927,57.5,279.7839249,69.95373428,0,
ID111367_ID111657,219,111367,111657,10.87884836,NaN,0.659661985,3.298309925,17.5,291.8164224,78.14158034,0,
ID113095_ID112523,219,113095,112523,9.161928583,0.195219319,0.605373557,3.026867784,37.5,285.3655951,76.79324354,0,
ID116405_ID111056,219,116405,111056,3.212058982,0.190506712,0.35844436,1.7922218,52.5,280.3645039,70.64976394,0,
ID111657_ID113399,219,111657,113399,27.6926344,0.489739928,1.052475832,5.262379158,22.5,290.100714,78.28984596,0,
ID112523_ID116107,219,112523,116107,13.97833863,0.00556309,0.747752329,3.738761644,42.5,282.9305546,74.44551605,0,
ID113681_ID113095,219,113681,113095,4.421807261,0.328921984,0.420561875,2.102809373,32.5,286.3066572,78.86528188,0,
ID116107_ID116405,219,116107,116405,4.645404259,0.119089995,0.431063998,2.15531999,47.5,281.3914303,72.07428843,0,
ID112194_ID114521,219,112194,114521,20.09863148,0.07611119,0.896629946,4.483149728,67.5,274.4789583,67.91468015,0,
ID111930_ID113948,220,111930,113948,1.825407345,0.423643659,0.270215273,1.351076365,7.5,228.4648901,73.44536742,0,
ID111660_ID113394,220,111660,113394,0.537919465,0.597704302,0.146685986,0.733429932,22.5,224.8315782,77.62992005,0,
ID111070_ID110789,220,111070,110789,64.91953692,0.478182334,1.611453219,8.057266095,57.5,213.0422981,85.93730256,0,
ID116418_ID111070,220,116418,111070,32.81764359,0.021243418,1.145733714,5.728668571,52.5,213.9045598,83.32673056,0,
ID113394_ID113682,220,113394,113682,6.748681286,0.460662926,0.519564482,2.597822412,27.5,225.057085,78.69467867,0,
ID110789_ID112230,220,110789,112230,7.391727319,0.237820604,0.543754625,2.718773127,62.5,213.978069,90.55054829,0,
ID116126_ID116418,220,116126,116418,17.04587754,0.418544667,0.825733069,4.128665346,47.5,218.4509659,85.21228145,0,
ID113097_ID112529,220,113097,112529,4.471357293,0.379435038,0.422911683,2.114558416,37.5,219.6643909,81.19772143,0,
ID112529_ID116126,220,112529,116126,15.54375674,0.059481486,0.788511426,3.942557132,42.5,220.1733153,84.15240647,0,
ID112818_ID111930,220,112818,111930,0.973082374,NaN,0.197289875,0.986449377,2.5,229.0563959,73.39152948,0,
ID113682_ID113097,220,113682,113097,32.67162613,0.297644174,1.143181983,5.715909913,32.5,222.1434186,80.10109495,0,
ID113948_ID111660,220,113948,111660,27.33787863,0.003784947,0.522856373,5.228563725,15,226.2911032,75.91418031,0,
ID113403_ID113685,221,113403,113685,0.458155424,NaN,0.135374359,0.676871793,27.5,198.1928091,84.79171405,0,
ID113099_ID112528,221,113099,112528,10.70402927,0.403505818,0.654340256,3.271701281,37.5,194.7740625,81.17054791,0,
ID113685_ID113099,221,113685,113099,29.82444693,0.259637585,1.092235266,5.461176332,32.5,195.6555218,83.51482047,0,
ID112528_ID116114,221,112528,116114,2.433722119,0.557577753,0.312007828,1.56003914,42.5,195.6877802,80.93486881,0,
ID113404_ID113690,223,113404,113690,2.665577517,NaN,0.326531929,1.632659645,27.5,391.3213479,85.23186701,0,
ID112531_ID116116,223,112531,116116,9.110108128,0.0321159,0.603659113,3.018295567,42.5,388.3269059,83.6053473,0,
ID113690_ID113103,223,113690,113103,4.737379081,0.371147337,0.435310422,2.176552108,32.5,390.4763434,86.03014768,0,
ID113103_ID112531,223,113103,112531,1.354021925,0.217567603,0.232724896,1.163624478,37.5,389.1090887,85.53866349,0,
ID111673_ID113414,224,111673,113414,1.200169478,0.11307666,0.219104494,1.095522468,22.5,178.5718509,88.45867163,0,
ID111948_ID113979,224,111948,113979,29.29625806,0.486125469,1.082520357,5.412601783,7.5,185.5308937,90.0789078,0,
ID113695_ID113120,224,113695,113120,10.29871025,0.196240921,0.641832073,3.209160365,32.5,173.9275362,90.62629201,0,
ID116144_ID116444,224,116144,116444,2.312357127,0.201482926,0.304128731,1.520643656,47.5,168.3885708,93.64486497,0,
ID113414_ID113695,224,113414,113695,12.16389227,0.071368786,0.697535441,3.487677203,27.5,176.3608257,88.9510626,0,
ID113979_ID111384,224,113979,111384,63.02008142,0.625436413,1.587703769,7.938518843,12.5,184.3313727,89.68085718,0,
ID116444_ID111093,224,116444,111093,4.271630892,0.074370431,0.413358483,2.066792416,52.5,166.6485926,93.3576326,0,
ID113120_ID112551,224,113120,112551,1.530420564,0.266684637,0.247420336,1.237101679,37.5,172.6183687,91.93401647,0,
ID112839_ID111948,224,112839,111948,0.707386302,NaN,0.168212521,0.841062603,2.5,183.3992416,88.96884294,0,
ID111384_ID111673,224,111384,111673,2.41473367,0.055455949,0.310788267,1.553941334,17.5,179.8296437,88.25764228,0,
ID112551_ID116144,224,112551,116144,13.03819877,0.169385189,0.722168921,3.610844606,42.5,170.5547934,92.86301016,0,
ID111376_ID111672,225,111376,111672,10.04526222,NaN,0.633885233,3.169426166,17.5,176.7866397,86.84402284,0,
ID111672_ID113413,225,111672,113413,9.500371425,0.02426612,0.616453451,3.082267254,22.5,173.9945509,88.23659198,0,
ID113117_ID112544,225,113117,112544,1.561504118,0.419331014,0.249920317,1.249601584,37.5,168.2589372,90.3781736,0,
ID116441_ID111092,225,116441,111092,3.288546167,0.040013863,0.362686982,1.813434908,52.5,163.5602583,91.68706856,0,
ID114564_ID117059,225,114564,117059,3.501828373,0.122083932,0.374263457,1.871317283,72.5,161.2000891,93.39898242,0,
ID117059_ID115185,225,117059,115185,3.75250894,7.03E-04,0.387427874,1.93713937,77.5,159.3241063,93.72572806,0,
ID112234_ID114564,225,112234,114564,1.441017844,0.321117423,0.240084805,1.200424027,67.5,162.6655953,93.49036665,0,
ID116139_ID116441,225,116139,116441,2.280147223,0.115486528,0.302003127,1.510015637,47.5,165.213745,91.68838258,0,
ID112544_ID116139,225,112544,116139,8.556557918,0.441442649,0.585031894,2.925159469,42.5,167.0961969,90.6804166,0,
ID115185_ID114243,225,115185,114243,2.629920517,0.224492336,0.324340594,1.621702968,82.5,158.1473887,94.67008038,0,
ID113413_ID113694,225,113413,113694,2.007408499,0.039768747,0.283366088,1.416830441,27.5,171.8817883,88.9806882,0,
ID111092_ID110796,225,111092,110796,2.046508151,0.496615453,0.286112436,1.43056218,57.5,163.1806223,92.0917279,0,
ID110796_ID112234,225,110796,112234,1.600526517,0.244402384,0.253023834,1.265119171,62.5,163.4567528,93.16166747,0,
ID113694_ID113117,225,113694,113117,11.9298595,0.074596409,0.690792574,3.453962869,32.5,169.7388103,90.06261678,0,
ID111079_ID110786,226,111079,110786,1.284162838,0.310622607,0.226641818,1.133209089,57.5,138.2154652,87.79170216,0,
ID114551_ID117045,226,114551,117045,5.134086342,5.11E-04,0.453170447,2.265852233,72.5,134.3305075,90.59082743,0,
ID113412_ID113699,226,113412,113699,1.808738182,0.136209341,0.268978674,1.344893372,27.5,141.3325164,89.19511224,0,
ID112220_ID114551,226,112220,114551,0.821744381,0.111209798,0.181300235,0.906501175,67.5,135.7882944,89.96567896,0,
ID113112_ID112545,226,113112,112545,6.4087342,0.427692555,0.506309558,2.531547788,37.5,140.3077555,89.45281151,0,
ID117045_ID115181,226,117045,115181,5.021431157,0.029410905,0.448171001,2.240855006,77.5,132.2054217,91.32172572,0,
ID110786_ID112220,226,110786,112220,6.464274869,0.22541568,0.508498766,2.542493829,62.5,136.9305013,88.7427134,0,
ID111668_ID113412,226,111668,113412,7.770407394,0.316973691,0.55750901,2.787545048,22.5,142.2563411,87.46374262,0,
ID116132_ID116427,226,116132,116427,12.1946267,0.338136752,0.698416114,3.492080569,47.5,139.2897575,88.1805701,0,
ID112545_ID116132,226,112545,116132,0.16915518,0.557960979,0.082256958,0.411284791,42.5,139.3363802,89.91345334,0,
ID113699_ID113112,226,113699,113112,0.803853184,0.595465941,0.17931572,0.896578599,32.5,141.3996852,89.42716923,0,
ID111380_ID111668,226,111380,111668,1.128917614,NaN,0.21250107,1.062505348,17.5,143.5611233,86.75555042,0,
ID116427_ID111079,226,116427,111079,2.118183325,0.562974157,0.291079599,1.455397995,52.5,138.9060079,87.16854982,0,
ID114565_ID117056,227,114565,117056,0.119158794,0.06937307,0.06903877,0.345193849,72.5,418.4114489,92.95170001,0,
ID114248_ID115504,227,114248,115504,2.371933248,0.426493943,0.308021639,1.540108194,87.5,417.2920312,96.59518406,0,
ID115504_ID114874,227,115504,114874,7.653821034,0.581336082,0.5533108,2.766554,92.5,416.7616399,96.20372622,0,
ID116448_ID111095,227,116448,111095,1.720293478,0.409230689,0.262319917,1.311599587,52.5,412.1405749,94.18987481,0,
ID117056_ID115191,227,117056,115191,10.98363271,0.582031552,0.662831282,3.31415641,77.5,417.7688851,94.29559258,0,
ID112238_ID114565,227,112238,114565,3.463760421,0.239829408,0.372223611,1.861118057,67.5,417.9048726,93.92185588,0,
ID113119_ID112552,227,113119,112552,1.056053726,0.096848682,0.205528949,1.027644747,37.5,415.0237929,91.772838,0,
ID111095_ID112238,227,111095,112238,34.4636775,0.260718266,0.587057727,5.870577271,60,414.5342687,94.24552498,0,
ID116143_ID116448,227,116143,116448,1.444902643,0.10806043,0.240408206,1.202041032,47.5,412.7756489,94.02491856,0,
ID115191_ID114248,227,115191,114248,0.796110721,0.053557269,0.178450074,0.892250369,82.5,416.8110513,96.15390437,0,
ID113701_ID113119,227,113701,113119,11.70733164,NaN,0.684319564,3.42159782,32.5,417.0683122,91.02001131,0,
ID112552_ID116143,227,112552,116143,5.378081469,0.165931131,0.463813819,2.319069095,42.5,413.709111,92.60025741,0,
ID111677_ID113418,228,111677,113418,0.656163763,NaN,0.162007872,0.810039359,22.5,177.790798,89.9449989,0,
ID112235_ID114567,228,112235,114567,2.202550229,0.157977239,0.296819826,1.48409913,67.5,165.4936041,93.70911112,0,
ID110793_ID112235,228,110793,112235,7.355393009,0.144334775,0.542416556,2.712082781,62.5,166.7550808,92.22088611,0,
ID113418_ID113700,228,113418,113700,0.954486214,0.269170203,0.195395621,0.976978103,27.5,177.1868829,90.30025952,0,
ID114240_ID115499,228,114240,115499,1.798808164,0.332351083,0.268239308,1.341196542,87.5,161.2820839,93.80281795,0,
ID115186_ID114240,228,115186,114240,0.49537479,0.09576445,0.140765733,0.703828665,82.5,161.6664119,94.42165997,0,
ID113115_ID112546,228,113115,112546,0.140623272,0.579291827,0.074999539,0.374997696,37.5,174.7460094,90.03966094,0,
ID116140_ID116438,228,116140,116438,4.569423678,0.161329563,0.427524206,2.137621032,47.5,171.4374341,90.86382596,0,
ID117061_ID115186,228,117061,115186,3.160040343,0.213023859,0.355530046,1.777650231,77.5,162.8543476,94.66226204,0,
ID114567_ID117061,228,114567,117061,2.194664463,0.075953166,0.296287999,1.481439997,72.5,164.2454691,94.45907176,0,
ID115499_ID114871,228,115499,114871,7.84599582,0.396910731,0.560214096,2.801070478,92.5,159.9958026,93.76449115,0,
ID116438_ID111086,228,116438,111086,3.317105824,0.067856539,0.36425847,1.82129235,52.5,169.5329017,90.43951995,0,
ID113700_ID113115,228,113700,113115,4.614329711,0.014489287,0.429619818,2.148099092,32.5,175.635841,90.11848174,0,
ID112546_ID116140,228,112546,116140,7.501857666,0.465133242,0.547790386,2.738951928,42.5,173.6758644,90.68272262,0,
ID111086_ID110793,228,111086,110793,2.035601083,0.091087543,0.285348985,1.426744926,57.5,167.9713404,90.69744886,0,
ID117043_ID115175,229,117043,115175,0.626303154,0.269326221,0.158278635,0.791393173,77.5,405.9943525,90.7652341,0,
ID117991_ID117671,229,117991,117671,0.666357231,0.507064296,0.163261414,0.816307069,117.5,403.88076,92.67386281,0,
ID110795_ID112233,229,110795,112233,3.887274567,0.25476101,0.394323449,1.971617247,62.5,408.4343228,92.20213347,0,
ID122082_ID121319,229,122082,121319,0.911600816,0.552530287,0.190955578,0.954777888,157.5,407.1556756,89.14534026,0,
ID118600_ID119200,229,118600,119200,0.314766792,0.346027078,0.112208162,0.561040811,137.5,403.9733397,88.41439579,0,
ID114868_ID116725,229,114868,116725,1.70141764,0.603998136,0.260876802,1.304384008,97.5,406.4733804,92.24439199,0,
ID114232_ID115492,229,114232,115492,0.192660642,0.616609224,0.08778625,0.438931249,87.5,405.5699621,90.72789195,0,
ID114561_ID117043,229,114561,117043,5.639248516,0.406897428,0.474942039,2.374710196,72.5,407.2752928,91.13192256,0,
ID118897_ID118600,229,118897,118600,6.175980683,0.373957765,0.497030409,2.485152044,132.5,404.8204666,89.30571581,0,
ID116725_ID115797,229,116725,115797,0.110066645,0.037537409,0.066352587,0.331762935,102.5,405.9012369,91.66293156,0,
ID115492_ID114868,229,115492,114868,4.82497025,0.058068586,0.439316298,2.196581492,92.5,406.276693,91.83099506,0,
ID116147_ID116450,229,116147,116450,8.462767777,0.329404979,0.581816733,2.909083666,47.5,412.9016615,96.43306823,0,
ID113423_ID113706,229,113423,113706,2.180604779,0.192931333,0.295337419,1.476687096,27.5,416.5513541,93.55200012,0,
ID113706_ID113123,229,113706,113123,3.192135163,0.037395378,0.357330948,1.786654741,32.5,415.1563998,94.3847429,0,
ID116450_ID111098,229,116450,111098,5.916787017,0.228077476,0.486488932,2.432444658,52.5,410.860832,95.48115118,0,
ID121319_ID119775,229,121319,119775,2.430859308,0.071040209,0.311824265,1.559121326,162.5,406.7156275,90.30284526,0,
ID112556_ID116147,229,112556,116147,0.62385477,0.062124739,0.157968955,0.789844776,42.5,414.2918182,95.93144232,0,
ID111683_ID113423,229,111683,113423,6.266508737,0.127882224,0.500659914,2.50329957,22.5,418.3298158,93.50928672,0,
ID113123_ID112556,229,113123,112556,0.599911639,0.191879048,0.154907926,0.774539631,37.5,414.2925548,95.15866454,0,
ID118296_ID118897,229,118296,118897,2.391760888,0.269129201,0.309306378,1.54653189,127.5,404.6993977,90.55520824,0,
ID120038_ID122082,229,120038,122082,1.10776908,0.356936697,0.210501219,1.052506095,152.5,406.961332,89.1290914,0,
ID117362_ID117991,229,117362,117991,5.299269503,0.20881273,0.460402845,2.302014227,112.5,404.6290161,92.27461756,0,
ID119497_ID120038,229,119497,120038,1.904743967,0.140194836,0.276024924,1.38012462,147.5,406.1874324,89.12243633,0,
ID115797_ID117362,229,115797,117362,0.104860855,0.073518953,0.064764452,0.323822259,107.5,405.6127785,91.51922643,0,
ID117671_ID118296,229,117671,118296,2.369359163,0.041051654,0.307854457,1.539272284,122.5,403.9538299,91.5039649,0,
ID112233_ID114561,229,112233,114561,0.914556589,0.533648396,0.191264904,0.956324521,67.5,407.8618195,92.01881836,0,
ID111394_ID111683,229,111394,111683,21.00386658,NaN,0.916599511,4.582997554,17.5,421.6948219,93.19717765,0,
ID115175_ID114232,229,115175,114232,0.317184313,0.391777625,0.112638237,0.563191187,82.5,405.60539,90.7809652,0,
ID119200_ID119497,229,119200,119497,3.684381283,0.48300649,0.383894844,1.91947422,142.5,404.7165396,88.62645185,0,
ID111098_ID110795,229,111098,110795,5.906412951,0.029765652,0.486062257,2.430311287,57.5,409.8442829,93.27988972,0,
ID113709_ID113129,230,113709,113129,5.589707917,0.119143214,0.472851263,2.364256314,32.5,128.1383486,99.66974236,0,
ID113425_ID113709,230,113425,113709,3.525565772,NaN,0.3755298,1.877649001,27.5,129.8764858,98.62332819,0,
ID116161_ID116454,230,116161,116454,27.99213802,0.219708475,1.058151937,5.290759683,47.5,117.6478944,100.62922,0,
ID116454_ID111108,230,116454,111108,24.88645508,0.431954809,0.997726517,4.988632587,52.5,115.2955095,101.224994,0,
ID113129_ID116161,230,113129,116161,61.95867269,0.004237527,0.787138315,7.87138315,40,123.2681417,101.2397141,0,
ID112856_ID111967,231,112856,111967,1.867847895,NaN,0.273338464,1.366692319,2.5,451.7168187,100.4809839,0,
ID111967_ID111402,231,111967,111402,3.94732336,0.237919709,0.19867872,1.986787195,10,451.4677478,101.1212312,0,
ID113130_ID112563,231,113130,112563,0.032626002,0.60710052,0.036125339,0.180626693,37.5,439.9618842,100.273231,0,
ID112563_ID116159,231,112563,116159,2.066083071,0.278028073,0.287477517,1.437387586,42.5,440.3777403,100.8856569,0,
ID113711_ID113130,231,113711,113130,7.57246299,0.05057804,0.550362171,2.751810856,32.5,441.2267711,100.0404104,0,
ID111692_ID113427,231,111692,113427,9.561633313,0.005105715,0.618437816,3.092189081,22.5,445.5163815,99.64156974,0,
ID113427_ID113711,231,113427,113711,2.761335054,0.164211242,0.332345306,1.661726528,27.5,443.3289456,99.42561919,0,
ID111402_ID111692,231,111402,111692,14.86115525,0.159123763,0.771003379,3.855016894,17.5,448.7614687,100.8798689,0,
ID116460_ID111106,231,116460,111106,6.883832205,0.361550913,0.524741163,2.623705815,52.5,439.9031537,102.7908705,0,
ID116159_ID116460,231,116159,116460,1.205839831,0.005161075,0.219621477,1.098107386,47.5,440.9462178,102.0186858,0,
ID118018_ID117697,232,118018,117697,0.014825327,0.027680582,0.02435186,0.121759299,117.5,169.1943668,107.2845124,0,
ID120060_ID122111,232,120060,122111,2.912268789,0.411875683,0.341307415,1.706537075,152.5,170.1222395,106.2933427,0,
ID118624_ID119224,232,118624,119224,1.231153084,0.108871334,0.221914676,1.109573379,137.5,170.1049869,107.0731011,0,
ID116165_ID116462,232,116165,116462,4.47691483,0.035478584,0.423174424,2.115872121,47.5,181.7608957,105.2310992,0,
ID114260_ID115521,232,114260,115521,2.478793251,0.174455498,0.314883677,1.574418385,87.5,172.0703855,106.5461001,0,
ID115204_ID114260,232,115204,114260,1.568370587,0.31300423,0.250469207,1.252346033,82.5,172.4720723,105.3277288,0,
ID111113_ID110816,232,111113,110816,17.4381503,0.059969313,0.835180227,4.175901136,57.5,175.336158,106.3488355,0,
ID117389_ID118018,232,117389,118018,3.059560565,0.573645059,0.349831992,1.74915996,112.5,168.3340793,107.6505341,0,
ID115521_ID114891,232,115521,114891,2.245431022,0.377401188,0.299695247,1.498476233,92.5,171.3955669,107.1451457,0,
ID117080_ID115204,232,117080,115204,0.674912766,0.124011428,0.164306149,0.821530745,77.5,173.2102171,105.1901281,0,
ID113133_ID112570,232,113133,112570,5.130866081,0.127117484,0.453028303,2.265141515,37.5,186.4955015,103.2868339,0,
ID111405_ID111693,232,111405,111693,2.590396205,NaN,0.321894157,1.609470784,17.5,189.7602132,102.4993121,0,
ID112570_ID116165,232,112570,116165,9.380094447,0.114796942,0.612538797,3.062693985,42.5,184.2214327,104.4569563,0,
ID122111_ID121343,232,122111,121343,0.032294914,0.584896877,0.035941572,0.179707858,157.5,169.3898913,106.0695845,0,
ID115826_ID117389,232,115826,117389,0.397111729,0.251577627,0.126033603,0.630168017,107.5,167.8445131,107.956844,0,
ID116462_ID111113,232,116462,111113,12.03507388,0.034082644,0.69383208,3.4691604,52.5,179.1054174,106.0638171,0,
ID114586_ID117080,232,114586,117080,6.790507357,0.515247499,0.521172039,2.605860195,72.5,173.6890739,106.7738544,0,
ID114891_ID116749,232,114891,116749,5.922849299,0.049082355,0.486738094,2.433690469,97.5,169.6002924,106.3784392,0,
ID118918_ID118624,232,118918,118624,3.316604301,0.32025371,0.364230932,1.821154662,132.5,169.9045352,105.6727172,0,
ID119520_ID120060,232,119520,120060,7.707365599,0.611056452,0.555242851,2.776214257,147.5,169.9259473,107.5199224,0,
ID110816_ID112257,232,110816,112257,1.289738331,0.019860549,0.227133294,1.13566647,62.5,172.6914263,106.1322704,0,
ID112257_ID114586,232,112257,114586,7.14990733,0.488958904,0.534786213,2.673931063,67.5,173.0065654,107.0521493,0,
ID113714_ID113133,232,113714,113133,0.404586747,0.492712637,0.127214268,0.636071338,32.5,187.320248,102.1539723,0,
ID117697_ID118315,232,117697,118315,5.675090349,0.246652555,0.476448963,2.382244813,122.5,169.3299927,106.0794759,0,
ID113437_ID113714,232,113437,113714,3.304657726,0.412734087,0.363574351,1.817871757,27.5,187.8355694,102.6138498,0,
ID118315_ID118918,232,118315,118918,0.040951939,0.225789118,0.040473171,0.202365853,127.5,169.5010622,104.8535808,0,
ID111693_ID113437,232,111693,113437,2.107464809,0.302190038,0.290342199,1.451710994,22.5,188.67618,102.7623906,0,
ID116749_ID115826,232,116749,115826,4.614348678,0.378554713,0.429620701,2.148103507,102.5,168.3436373,106.8558955,0,
ID119224_ID119520,232,119224,119520,1.896268881,0.139806234,0.275410158,1.377050791,142.5,169.4581125,108.0468575,0,
ID111109_ID110811,233,111109,110811,0.957545723,0.416605302,0.19570853,0.978542652,57.5,203.7994677,103.2119213,0,
ID117072_ID115198,233,117072,115198,1.211034946,0.279172034,0.220094066,1.100470329,77.5,200.2578379,101.9020424,0,
ID112848_ID111957,233,112848,111957,3.443066072,NaN,0.371110015,1.855550073,2.5,222.387998,93.99923421,0,
ID112249_ID114577,233,112249,114577,1.330104493,0.164114252,0.230660312,1.153301562,67.5,202.225953,102.6977726,0,
ID116160_ID116458,233,116160,116458,4.957205532,0.038162401,0.445295656,2.22647828,47.5,207.1256662,102.3538119,0,
ID115198_ID114252,233,115198,114252,6.354676215,0.259166059,0.504169662,2.520848312,82.5,198.8839533,101.2852155,0,
ID110811_ID112249,233,110811,112249,1.264440245,0.365820435,0.224894664,1.124473319,62.5,203.2569184,102.8646476,0,
ID112564_ID116160,233,112564,116160,6.173719528,0.239270733,0.496939414,2.48469707,42.5,209.4248472,101.8929894,0,
ID113716_ID113135,233,113716,113135,19.71546384,0.260322996,0.888041977,4.440209887,32.5,214.2900405,103.1811448,0,
ID116458_ID111109,233,116458,111109,6.463023759,0.082417405,0.508449555,2.542247777,52.5,204.9078419,103.0814956,0,
ID114577_ID117072,233,114577,117072,1.86644274,0.1205215,0.27323563,1.366178151,72.5,201.0563855,102.4144136,0,
ID113434_ID113716,233,113434,113716,1.784448301,0.104152788,0.267166487,1.335832437,27.5,216.6042512,102.2821961,0,
ID111691_ID113434,233,111691,113434,3.485672634,0.020804057,0.373399123,1.866995617,22.5,217.2995993,100.8981024,0,
ID111957_ID111398,233,111957,111398,32.79269896,0.213369037,0.572649098,5.726490981,10,220.5570227,95.69373078,0,
ID113135_ID112564,233,113135,112564,5.688597,0.203310152,0.477015597,2.385077986,37.5,211.3494748,102.4804862,0,
ID111398_ID111691,233,111398,111691,5.544777459,0.014722349,0.470947023,2.354735114,17.5,218.5308837,99.18701804,0,
ID121630_ID120827,234,121630,120827,4.745048988,0.083028784,0.435662667,2.178313335,172.5,370.6142263,116.7996333,0,
ID112576_ID116176,234,112576,116176,6.494428695,0.007363782,0.50968338,2.5484169,42.5,403.7344416,111.8945611,0,
ID113719_ID113141,234,113719,113141,13.91149153,NaN,0.745962238,3.729811192,32.5,406.8991112,105.2762226,0,
ID117703_ID118326,234,117703,118326,0.441477741,0.497456912,0.132887583,0.664437914,122.5,380.95727,111.1195155,0,
ID119240_ID119532,234,119240,119532,1.670493427,0.621710545,0.258495139,1.292475697,142.5,377.0251527,114.8097325,0,
ID121363_ID119821,234,121363,119821,17.08194854,0.080497675,0.82660628,4.133031399,162.5,374.5048788,118.3700858,0,
ID115526_ID114905,234,115526,114905,15.26830801,0.245381709,0.781493647,3.907468236,92.5,383.0134224,111.9197572,0,
ID120070_ID122117,234,120070,122117,17.60686319,0.394610765,0.839210657,4.196053287,152.5,379.3959716,113.9720526,0,
ID122117_ID121363,234,122117,121363,44.8138189,0.612197448,1.338862486,6.694312429,157.5,378.4669841,114.833974,0,
ID115842_ID117408,234,115842,117408,1.793086765,0.300810921,0.267812379,1.339061897,107.5,379.8277742,114.39756,0,
ID117085_ID115213,234,117085,115213,11.84510621,0.40127489,0.688334402,3.441672008,77.5,389.043477,108.6910456,0,
ID112264_ID114590,234,112264,114590,21.2890848,0.113040376,0.922801924,4.614009622,67.5,392.7365567,110.212441,0,
ID119532_ID120070,234,119532,120070,0.983162075,0.188634867,0.198309059,0.991545297,147.5,377.9332691,115.2734294,0,
ID110820_ID112264,234,110820,112264,13.65425267,0.331623349,0.739033224,3.695166122,62.5,396.7270689,110.1092663,0,
ID121088_ID120581,234,121088,120581,8.272880815,0.268871055,0.575252321,2.876261604,182.5,371.1997185,113.8003863,0,
ID115213_ID115526,234,115213,115526,17.30303279,0.012066755,0.415969143,4.15969143,85,385.3605396,109.6015964,0,
ID118326_ID118934,234,118326,118934,6.075176089,0.093011799,0.492957446,2.46478723,127.5,381.5368057,112.5426055,0,
ID120827_ID121088,234,120827,121088,2.030650566,0.309908807,0.285001794,1.425008971,177.5,370.8349455,115.5041834,0,
ID114590_ID117085,234,114590,117085,2.378622264,0.294661464,0.308455654,1.542278271,72.5,390.5853203,108.9336016,0,
ID114905_ID116763,234,114905,116763,5.259265492,0.372579274,0.45866177,2.293308852,97.5,381.676225,113.3527853,0,
ID119821_ID121630,234,119821,121630,4.968230528,0.246139029,0.445790557,2.228952787,167.5,371.8568101,118.5619536,0,
ID116472_ID111117,234,116472,111117,1.472732696,0.102981691,0.242712397,1.213561987,52.5,399.3334209,110.5653653,0,
ID117408_ID118029,234,117408,118029,3.339606106,0.418598529,0.365491784,1.82745892,112.5,380.5952121,114.1078555,0,
ID116763_ID115842,234,116763,115842,2.453079948,0.227918342,0.313246226,1.566231129,102.5,380.0395468,113.3551445,0,
ID111117_ID110820,234,111117,110820,1.088537673,0.24266315,0.208666018,1.043330088,57.5,398.5992411,109.9971933,0,
ID118934_ID118642,234,118934,118642,3.385216318,0.232239959,0.367979147,1.839895736,132.5,381.1846718,114.3157659,0,
ID116176_ID116472,234,116176,116472,18.70826397,0.394460442,0.865061015,4.325305073,47.5,401.6980982,111.8836078,0,
ID118642_ID119240,234,118642,119240,16.83172383,0.146754973,0.820529679,4.102648393,137.5,378.43049,114.8369667,0,
ID113141_ID112576,234,113141,112576,22.54225198,0.177052098,0.94957363,4.747868151,37.5,404.6071985,108.3529317,0,
ID118029_ID117703,234,118029,117703,5.806478605,0.104871078,0.481932718,2.409663588,117.5,380.8504025,112.0762641,0,
ID111700_ID113442,235,111700,113442,11.11157481,0.002523217,0.666680577,3.333402887,22.5,345.1875533,105.4741399,0,
ID111406_ID111700,235,111406,111700,3.972144998,NaN,0.398604817,1.993024084,17.5,347.6573544,104.4778847,0,
ID111114_ID110818,235,111114,110818,15.46841492,0.378525209,0.786598117,3.932990583,57.5,345.1096738,107.5795076,0,
ID116169_ID116466,235,116169,116466,0.559166879,0.360846049,0.149554923,0.747774617,47.5,347.4531089,107.7439694,0,
ID113442_ID113721,235,113442,113721,0.017596346,0.285625671,0.026530244,0.132651221,27.5,343.6609432,106.1692585,0,
ID113144_ID112573,235,113144,112573,7.953868024,0.481144488,0.564052055,2.820260276,37.5,341.5087737,107.8205123,0,
ID116466_ID111114,235,116466,111114,3.608735514,0.476583639,0.379933442,1.899667211,52.5,346.9665356,107.2056845,0,
ID113721_ID113144,235,113721,113144,12.67348437,0.164894004,0.711996752,3.55998376,32.5,342.7030643,107.7234623,0,
ID112573_ID116169,235,112573,116169,40.69894433,0.376057199,1.275914485,6.379572425,42.5,344.4411861,106.912648,0,
ID113729_ID113145,236,113729,113145,14.30670525,NaN,0.756484111,3.782420555,32.5,319.9979459,111.1471372,0,
ID113145_ID112581,236,113145,112581,12.42674166,0.212037717,0.705031678,3.525158388,37.5,316.8547166,110.8989549,0,
ID116173_ID116476,236,116173,116476,5.668363724,0.556906618,0.476166514,2.380832569,47.5,314.7654861,111.8566742,0,
ID112581_ID116173,236,112581,116173,2.141087862,0.210742464,0.292649132,1.46324566,42.5,314.6735403,111.2981944,0,
ID116476_ID111116,236,116476,111116,6.112539945,0.57039897,0.494471028,2.472355141,52.5,315.0536979,111.6527537,0,
ID113158_ID112591,238,113158,112591,16.01784846,0.593218108,0.800446087,4.002230435,37.5,394.5031397,120.7510884,0,
ID112591_ID116184,238,112591,116184,6.774287818,0.36001796,0.520549241,2.602746207,42.5,396.1532813,119.4127113,0,
ID116184_ID116486,238,116184,116486,1.197821442,0.574592644,0.218890058,1.094450292,47.5,395.805752,118.706281,0,
ID116486_ID111129,238,116486,111129,7.006233458,0.620157798,0.529385812,2.646929062,52.5,395.8574018,117.930984,0,
ID113737_ID113158,238,113737,113158,30.77961722,NaN,1.109587621,5.547938105,32.5,395.2532341,121.2040788,0,
ID117427_ID118060,239,117427,118060,19.19214087,0.097835275,0.876176714,4.380883572,112.5,61.16734774,132.1891406,0,
ID112285_ID114616,239,112285,114616,13.12670901,0.080950285,0.724616009,3.623080045,67.5,64.00793915,125.9526955,0,
ID114616_ID117111,239,114616,117111,2.092237495,0.188848483,0.289291375,1.446456876,72.5,61.88800455,126.8730503,0,
ID117111_ID115244,239,117111,115244,5.496304692,0.401793187,0.468883981,2.344419905,77.5,62.7298545,127.5579089,0,
ID114926_ID116788,239,114926,116788,1.898165865,0.041048917,0.275547881,1.377739404,97.5,60.45876732,127.7890601,0,
ID110839_ID112285,239,110839,112285,2.978853276,0.071483202,0.345187096,1.725935479,62.5,66.53028221,125.2191092,0,
ID115556_ID114926,239,115556,114926,0.040886319,0.398013525,0.040440732,0.202203658,92.5,61.22356732,127.5987646,0,
ID111720_ID113458,239,111720,113458,9.114634646,0.11052035,0.603809064,3.01904532,22.5,81.22861818,121.9441792,0,
ID116788_ID115864,239,116788,115864,2.744673935,0.482850436,0.33134115,1.656705748,102.5,60.24426121,127.276964,0,
ID118060_ID117740,239,118060,117740,19.23019475,0.202251434,0.877044919,4.385224595,117.5,58.61906062,135.0545231,0,
ID111430_ID111720,239,111430,111720,9.584677831,0.626595679,0.619182617,3.095913085,17.5,84.15599904,121.6560005,0,
ID112592_ID116191,239,112592,116191,9.406371841,0.36602033,0.61339618,3.0669809,42.5,75.26239221,122.3458603,0,
ID111134_ID110839,239,111134,110839,9.651500762,0.180693187,0.621337292,3.10668646,57.5,68.20897126,123.5305788,0,
ID115864_ID117427,239,115864,117427,12.9565788,0.459992538,0.71990496,3.599524801,107.5,61.17057328,128.316542,0,
ID115244_ID114304,239,115244,114304,11.63032973,0.53574928,0.682065385,3.410326924,82.5,62.34981873,128.3063877,0,
ID112001_ID111430,239,112001,111430,81.32321656,0.191088165,0.90179386,9.017938598,10,81.38236997,122.692869,0,
ID112891_ID112001,239,112891,112001,0.312778648,NaN,0.111853234,0.559266169,2.5,77.15982514,124.0111831,0,
ID113160_ID112592,239,113160,112592,3.613074284,0.383251982,0.38016177,1.90080885,37.5,76.80263647,121.9782883,0,
ID116488_ID111134,239,116488,111134,10.77223809,0.122308009,0.656421757,3.282108787,52.5,70.79654959,122.2793273,0,
ID114304_ID115556,239,114304,115556,2.297579234,0.470611633,0.303155355,1.515776776,87.5,61.06137583,128.3029832,0,
ID113458_ID113736,239,113458,113736,1.844961095,0.030451857,0.27165869,1.358293449,27.5,79.10233949,121.448708,0,
ID116191_ID116488,239,116191,116488,4.840822257,0.2905382,0.440037374,2.200186869,47.5,73.34571689,122.8803805,0,
ID113736_ID113160,239,113736,113160,3.639848053,0.254661204,0.381567716,1.907838582,32.5,77.8975797,121.9960238,0,
ID117118_ID115247,240,117118,115247,6.40046281,0.245756056,0.505982719,2.529913597,77.5,256.2232834,129.605532,0,
ID117723_ID118345,240,117723,118345,7.932626398,0.619013562,0.563298372,2.81649186,122.5,243.9060236,121.2655589,0,
ID113741_ID113163,240,113741,113163,3.423582669,0.292352865,0.370058518,1.85029259,32.5,265.2412885,127.7538448,0,
ID112596_ID116195,240,112596,116195,4.240923087,0.232413983,0.411870032,2.059350161,42.5,262.705738,126.9318148,0,
ID111144_ID110842,240,111144,110842,3.391646985,0.459700167,0.368328494,1.841642469,57.5,262.8226105,129.1655729,0,
ID113163_ID112596,240,113163,112596,3.800635517,0.399195273,0.389904374,1.949521869,37.5,264.214979,127.6600963,0,
ID113465_ID113741,240,113465,113741,12.76972591,0.287133893,0.714695065,3.573475326,27.5,267.3369245,127.8818342,0,
ID114922_ID116784,240,114922,116784,0.817321972,0.36221073,0.180811722,0.904058611,97.5,253.0375572,123.9341844,0,
ID114621_ID117118,240,114621,117118,2.013419525,0.062382301,0.28379003,1.418950149,72.5,257.5833265,130.5305958,0,
ID115861_ID117417,240,115861,117417,4.279588789,0.198666197,0.41374334,2.068716701,107.5,248.4219709,122.000272,0,
ID111731_ID113465,240,111731,113465,10.28475328,0.596131689,0.641397015,3.206985076,22.5,268.2987522,130.25047,0,
ID114301_ID115554,240,114301,115554,3.615239274,0.1108311,0.380275651,1.901378256,87.5,253.3857257,127.0139137,0,
ID112008_ID114024,240,112008,114024,3.004496257,0.045352268,0.346669656,1.733348279,7.5,269.7642303,129.9360558,0,
ID117417_ID117723,240,117417,117723,31.14450659,0.130039534,0.558072635,5.58072635,115,245.2907554,121.2299194,0,
ID116784_ID115861,240,116784,115861,15.40570681,0.024755507,0.785002084,3.925010421,102.5,250.679267,123.4293376,0,
ID116496_ID111144,240,116496,111144,8.470263785,0.18655879,0.582074352,2.910371761,52.5,261.9744634,128.4847295,0,
ID116195_ID116496,240,116195,116496,3.06E-04,0.146910095,0.003500241,0.017501205,47.5,261.6768949,127.054952,0,
ID110842_ID112291,240,110842,112291,6.94026357,0.596676518,0.5268876,2.634437999,62.5,262.7651317,129.5946697,0,
ID112897_ID112008,240,112897,112008,2.399308469,NaN,0.309794026,1.548970132,2.5,271.0213324,130.9746753,0,
ID115554_ID114922,240,115554,114922,8.880261387,0.335129213,0.595995349,2.979976743,92.5,252.9752108,125.3833145,0,
ID114024_ID111731,240,114024,111731,7.990039737,0.182808818,0.282666583,2.826665834,15,268.4319633,130.5279314,0,
ID112291_ID114621,240,112291,114621,15.25039994,0.238961371,0.781035209,3.905176045,67.5,260.2198136,130.573369,0,
ID115247_ID114301,240,115247,114301,3.211646615,0.043187296,0.358421351,1.792106753,82.5,254.9322749,127.8877965,0,
ID111440_ID111734,241,111440,111734,23.37762394,NaN,0.967008251,4.835041255,17.5,309.9425624,133.1035708,0,
ID113743_ID113164,241,113743,113164,1.89713623,0.425950923,0.275473137,1.377365685,32.5,302.8861759,128.3017077,0,
ID113467_ID113743,241,113467,113743,12.35316998,0.030979968,0.702941533,3.514707666,27.5,304.1034241,129.1946099,0,
ID112599_ID116196,241,112599,116196,2.642842756,0.4172503,0.325136449,1.625682243,42.5,304.4862742,128.6736973,0,
ID112295_ID114626,241,112295,114626,1.251680123,0.18961652,0.223757022,1.11878511,67.5,294.4022739,133.6352259,0,
ID117121_ID115251,241,117121,115251,4.829373815,0.249064406,0.439516726,2.197583631,77.5,292.9960912,132.1846253,0,
ID111734_ID113467,241,111734,113467,16.95234843,0.238816851,0.823464594,4.117322969,22.5,306.3275623,132.2814449,0,
ID111145_ID110847,241,111145,110847,7.297485022,0.091924134,0.540277152,2.70138576,57.5,297.1259908,131.3273475,0,
ID116196_ID116497,241,116196,116497,10.49070588,0.290117931,0.647787183,3.238935917,47.5,302.6705675,128.1238722,0,
ID113164_ID112599,241,113164,112599,4.814132196,0.358384827,0.438822615,2.194113077,37.5,303.6366114,129.1867193,0,
ID110847_ID112295,241,110847,112295,4.044130235,0.084717548,0.402200459,2.011002296,62.5,295.0902053,132.4077021,0,
ID116497_ID111145,241,116497,111145,13.60204641,0.124375891,0.737619045,3.688095227,52.5,299.7407313,129.6384056,0,
ID114626_ID117121,241,114626,117121,3.631711024,0.61021248,0.381140973,1.905704863,72.5,294.2744666,133.2572821,0,
ID113748_ID113167,243,113748,113167,13.71991332,0.055504992,0.740808027,3.704040135,32.5,201.7235466,130.6383443,0,
ID113468_ID113748,243,113468,113748,7.405468548,NaN,0.544259811,2.721299055,27.5,204.7916268,131.4840894,0,
ID110854_ID112300,244,110854,112300,1.484708176,0.19655219,0.243697204,1.218486018,62.5,315.1497832,136.4830173,0,
ID114628_ID117126,244,114628,117126,2.842407749,0.008160304,0.337188834,1.685944171,72.5,310.661269,137.6600137,0,
ID113753_ID113175,244,113753,113175,5.225371556,0.432515143,0.457181433,2.285907163,32.5,321.5588545,135.8349688,0,
ID113175_ID112609,244,113175,112609,4.888825464,0.224940242,0.44221377,2.211068851,37.5,319.8159671,135.07259,0,
ID112300_ID114628,244,112300,114628,11.68321377,0.192111353,0.683614329,3.418071645,67.5,313.050827,136.7653858,0,
ID113475_ID113753,244,113475,113753,0.176816825,NaN,0.084099185,0.420495927,27.5,322.2869198,136.5781825,0,
ID116205_ID116509,244,116205,116509,13.88140913,0.563686692,0.745155263,3.725776313,47.5,319.3303452,135.7148563,0,
ID111152_ID110854,244,111152,110854,6.616776917,0.457179247,0.514461929,2.572309646,57.5,316.8440713,136.3277539,0,
ID112609_ID116205,244,112609,116205,5.061911066,0.614349746,0.449973824,2.249869122,42.5,319.8198649,134.992431,0,
ID116509_ID111152,244,116509,111152,0.821454219,0.489095006,0.181268223,0.906341116,52.5,317.8886621,136.2641135,0,
ID117735_ID118356,245,117735,118356,10.81851912,0.067377766,0.657830347,3.289151733,122.5,422.5269357,129.7114907,0,
ID113473_ID113755,245,113473,113755,3.274817677,NaN,0.361929147,1.809645733,27.5,436.0515265,136.5305512,0,
ID116211_ID116510,245,116211,116510,3.230787164,0.555236664,0.359487811,1.797439057,47.5,434.6003489,138.7931947,0,
ID112298_ID114624,245,112298,114624,29.79022859,0.094178638,1.091608512,5.45804256,67.5,426.9950282,134.0996945,0,
ID118660_ID119255,245,118660,119255,19.01749961,0.246821505,0.872181165,4.360905825,137.5,419.7396218,125.3258912,0,
ID120852_ID121112,245,120852,121112,8.2057033,0.614999975,0.572911976,2.864559879,177.5,418.4482871,129.5140795,0,
ID119833_ID121649,245,119833,121649,2.563504225,0.158237273,0.320218939,1.601094696,167.5,417.7994445,129.1612939,0,
ID121649_ID120852,245,121649,120852,3.764698226,0.368275075,0.388056605,1.940283027,172.5,418.8695799,129.3085461,0,
ID114624_ID117124,245,114624,117124,17.43427888,0.302452959,0.835087513,4.175437567,72.5,423.4726183,134.3552983,0,
ID118064_ID117735,245,118064,117735,29.82635,0.2550265,1.092270113,5.461350565,117.5,423.6724508,133.8739107,0,
ID113755_ID113177,245,113755,113177,0.310093048,0.079892783,0.111371998,0.55685999,32.5,435.4490635,137.5292787,0,
ID116802_ID115877,245,116802,115877,22.11931718,0.279309446,0.940623563,4.703117815,102.5,425.6532655,136.8294821,0,
ID117433_ID118064,245,117433,118064,0.320657759,0.509436984,0.113253302,0.566266508,112.5,424.3395277,136.6202375,0,
ID121377_ID119833,245,121377,119833,11.34178586,0.010095363,0.67355136,3.3677568,162.5,418.1570933,126.871373,0,
ID115572_ID114942,245,115572,114942,1.254539214,0.378644109,0.224012429,1.120062147,92.5,427.4350649,139.9801571,0,
ID110853_ID112298,245,110853,112298,5.102531471,0.454530801,0.451775673,2.258878366,62.5,430.4340505,135.6456302,0,
ID114942_ID116802,245,114942,116802,5.895732541,0.481353305,0.485622592,2.428112959,97.5,427.333089,139.1036556,0,
ID112614_ID116211,245,112614,116211,0.799677271,0.380293847,0.178849352,0.894246762,42.5,434.8819444,139.2147439,0,
ID118356_ID118957,245,118356,118957,4.020245906,0.306231022,0.401011018,2.005055088,127.5,420.8614561,128.6787515,0,
ID119255_ID119545,245,119255,119545,27.61965436,0.502496638,1.051088091,5.255440454,142.5,418.4973815,124.4035368,0,
ID119545_ID120085,245,119545,120085,1.737168489,0.483883772,0.263603375,1.318016877,147.5,416.3407316,124.7022822,0,
ID116510_ID111154,245,116510,111154,15.40981279,0.077471294,0.785106688,3.92553344,52.5,432.0014453,137.7104109,0,
ID122140_ID121377,245,122140,121377,1.42178569,0.378732561,0.23847731,1.192386552,157.5,419.023581,124.7629687,0,
ID115256_ID114314,245,115256,114314,6.783746474,0.226951423,0.520912525,2.604562626,82.5,423.644775,136.7331716,0,
ID114314_ID115572,245,114314,115572,16.39889336,0.108026024,0.809910942,4.049554711,87.5,426.4226681,138.346206,0,
ID115877_ID117433,245,115877,117433,1.981343444,0.578354923,0.281520404,1.407602019,107.5,424.1033063,136.1849007,0,
ID111154_ID110853,245,111154,110853,4.153203505,0.41733094,0.407588199,2.037940996,57.5,430.8354838,136.4621482,0,
ID113177_ID112614,245,113177,112614,2.513955181,0.078040717,0.317109141,1.585545705,37.5,434.9190622,138.4421807,0,
ID117124_ID115256,245,117124,115256,0.188652221,0.171475271,0.086868227,0.434341134,77.5,422.3157862,136.268644,0,
ID120085_ID122140,245,120085,122140,6.596960055,0.218207322,0.51369096,2.568454799,152.5,417.9458375,124.165226,0,
ID118957_ID118660,245,118957,118660,6.036412785,0.27576812,0.491382246,2.456911229,132.5,419.2289946,128.1138214,0,
ID113481_ID113759,246,113481,113759,22.16696886,0.133581563,0.941636211,4.708181057,27.5,376.0195235,142.031411,0,
ID111744_ID113481,246,111744,113481,6.192584862,0.045896679,0.497698096,2.488490479,22.5,379.3659902,142.7316833,0,
ID112618_ID116213,246,112618,116213,0.573998032,0.172865171,0.151525316,0.757626578,42.5,373.5026574,143.1514969,0,
ID111456_ID111744,246,111456,111744,17.55161982,NaN,0.837893068,4.189465338,17.5,381.699478,145.0911221,0,
ID113187_ID112618,246,113187,112618,9.268062301,0.58684364,0.608869848,3.044349241,37.5,372.534382,144.6586754,0,
ID113759_ID113187,246,113759,113187,18.37984637,0.204901385,0.857434461,4.287172304,32.5,372.5911525,143.9356636,0,
ID120110_ID122171,248,120110,122171,11.16495752,0.210406162,0.668280107,3.341400533,152.5,342.969072,152.5429298,0,
ID114952_ID116815,248,114952,116815,13.73213074,0.213756344,0.741137794,3.705688969,97.5,341.4670425,146.9031181,0,
ID118983_ID118692,248,118983,118692,1.548179271,0.329251346,0.248851704,1.244258522,132.5,344.4374401,152.0562395,0,
ID117454_ID118086,248,117454,118086,0.272321324,0.007234826,0.104368831,0.521844157,112.5,343.2679657,152.9236907,0,
ID114321_ID115578,248,114321,115578,7.074989846,0.053780015,0.531977061,2.659885307,87.5,346.8039328,144.5791733,0,
ID115578_ID114952,248,115578,114952,10.88184432,0.089595701,0.659752812,3.29876406,92.5,343.9698785,145.2207384,0,
ID114635_ID117132,248,114635,117132,1.432419883,0.172270467,0.23936749,1.19683745,72.5,348.5620801,143.6311147,0,
ID113763_ID113183,248,113763,113183,8.142101417,NaN,0.570687355,2.853436773,32.5,357.3162659,143.4637437,0,
ID111164_ID110862,248,111164,110862,1.959703039,0.596212408,0.279978788,1.399893938,57.5,354.8418944,143.9945522,0,
ID118692_ID119286,248,118692,119286,3.389293474,0.503750595,0.368200678,1.841003388,137.5,344.7572605,152.5054693,0,
ID117132_ID115263,248,117132,115263,1.081934017,0.546503187,0.208032115,1.040160573,77.5,348.4162288,143.4407894,0,
ID112620_ID116215,248,112620,116215,6.665429318,0.337547874,0.516349855,2.581749275,42.5,357.5753628,144.2137607,0,
ID118086_ID117763,248,118086,117763,3.447444812,0.298667087,0.37134592,1.856729601,117.5,344.2246276,152.6951544,0,
ID117763_ID118384,248,117763,118384,1.132707248,0.408528677,0.21285744,1.064287202,122.5,345.0545096,152.7802117,0,
ID116518_ID111164,248,116518,111164,0.378439803,0.489082445,0.123034922,0.615174612,52.5,355.0367968,143.6459903,0,
ID119575_ID120110,248,119575,120110,2.414926541,0.587316786,0.310800678,1.554003392,147.5,345.0778709,152.0579632,0,
ID110862_ID112309,248,110862,112309,20.47857268,0.201362056,0.90506514,4.525325698,62.5,352.1704404,144.4021212,0,
ID116815_ID117454,248,116815,117454,23.59791367,0.102240651,0.485776838,4.857768384,105,341.8691034,150.6264287,0,
ID118384_ID118983,248,118384,118983,1.713912177,0.449623163,0.261832937,1.309164687,127.5,344.5483523,152.917529,0,
ID119286_ID119575,248,119286,119575,4.73628255,0.567275077,0.43526004,2.176300198,142.5,345.094301,152.421218,0,
ID116215_ID116518,248,116215,116518,15.0303909,0.536232006,0.775380962,3.876904809,47.5,356.7496053,143.7051758,0,
ID112309_ID114635,248,112309,114635,1.047088911,0.133670087,0.204654725,1.023273625,67.5,349.5345662,143.9013696,0,
ID115263_ID114321,248,115263,114321,1.404359975,0.586889326,0.23701139,1.18505695,82.5,348.4266331,143.5761273,0,
ID122171_ID121399,248,122171,121399,0.339120473,0.200515778,0.116468103,0.582340513,157.5,341.1715827,152.1323113,0,
ID113183_ID112620,248,113183,112620,1.927493364,0.377975056,0.27766839,1.388341948,37.5,356.1832159,144.2462036,0,
ID114636_ID117137,249,114636,117137,13.07583718,0.478715679,0.723210541,3.616052707,72.5,394.7679275,146.8605657,0,
ID117137_ID115271,249,117137,115271,7.800342895,0.404768882,0.558581879,2.792909396,77.5,394.9280976,148.5877356,0,
ID113766_ID113194,249,113766,113194,12.0398189,0.139392538,0.693968844,3.469844218,32.5,397.9395736,147.5484787,0,
ID111447_ID111740,249,111447,111740,14.72302344,NaN,0.767411843,3.837059217,17.5,400.9677973,140.6004579,0,
ID111740_ID113485,249,111740,113485,11.39629713,0.202350407,0.675168042,3.375840211,22.5,398.7764831,142.8726887,0,
ID112318_ID114636,249,112318,114636,16.80525861,0.604489753,0.819884348,4.099421741,67.5,396.0196612,147.5463046,0,
ID111173_ID112318,249,111173,112318,0.013557473,0.238485379,0.011643656,0.116436564,60,396.074721,149.5374608,0,
ID113485_ID113766,249,113485,113766,2.327225015,0.059205491,0.305104901,1.525524505,27.5,398.0179358,145.1788645,0,
ID116527_ID111173,249,116527,111173,16.425806,0.475660051,0.810575253,4.052876263,52.5,394.9109861,151.1449453,0,
ID113194_ID116228,249,113194,116228,7.289273682,0.026556546,0.269986549,2.699865493,40,398.1193845,150.6013125,0,
ID116228_ID116527,249,116228,116527,18.73524435,0.255829881,0.865684569,4.328422847,47.5,395.8765944,152.3778493,0,
ID111753_ID113487,250,111753,113487,8.69013747,0.376164897,0.589580782,2.947903911,22.5,301.4174654,147.4689235,0,
ID113768_ID113188,250,113768,113188,0.419302046,0.407651406,0.129507073,0.647535363,32.5,299.0433985,146.5584634,0,
ID112032_ID111459,250,112032,111459,14.01514258,0.00114982,0.374368035,3.743680353,10,305.1686942,148.0024272,0,
ID112923_ID112032,250,112923,112032,17.26677065,NaN,0.831066078,4.15533039,2.5,308.9818213,149.031087,0,
ID111459_ID111753,250,111459,111753,3.23768531,0.21131111,0.359871383,1.799356916,17.5,302.7293001,148.1411648,0,
ID113487_ID113768,250,113487,113768,3.47974705,0.298241968,0.373081602,1.865408012,27.5,299.8807525,146.5204624,0,
ID113772_ID113189,251,113772,113189,10.64139431,NaN,0.652423001,3.262115005,32.5,308.3834151,147.9564339,0,
ID112616_ID116214,251,112616,116214,2.421733286,0.409217655,0.311238384,1.556191918,42.5,308.1925491,143.3647032,0,
ID116214_ID116515,251,116214,116515,10.08059163,0.61376285,0.634998949,3.174994745,47.5,307.4227906,143.1017541,0,
ID113189_ID112616,251,113189,112616,10.493719,0.053564665,0.647880205,3.239401024,37.5,307.8888311,144.7729691,0,
ID113779_ID113200,253,113779,113200,0.72689795,0.30599834,0.170516621,0.852583104,32.5,226.9764782,155.3866868,0,
ID113200_ID112642,253,113200,112642,17.21764943,0.018579145,0.829883111,4.149415553,37.5,225.1051568,157.04365,0,
ID113501_ID113779,253,113501,113779,14.81162024,NaN,0.769717357,3.848586785,27.5,228.7091727,156.3610202,0,
ID124270_ID124080,254,124270,124080,0.219007223,0.341359053,0.093596415,0.467982075,237.5,295.8770339,172.4070137,0,
ID118736_ID119336,254,118736,119336,0.391015653,0.614905427,0.125062489,0.625312445,137.5,296.3917215,169.9759251,0,
ID120689_ID120426,254,120689,120426,0.12597651,0.39938336,0.070986339,0.354931697,187.5,296.2797996,170.6959598,0,
ID116249_ID116559,254,116249,116559,16.93502549,0.481839981,0.823043753,4.115218765,47.5,297.4185123,168.9180653,0,
ID115940_ID117502,254,115940,117502,0.029923854,0.245191975,0.034597026,0.172985128,107.5,296.8100553,170.3268549,0,
ID112658_ID116249,254,112658,116249,3.002701411,0.609571213,0.346566092,1.732830462,42.5,298.1261896,167.5643996,0,
ID113217_ID112658,254,113217,112658,31.63760794,0.293775752,1.124946362,5.62473181,37.5,296.7607426,166.170243,0,
ID123456_ID124467,254,123456,124467,0.20491342,0.014485718,0.090534727,0.452673635,227.5,295.969934,172.0256676,0,
ID113507_ID113785,254,113507,113785,10.6950621,0.429728095,0.654066116,3.27033058,27.5,300.2574105,160.0603037,0,
ID111765_ID113507,254,111765,113507,13.80044476,NaN,0.742978997,3.714894986,22.5,300.9928904,158.5553272,0,
ID117502_ID118126,254,117502,118126,0.046312428,0.481519192,0.043040645,0.215203226,112.5,296.881918,170.335472,0,
ID110904_ID112358,254,110904,112358,0.162191205,0.55297918,0.080545939,0.402729693,62.5,296.5604015,170.2109072,0,
ID119625_ID120160,254,119625,120160,0.101618315,0.455580946,0.063755255,0.318776277,147.5,296.3576575,170.1546799,0,
ID112358_ID114685,254,112358,114685,0.054399809,0.008083776,0.046647533,0.233237666,67.5,296.8782538,170.2176319,0,
ID119900_ID121716,254,119900,121716,0.459398376,0.527409895,0.135557866,0.67778933,167.5,296.0082194,170.5353783,0,
ID124467_ID124270,254,124467,124270,0.025660032,0.046202439,0.032037498,0.16018749,232.5,296.0909782,172.3054618,0,
ID113785_ID113217,254,113785,113217,31.21969839,0.182075602,1.117491806,5.587459028,32.5,296.7524691,162.0093515,0,
ID119336_ID119625,254,119336,119625,0.031730827,0.485379578,0.035626298,0.178131488,142.5,296.2374006,170.1754406,0,
ID123674_ID123456,254,123674,123456,0.018403657,0.57343627,0.027132016,0.135660078,222.5,295.841564,171.7611401,0,
ID121959_ID122746,254,121959,122746,0.400200558,0.360187985,0.126522814,0.632614068,202.5,296.067853,171.4358607,0,
ID118126_ID117809,254,118126,117809,0.074294311,0.585312659,0.054513966,0.272569828,117.5,296.8432447,170.3338747,0,
ID121448_ID119900,254,121448,119900,0.017295291,0.378757476,0.026302312,0.131511561,162.5,296.2315037,170.3613023,0,
ID120924_ID121177,254,120924,121177,0.559814607,0.398446793,0.149641519,0.748207596,177.5,296.0979031,170.676651,0,
ID114998_ID116856,254,114998,116856,0.245326561,0.399969779,0.099060903,0.495304513,97.5,296.7166125,169.9566854,0,
ID115629_ID114998,254,115629,114998,0.025753869,0.474758736,0.032096024,0.160480121,92.5,296.9171613,169.8517249,0,
ID122986_ID123226,254,122986,123226,0.047648854,0.450725601,0.043657235,0.218286175,212.5,295.9529702,171.9318056,0,
ID114368_ID115629,254,114368,115629,0.005388929,0.04586225,0.014681865,0.073409323,87.5,296.9135335,169.9111788,0,
ID124080_ID123881,254,124080,123881,0.062936735,0.625880172,0.05017439,0.25087195,242.5,295.7688732,172.4164912,0,
ID122493_ID121959,254,122493,121959,0.039139936,0.28686823,0.039567631,0.197838156,197.5,296.2552948,171.1900444,0,
ID117182_ID115313,254,117182,115313,0.131507784,0.009576165,0.072528004,0.362640019,77.5,296.6728367,169.7923835,0,
ID120426_ID122493,254,120426,122493,0.231693386,0.399713768,0.096269078,0.481345392,192.5,296.3183557,170.9250752,0,
ID115313_ID114368,254,115313,114368,0.163102391,0.580421334,0.080771874,0.40385937,82.5,296.7194104,169.7737942,0,
ID121177_ID120689,254,121177,120689,0.130089191,0.628012511,0.072135758,0.360678792,182.5,296.2068462,170.5164131,0,
ID111208_ID110904,254,111208,110904,0.802901711,0.207940009,0.179209566,0.896047829,57.5,296.7695802,170.3833486,0,
ID116559_ID111208,254,116559,111208,0.16536821,0.586093238,0.081330981,0.406654903,52.5,297.2040159,170.7649362,0,
ID122224_ID121448,254,122224,121448,0.081864056,0.451159933,0.057223791,0.286118954,157.5,296.2172973,170.4977442,0,
ID123226_ID123674,254,123226,123674,0.054895019,0.288582842,0.046859372,0.23429686,217.5,295.8296124,171.8148437,0,
ID120160_ID122224,254,120160,122224,0.224736697,0.334246339,0.094812804,0.474064022,152.5,296.3860761,170.4252441,0,
ID121716_ID120924,254,121716,120924,0.102877821,0.314391189,0.064149145,0.320745726,172.5,295.8031857,170.8490727,0,
ID117809_ID118434,254,117809,118434,0.103540938,0.32412867,0.064355556,0.321777778,122.5,296.6470304,170.2724442,0,
ID118434_ID119029,254,118434,119029,0.078034936,0.010778643,0.055869468,0.27934734,127.5,296.4851704,170.0193159,0,
ID116856_ID115940,254,116856,115940,0.08192507,0.391663962,0.057245112,0.286225559,102.5,296.6792034,170.1882594,0,
ID114685_ID117182,254,114685,117182,0.123783987,0.439761212,0.070365897,0.351829486,72.5,296.8908839,170.0752244,0,
ID122746_ID122986,254,122746,122986,0.165685261,0.328981831,0.081408909,0.407044544,207.5,295.9346755,171.7737983,0,
ID119029_ID118736,254,119029,118736,0.058285823,0.217929559,0.048284914,0.241424571,132.5,296.4635735,169.797461,0,
ID110891_ID112335,255,110891,112335,8.030718807,0.078709433,0.566770458,2.833852291,62.5,59.97958505,161.7209651,0,
ID111193_ID110891,255,111193,110891,7.9358018,0.531298675,0.563411104,2.817055519,57.5,58.21619827,163.8583749,0,
ID112335_ID114661,255,112335,114661,4.064126906,0.300496194,0.403193596,2.015967982,67.5,61.76643281,161.5601048,0,
ID113220_ID112656,255,113220,112656,15.73224406,0.295823507,0.793277859,3.966389297,37.5,61.15196126,167.0990302,0,
ID112656_ID116246,255,112656,116246,8.35146384,0.146557087,0.577977987,2.889889936,42.5,63.63298886,165.0678923,0,
ID111782_ID113527,255,111782,113527,9.194610762,0.240828592,0.606452332,3.032261658,22.5,64.88590485,168.6361767,0,
ID114661_ID117153,255,114661,117153,16.5369462,0.60614041,0.813312885,4.066564423,72.5,61.23790818,160.6673144,0,
ID112939_ID112054,255,112939,112054,0.984010587,NaN,0.198394616,0.991973078,2.5,72.46688187,162.4703327,0,
ID113527_ID113795,255,113527,113795,77.32892231,0.369482788,1.758737301,8.793686503,27.5,60.89979265,167.1868063,0,
ID116246_ID116546,255,116246,116546,16.57368771,0.382219598,0.814215886,4.071079428,47.5,62.25074147,163.5325506,0,
ID117153_ID115284,255,117153,115284,9.190927846,0.133655435,0.606330862,3.031654308,77.5,58.55523313,158.6490351,0,
ID116546_ID111193,255,116546,111193,10.44057418,0.14223263,0.646237547,3.231187736,52.5,58.88980599,164.1963233,0,
ID111494_ID111782,255,111494,111782,4.360537308,0.155716617,0.417637992,2.08818996,17.5,66.55092171,167.3127401,0,
ID115596_ID114965,255,115596,114965,0.069806961,0.39284471,0.052842014,0.26421007,92.5,49.68821585,157.2921046,0,
ID113795_ID113220,255,113795,113220,15.25156948,0.548410868,0.781065157,3.905325784,32.5,58.42318105,166.0946538,0,
ID114340_ID115596,255,114340,115596,23.56308453,0.114164594,0.970836434,4.854182169,87.5,51.95513877,158.0156043,0,
ID115284_ID114340,255,115284,114340,8.57740158,0.094175052,0.585744025,2.928720127,82.5,55.65845516,158.5650315,0,
ID112054_ID111494,255,112054,111494,44.94498127,0.117176902,0.670410182,6.704101824,10,70.10884413,165.1561843,0,
ID114377_ID115007,256,114377,115007,0.074776077,0.160278336,0.027345215,0.273452148,90,298.2639331,172.4405254,0,
ID113800_ID113227,256,113800,113227,3.156187058,NaN,0.355313217,1.776566086,32.5,297.4736133,169.094456,0,
ID111209_ID110907,256,111209,110907,0.184153946,0.317685361,0.085826324,0.429131618,57.5,298.1982908,171.9338952,0,
ID112671_ID116258,256,112671,116258,1.6559642,0.35234507,0.257368545,1.286842726,42.5,297.1073697,171.2911541,0,
ID112362_ID114695,256,112362,114695,0.757477691,0.27926125,0.174066389,0.870331943,67.5,298.4968349,172.3872954,0,
ID116869_ID115953,256,116869,115953,0.126990443,0.401100329,0.071271437,0.356357185,102.5,298.2259513,172.6092842,0,
ID113227_ID112671,256,113227,112671,1.948350176,0.202731131,0.279166629,1.395833147,37.5,297.1117286,170.4363883,0,
ID117190_ID115323,256,117190,115323,0.193743534,0.182688292,0.088032615,0.440163076,77.5,298.2725555,172.050716,0,
ID115007_ID116869,256,115007,116869,0.074776077,0.628318531,0.05469043,0.273452148,97.5,298.2639331,172.4405254,0,
ID116258_ID116561,256,116258,116561,0.871843656,0.046768425,0.186745137,0.933725685,47.5,298.048999,171.8653614,0,
ID115323_ID114377,256,115323,114377,0.254404945,0.422604851,0.100877142,0.50438571,82.5,298.1006019,172.2094136,0,
ID114695_ID117190,256,114695,117190,0.459554671,0.61395882,0.135580924,0.677904618,72.5,298.5486017,172.4729535,0,
ID115953_ID117511,256,115953,117511,18.02415447,0.435661118,0.849097273,4.245486364,107.5,296.2014776,172.6958289,0,
ID116561_ID111209,256,116561,111209,0.047192801,0.47272945,0.043447808,0.217239042,52.5,298.4364207,171.951476,0,
ID110907_ID112362,256,110907,112362,0.137851047,0.573364816,0.074256595,0.371282974,62.5,298.1847587,171.9942431,0,
ID117511_ID118139,256,117511,118139,0.033734571,0.345888568,0.036733947,0.183669735,112.5,294.0968405,172.5429225,0,
ID113221_ID112668,257,113221,112668,4.861138129,0.45471599,0.440959777,2.204798886,37.5,317.8637183,169.7812739,0,
ID114690_ID117183,257,114690,117183,1.823323393,0.554217941,0.270060985,1.350304926,72.5,314.8638754,170.5094943,0,
ID113802_ID113221,257,113802,113221,5.193070288,0.023483259,0.455766181,2.278830904,32.5,318.4851495,169.0715971,0,
ID111787_ID113524,257,111787,113524,2.58409627,NaN,0.32150249,1.607512448,22.5,320.9781445,169.0214291,0,
ID112361_ID114690,257,112361,114690,0.632814021,0.113330176,0.159099217,0.795496085,67.5,314.8671983,170.8462221,0,
ID112668_ID116256,257,112668,116256,0.403024367,0.398780838,0.1269684,0.634842002,42.5,318.029121,170.7819372,0,
ID111207_ID110901,257,111207,110901,0.216286628,0.293616245,0.093013252,0.465066262,57.5,315.3433914,170.0228784,0,
ID117183_ID115316,257,117183,115316,0.063325399,0.606402536,0.050329077,0.251645383,77.5,315.1067123,170.0157205,0,
ID113524_ID113802,257,113524,113802,0.508765986,0.138039443,0.142655667,0.713278337,27.5,319.9427894,169.4000321,0,
ID116256_ID116557,257,116256,116557,0.196743505,0.185032999,0.088711556,0.44355778,47.5,317.5731294,170.6184437,0,
ID116557_ID111207,257,116557,111207,4.396842844,0.160866903,0.419373001,2.096865004,52.5,316.3902957,170.3503973,0,
ID110901_ID112361,257,110901,112361,0.642693346,0.578741707,0.160336315,0.801681574,62.5,315.2469199,170.1801006,0,
ID113528_ID113804,258,113528,113804,0.015061792,0.183803346,0.024545298,0.122726492,27.5,156.1182636,170.0080004,0,
ID119061_ID118760,258,119061,118760,0.040280569,0.12963508,0.040140039,0.200700196,132.5,156.1014368,175.9619665,0,
ID118461_ID119061,258,118461,119061,0.092622262,0.380994257,0.060867812,0.304339058,127.5,156.0660127,175.7246539,0,
ID111794_ID113528,258,111794,113528,0.111055036,0.198861992,0.066649842,0.33324921,22.5,156.1014626,170.2169298,0,
ID116267_ID116574,258,116267,116574,0.05471166,0.467675806,0.046781048,0.233905238,47.5,156.276823,175.0112454,0,
ID113225_ID112665,258,113225,112665,0.120892893,0.178773059,0.069539311,0.347696553,37.5,155.9661985,170.1488328,0,
ID118760_ID119359,258,118760,119359,0.259309556,0.604699069,0.101844893,0.509224465,137.5,156.1674902,175.8212907,0,
ID115017_ID116881,258,115017,116881,0.274610867,0.51615742,0.104806654,0.524033269,97.5,156.1903763,175.5026496,0,
ID115971_ID117527,258,115971,117527,0.002791756,0.279126122,0.010567413,0.052837067,107.5,156.1635217,175.8729504,0,
ID117527_ID118154,258,117527,118154,0.223290812,0.563121577,0.094507314,0.472536572,112.5,156.214696,175.6678271,0,
ID112665_ID116267,258,112665,116267,22.95357615,0.072677837,0.958197811,4.790989057,42.5,156.0558731,172.7059972,0,
ID117831_ID118461,258,117831,118461,0.035264583,0.182382666,0.037557733,0.187788666,122.5,156.0999428,175.5782028,0,
ID111502_ID111794,258,111502,111794,0.095643703,NaN,0.061852632,0.309263162,17.5,156.1469486,170.4956666,0,
ID110923_ID112378,258,110923,112378,0.1033205,0.427496024,0.064287013,0.321435063,62.5,156.0767199,175.1769902,0,
ID112378_ID114708,258,112378,114708,0.063205185,0.431911986,0.050281283,0.251406413,67.5,156.0712812,175.315422,0,
ID117205_ID115335,258,117205,115335,0.020031521,0.553247582,0.028306551,0.141532755,77.5,156.1191717,175.4349783,0,
ID116574_ID111223,258,116574,111223,0.262628126,0.525023689,0.102494512,0.512472561,52.5,156.2982277,175.1748283,0,
ID119359_ID119651,258,119359,119651,0.027261559,0.608736689,0.033022149,0.165110747,142.5,156.2362426,175.6629303,0,
ID116881_ID115971,258,116881,115971,0.031346843,0.26695031,0.03541008,0.177050398,102.5,156.1160871,175.7886903,0,
ID114708_ID117205,258,114708,117205,0.029457827,0.445557953,0.034326565,0.171632826,72.5,156.1207399,175.4022725,0,
ID111223_ID110923,258,111223,110923,0.122641679,0.560845326,0.070040468,0.35020234,57.5,156.2212339,175.2504141,0,
ID115335_ID114387,258,115335,114387,0.010299012,0.571482232,0.02029681,0.101484048,82.5,156.1439195,175.4437287,0,
ID114387_ID115646,258,114387,115646,0.077398246,0.589682173,0.05564108,0.278205402,87.5,156.2052754,175.3781112,0,
ID113804_ID113225,258,113804,113225,0.004893636,0.267933598,0.013990906,0.06995453,32.5,156.0508439,169.9702276,0,
ID115646_ID115017,258,115646,115017,3.39E-04,0.049985832,0.003684916,0.01842458,92.5,156.318992,175.2833155,0,
ID118154_ID117831,258,118154,117831,0.024708035,0.567298349,0.031437579,0.157187896,117.5,156.2373138,175.5063811,0,
ID113806_ID113234,259,113806,113234,10.5834383,0.262728955,0.650643936,3.253219682,32.5,38.50814024,171.5199377,0,
ID113533_ID113806,259,113533,113806,16.32310711,0.156895894,0.808037304,4.04018652,27.5,41.39798277,171.3035279,0,
ID111512_ID111801,259,111512,111801,7.194965983,NaN,0.536468675,2.682343375,17.5,45.42418885,172.7018887,0,
ID111801_ID113533,259,111801,113533,1.447915977,0.179444429,0.240658761,1.203293803,22.5,43.74898777,172.1009741,0,
ID113234_ID112673,259,113234,112673,0.271661065,0.487152802,0.10424223,0.521211152,37.5,37.40512188,172.4429117,0,
ID115601_ID114966,261,115601,114966,0.113023697,0.32034205,0.067237994,0.336189972,92.5,333.579075,159.1907869,0,
ID112659_ID116250,261,112659,116250,3.85601068,0.234481114,0.392734551,1.963672753,42.5,343.651175,167.7800104,0,
ID118391_ID118993,261,118391,118993,4.727945034,0.501878556,0.434876766,2.174383829,127.5,328.6094598,157.4404956,0,
ID114344_ID115601,261,114344,115601,4.140786211,0.006859253,0.406978437,2.034892187,87.5,334.4155317,159.7851101,0,
ID116250_ID116553,261,116250,116553,1.938259769,0.492236102,0.278442796,1.392213981,47.5,343.0301504,167.7991356,0,
ID122184_ID121408,261,122184,121408,0.306943279,0.141964432,0.110804924,0.554024619,157.5,329.8534121,158.3017901,0,
ID120122_ID122184,261,120122,122184,2.733454921,0.351460795,0.330663268,1.65331634,152.5,329.8146909,159.3534434,0,
ID114966_ID116825,261,114966,116825,1.918853292,0.437437026,0.27704536,1.385226802,97.5,333.3246379,158.635249,0,
ID110900_ID112351,261,110900,112351,3.999111414,0.348477253,0.399955568,1.999777841,62.5,338.7992915,168.4717441,0,
ID116553_ID111196,261,116553,111196,6.010457809,0.404408746,0.490324701,2.451623505,52.5,341.9600514,168.1119333,0,
ID117161_ID115295,261,117161,115295,10.18760316,0.221239442,0.638360499,3.191802494,77.5,338.7839761,163.263741,0,
ID113531_ID113810,261,113531,113810,2.096220646,0.180175318,0.289566617,1.447833086,27.5,340.4800721,170.9488357,0,
ID114671_ID117161,261,114671,117161,5.388599903,0.227085065,0.46426716,2.321335801,72.5,340.4737168,164.9065242,0,
ID119297_ID120122,261,119297,120122,9.396672142,0.192913766,0.306539918,3.065399181,145,328.3957252,160.0945143,0,
ID113810_ID113229,261,113810,113229,11.14011622,0.472618975,0.667536253,3.337681264,32.5,341.6645297,171.3799764,0,
ID118993_ID118698,261,118993,118698,0.555240365,0.070328607,0.149028905,0.745144526,132.5,327.5874504,158.4587469,0,
ID115295_ID114344,261,115295,114344,9.671754222,0.100230509,0.621988882,3.109944408,82.5,336.2020165,161.6355013,0,
ID117473_ID118098,261,117473,118098,1.609790767,0.340423366,0.25375506,1.268775302,112.5,328.9322672,160.1600132,0,
ID111196_ID110900,261,111196,110900,4.221013211,0.229576762,0.410902091,2.054510455,57.5,340.1045169,168.4972566,0,
ID117772_ID118391,261,117772,118391,4.17655989,0.021383824,0.40873267,2.043663351,122.5,329.1978698,157.7362396,0,
ID118698_ID119297,261,118698,119297,1.813081211,0.023082565,0.269301408,1.346507041,137.5,327.1329158,159.3988599,0,
ID112351_ID114671,261,112351,114671,8.724288795,0.330045286,0.590738141,2.953690707,67.5,339.4146704,166.8693024,0,
ID116825_ID115909,261,116825,115909,7.223361721,0.392912896,0.537526249,2.687631247,102.5,332.0734622,158.712151,0,
ID113229_ID112659,261,113229,112659,9.029443403,0.230351412,0.600980645,3.004903227,37.5,343.8491819,169.8600807,0,
ID111798_ID113531,261,111798,113531,4.621997397,NaN,0.429976622,2.149883112,22.5,342.0340543,170.46815,0,
ID115909_ID117473,261,115909,117473,4.551397198,0.005922224,0.426680077,2.133400384,107.5,330.0978414,160.0928218,0,
ID118098_ID117772,261,118098,117772,0.866386583,0.169234487,0.186159779,0.930798895,117.5,328.7908668,159.1647961,0,
ID115964_ID117517,262,115964,117517,0.657126795,0.581879757,0.162126715,0.810633577,107.5,293.0606132,174.1666974,0,
ID113245_ID112683,262,113245,112683,0.782141884,0.317356983,0.176877572,0.884387859,37.5,284.5580568,174.0254072,0,
ID119647_ID120178,262,119647,120178,0.005764302,0.270849559,0.0151846,0.075922999,147.5,292.702284,174.0792254,0,
ID115327_ID114382,262,115327,114382,20.93892084,0.079313799,0.915181312,4.575906559,82.5,290.904945,173.7579158,0,
ID122242_ID121467,262,122242,121467,0.15459668,0.494298256,0.078637569,0.393187843,157.5,292.6609926,174.838424,0,
ID120704_ID120432,262,120704,120432,0.45348657,0.626807561,0.134682823,0.673414114,187.5,292.9323688,174.6762502,0,
ID121966_ID122752,262,121966,122752,0.088303779,0.123720859,0.059431904,0.297159518,202.5,293.1928644,175.4454278,0,
ID116265_ID116571,262,116265,116571,0.048031637,0.583164796,0.043832243,0.219161213,47.5,284.6943637,173.8780322,0,
ID123463_ID124477,262,123463,124477,0.512225329,0.618890704,0.143139838,0.715699189,227.5,293.1082085,175.30578,0,
ID113816_ID113245,262,113816,113245,0.385056425,NaN,0.12410583,0.620529149,32.5,284.0430474,173.8764849,0,
ID121188_ID120704,262,121188,120704,0.709717349,0.575746904,0.168489448,0.842447238,182.5,292.9238632,174.5921146,0,
ID117517_ID118148,262,117517,118148,0.265058969,0.587755031,0.102967756,0.514838779,112.5,293.1706596,174.0482044,0,
ID124085_ID123888,262,124085,123888,0.091977043,0.41983596,0.060655434,0.303277172,242.5,293.0333636,175.0724062,0,
ID117198_ID115327,262,117198,115327,14.55218534,0.241408691,0.762946534,3.81473267,77.5,286.7915699,173.6988234,0,
ID120178_ID122242,262,120178,122242,0.772291145,0.138066661,0.175760194,0.87880097,152.5,292.7614219,174.5447774,0,
ID116571_ID111215,262,116571,111215,0.517628283,0.257239222,0.143892777,0.719463886,52.5,284.7908025,173.4852848,0,
ID119056_ID118756,262,119056,118756,0.071218359,0.5881919,0.053373536,0.266867681,132.5,292.7700693,174.375564,0,
ID112683_ID116265,262,112683,116265,0.149731591,0.577425214,0.077390333,0.386951665,42.5,284.7827428,173.8954573,0,
ID112374_ID114703,262,112374,114703,0.243338579,0.144041493,0.098658721,0.493293603,67.5,284.8873146,174.3104852,0,
ID118453_ID119056,262,118453,119056,0.126387066,0.443415817,0.071101917,0.355509586,127.5,292.8087163,174.3378504,0,
ID118148_ID117828,262,118148,117828,0.020492806,0.04349575,0.028630617,0.143153087,117.5,293.0844027,174.3643215,0,
ID120931_ID121188,262,120931,121188,0.806859692,0.491304143,0.179650738,0.89825369,177.5,292.8097865,174.6197096,0,
ID124276_ID124085,262,124276,124085,0.152901479,0.372971869,0.078205237,0.391026186,237.5,293.1676131,175.1877492,0,
ID111215_ID110917,262,111215,110917,0.137099244,0.42761206,0.07405383,0.370269151,57.5,284.6289002,173.228577,0,
ID122752_ID122994,262,122752,122994,0.064847984,0.271577629,0.050930535,0.254652673,207.5,293.0761268,175.6261353,0,
ID110917_ID112374,262,110917,112374,0.747055986,0.306716503,0.172864801,0.864324005,62.5,284.7017706,173.6994083,0,
ID114382_ID115641,262,114382,115641,0.01589462,0.21001099,0.025214774,0.126073869,87.5,293.1911271,174.1523601,0,
ID121725_ID120931,262,121725,120931,0.136246975,0.215509235,0.073823296,0.369116479,172.5,292.6537184,174.9078826,0,
ID123685_ID123463,262,123685,123463,0.017415746,0.109039551,0.026393746,0.131968729,222.5,292.9626941,175.0526726,0,
ID114703_ID117198,262,114703,117198,0.228606743,0.627068841,0.095625675,0.478128375,72.5,284.8845742,174.3177163,0,
ID121467_ID119916,262,121467,119916,0.108962125,0.286540418,0.066018823,0.330094115,162.5,292.6324954,174.5663749,0,
ID120432_ID122500,262,120432,122500,0.527167985,0.624037879,0.14521267,0.726063348,192.5,292.943684,174.701169,0,
ID122500_ID121966,262,122500,121966,0.09058347,0.100423106,0.060194176,0.30097088,197.5,293.09394,175.1782815,0,
ID117828_ID118453,262,117828,118453,0.107006497,0.412616969,0.065423695,0.327118475,122.5,292.956216,174.2981663,0,
ID118756_ID119356,262,118756,119356,0.068880046,0.244912467,0.052490016,0.262450082,137.5,292.6616383,174.1880766,0,
ID119356_ID119647,262,119356,119647,0.02456147,0.432935145,0.031344199,0.156720993,142.5,292.6091287,174.0927092,0,
ID123236_ID123685,262,123236,123685,0.166628409,0.007457457,0.081640286,0.408201431,217.5,292.9756641,175.315109,0,
ID124477_ID124276,262,124477,124276,0.212406923,0.491909021,0.092175251,0.460876256,232.5,293.3224487,175.3908158,0,
ID115015_ID116878,262,115015,116878,0.077033158,0.297828508,0.055509696,0.277548478,97.5,293.0866999,174.1291556,0,
ID119916_ID121725,262,119916,121725,0.129915516,0.595661005,0.07208759,0.36043795,167.5,292.6470222,174.5948438,0,
ID115641_ID115015,262,115641,115015,0.001660821,0.248201783,0.008150635,0.040753173,92.5,293.2222352,174.0871444,0,
ID116878_ID115964,262,116878,115964,0.125329479,0.187350709,0.070803808,0.354019038,102.5,292.9279881,174.3626196,0,
ID122994_ID123236,262,122994,123236,0.019600153,0.374188443,0.02800011,0.140000548,212.5,292.9560312,175.5884696,0,
ID116562_ID111214,263,116562,111214,0.689143956,0.577573709,0.16602939,0.830146948,52.5,447.0247708,172.1876924,0,
ID116264_ID116562,263,116264,116562,4.130036519,0.303623218,0.406449826,2.032249128,47.5,447.4660859,172.6275897,0,
ID113247_ID112681,263,113247,112681,6.347101867,0.562349798,0.503869105,2.519345523,37.5,449.2340058,174.1748766,0,
ID112365_ID114702,263,112365,114702,2.017682861,0.341019141,0.284090328,1.42045164,67.5,445.1061329,173.0169139,0,
ID118448_ID119051,263,118448,119051,0.778424983,0.224324289,0.176456792,0.882283958,127.5,439.1425556,173.3052831,0,
ID112681_ID116264,263,112681,116264,0.147474053,0.278373309,0.076804701,0.384023505,42.5,448.2177068,173.3521522,0,
ID117508_ID117815,263,117508,117815,3.345186392,0.187967119,0.182898507,1.828985072,115,438.4780764,171.3792829,0,
ID117815_ID118448,263,117815,118448,4.208799548,0.372430685,0.41030718,2.0515359,122.5,438.1516402,172.4941899,0,
ID119357_ID119626,263,119357,119626,15.98499774,0.502391465,0.799624855,3.998124277,142.5,440.3721957,172.3807571,0,
ID111803_ID113819,263,111803,113819,26.74038789,0.231742016,0.51711109,5.171110895,25,451.5477756,173.3462857,0,
ID115328_ID115662,263,115328,115662,25.10501185,0.197665097,0.501049018,5.01049018,85,441.8776657,175.7915346,0,
ID113819_ID113247,263,113819,113247,0.716454324,0.419152969,0.16928725,0.846436249,32.5,449.7159912,174.8993239,0,
ID110919_ID112365,263,110919,112365,3.323723991,0.366186676,0.364621666,1.823108332,62.5,446.1706694,172.8473769,0,
ID115025_ID116886,263,115025,116886,2.955006675,0.256591335,0.343802657,1.719013285,97.5,441.3049113,176.5271403,0,
ID116886_ID115956,263,116886,115956,8.504803681,0.205525674,0.583259931,2.916299656,102.5,439.8644503,175.0829964,0,
ID111508_ID111803,263,111508,111803,0.742799701,NaN,0.172371657,0.861858284,17.5,453.33699,171.8779294,0,
ID111214_ID110919,263,111214,110919,0.615778299,0.131733813,0.156943085,0.784715425,57.5,447.0595768,172.9509726,0,
ID114702_ID117197,263,114702,117197,3.634877418,0.232377106,0.38130709,1.906535449,72.5,443.8638208,173.6558136,0,
ID119051_ID119357,263,119051,119357,2.517096947,0.088229773,0.158653615,1.586536147,135,440.1543313,173.8001408,0,
ID115662_ID115025,263,115662,115025,2.631201113,0.617001862,0.32441955,1.622097751,92.5,442.2863786,177.437669,0,
ID117197_ID115328,263,117197,115328,2.557743496,0.035845523,0.319858937,1.599294687,77.5,442.1252765,173.4953322,0,
ID115956_ID117508,263,115956,117508,6.872602218,0.089194367,0.524312968,2.621564842,107.5,439.3169597,172.4385011,0,
ID116577_ID111240,264,116577,111240,5.08925828,0.31675,0.45118769,2.255938448,52.5,139.79094,178.0532662,0,
ID117227_ID115357,264,117227,115357,6.78905516,0.39741387,0.521116308,2.60558154,77.5,136.3608036,182.3713296,0,
ID111240_ID110944,264,111240,110944,8.687413959,0.02991543,0.589488387,2.947441935,57.5,139.1597193,180.5698571,0,
ID114728_ID117227,264,114728,117227,0.055051395,0.46313022,0.046926068,0.234630338,72.5,137.6072823,182.1877088,0,
ID110944_ID112395,264,110944,112395,11.57209546,0.372244277,0.680355656,3.401778279,62.5,137.3064934,181.011256,0,
ID112685_ID116275,264,112685,116275,5.315639289,0.121361374,0.461113404,2.305567021,42.5,139.6963831,175.7332789,0,
ID113241_ID112685,264,113241,112685,1.063490311,0.405067002,0.206251333,1.031256666,37.5,139.638341,174.1307828,0,
ID115357_ID114414,264,115357,114414,0.70790733,0.107211247,0.168274458,0.84137229,82.5,134.7900512,182.9623919,0,
ID113535_ID113818,264,113535,113818,3.034712671,0.307773063,0.348408534,1.742042672,27.5,138.6553227,173.4476868,0,
ID116275_ID116577,264,116275,116577,0.202984457,0.314189463,0.090107593,0.450537964,47.5,139.7489638,176.9066555,0,
ID113818_ID113241,264,113818,113241,0.575033888,0.428604406,0.151661978,0.758309889,32.5,139.1783115,173.9685067,0,
ID112395_ID114728,264,112395,114728,7.908002972,0.562599754,0.562423434,2.812117169,67.5,136.7446957,181.1762359,0,
ID111800_ID113535,264,111800,113535,10.17284531,NaN,0.637897964,3.18948982,22.5,139.8492746,172.0458804,0,
ID112688_ID116271,265,112688,116271,0.374390271,0.412799475,0.122374878,0.611874392,42.5,451.6485002,175.3907832,0,
ID116271_ID116575,265,116271,116575,6.60390233,0.549930684,0.513961179,2.569805893,47.5,450.6624447,175.1770407,0,
ID114713_ID117208,265,114713,117208,3.345072637,0.222048386,0.365790795,1.828953973,72.5,443.7946012,177.1138195,0,
ID114384_ID115647,265,114384,115647,6.19575342,0.432566506,0.497825408,2.48912704,87.5,441.5917478,174.9219441,0,
ID111222_ID110928,265,111222,110928,3.656687241,0.350531436,0.38244933,1.912246648,57.5,449.7980955,175.8272423,0,
ID116575_ID111222,265,116575,111222,0.617475915,0.614242784,0.157159271,0.785796357,52.5,449.8264608,174.8619171,0,
ID117208_ID115337,265,117208,115337,0.84142879,0.11061084,0.183458855,0.917294277,77.5,442.636184,176.4669129,0,
ID113246_ID112688,265,113246,112688,3.881687059,0.49641641,0.39403995,1.970199751,37.5,452.3420908,174.8452768,0,
ID113826_ID113246,265,113826,113246,7.93862622,NaN,0.563511356,2.817556782,32.5,452.5228269,175.6990318,0,
ID115337_ID114384,265,115337,114384,2.73281221,0.190119198,0.330624392,1.653121959,82.5,442.5560139,175.3146121,0,
ID110928_ID112379,265,110928,112379,10.87002839,0.275781588,0.659394522,3.296972609,62.5,447.7923655,176.2854048,0,
ID115647_ID115012,265,115647,115012,4.141898278,0.398555548,0.407033084,2.035165418,92.5,440.5062981,174.3146404,0,
ID112379_ID114713,265,112379,114713,4.689275282,0.20653543,0.433094691,2.165473455,67.5,445.4277418,176.643116,0,
ID113834_ID113255,266,113834,113255,2.791956439,0.471133257,0.33418297,1.670914851,32.5,275.9421991,179.1663673,0,
ID113255_ID112696,266,113255,112696,1.22154734,0.083838927,0.221047266,1.105236328,37.5,275.0337781,178.1556366,0,
ID115343_ID114404,266,115343,114404,6.80988664,0.47706011,0.52191519,2.60957595,82.5,273.7195759,178.2512187,0,
ID116287_ID116592,266,116287,116592,1.099788985,0.201805377,0.209741649,1.048708246,47.5,274.4328324,181.2325984,0,
ID116592_ID111248,266,116592,111248,0.315788139,0.398669998,0.11239006,0.561950299,52.5,274.2630008,181.6844986,0,
ID114404_ID115671,266,114404,115671,11.19735861,0.338703345,0.66924909,3.34624545,87.5,273.1726826,180.1664859,0,
ID114715_ID117219,266,114715,117219,1.433000274,0.581326349,0.239415979,1.197079894,72.5,273.5053492,179.3228862,0,
ID111815_ID113548,266,111815,113548,1.798103039,NaN,0.268186729,1.340933644,22.5,276.8967861,178.3376589,0,
ID117219_ID115343,266,117219,115343,4.824729934,0.38470194,0.439305358,2.196526789,77.5,274.4295566,178.8168099,0,
ID110941_ID112397,266,110941,112397,0.390007968,0.586425047,0.124901236,0.624506179,62.5,274.9079636,179.7855969,0,
ID111248_ID110941,266,111248,110941,5.644126448,0.368529157,0.475147407,2.375737033,57.5,274.7746758,180.6603265,0,
ID113548_ID113834,266,113548,113834,5.101930153,0.580250734,0.451749052,2.258745261,27.5,276.6366589,178.7694652,0,
ID112696_ID116287,266,112696,116287,9.46698749,0.449300504,0.615369401,3.076847005,42.5,274.711496,179.3823413,0,
ID115671_ID115046,266,115671,115046,0.338975958,0.068198158,0.116443284,0.582216419,92.5,273.8953761,181.9775163,0,
ID112397_ID114715,266,112397,114715,4.200389804,0.352402034,0.409897051,2.049485253,67.5,273.9458002,179.4690269,0,
ID116591_ID111247,267,116591,111247,0.504718892,0.21704099,0.142087141,0.710435706,52.5,218.0626179,181.6929667,0,
ID114415_ID115672,267,114415,115672,0.009097116,0.285591274,0.019075761,0.095378803,87.5,217.4123833,183.3069989,0,
ID113261_ID112705,267,113261,112705,2.108085868,0.26133849,0.290384977,1.451924884,37.5,219.1829053,180.7510431,0,
ID115987_ID117549,267,115987,117549,0.044569994,0.369799565,0.042223213,0.211116066,107.5,217.5042216,183.379597,0,
ID112705_ID116290,267,112705,116290,0.075767506,0.301779503,0.055051796,0.275258981,42.5,218.7901601,181.3867126,0,
ID121210_ID120748,267,121210,120748,0.030060592,0.037547614,0.034675981,0.173379906,182.5,217.4876205,183.0879,0,
ID122268_ID121493,267,122268,121493,0.064398132,0.617619331,0.050753574,0.25376787,157.5,217.3890797,183.7199556,0,
ID118779_ID119380,267,118779,119380,0.002465391,0.360565943,0.009930541,0.049652706,137.5,217.4673139,183.6277158,0,
ID113836_ID113261,267,113836,113261,8.5181244,NaN,0.58371652,2.918582601,32.5,220.8957806,180.2259653,0,
ID123253_ID123706,267,123253,123706,0.172513024,0.605191537,0.083069374,0.415346872,217.5,217.8591445,182.2499839,0,
ID124489_ID124285,267,124489,124285,0.366745679,0.163632975,0.121119062,0.605595309,232.5,218.6023932,182.0457583,0,
ID116290_ID116591,267,116290,116591,0.201539967,0.072439684,0.089786406,0.44893203,47.5,218.4348312,181.3576295,0,
ID123479_ID124489,267,123479,124489,0.193187479,0.359097394,0.087906195,0.439530976,227.5,218.29143,182.4121729,0,
ID115047_ID116906,267,115047,116906,9.11E-04,0.571854642,0.006035363,0.030176813,97.5,217.2176624,183.2166925,0,
ID124096_ID123897,267,124096,123897,0.186756286,0.621001738,0.086430616,0.432153081,242.5,218.7455669,182.0318683,0,
ID120206_ID122268,267,120206,122268,0.0864288,0.464931887,0.058797551,0.293987755,152.5,217.3909126,183.6986386,0,
ID117228_ID115358,267,117228,115358,0.168990765,0.490665746,0.082216973,0.411084864,77.5,217.4548726,182.7185371,0,
ID122525_ID121984,267,122525,121984,0.707876104,0.400021559,0.168270747,0.841353733,197.5,217.5690329,183.0011826,0,
ID124285_ID124096,267,124285,124096,0.158375344,0.552558962,0.0795928,0.397963998,237.5,218.7413228,182.0500823,0,
ID110945_ID112402,267,110945,112402,0.054524663,0.534154798,0.046701033,0.233505167,62.5,217.7624854,181.9573634,0,
ID115358_ID114415,267,115358,114415,0.140470084,0.019765078,0.074958678,0.374793388,82.5,217.4512838,183.1109812,0,
ID116906_ID115987,267,116906,115987,0.107510168,0.144913901,0.065577486,0.327887432,102.5,217.3886124,183.2565141,0,
ID114731_ID117228,267,114731,117228,0.105782467,0.460450377,0.065048433,0.325242167,72.5,217.5625018,182.6445314,0,
ID111247_ID110945,267,111247,110945,0.066614134,0.367814577,0.051619428,0.25809714,57.5,217.8156829,181.932872,0,
ID120458_ID122525,267,120458,122525,0.021129967,0.349944509,0.029072301,0.145361506,192.5,217.4882651,183.3888353,0,
ID121493_ID119939,267,121493,119939,0.003859662,0.234872202,0.012425236,0.062126179,162.5,217.4253249,183.5828624,0,
ID119081_ID118779,267,119081,118779,0.047030892,0.026191526,0.043373214,0.216866069,132.5,217.4406524,183.5256122,0,
ID117854_ID118487,267,117854,118487,0.041294757,0.596324221,0.040642223,0.203211115,122.5,217.4085019,183.4672715,0,
ID119674_ID120206,267,119674,120206,0.019472294,0.546894677,0.027908632,0.139543162,147.5,217.4770107,183.6277672,0,
ID115672_ID115047,267,115672,115047,0.037028798,0.159899413,0.038485736,0.192428682,92.5,217.2868761,183.2603483,0,
ID117549_ID118176,267,117549,118176,0.003878712,0.011696572,0.012455862,0.06227931,112.5,217.4431402,183.501843,0,
ID121984_ID122778,267,121984,122778,0.39642158,0.531290636,0.125924037,0.629620187,202.5,217.7575678,182.9222816,0,
ID112402_ID114731,267,112402,114731,0.527773191,0.121801888,0.145296,0.72648,67.5,217.7333499,182.4202834,0,
ID118487_ID119081,267,118487,119081,0.003587017,0.619806369,0.011978342,0.059891709,127.5,217.3795416,183.4016825,0,
ID118176_ID117854,267,118176,117854,0.001413365,0.213307455,0.007518949,0.037594745,117.5,217.4379312,183.5449882,0,
ID121748_ID120955,267,121748,120955,0.055028258,0.547718845,0.046916206,0.234581028,172.5,217.4397386,183.5166776,0,
ID119380_ID119674,267,119380,119674,0.007119604,0.426403397,0.016875549,0.084377744,142.5,217.4740061,183.6628808,0,
ID119939_ID121748,267,119939,121748,0.019064422,0.081042269,0.027614794,0.138073972,167.5,217.384143,183.4935497,0,
ID122778_ID123012,267,122778,123012,0.783463215,0.578724849,0.177026915,0.885134575,207.5,217.8527363,182.7966317,0,
ID123012_ID123253,267,123012,123253,0.105352642,0.079169593,0.064916143,0.324580717,212.5,217.8709928,182.2013074,0,
ID120955_ID121210,267,120955,121210,0.187558123,0.491068467,0.086615962,0.433079812,177.5,217.5110235,183.3891325,0,
ID120748_ID120458,267,120748,120458,0.153981609,0.623628141,0.078480981,0.392404904,187.5,217.5151181,183.1939483,0,
ID123706_ID123479,267,123706,123479,0.153948392,0.195190431,0.078472516,0.392362578,222.5,218.0656112,182.540928,0,
ID113840_ID113268,269,113840,113268,1.756418677,0.513439308,0.265059893,1.325299467,32.5,400.4607789,182.6814419,0,
ID113564_ID113840,269,113564,113840,16.08325528,NaN,0.802078681,4.010393407,27.5,401.5324217,183.7209061,0,
ID111825_ID113559,271,111825,113559,1.485809864,0.505311774,0.243787601,1.218938006,22.5,222.1575388,184.264859,0,
ID113271_ID112713,271,113271,112713,0.385362174,0.181139692,0.124155092,0.620775462,37.5,222.1465615,185.3079851,0,
ID111536_ID111825,271,111536,111825,0.272060186,NaN,0.104318778,0.52159389,17.5,221.7355767,184.3069688,0,
ID113844_ID113271,271,113844,113271,0.150396607,0.132379736,0.077562003,0.387810014,32.5,221.9555746,184.8935587,0,
ID113559_ID113844,271,113559,113844,1.022636698,0.565569004,0.202251002,1.011255012,27.5,222.3421644,184.3472203,0,
ID112713_ID116297,271,112713,116297,0.881625761,0.076313259,0.187789857,0.938949285,42.5,222.7925951,185.7201337,0,
ID116299_ID116599,272,116299,116599,5.87596623,0.389062058,0.484807848,2.424039239,47.5,380.3617305,186.9920483,0,
ID111253_ID110948,272,111253,110948,20.43606753,0.440487788,0.904125379,4.520626895,57.5,378.0168747,186.3450735,0,
ID112712_ID116299,272,112712,116299,7.228408123,0.311165867,0.537713981,2.688569903,42.5,380.3175312,185.5491074,0,
ID114734_ID117235,272,114734,117235,17.41263009,0.461161338,0.834568873,4.172844364,72.5,371.6843415,186.0635059,0,
ID110948_ID112406,272,110948,112406,11.38560313,0.006633882,0.674851187,3.374255937,62.5,374.2152484,185.2840662,0,
ID114420_ID115685,272,114420,115685,26.93371614,0.2883216,1.037954067,5.189770336,87.5,363.5313884,189.4998288,0,
ID113565_ID113848,272,113565,113848,0.610781428,NaN,0.156305013,0.781525066,27.5,378.1346809,186.7276409,0,
ID113273_ID112712,272,113273,112712,1.181991418,0.118312366,0.217438857,1.087194287,37.5,378.9093994,185.1727591,0,
ID117235_ID115366,272,117235,115366,3.163333291,0.031689134,0.35571524,1.778576198,77.5,368.7417459,186.4501576,0,
ID113848_ID113273,272,113848,113273,1.031231658,0.242874293,0.203099154,1.01549577,32.5,378.5430058,186.1093901,0,
ID116599_ID111253,272,116599,111253,1.260102444,0.602681336,0.224508569,1.122542847,52.5,379.7663631,187.2751976,0,
ID112406_ID114734,272,112406,114734,2.543997316,0.536064319,0.318998264,1.594991322,67.5,373.1813245,185.3447736,0,
ID115366_ID114420,272,115366,114420,17.41904509,0.03646183,0.834722591,4.173612954,82.5,365.7952137,186.787171,0,
ID116924_ID116003,275,116924,116003,2.242219146,0.613021098,0.299480827,1.497404136,102.5,119.699533,194.839714,0,
ID116311_ID116608,275,116311,116608,3.582418018,0.541377605,0.378545533,1.892727666,47.5,121.1790339,192.2535177,0,
ID113854_ID113283,275,113854,113283,4.871941344,0.108225875,0.441449492,2.207247459,32.5,123.7615467,189.9783057,0,
ID113283_ID112722,275,113283,112722,2.13592402,0.263783431,0.292296016,1.461480079,37.5,122.3956574,190.5152344,0,
ID116608_ID111262,275,116608,111262,6.614756851,0.270610178,0.514383392,2.57191696,52.5,122.4457686,191.0408823,0,
ID113569_ID113854,275,113569,113854,1.83753824,NaN,0.271111655,1.355558276,27.5,125.476979,189.8481236,0,
ID114757_ID117253,275,114757,117253,3.050180085,0.625827821,0.349295295,1.746476477,72.5,121.5650762,197.0514657,0,
ID117253_ID115385,275,117253,115385,2.754198335,0.27459887,0.331915552,1.659577758,77.5,120.9906314,195.8657599,0,
ID112722_ID116311,275,112722,116311,4.934470984,0.012671244,0.444273384,2.221366918,42.5,121.6473284,192.1967776,0,
ID110966_ID112428,275,110966,112428,5.365475804,0.087512899,0.463269934,2.316349672,62.5,121.8069954,195.2296397,0,
ID115688_ID115066,275,115688,115066,5.117755025,0.60557459,0.452449114,2.262245571,92.5,120.5216227,194.5484088,0,
ID112428_ID114757,275,112428,114757,2.43177812,0.032081372,0.311883191,1.559415955,67.5,121.5546473,197.144979,0,
ID115385_ID114434,275,115385,114434,0.955229626,0.003568582,0.195471699,0.977358494,82.5,119.7791973,195.3455132,0,
ID111262_ID110966,275,111262,110966,14.19844165,0.456690228,0.753616392,3.768081959,57.5,122.7938972,192.4242976,0,
ID115066_ID116924,275,115066,116924,0.105786018,0.124286577,0.065049525,0.325247626,97.5,119.6002549,195.4179385,0,
ID114434_ID115688,275,114434,115688,6.040675586,0.43585076,0.491555718,2.457778588,87.5,120.3640044,194.4967229,0,
ID116626_ID111277,278,116626,111277,0.116843266,0.363466521,0.068364689,0.341823443,52.5,23.84472372,200.6664511,0,
ID119113_ID118809,278,119113,118809,0.024962779,0.463695642,0.031599227,0.157996136,132.5,23.86891107,201.0158175,0,
ID122003_ID122795,278,122003,122795,0.001706479,0.429421564,0.008261909,0.041309546,202.5,23.94065339,201.2885149,0,
ID116324_ID116626,278,116324,116626,0.008040606,0.00960708,0.017933885,0.089669425,47.5,23.82205928,200.5022343,0,
ID116017_ID117580,278,116017,117580,1.88E-04,0.57773489,0.002745635,0.013728176,107.5,23.85847274,201.0173637,0,
ID117887_ID118515,278,117887,118515,6.88E-04,0.02777238,0.005247607,0.026238034,122.5,23.89368673,201.0554644,0,
ID112435_ID114762,278,112435,114762,0.002049694,0.555224813,0.00905471,0.045273548,67.5,23.83471426,200.8698469,0,
ID121519_ID119962,278,121519,119962,0.012941491,0.163961706,0.022752135,0.113760673,162.5,23.95079291,201.0868621,0,
ID123271_ID123724,278,123271,123724,0.013225026,0.61523908,0.023000023,0.115000113,217.5,23.99110411,201.3031058,0,
ID124302_ID124114,278,124302,124114,0.055581081,0.607515844,0.04715128,0.235756402,237.5,24.00306307,200.8621758,0,
ID114441_ID115697,278,114441,115697,0.013315795,0.582929344,0.023078818,0.115394088,87.5,23.8409612,200.9489598,0,
ID122544_ID122003,278,122544,122003,0.004355788,0.545289246,0.013199679,0.065998396,197.5,23.96471875,201.2746017,0,
ID111277_ID110975,278,111277,110975,0.011637728,0.284140211,0.021575661,0.107878304,57.5,23.86576827,200.8520162,0,
ID119409_ID119697,278,119409,119697,0.037568089,0.372963365,0.038764979,0.193824893,142.5,23.86569017,201.1801951,0,
ID110975_ID112435,278,110975,112435,0.001400662,0.523721227,0.007485084,0.037425418,62.5,23.8287502,200.8638652,0,
ID118515_ID119113,278,118515,119113,0.003738916,0.424329465,0.012229336,0.06114668,127.5,23.87924076,201.077334,0,
ID119962_ID121772,278,119962,121772,0.019952572,0.143129129,0.028250714,0.141253572,167.5,23.86592586,201.1710318,0,
ID124114_ID123914,278,124114,123914,0.09725994,0.558996244,0.062373052,0.31186526,242.5,24.04821002,200.8222238,0,
ID120803_ID120475,278,120803,120475,0.001571207,0.247176211,0.00792769,0.039638451,187.5,23.96898399,201.283971,0,
ID123724_ID123497,278,123724,123497,0.050575901,0.506588025,0.044978173,0.224890865,222.5,24.01010948,201.2325367,0,
ID120475_ID122544,278,120475,122544,2.49E-04,0.254758377,0.003157045,0.015785223,192.5,23.99068311,201.2752646,0,
ID123035_ID123271,278,123035,123271,0.007871207,0.531463585,0.017743965,0.088719823,212.5,23.97950413,201.2961052,0,
ID115697_ID115073,278,115697,115073,5.34E-04,0.433823903,0.004623708,0.023118542,92.5,23.88957661,200.9676091,0,
ID113865_ID113295,278,113865,113295,4.940186867,NaN,0.444530623,2.222653114,32.5,32.64795452,197.6140708,0,
ID122795_ID123035,278,122795,123035,0.004105576,0.160627657,0.012814954,0.064074768,207.5,23.97943063,201.3179838,0,
ID119697_ID120230,278,119697,120230,0.033553338,0.532842829,0.03663514,0.183175702,147.5,23.84929007,201.1384336,0,
ID121242_ID120803,278,121242,120803,9.08E-04,0.228434435,0.006025373,0.030126865,182.5,23.94092707,201.2893353,0,
ID120230_ID122295,278,120230,122295,0.134218431,0.155217206,0.073271667,0.366358336,152.5,24.10589106,201.1451437,0,
ID123497_ID124509,278,123497,124509,0.004974313,0.120599381,0.014105762,0.07052881,227.5,24.0010979,201.0899242,0,
ID113295_ID116324,278,113295,116324,77.39004008,0.12159953,0.879716091,8.79716091,40,28.17369248,199.6040295,0,
ID117259_ID115394,278,117259,115394,0.001845675,0.375993237,0.008592265,0.042961323,77.5,23.88141166,200.9268833,0,
ID118205_ID117887,278,118205,117887,9.92E-04,0.248110504,0.00629923,0.03149615,117.5,23.86713681,201.0443095,0,
ID124509_ID124302,278,124509,124302,0.097638567,0.104438031,0.062494341,0.312471706,232.5,23.99568944,200.9023754,0,
ID116933_ID116017,278,116933,116017,0.001474808,0.436685088,0.007680647,0.038403233,102.5,23.84584823,201.016258,0,
ID122295_ID121519,278,122295,121519,0.094421756,0.596740927,0.061456246,0.307281232,157.5,24.14277386,201.1305727,0,
ID115394_ID114441,278,115394,114441,0.00676467,0.264361431,0.016449523,0.082247613,82.5,23.83078274,200.9318498,0,
ID118809_ID119409,278,118809,119409,0.063592567,0.52527374,0.050435133,0.252175667,137.5,23.9236431,201.058338,0,
ID120980_ID121242,278,120980,121242,0.009712907,0.42386188,0.019710816,0.098554082,177.5,23.93267007,201.2327317,0,
ID121772_ID120980,278,121772,120980,0.013263927,0.498857795,0.023033825,0.115169123,172.5,23.88562883,201.2088115,0,
ID115073_ID116933,278,115073,116933,0.006961677,0.451620781,0.016687333,0.083436664,97.5,23.85807527,200.9840343,0,
ID114762_ID117259,278,114762,117259,0.004027267,0.287372772,0.01269215,0.063460751,72.5,23.86242019,200.9005625,0,
ID117580_ID118205,278,117580,118205,6.21E-04,0.408521632,0.004984071,0.024920357,112.5,23.8523174,201.026677,0,
ID114743_ID117241,279,114743,117241,4.497445043,0.096036738,0.42414361,2.120718049,72.5,268.4394054,188.7674039,0,
ID115997_ID117559,279,115997,117559,1.971053023,0.130120242,0.280788392,1.403941959,107.5,265.5659866,189.8896403,0,
ID119094_ID118796,279,119094,118796,1.204580552,0.351228875,0.21950677,1.09753385,132.5,264.5841332,190.2719335,0,
ID114427_ID115680,279,114427,115680,20.85707184,0.455215703,0.913390866,4.566954329,87.5,265.8636085,190.2769939,0,
ID115680_ID115056,279,115680,115056,1.100075449,0.353205835,0.209768963,1.048844816,92.5,263.8159691,189.3649418,0,
ID117241_ID115372,279,117241,115372,0.950290283,0.35203366,0.194965667,0.974828335,77.5,267.3688563,188.6215324,0,
ID118500_ID119094,279,118500,119094,0.779592016,0.528622118,0.176589016,0.882945081,127.5,264.4356076,190.8921671,0,
ID116609_ID111263,279,116609,111263,0.615135908,0.170579869,0.156861201,0.784306004,52.5,274.2835033,191.3045597,0,
ID118184_ID117864,279,118184,117864,0.476789338,0.362530825,0.138099868,0.690499339,117.5,264.7469893,190.6506298,0,
ID116315_ID116609,279,116315,116609,11.47526382,0.107584248,0.677503176,3.387515878,47.5,275.2249074,193.0395522,0,
ID112418_ID114743,279,112418,114743,1.522079678,0.033022565,0.246745187,1.233725933,67.5,269.6115456,189.9037215,0,
ID110961_ID112418,279,110961,112418,3.63630302,0.242655554,0.381381857,1.906909285,62.5,270.4907662,191.1986619,0,
ID115056_ID116913,279,115056,116913,0.854320787,0.342694561,0.18485895,0.924294751,97.5,263.5629014,188.768593,0,
ID117559_ID118184,279,117559,118184,1.617593582,0.351118478,0.254369305,1.271846525,112.5,265.3892739,190.7274266,0,
ID116913_ID115997,279,116913,115997,4.630630668,0.61439049,0.430378004,2.151890022,102.5,264.1387724,188.9866084,0,
ID111854_ID113585,279,111854,113585,7.068044876,NaN,0.531715897,2.658579485,22.5,277.3870109,199.4404637,0,
ID111263_ID110961,279,111263,110961,11.86773938,0.416025833,0.688991709,3.444958545,57.5,272.7199327,191.4358953,0,
ID113869_ID113294,279,113869,113294,0.560500917,0.292616867,0.149733218,0.748666092,32.5,275.7538069,197.8204683,0,
ID113585_ID113869,279,113585,113869,2.441864539,0.322217603,0.312529329,1.562646646,27.5,276.5931119,198.1506846,0,
ID113294_ID112731,279,113294,112731,1.40352707,0.177813721,0.236941096,1.184705478,37.5,276.0902283,197.0097423,0,
ID115372_ID114427,279,115372,114427,3.53233105,0.184576109,0.375889933,1.879449667,82.5,267.6419288,189.8860318,0,
ID112731_ID116315,279,112731,116315,4.801050058,0.168054648,0.438225972,2.191129859,42.5,276.3659917,195.4796609,0,
ID117864_ID118500,279,117864,118500,0.96675237,0.442651668,0.196647133,0.983235664,122.5,264.3507562,190.672765,0,
ID113589_ID113870,281,113589,113870,7.68583677,0.272302487,0.554466835,2.772334173,27.5,389.3547294,199.5787436,0,
ID113298_ID112733,281,113298,112733,3.726472269,0.063089298,0.386081456,1.93040728,37.5,386.4100458,199.5969695,0,
ID112733_ID116321,281,112733,116321,1.949339919,0.132487945,0.279237527,1.396187637,42.5,384.8415255,199.4511071,0,
ID116621_ID111271,281,116621,111271,0.289171046,0.595856524,0.107549253,0.537746265,52.5,383.1994737,197.9188751,0,
ID117254_ID115384,281,117254,115384,10.34782238,0.622459353,0.643360626,3.21680313,77.5,382.8751222,195.2181034,0,
ID111855_ID113589,281,111855,113589,5.414886273,NaN,0.465398164,2.326990819,22.5,387.9668185,200.9996702,0,
ID114752_ID117254,281,114752,117254,15.89558899,0.551159816,0.797385452,3.986927262,72.5,382.586553,194.9578109,0,
ID110969_ID112427,281,110969,112427,4.847636634,0.141147006,0.440346983,2.201734915,62.5,381.9701184,196.0972212,0,
ID112427_ID114752,281,112427,114752,2.071826034,0.071521344,0.287876782,1.439383908,67.5,381.3453014,194.4168057,0,
ID111271_ID110969,281,111271,110969,2.286141652,0.622411909,0.302399845,1.511999223,57.5,382.8067992,197.6302989,0,
ID113870_ID113298,281,113870,113298,6.398102109,0.446613987,0.505889399,2.529446997,32.5,388.4697199,198.816039,0,
ID116321_ID116621,281,116321,116621,3.419811248,0.072557348,0.369854633,1.849273167,47.5,383.6061858,198.439592,0,
ID113602_ID113017,286,113602,113017,8.797395713,0.352957566,0.593208082,2.96604041,32.5,273.6770527,19.40637238,0,
ID113017_ID112456,286,113017,112456,3.4871377,0.287782734,0.373477587,1.867387935,37.5,272.9337879,21.10427265,0,
ID111000_ID110706,286,111000,110706,14.69281454,0.444550626,0.766624146,3.833120731,57.5,270.2822386,24.2372349,0,
ID113309_ID113602,286,113309,113602,2.882188384,NaN,0.339540182,1.697700911,27.5,274.2447608,17.95301626,0,
ID112456_ID116037,286,112456,116037,7.11982458,0.503431334,0.533659988,2.668299942,42.5,272.1788217,21.35030329,0,
ID116037_ID116345,286,116037,116345,8.872764407,0.585540073,0.595743717,2.978718585,47.5,272.1528861,21.68790899,0,
ID116345_ID111000,286,116345,111000,18.25632968,0.48938994,0.854548528,4.272742642,52.5,271.1974928,22.67806981,0,
ID117281_ID117907,287,117281,117907,25.00189328,0.263473002,1.000037865,5.000189324,112.5,97.72583417,23.41427141,0,
ID114475_ID116969,287,114475,116969,6.675102789,0.326997723,0.516724406,2.583622029,72.5,109.2397682,32.83259859,0,
ID116355_ID111012,287,116355,111012,0.191046711,0.104005709,0.087417781,0.437088905,52.5,110.1894775,32.46067295,0,
ID111012_ID110711,287,111012,110711,10.1251167,0.62721668,0.636399771,3.181998853,57.5,109.3238745,31.39560274,0,
ID116969_ID115106,287,116969,115106,0.026426393,0.428792705,0.032512394,0.162561968,77.5,108.6522311,33.93545884,0,
ID112466_ID116049,287,112466,116049,14.56240562,0.148275979,0.763214403,3.816072015,42.5,110.0410773,28.18320857,0,
ID115725_ID117281,287,115725,117281,22.75833154,0.204814019,0.954113862,4.77056931,107.5,100.4608802,26.14373485,0,
ID110711_ID112148,287,110711,112148,0.75336146,0.42736079,0.173592795,0.867963974,62.5,108.1822375,30.57356999,0,
ID118224_ID118536,287,118224,118536,59.96244915,0.271397145,0.774354242,7.743542416,130,96.54263815,22.23588595,0,
ID117907_ID117598,287,117907,117598,6.070303025,0.335905966,0.492759699,2.463798495,117.5,95.55947024,21.86299245,0,
ID112148_ID114475,287,112148,114475,3.480021309,0.304326879,0.373096304,1.865481522,67.5,108.9145276,31.32315762,0,
ID114171_ID115430,287,114171,115430,3.392243061,0.623460101,0.368360859,1.841804295,87.5,110.110745,34.14443903,0,
ID118536_ID119136,287,118536,119136,0.316276973,0.48334,0.112477015,0.562385076,137.5,99.8981478,23.71246278,0,
ID116049_ID116355,287,116049,116355,5.150866627,0.072985697,0.453910415,2.269552076,47.5,109.8599131,31.17331318,0,
ID115430_ID116650,287,115430,116650,81.37301282,0.036245567,0.902069913,9.020699131,95,105.4501892,31.45408798,0,
ID113605_ID113024,287,113605,113024,8.977639458,NaN,0.599254185,2.996270925,32.5,111.9178314,23.34837096,0,
ID117598_ID118224,287,117598,118224,8.698453096,0.377473481,0.589862801,2.949314004,122.5,94.39572516,20.76444,0,
ID116650_ID115725,287,116650,115725,1.137696829,0.029413828,0.213325744,1.066628721,102.5,101.2048218,28.74051704,0,
ID115106_ID114171,287,115106,114171,5.991781432,0.466221233,0.489562312,2.44781156,82.5,109.8089761,34.10686511,0,
ID113024_ID112466,287,113024,112466,8.739295214,0.312742213,0.59124598,2.956229899,37.5,111.6043727,25.43699647,0,
ID113018_ID112458,289,113018,112458,5.171939726,0.555795186,0.454837981,2.274189905,37.5,156.3929301,22.12256198,0,
ID116036_ID116344,289,116036,116344,15.52487995,0.527042111,0.788032485,3.940162427,47.5,157.7744261,21.08926152,0,
ID116344_ID110998,289,116344,110998,4.062901452,0.194099733,0.403132805,2.015664023,52.5,155.1102741,20.88329373,0,
ID112458_ID116036,289,112458,116036,12.42890773,0.329419256,0.705093121,3.525465605,42.5,158.3934393,21.81825797,0,
ID110998_ID110699,289,110998,110699,0.23982061,0.577819026,0.097942965,0.489714826,57.5,154.4956957,20.41417392,0,
ID113610_ID113018,289,113610,113018,14.84334487,NaN,0.770541235,3.852706175,32.5,156.2690996,23.06727141,0,
ID111299_ID111579,290,111299,111579,2.576573188,0.173620686,0.321034153,1.605170766,17.5,137.3651907,26.01753103,0,
ID116043_ID116343,290,116043,116343,23.00379514,0.311563688,0.959245435,4.796227177,47.5,138.112617,21.77489811,0,
ID114462_ID116946,290,114462,116946,3.746463549,0.476016638,0.38711567,1.93557835,72.5,136.1707628,18.04979383,0,
ID113021_ID112460,290,113021,112460,0.508550652,0.526360482,0.142625475,0.713127374,37.5,135.6588583,23.48133048,0,
ID110990_ID110692,290,110990,110692,9.730858299,0.400003549,0.623886474,3.119432368,57.5,137.923474,17.37969462,0,
ID112132_ID114462,290,112132,114462,1.7996891,0.305264482,0.268304983,1.341524916,67.5,136.8392126,18.04979383,0,
ID111579_ID113323,290,111579,113323,2.563916893,0.305702864,0.320244712,1.601223561,22.5,136.5514639,26.84050881,0,
ID113613_ID113021,290,113613,113021,11.3695633,0.227185801,0.674375661,3.371878304,32.5,135.3398806,24.82979894,0,
ID116343_ID110990,290,116343,110990,5.020719077,0.04910272,0.448139223,2.240696114,52.5,139.0169428,18.39841595,0,
ID110692_ID112132,290,110692,112132,0.198588945,0.628318531,0.089126639,0.445633195,62.5,136.5865744,17.37969462,0,
ID112460_ID116043,290,112460,116043,3.622857241,0.199330331,0.380676095,1.903380477,42.5,136.736685,23.97096513,0,
ID112750_ID111865,290,112750,111865,0.962504944,NaN,0.196214673,0.981073363,2.5,140.7922869,21.96765471,0,
ID113323_ID113613,290,113323,113613,0.47426795,0.113371185,0.13773423,0.688671148,27.5,135.4559954,26.68361049,0,
ID111865_ID111299,290,111865,111299,25.42148134,0.234631525,0.504197197,5.04197197,10,139.3292336,23.61809905,0,
ID111582_ID113324,291,111582,113324,2.525916557,0.1509206,0.317862647,1.589313235,22.5,61.34103036,27.3398947,0,
ID113025_ID112463,291,113025,112463,3.083688423,0.265039227,0.35120868,1.7560434,37.5,55.42989362,25.29862035,0,
ID113324_ID113615,291,113324,113615,2.526381918,0.035490519,0.317891926,1.589459631,27.5,59.7846856,27.6299044,0,
ID113615_ID113025,291,113615,113025,16.01429426,0.177784208,0.800357277,4.001786383,32.5,57.59012152,26.27954651,0,
ID111300_ID111582,291,111300,111582,7.368920485,NaN,0.542915113,2.714575563,17.5,63.30914156,27.75441756,0,
ID113030_ID112471,292,113030,112471,66.58330892,0.490452615,1.631971923,8.159859614,37.5,54.68057348,31.67862161,0,
ID113616_ID113030,292,113616,113030,4.71784868,NaN,0.434412186,2.172060929,32.5,53.19519131,28.71543452,0,
ID112471_ID116057,292,112471,116057,5.758814227,0.343288701,0.47995059,2.399752951,42.5,56.19293316,35.47036652,0,
ID113625_ID113041,295,113625,113041,3.777017186,0.284048336,0.388690992,1.943454961,32.5,234.6147497,38.15985225,0,
ID112476_ID116058,295,112476,116058,3.198558745,0.318058097,0.357690299,1.788451494,42.5,233.411401,38.44994543,0,
ID113335_ID113625,295,113335,113625,2.137821403,NaN,0.292425813,1.462129065,27.5,235.6213643,37.33611915,0,
ID113041_ID112476,295,113041,112476,0.479981755,0.191701757,0.138561431,0.692807155,37.5,234.0023067,39.19719994,0,
ID113338_ID113624,296,113338,113624,8.490884075,NaN,0.582782432,2.91391216,27.5,204.4608925,37.65977168,0,
ID113624_ID113038,296,113624,113038,2.384148719,0.527058752,0.308813777,1.544068884,32.5,203.5976474,37.73821635,0,
ID116062_ID116368,296,116062,116368,0.725764524,0.238508135,0.170383629,0.851918144,47.5,201.6165426,41.43732081,0,
ID113038_ID112477,296,113038,112477,3.250608164,0.297090663,0.360588861,1.802944304,37.5,203.4679686,38.96724866,0,
ID116368_ID111024,296,116368,111024,2.538684904,0.014136665,0.318665022,1.593325109,52.5,202.0661881,42.57351085,0,
ID112477_ID116062,296,112477,116062,4.01408594,0.001463112,0.400703678,2.00351839,42.5,202.1388304,40.32946484,0,
ID111024_ID110731,296,111024,110731,0.392914866,0.238099207,0.125365843,0.626829216,57.5,202.107996,43.53086051,0,
ID113332_ID113627,297,113332,113627,5.076213128,NaN,0.45060906,2.253045301,27.5,285.753635,36.8947882,0,
ID112474_ID116056,297,112474,116056,22.13088094,0.261023362,0.940869405,4.704347026,42.5,281.5141065,35.82876628,0,
ID116360_ID111016,297,116360,111016,0.724437457,0.05542386,0.170227784,0.851138918,52.5,277.232636,35.59671216,0,
ID113627_ID113037,297,113627,113037,1.902462393,0.314431614,0.275859558,1.37929779,32.5,284.6032848,37.54228129,0,
ID111016_ID110718,297,111016,110718,0.270592449,0.264407058,0.104037003,0.520185015,57.5,276.6960327,35.47294783,0,
ID113037_ID112474,297,113037,112474,1.197763511,0.184075281,0.218884765,1.094423826,37.5,283.9246198,36.66393171,0,
ID116056_ID116360,297,116056,116360,2.358718714,0.019344332,0.307162414,1.53581207,47.5,278.4126998,35.51366514,0,
ID112480_ID116061,298,112480,116061,4.336551582,0.150737617,0.416487771,2.082438854,42.5,356.0408384,40.6908265,0,
ID113631_ID113048,298,113631,113048,4.580481158,0.43241613,0.428041174,2.140205868,32.5,360.2995408,41.28419499,0,
ID116367_ID111019,298,116367,111019,1.89734216,0.310600707,0.275488088,1.377440438,52.5,351.640094,40.11822323,0,
ID113348_ID113631,298,113348,113631,15.75544908,0.28333039,0.793862685,3.969313427,27.5,361.0427237,42.75523069,0,
ID113917_ID111604,298,113917,111604,56.38820517,0.059898804,0.750920803,7.509208026,15,364.2487351,47.90142978,0,
ID116061_ID116367,298,116061,116367,13.37958347,0.222518391,0.731562259,3.657811295,47.5,353.5932713,40.33992472,0,
ID113048_ID112480,298,113048,112480,7.067313952,0.120759969,0.531688403,2.658442016,37.5,358.0346507,41.63636166,0,
ID111604_ID113348,298,111604,113348,1.125832081,0.125675359,0.212210469,1.061052346,22.5,361.3548887,44.86382986,0,
ID111901_ID113917,298,111901,113917,18.90253614,NaN,0.86954094,4.347704698,7.5,368.7154345,51.41615681,0,
ID114174_ID115438,299,114174,115438,4.822749376,0.005662988,0.439215181,2.196075904,87.5,248.3707224,38.92915551,0,
ID116365_ID111020,299,116365,111020,1.016906612,0.233186904,0.201683575,1.008417876,52.5,245.2626534,39.69935692,0,
ID112484_ID116066,299,112484,116066,0.027803272,0.012381586,0.033348627,0.166743133,42.5,244.8923714,42.74290884,0,
ID115438_ID114798,299,115438,114798,11.5364081,0.336976711,0.679305766,3.396528831,92.5,247.9181852,37.06893198,0,
ID116660_ID115733,299,116660,115733,6.340992458,0.381498023,0.503626546,2.518132732,102.5,245.7597899,35.07184553,0,
ID115733_ID117298,299,115733,117298,6.264715604,0.331848623,0.500588278,2.50294139,107.5,244.4483719,36.14573788,0,
ID110724_ID112163,299,110724,112163,0.36047951,0.183515845,0.120079892,0.600399459,62.5,242.73219,40.6213681,0,
ID113633_ID113047,299,113633,113047,1.751681559,0.008773137,0.264702215,1.323511073,32.5,248.0147469,41.78732986,0,
ID113047_ID112484,299,113047,112484,6.400823136,0.037832698,0.505996962,2.529984809,37.5,246.1645921,42.29666261,0,
ID116066_ID116365,299,116066,116365,8.263672601,0.392190693,0.574932086,2.874660432,47.5,244.8078473,41.3377142,0,
ID111020_ID110724,299,111020,110724,9.031729244,0.623619713,0.601056711,3.005283555,57.5,244.3614812,40.12967668,0,
ID116978_ID115114,299,116978,115114,4.188815024,0.258345974,0.409331896,2.046659479,77.5,245.1231108,41.53378642,0,
ID113343_ID113633,299,113343,113633,1.001090142,NaN,0.200108985,1.000544923,27.5,249.1673668,41.64193593,0,
ID114798_ID116660,299,114798,116660,0.609985511,0.26435595,0.156203138,0.781015692,97.5,246.8272669,35.59469277,0,
ID115114_ID114174,299,115114,114174,4.204591197,0.02776143,0.410101997,2.050509985,82.5,246.7706056,40.32453963,0,
ID117298_ID117924,299,117298,117924,2.135421319,0.578921307,0.292261617,1.461308085,112.5,244.5986932,36.69723621,0,
ID112163_ID114488,299,112163,114488,0.024472408,0.047024417,0.031287319,0.156436593,67.5,242.4076103,40.43017161,0,
ID114488_ID116978,299,114488,116978,6.54218084,0.626527545,0.511553745,2.557768723,72.5,243.3034341,41.22961322,0,
ID116063_ID116369,300,116063,116369,7.763370647,0.028196002,0.557256517,2.786282586,47.5,436.2126695,41.56622571,0,
ID113636_ID113046,300,113636,113046,1.89176518,NaN,0.27508291,1.375414549,32.5,441.1381378,41.63192694,0,
ID113046_ID112478,300,113046,112478,4.751366691,0.13348763,0.435952598,2.17976299,37.5,439.9134872,40.4750458,0,
ID112478_ID116063,300,112478,116063,5.441655204,0.327628732,0.466547112,2.332735562,42.5,438.3906635,40.2338644,0,
ID116369_ID111027,300,116369,111027,2.873645927,0.233024616,0.339036631,1.695183154,52.5,435.0470167,43.06037942,0,
ID111027_ID110729,300,111027,110729,8.162807316,0.37450604,0.571412542,2.857062708,57.5,436.440175,43.37434591,0,
ID115112_ID114173,301,115112,114173,4.856850124,0.010521856,0.440765249,2.203826246,82.5,384.6156502,39.9470609,0,
ID116373_ID111026,301,116373,111026,4.809502897,0.281276359,0.438611577,2.193057887,52.5,383.9468443,44.36721118,0,
ID116976_ID115112,301,116976,115112,0.543614817,0.566812695,0.147460478,0.737302392,77.5,383.5569274,40.96713016,0,
ID110725_ID112160,301,110725,112160,5.851214668,0.148062781,0.483785683,2.418928413,62.5,384.0909238,40.37623213,0,
ID114485_ID116976,301,114485,116976,6.53706168,0.468347376,0.511353564,2.556767819,72.5,383.9343202,40.11307583,0,
ID113050_ID112485,301,113050,112485,0.457322097,0.426000823,0.135251188,0.67625594,37.5,387.127182,42.9089446,0,
ID111026_ID110725,301,111026,110725,5.324017839,0.252350877,0.461476666,2.307383332,57.5,383.7805165,42.557449,0,
ID111605_ID113351,301,111605,113351,68.66351474,0.127209439,1.657269016,8.286345078,22.5,394.1169381,45.36141981,0,
ID111320_ID111605,301,111320,111605,7.76331604,NaN,0.557254557,2.786272786,17.5,399.4388339,45.09550289,0,
ID115435_ID114796,301,115435,114796,2.6165643,0.087520815,0.323515953,1.617579766,92.5,387.0193856,36.38623277,0,
ID113639_ID113050,301,113639,113050,8.881145038,0.108084797,0.596025001,2.980125004,32.5,388.3837158,43.37922017,0,
ID116071_ID116373,301,116071,116373,2.13793142,0.035115477,0.292433337,1.462166687,47.5,385.2999508,44.77755527,0,
ID114173_ID115435,301,114173,115435,6.11072908,0.031489839,0.494397778,2.471988892,87.5,386.1305473,38.17584524,0,
ID112485_ID116071,301,112485,116071,2.744272737,0.160868634,0.331316932,1.65658466,42.5,386.5175923,43.81299212,0,
ID112160_ID114485,301,112160,114485,0.610173791,0.311075787,0.156227244,0.781136218,67.5,384.207237,39.10486143,0,
ID113351_ID113639,301,113351,113639,0.671594334,0.20156618,0.163901719,0.819508593,27.5,389.816235,44.55530338,0,
ID111326_ID111606,302,111326,111606,5.058460275,NaN,0.449820421,2.249102104,17.5,255.5081043,47.05856377,0,
ID113054_ID112494,302,113054,112494,9.31419808,0.071238752,0.610383423,3.051917116,37.5,246.5656836,50.30037875,0,
ID111606_ID113350,302,111606,113350,9.445914926,0.03696029,0.614684144,3.073420721,22.5,253.2866336,45.61338886,0,
ID113641_ID113054,302,113641,113054,1.876165347,0.138396988,0.27394637,1.369731852,32.5,247.6428893,48.40402019,0,
ID113350_ID113641,302,113350,113641,25.11569743,0.221481219,1.002311278,5.011556388,27.5,249.8813677,46.31118891,0,
ID113349_ID113640,303,113349,113640,20.6054228,0.215842143,0.907863928,4.539319641,27.5,383.6242674,45.68033181,0,
ID113640_ID113052,303,113640,113052,4.516557984,0.627215664,0.425043903,2.125219514,32.5,382.5790944,46.28419994,0,
ID111602_ID113349,303,111602,113349,2.161349039,NaN,0.294030545,1.470152726,22.5,385.5566346,43.80079056,0,
ID116986_ID115122,304,116986,115122,7.145350049,0.325372565,0.534615752,2.673078758,77.5,54.37977703,47.95667599,0,
ID116081_ID116389,304,116081,116389,11.056431,0.266944992,0.66502424,3.325121201,47.5,65.17552442,55.22988477,0,
ID117630_ID118258,304,117630,118258,3.834183488,0.092040789,0.391621424,1.958107119,122.5,44.28622817,54.21715134,0,
ID110741_ID112172,304,110741,112172,11.52274242,0.037565222,0.678903304,3.394516522,62.5,59.52397695,49.30586153,0,
ID117943_ID117630,304,117943,117630,10.88594764,0.141409552,0.65987719,3.29938595,117.5,45.95134675,52.2673778,0,
ID112498_ID116081,304,112498,116081,0.081158971,0.196895162,0.056976827,0.284884136,42.5,66.8597081,55.47216421,0,
ID113061_ID112498,304,113061,112498,11.19932319,0.016945233,0.669307797,3.346538986,37.5,68.58302741,55.1344625,0,
ID113363_ID113647,304,113363,113647,18.39514627,0.49431046,0.857791263,4.288956314,27.5,73.46041411,56.36970553,0,
ID114808_ID116670,304,114808,116670,0.410814723,0.18050995,0.12818966,0.6409483,97.5,51.29808579,49.14081285,0,
ID115751_ID117314,304,115751,117314,0.998004654,0.574162627,0.199800366,0.999001829,107.5,51.3005527,51.7566769,0,
ID113647_ID113061,304,113647,113061,5.507631089,0.267357321,0.469366854,2.34683427,32.5,71.39054209,54.6790507,0,
ID113913_ID111620,304,113913,111620,43.6078229,0.297623811,0.660362195,6.603621953,15,75.88971119,52.82544982,0,
ID114495_ID116986,304,114495,116986,6.585970078,0.106652335,0.513262899,2.566314493,72.5,55.69651819,46.72915145,0,
ID118258_ID118858,304,118258,118858,4.285655404,0.503923055,0.414036491,2.070182457,127.5,43.67900756,54.09887194,0,
ID118858_ID118562,304,118858,118562,6.518513729,0.139777313,0.510627603,2.553138016,132.5,44.07355347,51.96145711,0,
ID111897_ID113913,304,111897,113913,2.01873692,NaN,0.284164524,1.420822621,7.5,76.54503922,50.30555175,0,
ID116389_ID111036,304,116389,111036,7.305893847,0.180584401,0.540588341,2.702941703,52.5,62.97469207,53.63928298,0,
ID111036_ID110741,304,111036,110741,6.52870971,0.075276841,0.511026798,2.555133991,57.5,61.46075088,51.54689249,0,
ID114181_ID114808,304,114181,114808,0.169617653,0.182378543,0.041184664,0.411846637,90,51.5549244,48.7396619,0,
ID117314_ID117943,304,117314,117943,17.55669458,0.355480513,0.83801419,4.190070952,112.5,49.31475453,51.24098815,0,
ID111620_ID113363,304,111620,113363,5.691125977,0.014787567,0.477121619,2.385608094,22.5,74.64940213,57.14305065,0,
ID112172_ID114495,304,112172,114495,3.598041595,0.064165254,0.379370088,1.896850441,67.5,57.74814319,47.387064,0,
ID116670_ID115751,304,116670,115751,8.478648981,0.193278126,0.582362395,2.911811975,102.5,51.1177299,50.79009383,0,
ID115122_ID114181,304,115122,114181,8.326432905,0.361672674,0.577111182,2.885555909,82.5,52.94961579,48.9132132,0,
ID113059_ID112500,305,113059,112500,10.67326869,0.26904021,0.653399378,3.266996892,37.5,185.4574052,54.79949743,0,
ID113649_ID113059,305,113649,113059,6.225970853,NaN,0.499037908,2.495189542,32.5,187.723513,54.76362151,0,
ID111908_ID111335,306,111908,111335,7.787060492,0.129034523,0.27905305,2.790530504,10,295.7041048,57.24078422,0,
ID116683_ID115760,306,116683,115760,0.034739523,0.002343261,0.037277083,0.186385415,102.5,278.5524023,59.06677744,0,
ID111335_ID111619,306,111335,111619,1.302258364,0.272035459,0.228233071,1.141165354,17.5,295.0871226,55.74929425,0,
ID114515_ID117001,306,114515,117001,13.441168,0.393271642,0.73324397,3.666219851,72.5,283.5055145,62.43321416,0,
ID117001_ID115138,306,117001,115138,0.145041848,0.226211997,0.07616872,0.3808436,77.5,281.7009092,61.77204379,0,
ID114195_ID115458,306,114195,115458,0.28711449,0.366716122,0.107166131,0.535830654,87.5,279.8766515,60.32147773,0,
ID112787_ID111908,306,112787,111908,8.101884707,NaN,0.569276197,2.846380984,2.5,297.9225038,57.62833836,0,
ID117325_ID117955,306,117325,117955,0.111509224,0.507489482,0.066785994,0.333929969,112.5,277.3024632,59.58717412,0,
ID111044_ID112191,306,111044,112191,35.82266863,0.090016094,0.598520414,5.985204143,60,284.8621756,61.32557152,0,
ID115138_ID114195,306,115138,114195,5.5400643,0.266042424,0.470746824,2.353734118,82.5,280.6101813,61.19033754,0,
ID116392_ID111044,306,116392,111044,1.632784118,0.150177397,0.255560883,1.277804413,52.5,286.2504244,58.19297547,0,
ID112191_ID114515,306,112191,114515,2.199426034,0.51512273,0.29660924,1.483046201,67.5,284.6128211,63.71246254,0,
ID115760_ID117325,306,115760,117325,2.032501722,0.1585967,0.285131669,1.425658347,107.5,277.8672031,59.44166922,0,
ID113064_ID112504,306,113064,112504,0.351626778,0.167533418,0.118596253,0.592981263,37.5,291.2200996,58.28689698,0,
ID111619_ID113358,306,111619,113358,0.73027509,0.193210723,0.170912269,0.854561344,22.5,295.8435671,55.28761355,0,
ID115458_ID114824,306,115458,114824,5.394814593,0.289730119,0.464534804,2.322674018,92.5,279.4841978,59.16290866,0,
ID113358_ID113650,306,113358,113650,9.758686075,0.599942624,0.624777915,3.123889575,27.5,294.7223982,55.49702921,0,
ID116085_ID116392,306,116085,116392,2.605479938,0.06448557,0.322829982,1.614149912,47.5,287.5967933,58.22147469,0,
ID114824_ID116683,306,114824,116683,0.74266757,0.449054602,0.172356325,0.861781626,97.5,278.7334137,58.57495136,0,
ID112504_ID116085,306,112504,116085,8.425886241,0.344304027,0.580547543,2.902737715,42.5,289.8055005,58.53999825,0,
ID113650_ID113064,306,113650,113064,9.206926239,0.144764702,0.606858344,3.03429172,32.5,292.1789425,56.84735002,0,
ID113364_ID113653,307,113364,113653,1.282605277,0.186676741,0.226504329,1.132521645,27.5,347.6948392,58.63516436,0,
ID113653_ID113069,307,113653,113069,7.405900771,0.033636753,0.544275694,2.721378469,32.5,346.0405636,59.61228549,0,
ID111041_ID110746,307,111041,110746,0.535240393,0.303542163,0.146320251,0.731601253,57.5,340.114691,54.34483625,0,
ID111628_ID113364,307,111628,113364,7.201309529,NaN,0.536705116,2.683525578,22.5,349.4339482,58.66354011,0,
ID110746_ID112176,307,110746,112176,0.065335606,0.01382787,0.051121661,0.255608306,62.5,339.6253998,54.40821152,0,
ID116393_ID111041,307,116393,111041,15.22423422,0.183532225,0.780364895,3.901824473,52.5,340.8637463,56.20346955,0,
ID116087_ID116393,307,116087,116393,8.704971817,0.055681461,0.590083784,2.950418922,47.5,342.577124,58.76168089,0,
ID113069_ID116087,307,113069,116087,1.572419841,0.121592441,0.125396166,1.253961658,40,344.3697943,59.82671967,0,
ID114196_ID115459,308,114196,115459,1.239510879,0.581425242,0.222666646,1.113333229,87.5,327.4561163,62.82694502,0,
ID118863_ID118567,308,118863,118567,1.544071796,0.101294486,0.248521371,1.242606855,132.5,327.4117397,55.45960894,0,
ID117007_ID115141,308,117007,115141,3.447380799,0.580062092,0.371342473,1.856712363,77.5,326.4988919,63.61595476,0,
ID116095_ID116399,308,116095,116399,8.842856666,0.057884092,0.594738822,2.973694111,47.5,328.2803296,63.07523611,0,
ID110756_ID112189,308,110756,112189,2.449817691,0.131197561,0.313037869,1.565189347,62.5,325.8839093,63.83517592,0,
ID121563_ID120709,308,121563,120709,0.739433766,0.517885933,0.171980669,0.859903347,172.5,326.3999597,51.84064078,0,
ID119741_ID121563,308,119741,121563,6.056163795,0.438872739,0.492185485,2.460927426,167.5,325.8994672,52.58061779,0,
ID120510_ID120263,308,120510,120263,5.148767542,0.40297205,0.453817917,2.269089584,187.5,322.6653548,51.02286078,0,
ID118567_ID119164,308,118567,119164,0.530594625,0.388882965,0.145683853,0.728419265,137.5,327.277202,54.88048509,0,
ID114516_ID117007,308,114516,117007,1.840097501,0.382926853,0.271300387,1.356501936,72.5,326.700537,63.85755623,0,
ID112189_ID114516,308,112189,114516,0.119521243,0.110074026,0.069143689,0.345718445,67.5,326.5921496,63.22580337,0,
ID117332_ID117953,308,117332,117953,78.64551298,0.386677436,1.773646109,8.868230544,112.5,323.5566124,61.39249615,0,
ID113068_ID112509,308,113068,112509,8.264539907,0.117341511,0.574962256,2.874811282,37.5,332.520876,60.96389873,0,
ID113652_ID113068,308,113652,113068,6.025290502,NaN,0.490929343,2.454646716,32.5,334.291088,59.12621498,0,
ID120007_ID122051,308,120007,122051,10.89984161,0.621402179,0.660298163,3.301490816,152.5,327.7973452,53.12781393,0,
ID112509_ID116095,308,112509,116095,3.432676364,0.04657727,0.370549665,1.852748327,42.5,330.3994524,61.97143202,0,
ID116399_ID111053,308,116399,111053,6.751927775,0.069878652,0.519689437,2.598447185,52.5,325.7842881,64.21476949,0,
ID117953_ID117637,308,117953,117637,1.268184538,0.301782527,0.2252274,1.126136998,117.5,327.0241531,58.51788313,0,
ID121289_ID119741,308,121289,119741,4.272289091,0.464045418,0.413390328,2.066951642,162.5,326.4817828,53.45118942,0,
ID119459_ID120007,308,119459,120007,13.25229147,0.344412081,0.728073938,3.640369689,147.5,327.6471044,53.22645631,0,
ID119164_ID119459,308,119164,119459,0.202400069,0.102077565,0.08997779,0.449888952,142.5,326.7172745,54.76778488,0,
ID111053_ID110756,308,111053,110756,0.688092648,0.610265438,0.1659027,0.829513501,57.5,324.9328384,64.46316966,0,
ID114828_ID115769,308,114828,115769,18.16191153,0.139521289,0.426167943,4.261679426,100,324.304385,63.89408161,0,
ID120709_ID120510,308,120709,120510,19.14424203,0.183883752,0.437541336,4.375413355,180,324.3063613,52.13986935,0,
ID117637_ID118262,308,117637,118262,5.72391613,0.563962972,0.478494143,2.392470717,122.5,326.8250613,57.86183104,0,
ID115141_ID114196,308,115141,114196,2.694164034,0.391683796,0.328278177,1.641390884,82.5,327.154533,62.88825715,0,
ID115459_ID114828,308,115459,114828,2.963345122,0.028393782,0.344287387,1.721436935,92.5,326.1437187,62.30068265,0,
ID118262_ID118863,308,118262,118863,1.635360457,0.288498499,0.255762425,1.278812127,127.5,326.6871821,56.44178016,0,
ID122051_ID121289,308,122051,121289,2.10992514,0.594968544,0.290511627,1.452558136,157.5,327.1479335,53.81057403,0,
ID115769_ID117332,308,115769,117332,8.897252461,0.292102309,0.596565251,2.982826254,107.5,321.901644,65.1945309,0,
ID116397_ID110754,309,116397,110754,25.33111982,0.081175588,0.503300306,5.033003062,55,445.1635728,62.13632155,0,
ID113656_ID113072,309,113656,113072,3.62291543,0.152205845,0.380679153,1.903395763,32.5,453.4155598,60.8582242,0,
ID116093_ID116397,309,116093,116397,5.995614483,0.110205493,0.489718878,2.448594389,47.5,448.590316,61.56196413,0,
ID113368_ID113656,309,113368,113656,3.201884822,0.317506567,0.357876226,1.789381128,27.5,454.9881937,60.17545468,0,
ID112188_ID114513,309,112188,114513,0.280684109,0.193537396,0.105959258,0.52979629,67.5,442.4907418,62.3346725,0,
ID113072_ID116093,309,113072,116093,9.329427466,0.061392047,0.305441115,3.054411149,40,451.2307389,61.77512777,0,
ID111633_ID113368,309,111633,113368,0.198588945,NaN,0.089126639,0.445633195,22.5,455.8827589,60.38329798,0,
ID110754_ID112188,309,110754,112188,0.553239721,0.361868979,0.148760172,0.743800861,62.5,442.8017158,62.80746587,0,
ID113077_ID112501,310,113077,112501,69.70637798,0.333338742,1.669806911,8.349034554,37.5,399.659682,61.07919859,0,
ID113659_ID113077,310,113659,113077,2.192037588,0.296222514,0.296110627,1.480553136,32.5,400.586314,65.14419086,0,
ID113371_ID113659,310,113371,113659,7.907801403,0.387119343,0.562416266,2.812081329,27.5,401.2450879,63.63507762,0,
ID112501_ID116084,310,112501,116084,4.706879859,0.336031217,0.433906896,2.16953448,42.5,398.3942127,57.0775202,0,
ID111349_ID111637,310,111349,111637,1.154880465,NaN,0.21493073,1.074653649,17.5,403.9234391,63.49530277,0,
ID116084_ID116391,310,116084,116391,8.184682542,0.042290633,0.572177684,2.860888418,47.5,395.8943559,57.1663046,0,
ID111637_ID113371,310,111637,113371,6.796110897,0.145835064,0.521387031,2.606935154,22.5,402.4115568,62.63127009,0,
ID111052_ID110755,312,111052,110755,2.373538694,0.410127924,0.308125864,1.540629318,57.5,375.5156538,63.79638511,0,
ID113073_ID112512,312,113073,112512,13.81940991,0.480167288,0.743489339,3.717446693,37.5,376.1092108,63.20446894,0,
ID113662_ID113073,312,113662,113073,16.63520631,NaN,0.815725599,4.078627993,32.5,374.861463,63.88438523,0,
ID114519_ID117003,312,114519,117003,6.124799353,0.410559672,0.494966639,2.474833197,72.5,366.511385,64.20233959,0,
ID112186_ID114519,312,112186,114519,26.6652913,0.217092211,1.032768925,5.163844624,67.5,368.7095446,63.56705484,0,
ID112512_ID116402,312,112512,116402,6.529413318,0.050719622,0.255527167,2.555271672,45,377.6848156,65.80375686,0,
ID116402_ID111052,312,116402,111052,19.20438838,0.513045092,0.876456237,4.382281185,52.5,376.3910451,65.54846863,0,
ID110755_ID112186,312,110755,112186,35.68120751,0.499463007,1.194674977,5.973374884,62.5,373.3925131,62.64442914,0,
ID113320_ID113609,315,113320,113609,27.56420462,NaN,1.050032468,5.250162342,27.5,432.1226372,24.75014611,0,
ID111338_ID111617,318,111338,111617,18.74546801,0.335754863,0.865920736,4.329603679,17.5,232.1050495,55.66366331,0,
ID116995_ID115134,318,116995,115134,9.527892789,0.175579675,0.617345699,3.086728493,77.5,216.3077108,57.48491301,0,
ID116079_ID116387,318,116079,116387,1.748309161,0.180715212,0.264447285,1.322236424,47.5,225.959931,53.83253841,0,
ID112490_ID116079,318,112490,116079,13.85165365,0.540852605,0.744356196,3.721780978,42.5,226.5111865,51.57008394,0,
ID115134_ID114191,318,115134,114191,5.77940099,0.446935666,0.480807695,2.404038475,82.5,215.1014589,57.19239533,0,
ID116682_ID115756,318,116682,115756,2.213997124,0.462752047,0.297590129,1.487950646,102.5,217.6378287,57.91636485,0,
ID113646_ID112490,318,113646,112490,19.22840546,0.030717095,0.438502058,4.385020577,35,227.4379063,51.7084225,0,
ID111617_ID113357,318,111617,113357,7.92058606,0.429951946,0.562870716,2.814353578,22.5,230.8166217,54.37025456,0,
ID113923_ID111338,318,113923,111338,42.87054403,0.553925346,1.309512032,6.547560159,12.5,235.497584,57.20222968,0,
ID112180_ID114508,318,112180,114508,2.275067681,0.268804618,0.30166655,1.508332749,67.5,219.8565127,56.3852823,0,
ID112791_ID111905,318,112791,111905,17.13325103,NaN,0.827846629,4.139233145,2.5,239.6209504,58.18630148,0,
ID113357_ID113646,318,113357,113646,4.201563469,0.300312789,0.409954313,2.049771565,27.5,229.0222021,54.47090072,0,
ID111905_ID113923,318,111905,113923,1.06486831,0.409134499,0.206384913,1.031924566,7.5,238.2757695,56.85832524,0,
ID116387_ID111037,318,116387,111037,8.561217512,0.251282826,0.585191166,2.925955829,52.5,224.2301492,53.40427434,0,
ID114191_ID114825,318,114191,114825,13.66495969,0.286182606,0.369661463,3.696614626,90,215.5918603,57.78396493,0,
ID117321_ID117948,318,117321,117948,3.249260265,0.037065767,0.360514092,1.802570461,112.5,212.8329004,56.03012597,0,
ID117948_ID117633,318,117948,117633,2.762559176,0.222746656,0.332418963,1.662094816,117.5,211.361886,56.01708223,0,
ID114825_ID116682,318,114825,116682,7.512071302,0.378021206,0.548163162,2.74081581,97.5,217.1986553,58.84332048,0,
ID110748_ID112180,318,110748,112180,9.453642021,0.346242157,0.61493551,3.074677548,62.5,221.6391575,55.86020572,0,
ID115756_ID117321,318,115756,117321,12.49134025,0.018430606,0.706861804,3.534309021,107.5,215.2625745,57.10841478,0,
ID111037_ID110748,318,111037,110748,12.06132536,0.442879815,0.694588378,3.472941888,57.5,223.0954199,54.30932103,0,
ID114508_ID116995,318,114508,116995,4.450787096,0.294441576,0.421937772,2.109688862,72.5,218.5776339,56.83532509,0,
ID113401_ID113689,321,113401,113689,24.60716188,NaN,0.992112128,4.960560642,27.5,156.1085833,84.68229074,0,
ID111690_ID113426,322,111690,113426,8.860259257,0.592392563,0.595323753,2.976618763,22.5,316.0214048,98.91962954,0,
ID113710_ID113132,322,113710,113132,43.17085566,0.476753068,1.314090646,6.570453231,32.5,316.4613836,100.8058719,0,
ID113426_ID113710,322,113426,113710,19.1394771,0.57352048,0.874973762,4.374868809,27.5,315.1664268,98.94535494,0,
ID111964_ID113984,322,111964,113984,29.57826006,NaN,1.087717979,5.438589896,7.5,323.2773492,96.69131925,0,
ID113132_ID112559,322,113132,112559,18.95171047,0.266546952,0.870671246,4.353356231,37.5,320.6510249,99.64390003,0,
ID113984_ID111690,322,113984,111690,48.26146993,0.0881099,0.694704757,6.947047569,15,317.8162025,97.97828019,0,
ID112559_ID116151,322,112559,116151,5.382571683,0.613414148,0.4640074,2.320037,42.5,321.0412365,98.69767186,0,
ID112263_ID114593,323,112263,114593,0.293942519,0.497652705,0.108432932,0.54216466,67.5,202.7095821,110.311102,0,
ID117087_ID115217,323,117087,115217,7.043824689,0.130072915,0.530804095,2.654020476,77.5,200.6049381,110.5952272,0,
ID111992_ID114011,323,111992,114011,0.82074723,0.283201024,0.181190202,0.905951008,7.5,229.1132411,114.8539215,0,
ID114269_ID115523,323,114269,115523,0.827995491,0.032723347,0.181988515,0.909942576,87.5,193.4919446,108.5200645,0,
ID110826_ID112263,323,110826,112263,21.29864077,0.00633659,0.923009009,4.615045046,62.5,204.7346143,110.8624371,0,
ID115834_ID117401,323,115834,117401,5.590225928,0.130548106,0.472873172,2.364365862,107.5,192.9352796,112.4851136,0,
ID111709_ID113445,323,111709,113445,15.19705842,0.007659474,0.779668094,3.898340471,22.5,219.4791798,111.3984157,0,
ID111424_ID111709,323,111424,111709,10.20053683,0.246781045,0.638765586,3.193827928,17.5,221.0711941,114.5663233,0,
ID112883_ID111992,323,112883,111992,0.571809321,NaN,0.151236149,0.756180746,2.5,228.4888479,114.7486521,0,
ID116177_ID116479,323,116177,116479,4.470594951,0.451470276,0.42287563,2.114378148,47.5,215.6955577,113.912193,0,
ID116479_ID111125,323,116479,111125,4.998318661,0.073781185,0.447138397,2.235691987,52.5,213.5647423,113.7350224,0,
ID111125_ID110826,323,111125,110826,34.37277361,0.010103839,1.172565966,5.86282983,57.5,209.6958662,112.5434058,0,
ID114892_ID116760,323,114892,116760,7.281520236,0.285518247,0.539685843,2.698429216,97.5,196.0682283,110.1417327,0,
ID113725_ID112583,323,113725,112583,6.545114498,0.034122574,0.255834214,2.558342139,35,216.7442671,112.0084324,0,
ID114011_ID111424,323,114011,111424,59.53885998,0.447162414,1.543228564,7.716142818,12.5,225.5937664,115.5931084,0,
ID115523_ID114892,323,115523,114892,9.252186813,0.551525781,0.608348151,3.041740754,92.5,194.6039785,108.5370207,0,
ID113445_ID113725,323,113445,113725,2.996624267,0.427801608,0.346215209,1.731076043,27.5,218.1442251,110.4234317,0,
ID116760_ID115834,323,116760,115834,4.992549778,0.291350891,0.446880287,2.234401436,102.5,194.9204366,111.5888497,0,
ID112583_ID116177,323,112583,116177,1.862688017,0.330827603,0.272960658,1.364803289,42.5,216.2604274,113.3208801,0,
ID114593_ID117087,323,114593,117087,1.098359543,0.496719937,0.2096053,1.048026499,72.5,202.3625037,110.3642527,0,
ID115217_ID114269,323,115217,114269,34.862728,0.140012716,1.180893357,5.904466783,82.5,196.6102611,109.8799425,0,
ID116519_ID111166,325,116519,111166,5.503267205,0.269413024,0.469180869,2.345904347,52.5,127.8164993,146.0111744,0,
ID113773_ID112631,325,113773,112631,0.582230076,0.006659154,0.076304002,0.763040023,35,131.2440449,150.1345868,0,
ID113490_ID113773,325,113490,113773,12.67413615,NaN,0.71201506,3.560075302,27.5,133.3999609,149.9884802,0,
ID112631_ID116225,325,112631,116225,2.841604335,0.045579106,0.337141177,1.685705886,42.5,130.0391217,149.9595999,0,
ID116225_ID116519,325,116225,116519,12.91347205,0.25774357,0.718706395,3.593531974,47.5,129.0953814,147.9869867,0,
ID111166_ID110864,325,111166,110864,0.222489539,0.216107044,0.094337594,0.471687968,57.5,126.5157601,146.016277,0,
ID113562_ID113846,326,113562,113846,1.26580394,0.484819772,0.225015905,1.125079526,27.5,70.99403535,185.8176631,0,
ID111540_ID111824,326,111540,111824,1.705638789,NaN,0.261200214,1.306001068,17.5,73.60927531,185.2532584,0,
ID111824_ID113562,326,111824,113562,9.418898085,0.30948132,0.613804467,3.069022334,22.5,71.93300885,185.1185905,0,
ID111867_ID113886,327,111867,113886,28.8331689,0.002413896,1.073930517,5.369652587,7.5,117.0865264,22.31870745,0,
ID112752_ID111867,327,112752,111867,3.658921321,NaN,0.382566142,1.912830709,2.5,113.6724403,23.58452064,0,
ID112760_ID111874,329,112760,111874,5.320147736,NaN,0.461308909,2.306544545,2.5,176.9448297,33.00718491,0,
ID111874_ID113893,329,111874,113893,14.75489052,0.231937572,0.768241902,3.841209512,7.5,174.4020734,32.43843547,0,
ID112790_ID111907,331,112790,111907,12.3933853,NaN,0.704084805,3.520424023,2.5,276.4318757,58.44114222,0,
ID111907_ID113925,331,111907,113925,1.131202046,0.01440442,0.212715965,1.063579826,7.5,274.1567294,58.17257432,0,
ID112807_ID111928,332,112807,111928,32.19520501,NaN,1.134816373,5.674081865,2.5,238.5306268,70.53388979,0,
ID111928_ID113949,332,111928,113949,21.87704324,0.128437177,0.935458032,4.67729016,7.5,234.4909867,73.3313106,0,
ID112820_ID111931,333,112820,111931,2.848853404,NaN,0.337570935,1.687854675,2.5,351.3928442,73.9198947,0,
ID111931_ID113946,333,111931,113946,9.572978321,0.036680436,0.6188046,3.094022999,7.5,349.0149117,73.78486261,0,
ID111933_ID113950,334,111933,113950,0.973680126,0.052814094,0.197350462,0.986752312,7.5,167.2371644,74.90705038,0,
ID112816_ID111933,334,112816,111933,33.15061421,NaN,1.151531401,5.757657007,2.5,170.4967486,74.10181499,0,
ID111939_ID113957,335,111939,113957,1.364245231,0.351887572,0.233601818,1.168009089,7.5,406.0127522,81.88185676,0,
ID112829_ID111939,335,112829,111939,13.737208,NaN,0.741274794,3.706373969,2.5,407.5523436,82.88141517,0,
ID112831_ID111942,336,112831,111942,4.361115466,NaN,0.417665678,2.08832839,2.5,324.1096221,85.32434979,0,
ID111942_ID113967,336,111942,113967,16.67683239,0.118565977,0.816745551,4.083727757,7.5,321.2197475,85.99112057,0,
ID111960_ID113980,338,111960,113980,11.55638265,0.205572315,0.679893599,3.399467995,7.5,258.0933593,93.98812491,0,
ID112849_ID111960,338,112849,111960,13.21365028,NaN,0.727011699,3.635058497,2.5,260.8328488,95.35922003,0,
ID111976_ID113996,341,111976,113996,10.91665687,0.176520424,0.66080729,3.304036451,7.5,445.0526903,105.2645975,0,
ID112863_ID111976,341,112863,111976,11.1158234,NaN,0.66680802,3.334040101,2.5,447.9080929,104.3409638,0,
ID112004_ID114020,342,112004,114020,21.81799485,0.161331763,0.93419473,4.670973651,7.5,364.2669593,125.0795482,0,
ID112895_ID112004,342,112895,112004,23.35448716,NaN,0.96652961,4.832648049,2.5,367.5677081,127.9444271,0,
ID112017_ID114033,343,112017,114033,2.430375873,0.391935672,0.311793257,1.558966284,7.5,258.1662442,138.9678505,0,
ID112906_ID112017,343,112906,112017,10.72026402,NaN,0.654836285,3.274181427,2.5,259.5958403,139.4934448,0,
ID112907_ID112020,345,112907,112020,23.09556269,NaN,0.961156859,4.805784295,2.5,220.5048913,140.5164078,0,
ID112020_ID114034,345,112020,114034,11.62982692,0.610558116,0.682050641,3.410253205,7.5,219.7855028,140.5569762,0,
ID112064_ID114087,347,112064,114087,2.502935826,0.619872472,0.316413389,1.582066947,7.5,437.2373251,168.1160982,0,
ID112956_ID112064,347,112956,112064,12.94720032,NaN,0.719644366,3.598221828,2.5,437.5440477,169.0777005,0,
ID112103_ID114129,348,112103,114129,19.39261009,NaN,0.880740827,4.403704133,7.5,185.8051636,189.7865187,0,
ID112102_ID114128,349,112102,114128,14.87177555,0.325345271,0.771278822,3.856394112,7.5,134.7203766,189.4186393,0,
ID112988_ID112102,349,112988,112102,0.456026722,NaN,0.135059501,0.675297507,2.5,135.1695761,187.5325371,0,
ID112116_ID114139,350,112116,114139,4.544565868,0.232648685,0.426359748,2.13179874,7.5,404.6350118,195.5829639,0,
ID113001_ID112116,350,113001,112116,20.91970653,NaN,0.914761314,4.573806569,2.5,407.3363167,196.5836536,0,
ID112125_ID114146,352,112125,114146,0.523360359,0.482315724,0.144687299,0.723436493,7.5,168.260779,200.0641509,0,
ID113004_ID112125,352,113004,112125,13.57140191,NaN,0.736787674,3.683938369,2.5,169.8480521,200.17039,0,
ID111631_ID113372,354,111631,113372,31.60933816,NaN,1.124443652,5.62221826,22.5,322.766443,61.70584667,0,
ID111681_ID113422,356,111681,113422,1.153969138,0.271981262,0.214845911,1.074229556,22.5,78.84571872,91.7264823,0,
ID111390_ID111681,356,111390,111681,11.4419948,0.620338156,0.676520356,3.38260178,17.5,77.09234283,91.05195674,0,
ID111951_ID111390,356,111951,111390,5.792853945,0.158806223,0.240683484,2.40683484,10,76.60924407,90.96315346,0,
ID112846_ID111951,356,112846,111951,12.25222005,NaN,0.700063427,3.500317136,2.5,77.70433998,92.76296099,0,
ID111761_ID113492,357,111761,113492,1.512641952,0.301037923,0.24597902,1.229895098,22.5,338.8657384,152.2695382,0,
ID111471_ID111761,357,111471,111761,11.32299584,NaN,0.67299319,3.364965949,17.5,338.8556218,154.0983269,0,
ID117277_ID117904,363,117277,117904,5.076477951,0.492509965,0.450620814,2.25310407,112.5,418.01855,18.0872239,0,
ID115717_ID117277,363,115717,117277,0.79435578,NaN,0.178253278,0.891266391,107.5,418.4495705,17.37969462,0,
ID117904_ID117594,363,117904,117594,7.09820592,0.247795092,0.532849169,2.664245845,117.5,416.0132006,18.0872239,0,
ID116648_ID115724,364,116648,115724,5.402807853,0.392813179,0.464878817,2.324394083,102.5,201.5448632,27.59852182,0,
ID117283_ID117914,364,117283,117914,6.41887294,0.411125089,0.506709895,2.533549475,112.5,197.8955613,27.98033378,0,
ID115724_ID117283,364,115724,117283,9.693858402,0.075554455,0.622699234,3.11349617,107.5,198.9541161,26.94618231,0,
ID114782_ID116648,364,114782,116648,32.22946813,NaN,1.135420066,5.677100328,97.5,202.7831381,25.28630282,0,
ID115422_ID114785,365,115422,114785,0.211847933,0.334945337,0.092053883,0.460269413,92.5,307.4616801,28.87930465,0,
ID116357_ID111013,365,116357,111013,5.338240042,0.00325997,0.462092633,2.310463166,52.5,307.2862365,32.86313732,0,
ID111013_ID110714,365,111013,110714,0.511259528,0.396477368,0.143004829,0.715024145,57.5,306.2361579,32.69212082,0,
ID112475_ID116055,365,112475,116055,5.737846828,0.028552003,0.479076062,2.39538031,42.5,310.8403518,35.97174859,0,
ID119126_ID119424,365,119126,119424,3.715327058,0.450617747,0.385503674,1.927518368,142.5,309.7138189,18.23488878,0,
ID114477_ID116970,365,114477,116970,2.847067958,0.544257752,0.337465136,1.687325682,72.5,307.4080988,33.1958565,0,
ID116055_ID116357,365,116055,116357,11.88830127,0.320917046,0.68958832,3.447941599,47.5,309.859979,34.15353541,0,
ID116970_ID115102,365,116970,115102,10.23390194,0.381981847,0.639809407,3.199047036,77.5,306.0962183,32.38875343,0,
ID110714_ID112150,365,110714,112150,2.594151938,0.326948474,0.322127424,1.610637122,62.5,307.0189989,33.04809336,0,
ID117282_ID117908,365,117282,117908,4.686547315,0.43752907,0.432968697,2.164843485,112.5,308.4949549,23.83404308,0,
ID115721_ID117282,365,115721,117282,5.411569275,0.100695587,0.465255597,2.326277987,107.5,308.8047201,24.81993596,0,
ID116647_ID115721,365,116647,115721,3.781965954,4.25E-04,0.388945547,1.944727733,102.5,307.828965,26.64410262,0,
ID115102_ID114163,365,115102,114163,3.992787095,0.220667472,0.399639192,1.99819596,82.5,305.9487328,30.15824398,0,
ID118223_ID118828,365,118223,118828,7.821006857,0.60782104,0.559321262,2.796606311,127.5,306.4936356,21.3756676,0,
ID118828_ID118535,365,118828,118535,7.335223618,0.506813079,0.541672359,2.708361796,132.5,307.29011,21.58834822,0,
ID113043_ID112475,365,113043,112475,16.59791298,NaN,0.814810726,4.07405363,37.5,309.5775612,38.94144813,0,
ID114163_ID115422,365,114163,115422,1.076350287,0.139371629,0.207494606,1.03747303,87.5,307.037818,29.22226358,0,
ID112150_ID114477,365,112150,114477,0.243131652,0.24696647,0.098616764,0.493083818,67.5,307.9053562,32.81441876,0,
ID117908_ID117599,365,117908,117599,7.383433016,0.2128795,0.543449465,2.717247323,117.5,306.885079,22.47302427,0,
ID117599_ID118223,365,117599,118223,1.537404824,0.082374229,0.24798426,1.239921298,122.5,306.3571901,20.60346471,0,
ID119424_ID119978,365,119424,119978,0.798067571,0.361782661,0.178669255,0.893346277,147.5,309.7244475,19.19673898,0,
ID118535_ID119126,365,118535,119126,10.90257182,0.020866093,0.660380854,3.301904272,137.5,308.6124447,18.89429134,0,
ID114785_ID116647,365,114785,116647,1.200109011,0.11391435,0.219098974,1.095494871,97.5,307.5013373,28.12848668,0,
ID117285_ID117911,366,117285,117911,13.16474067,0.377373938,0.725664955,3.628324775,112.5,258.5631725,28.43497998,0,
ID115427_ID114788,366,115427,114788,1.641836597,0.362111224,0.256268344,1.281341718,92.5,259.7651518,31.72542167,0,
ID121273_ID119725,366,121273,119725,13.47422058,0.359579296,0.734144961,3.670724803,162.5,259.4425183,37.38206087,0,
ID114166_ID115427,366,114166,115427,6.302423662,0.526753032,0.502092568,2.510462838,87.5,261.0024595,31.9959655,0,
ID116967_ID115104,366,116967,115104,0.10260031,0.590087518,0.064062566,0.320312831,77.5,261.6188305,32.20930542,0,
ID114788_ID116651,366,114788,116651,6.056350587,0.121878194,0.492193075,2.460965377,97.5,258.9653938,30.11986967,0,
ID122033_ID121273,366,122033,121273,4.416714399,0.072654902,0.420319612,2.101598058,157.5,261.2583477,36.82795045,0,
ID110712_ID112147,366,110712,112147,0.014978256,0.161457064,0.024477137,0.122385686,62.5,263.7492383,30.09680381,0,
ID114473_ID116967,366,114473,116967,4.182862583,0.150744799,0.409040956,2.045204778,72.5,262.3916299,31.81871567,0,
ID119988_ID122033,366,119988,122033,5.886462806,0.153970822,0.485240675,2.426203373,152.5,260.9288693,34.62560879,0,
ID118539_ID119141,366,118539,119141,10.10434672,0.424923367,0.635746702,3.178733509,137.5,259.6263909,29.6282339,0,
ID118832_ID118539,366,118832,118539,7.289380898,0.525845846,0.53997707,2.699885349,132.5,258.7307557,28.49271552,0,
ID116651_ID115729,366,116651,115729,3.280869556,0.419034795,0.362263416,1.811317078,102.5,257.8686112,29.99548065,0,
ID119436_ID119988,366,119436,119988,1.024109655,0.270690027,0.202396606,1.011983031,147.5,260.7721555,33.01795732,0,
ID115729_ID117285,366,115729,117285,6.388624439,0.47892484,0.505514567,2.527572836,107.5,258.6745076,30.29256603,0,
ID115104_ID114166,366,115104,114166,0.442179527,0.02238947,0.132993162,0.664965809,82.5,261.9720667,31.86688596,0,
ID116356_ID111011,366,116356,111011,1.682094309,0.052958404,0.259391157,1.296955785,52.5,265.7629627,32.07755628,0,
ID116051_ID116356,366,116051,116356,3.86037928,NaN,0.392956958,1.964784792,47.5,267.1116513,32.96995189,0,
ID117604_ID118228,366,117604,118228,2.871704249,0.526604239,0.338922071,1.694610353,122.5,258.9529579,28.31851262,0,
ID112147_ID114473,366,112147,114473,1.684294466,0.269436372,0.259560742,1.297803709,67.5,263.4879035,30.70846817,0,
ID111011_ID110712,366,111011,110712,4.771929937,0.09454711,0.43689495,2.184474751,57.5,264.4911624,30.95628411,0,
ID119141_ID119436,366,119141,119436,5.040144987,0.229984468,0.449005345,2.245026723,142.5,260.1138639,31.86570992,0,
ID117911_ID117604,366,117911,117604,7.448306796,0.623294622,0.545831725,2.729158624,117.5,258.2278482,28.13291293,0,
ID118228_ID118832,366,118228,118832,3.711015778,0.431961124,0.385279939,1.926399693,127.5,258.1022451,28.19525483,0,
ID121538_ID120674,367,121538,120674,0.280883027,0.047476829,0.105996798,0.529983988,172.5,49.07320616,21.92560387,0,
ID117915_ID117603,367,117915,117603,0.930033727,0.098040688,0.192876513,0.964382563,117.5,43.55296731,29.15186795,0,
ID122027_ID119712,367,122027,119712,29.14950173,0.002171564,0.539902785,5.39902785,160,48.00502786,23.18256338,0,
ID119431_ID119984,367,119431,119984,3.110888967,0.478630641,0.352754247,1.763771234,147.5,48.19239666,29.49269738,0,
ID119140_ID119431,367,119140,119431,11.91193343,0.4101697,0.690273378,3.451366892,142.5,47.00358068,29.82756726,0,
ID120674_ID120998,367,120674,120998,18.5247194,0.19927357,0.860807049,4.304035247,177.5,51.26561668,22.64285706,0,
ID117603_ID118230,367,117603,118230,1.171081655,0.604123271,0.216433052,1.082165262,122.5,43.61033667,29.21504003,0,
ID118230_ID118838,367,118230,118838,15.68266498,0.045912069,0.792026893,3.960134465,127.5,44.02853286,31.68993327,0,
ID119712_ID121538,367,119712,121538,2.051150699,0.496776562,0.286436778,1.432183892,167.5,48.58140914,21.08297799,0,
ID115730_ID117287,367,115730,117287,7.636232066,NaN,0.552674663,2.763373313,107.5,44.11235903,31.10615516,0,
ID117287_ID117915,367,117287,117915,1.038228274,0.341110007,0.203786974,1.018934872,112.5,43.19072631,30.04310811,0,
ID118838_ID118542,367,118838,118542,4.115543642,0.399781798,0.405736054,2.028680271,132.5,45.26462824,33.01431102,0,
ID119984_ID122027,367,119984,122027,8.32985875,0.126661692,0.577229894,2.886149468,152.5,47.76523143,27.31798373,0,
ID118542_ID119140,367,118542,119140,9.417079927,0.234690004,0.613745222,3.068726108,137.5,45.69994972,30.91712394,0,
ID115731_ID117289,368,115731,117289,0.652607128,0.343784815,0.161568206,0.807841029,107.5,207.0983553,32.55272643,0,
ID117919_ID117609,368,117919,117609,0.135695948,0.167515414,0.073673862,0.368369309,117.5,208.0778828,32.97796984,0,
ID116659_ID115731,368,116659,115731,8.70842191,NaN,0.590200709,2.951003543,102.5,206.8567531,34.00392133,0,
ID117289_ID117919,368,117289,117919,1.795835311,0.592579747,0.26801756,1.3400878,112.5,207.3087404,32.74028683,0,
ID117609_ID118238,368,117609,118238,17.07535283,0.29706928,0.826446679,4.132233395,122.5,209.1531095,34.7700653,0,
ID117606_ID118229,369,117606,118229,1.439402122,0.443222034,0.239950172,1.199750858,122.5,308.7012469,29.0574713,0,
ID115433_ID114793,369,115433,114793,0.595191094,NaN,0.154297258,0.771486289,92.5,307.0080708,35.06755179,0,
ID114793_ID116655,369,114793,116655,9.091638841,0.188239482,0.603046892,3.015234459,97.5,307.4705287,33.36675759,0,
ID117917_ID117606,369,117917,117606,14.09756228,0.060501787,0.750934412,3.754672061,117.5,307.5899418,30.19526589,0,
ID116655_ID115732,369,116655,115732,5.734429397,0.548298836,0.478933373,2.394666865,102.5,307.0413905,32.92263635,0,
ID118229_ID118833,369,118229,118833,3.605160978,0.100283065,0.379745229,1.898726146,127.5,307.2098522,28.86859413,0,
ID115732_ID117288,369,115732,117288,8.409795308,0.488434506,0.579992942,2.899964708,107.5,306.1756445,32.56272038,0,
ID117288_ID117917,369,117288,117917,0.008185724,0.19777126,0.018094998,0.090474991,112.5,305.902749,31.11284806,0,
ID117918_ID117607,370,117918,117607,4.032854056,0.035527057,0.401639344,2.008196718,117.5,400.9380341,30.55950967,0,
ID118234_ID118835,370,118234,118835,1.745843471,0.523444788,0.26426074,1.321303701,127.5,400.1219996,31.75674669,0,
ID117607_ID118234,370,117607,118234,8.9514206,0.578918944,0.598378496,2.991892478,122.5,400.8804085,31.13376342,0,
ID118835_ID118537,370,118835,118537,11.95490532,0.025629981,0.691517326,3.457586632,132.5,400.3785743,29.38506231,0,
ID117290_ID117918,370,117290,117918,4.754326333,NaN,0.436088355,2.180441775,112.5,399.6039018,32.16319688,0,
ID115736_ID117292,371,115736,117292,2.816944284,0.450095833,0.335675098,1.67837549,107.5,64.7662132,35.77963451,0,
ID117922_ID117611,371,117922,117611,1.949343987,0.456497234,0.279237819,1.396189094,117.5,60.37376268,35.94013676,0,
ID116656_ID115736,371,116656,115736,8.234302863,NaN,0.5739095,2.869547501,102.5,64.81985206,34.66323897,0,
ID118244_ID118848,371,118244,118848,2.577130665,0.279769652,0.321068881,1.605344407,127.5,60.97954051,40.22737316,0,
ID117611_ID118244,371,117611,118244,12.29904583,0.073383157,0.70139991,3.506999549,122.5,61.24651677,38.19527695,0,
ID117292_ID117922,371,117292,117922,15.86392081,0.004961696,0.796590756,3.982953779,112.5,61.94634323,35.5347526,0,
ID118848_ID118550,371,118848,118550,5.47692247,0.260035392,0.468056512,2.340282562,132.5,59.49142773,39.67855218,0,
ID119728_ID121554,372,119728,121554,8.419972305,0.482296829,0.580343771,2.901718854,167.5,281.1253863,38.55506753,0,
ID114799_ID116661,372,114799,116661,3.28753646,0.298170886,0.362631298,1.813156491,97.5,284.1166752,35.90276904,0,
ID119440_ID119994,372,119440,119994,3.822262641,0.323848401,0.391012155,1.955060777,147.5,281.9336273,36.94885549,0,
ID118242_ID118845,372,118242,118845,2.888715094,0.456832878,0.339924409,1.699622044,127.5,285.5910848,38.26152322,0,
ID119994_ID122040,372,119994,122040,3.743991272,4.82E-04,0.386987921,1.934939604,152.5,281.0717546,38.69247115,0,
ID118547_ID119147,372,118547,119147,0.510022837,0.029755524,0.142831766,0.714158832,137.5,284.2379754,37.20195977,0,
ID117294_ID117928,372,117294,117928,11.47118033,0.290089565,0.677382619,3.386913097,112.5,284.6172302,37.52531741,0,
ID116661_ID115737,372,116661,115737,0.436596372,0.572552702,0.132150879,0.660754396,102.5,283.6348828,35.55202828,0,
ID117614_ID118242,372,117614,118242,0.032078213,0.057253463,0.035820784,0.179103918,122.5,284.8592657,37.95323952,0,
ID116971_ID115109,372,116971,115109,6.238416713,NaN,0.499536454,2.497682268,77.5,279.4426157,34.99497201,0,
ID115109_ID115434,372,115109,115434,22.44757341,0.019075863,0.473788702,4.737887019,85,283.0026589,35.54916531,0,
ID122040_ID119728,372,122040,119728,2.669756714,0.20782567,0.163393902,1.633939018,160,280.1786495,38.88638443,0,
ID115737_ID117294,372,115737,117294,0.391095117,0.211365628,0.125075196,0.62537598,107.5,284.108712,35.84183134,0,
ID115434_ID114799,372,115434,114799,0.533725088,0.442597323,0.146112982,0.73056491,92.5,285.037007,36.30426005,0,
ID119147_ID119440,372,119147,119440,3.375876192,0.045305231,0.367471152,1.837355761,142.5,283.1691558,36.5175477,0,
ID118845_ID118547,372,118845,118547,4.864220384,0.608318234,0.441099553,2.205497763,132.5,285.42332,38.04892906,0,
ID117928_ID117614,372,117928,117614,1.366237132,0.593744006,0.233772294,1.168861468,117.5,284.8463418,38.62393013,0,
ID115742_ID117297,373,115742,117297,12.0705158,0.346712904,0.694852957,3.474264786,107.5,339.8499644,38.19312511,0,
ID124323_ID123933,373,124323,123933,1.361853646,0.277535051,0.116698485,1.166984853,235,335.1520694,25.92197208,0,
ID123296_ID124323,373,123296,124323,1.650813235,0.496346256,0.256967954,1.28483977,227.5,335.1213311,26.15054938,0,
ID122816_ID123056,373,122816,123056,9.555579197,0.003532915,0.618241998,3.091209989,212.5,336.2054287,24.90679051,0,
ID123520_ID123296,373,123520,123296,0.371422465,0.001639747,0.121888878,0.60944439,222.5,335.5602511,26.21036402,0,
ID120679_ID121000,373,120679,121000,3.124698663,0.503014682,0.353536344,1.76768172,177.5,340.0307013,27.30501948,0,
ID123933_ID123743,373,123933,123743,18.65667049,0.128272225,0.863867362,4.319336811,242.5,337.1554448,27.65707727,0,
ID121547_ID120679,373,121547,120679,3.297051605,0.261612589,0.363155702,1.815778512,172.5,340.0808522,27.85535471,0,
ID120495_ID120249,373,120495,120249,0.584032264,0.322280159,0.152844007,0.764220036,187.5,339.7148114,26.54157375,0,
ID117610_ID118231,373,117610,118231,7.185427068,0.245998819,0.536112938,2.680564692,122.5,337.1347305,32.51709236,0,
ID122316_ID121793,373,122316,121793,0.337361875,0.268138133,0.116165722,0.58082861,197.5,341.711939,26.28053775,0,
ID121000_ID120495,373,121000,120495,0.548611172,0.523189711,0.148136582,0.740682909,182.5,339.5098543,27.02080713,0,
ID119982_ID122028,373,119982,122028,13.33967021,0.045488196,0.730470265,3.652351326,152.5,338.17823,26.86798776,0,
ID122567_ID122816,373,122567,122816,18.78652728,0.34278794,0.866868555,4.334342773,207.5,339.4868091,26.64351344,0,
ID119718_ID121547,373,119718,121547,9.545305002,0.620081002,0.61790954,3.089547702,167.5,338.256675,27.07338544,0,
ID118231_ID118830,373,118231,118830,17.01577088,0.067370049,0.825003537,4.125017683,127.5,335.4330576,29.62355004,0,
ID122028_ID121264,373,122028,121264,2.647048144,0.570376186,0.32539503,1.626975152,157.5,339.2499555,26.89555842,0,
ID121264_ID119718,373,121264,119718,3.516933868,0.26076457,0.3750698,1.875348999,162.5,337.890545,26.58658432,0,
ID117297_ID117921,373,117297,117921,6.995231728,0.022826327,0.528970008,2.644850039,112.5,339.8353213,35.1384916,0,
ID114803_ID116664,373,114803,116664,1.14108889,NaN,0.213643525,1.068217623,97.5,342.7130404,39.52078688,0,
ID119139_ID119429,373,119139,119429,0.033929229,0.574526347,0.036839777,0.184198884,142.5,332.6046133,28.82961085,0,
ID118541_ID119139,373,118541,119139,4.746564327,0.431057253,0.435732226,2.178661132,137.5,333.5912731,28.99749852,0,
ID118830_ID118541,373,118830,118541,1.705716582,0.573822764,0.26120617,1.30603085,132.5,334.4112094,28.60282621,0,
ID123056_ID123520,373,123056,123520,3.368957514,0.479131692,0.367094403,1.835472014,217.5,335.1452765,25.06050257,0,
ID117921_ID117610,373,117921,117610,5.520026141,0.323425846,0.469894718,2.349473588,117.5,338.7400127,33.80237466,0,
ID116664_ID115742,373,116664,115742,10.80874739,0.552167546,0.65753319,3.287665949,102.5,341.5492479,39.57398113,0,
ID120249_ID122316,373,120249,122316,4.234443043,0.373434392,0.411555247,2.057776237,192.5,340.5960331,26.09612512,0,
ID121793_ID122567,373,121793,122567,1.410022274,0.13400059,0.237488718,1.187443588,202.5,341.5988788,27.11382293,0,
ID119429_ID119982,373,119429,119982,16.41303302,0.1764369,0.810260033,4.051300164,147.5,334.5364719,28.04426406,0,
ID122574_ID122824,374,122574,122824,1.070349946,0.429622174,0.206915436,1.034577182,207.5,233.5452427,41.53703647,0,
ID115739_ID117296,374,115739,117296,3.622279355,0.263131511,0.380645733,1.903228666,107.5,222.5547374,36.90765098,0,
ID120692_ID121007,374,120692,121007,1.664313257,0.125749476,0.258016531,1.290082655,177.5,228.9188055,39.95122333,0,
ID123066_ID123532,374,123066,123532,1.334337382,0.416761561,0.231027044,1.155135222,217.5,235.3467516,41.53004465,0,
ID121556_ID120692,374,121556,120692,0.540466969,0.614715407,0.147032917,0.735164586,172.5,227.9522574,39.97370608,0,
ID121275_ID119731,374,121275,119731,2.868429209,0.188594758,0.338728753,1.693643767,162.5,228.7459706,39.7011983,0,
ID121803_ID122574,374,121803,122574,2.096570507,0.470341697,0.289590781,1.447953904,202.5,233.0090216,41.84591437,0,
ID119993_ID122039,374,119993,122039,4.253787244,0.621843307,0.41249423,2.06247115,152.5,224.4116923,37.41627349,0,
ID123308_ID124332,374,123308,124332,0.066986883,0.075403295,0.051763649,0.258818243,227.5,236.6593343,43.7696719,0,
ID120501_ID120259,374,120501,120259,3.111537295,0.196504027,0.352791003,1.763955015,187.5,231.3997532,40.04462996,0,
ID122326_ID121803,374,122326,121803,1.019937413,0.056683179,0.201983902,1.009919508,197.5,232.5645,42.1044583,0,
ID117615_ID118239,374,117615,118239,6.53741657,0.314546102,0.511367444,2.55683722,122.5,226.3492122,37.39746713,0,
ID118840_ID118548,374,118840,118548,1.361995388,0.295753657,0.233409116,1.167045581,132.5,224.289975,37.34102693,0,
ID118548_ID119146,374,118548,119146,2.742695325,0.476021995,0.331221698,1.656108488,137.5,224.8595299,37.29303955,0,
ID120259_ID122326,374,120259,122326,1.149316622,0.12428778,0.214412371,1.072061855,192.5,232.1901465,41.14428934,0,
ID117925_ID117615,374,117925,117615,10.5106699,0.391075021,0.648403266,3.242016332,117.5,224.2919961,37.5453415,0,
ID119442_ID119993,374,119442,119993,0.842050166,0.195771077,0.183526583,0.917632915,147.5,223.9021344,37.15452878,0,
ID121007_ID120501,374,121007,120501,1.521977842,0.003739081,0.246736932,1.233684661,182.5,230.138899,39.62938009,0,
ID124146_ID123944,374,124146,123944,6.817192372,0.617341955,0.522195074,2.610975368,237.5,236.8446673,43.70116929,0,
ID114800_ID116662,374,114800,116662,6.230018748,NaN,0.49920011,2.49600055,97.5,222.264479,37.36022037,0,
ID119731_ID121556,374,119731,121556,2.392751879,0.465955885,0.30937045,1.546852249,167.5,228.3079971,40.1723846,0,
ID117296_ID117925,374,117296,117925,0.22103406,0.626893635,0.094028519,0.470142595,112.5,223.1465733,36.50370111,0,
ID118239_ID118840,374,118239,118840,8.063859114,0.462801839,0.567938698,2.839693489,127.5,225.6613572,36.54852963,0,
ID119146_ID119442,374,119146,119442,1.613533644,0.567713404,0.254049888,1.270249442,142.5,224.8590002,37.00124293,0,
ID123944_ID123750,374,123944,123750,7.888178018,0.144339081,0.561718008,2.808590041,242.5,239.2844168,43.01093927,0,
ID116662_ID115739,374,116662,115739,0.749803954,0.564905684,0.173182442,0.865912209,102.5,221.4417391,37.15709066,0,
ID124332_ID124146,374,124332,124146,1.352271511,0.395528925,0.232574419,1.162872096,232.5,236.2870118,44.16545046,0,
ID122824_ID123066,374,122824,123066,2.923483584,0.290633571,0.34196395,1.709819752,212.5,234.5906489,41.44016849,0,
ID123532_ID123308,374,123532,123308,3.868588975,0.106916598,0.393374578,1.966872892,222.5,235.974667,42.90261971,0,
ID122039_ID121275,374,122039,121275,10.96091999,0.02635278,0.662145603,3.310728015,157.5,226.9138676,38.3792589,0,
ID119441_ID119996,375,119441,119996,3.006560925,0.626314894,0.34678875,1.733943749,147.5,244.3661093,37.89693527,0,
ID114172_ID114794,375,114172,114794,13.22758308,0.263015848,0.363697444,3.63697444,90,251.5571674,36.77434431,0,
ID119996_ID122035,375,119996,122035,4.388706102,0.590470669,0.418984778,2.094923889,152.5,244.163326,37.74240426,0,
ID119148_ID119441,375,119148,119441,1.000060709,0.268357228,0.200006071,1.000030354,142.5,244.3577933,37.53001352,0,
ID112154_ID114479,375,112154,114479,0.518536158,0.191039651,0.14401891,0.720094548,67.5,251.3855573,34.11314232,0,
ID115740_ID117299,375,115740,117299,0.707239242,0.611487252,0.168195035,0.840975173,107.5,249.7874953,37.49708923,0,
ID117927_ID117612,375,117927,117612,1.729460797,0.457506044,0.263017931,1.315089654,117.5,250.4456288,37.07178379,0,
ID110717_ID112154,375,110717,112154,0.755633871,NaN,0.173854407,0.869272035,62.5,251.3605845,34.81929219,0,
ID122035_ID121269,375,122035,121269,1.055429815,0.022583007,0.205468228,1.027341139,157.5,243.8713367,36.21105706,0,
ID117299_ID117927,375,117299,117927,0.040165285,0.148226058,0.040082557,0.200412787,112.5,250.2654765,37.64045042,0,
ID116966_ID115111,375,116966,115111,21.77080066,0.558987534,0.933183812,4.665919059,77.5,250.7753495,34.92163747,0,
ID117612_ID118240,375,117612,118240,5.272005611,0.402837452,0.459216969,2.296084844,122.5,249.4548301,36.7239591,0,
ID115111_ID114172,375,115111,114172,3.401712162,0.166417685,0.368874622,1.844373108,82.5,251.44337,37.87868449,0,
ID114794_ID116663,375,114794,116663,6.423759346,0.586059942,0.506902726,2.534513631,97.5,251.124495,36.30620906,0,
ID118841_ID118549,375,118841,118549,0.663312536,0.268921146,0.162888003,0.814440014,132.5,246.6499352,38.05316225,0,
ID116663_ID115740,375,116663,115740,3.570771905,0.349348164,0.377929724,1.88964862,102.5,250.3145023,37.49926648,0,
ID114479_ID116966,375,114479,116966,1.641164778,0.029759904,0.256215907,1.281079536,72.5,251.0010463,33.19214897,0,
ID118240_ID118841,375,118240,118841,3.43485648,0.016157268,0.370667316,1.85333658,127.5,247.4741798,37.33593102,0,
ID118549_ID119148,375,118549,119148,5.551721521,0.37433296,0.471241828,2.356209142,137.5,245.53945,38.2435169,0,
ID117618_ID118246,377,117618,118246,4.804493874,0.484432045,0.438383114,2.191915572,122.5,346.5037968,40.45351203,0,
ID117302_ID117933,377,117302,117933,8.109963831,NaN,0.569559965,2.847799823,112.5,346.1021112,41.25060815,0,
ID117933_ID117618,377,117933,117618,6.451235799,0.611494036,0.507985661,2.539928306,117.5,346.2915406,41.27513913,0,
ID116983_ID115119,378,116983,115119,6.696373931,0.547001561,0.517547058,2.58773529,77.5,265.9121637,46.1857796,0,
ID114494_ID116983,378,114494,116983,0.472056448,0.604799442,0.137412728,0.687063642,72.5,266.7257559,45.62571026,0,
ID122046_ID121282,378,122046,121282,0.807982282,0.502380555,0.179775669,0.898878347,157.5,260.0511548,49.09116171,0,
ID118556_ID119155,378,118556,119155,4.009954535,0.304773585,0.400497417,2.002487087,137.5,260.3613499,44.80209091,0,
ID118850_ID118556,378,118850,118556,3.822397677,0.106156527,0.391019062,1.955095311,132.5,260.7706341,43.4300835,0,
ID117307_ID117934,378,117307,117934,1.213921446,0.2479305,0.220356207,1.101781033,112.5,262.4661773,44.7043234,0,
ID120003_ID122046,378,120003,122046,11.74447873,0.230262993,0.685404369,3.427021845,152.5,261.3062011,48.52712435,0,
ID116666_ID115746,378,116666,115746,10.35749768,0.058632811,0.64366133,3.218306648,102.5,260.4699068,45.51283183,0,
ID115119_ID114180,378,115119,114180,5.578986172,0.092030313,0.472397552,2.361987759,82.5,263.8226832,47.38625077,0,
ID119155_ID119449,378,119155,119449,7.509855693,0.250095991,0.548082318,2.740411592,142.5,262.1631356,45.5073985,0,
ID119449_ID120003,378,119449,120003,8.264271847,0.380351262,0.574952932,2.874764659,147.5,263.2474671,46.72713967,0,
ID119739_ID121564,378,119739,121564,4.345739617,0.236493578,0.416928753,2.084643763,167.5,259.2964397,52.64465976,0,
ID114180_ID114805,378,114180,114805,29.12188633,0.091139324,0.53964698,5.396469802,90,260.5087357,46.12233645,0,
ID121282_ID119739,378,121282,119739,9.285401937,0.355243253,0.60943915,3.04719575,162.5,259.5967653,50.51857968,0,
ID114805_ID116666,378,114805,116666,0.58957911,0.548426064,0.15356811,0.76784055,97.5,258.7032567,44.61920271,0,
ID112166_ID114494,378,112166,114494,5.519387702,0.105385543,0.469867543,2.349337716,67.5,266.9382063,44.81872356,0,
ID115746_ID117307,378,115746,117307,2.141791812,0.408919637,0.292697237,1.463486185,107.5,261.8998406,45.58767693,0,
ID117621_ID118249,378,117621,118249,4.978604084,0.367970835,0.446255715,2.231278576,122.5,262.5560451,43.5458427,0,
ID118249_ID118850,378,118249,118850,0.018666059,0.345298096,0.027324757,0.136623785,127.5,261.6596393,42.89612077,0,
ID110727_ID112166,378,110727,112166,1.409154731,NaN,0.237415647,1.187078233,62.5,267.7308395,43.29913581,0,
ID117934_ID117621,378,117934,117621,0.266712811,0.066597421,0.103288491,0.516442456,117.5,263.2066484,44.40309811,0,
ID117620_ID118247,379,117620,118247,3.238476551,0.125962629,0.359915354,1.79957677,122.5,391.3871135,41.2354867,0,
ID117932_ID117620,379,117932,117620,0.147244239,0.054032587,0.076744834,0.383724171,117.5,392.4064049,41.52959753,0,
ID111023_ID110726,379,111023,110726,0.497890196,NaN,0.14112267,0.705613348,57.5,401.4516363,42.73586781,0,
ID114177_ID115442,379,114177,115442,12.91142927,0.128902673,0.718649547,3.593247733,87.5,399.8024746,42.22738372,0,
ID112164_ID114491,379,112164,114491,1.297097939,0.387452015,0.227780415,1.138902076,67.5,402.7916957,42.33707994,0,
ID117306_ID117932,379,117306,117932,6.006458504,0.176375119,0.490161545,2.450807725,112.5,393.5944244,42.29130388,0,
ID110726_ID112164,379,110726,112164,2.929909953,0.386044025,0.342339595,1.711697974,62.5,401.9768083,42.12863456,0,
ID115744_ID117306,379,115744,117306,0.148499445,0.188960192,0.077071251,0.385356257,107.5,394.6790853,43.10520853,0,
ID114491_ID116981,379,114491,116981,0.120924898,0.020306819,0.069548515,0.347742575,72.5,402.8592185,43.07663989,0,
ID118247_ID118849,379,118247,118849,0.3100143,0.286573473,0.111357856,0.556789278,127.5,390.5110343,40.80133176,0,
ID114804_ID116667,379,114804,116667,7.756214635,0.443213073,0.556999628,2.784998139,97.5,396.3639749,43.58341721,0,
ID116981_ID115115,379,116981,115115,4.575475809,0.59941838,0.427807237,2.139036187,77.5,402.8623983,42.17883744,0,
ID116667_ID115744,379,116667,115744,8.452602828,0.555722428,0.581467207,2.907336036,102.5,396.0042872,43.95510693,0,
ID115115_ID114177,379,115115,114177,2.597001108,0.447965424,0.322304273,1.611521364,82.5,402.2166566,41.62463033,0,
ID115442_ID114804,379,115442,114804,6.711426595,0.008552995,0.518128424,2.59064212,92.5,396.7181085,42.43366905,0,
ID117313_ID117940,382,117313,117940,4.202566027,0.304461753,0.410003221,2.050016104,112.5,449.9797335,50.14124345,0,
ID115754_ID117313,382,115754,117313,29.46753068,0.553511561,1.085680076,5.428400379,107.5,451.2506922,52.80054311,0,
ID116678_ID115754,382,116678,115754,7.027344929,NaN,0.530182796,2.65091398,102.5,451.9760583,54.17891777,0,
ID117315_ID117942,384,117315,117942,10.18174833,NaN,0.638177039,3.190885195,112.5,239.9575481,51.27876426,0,
ID117942_ID117625,384,117942,117625,5.388725142,0.018575824,0.464272555,2.321362777,117.5,237.5010124,50.035507,0,
ID118251_ID118854,384,118251,118854,0.488858704,0.028306285,0.139836863,0.699184314,127.5,237.6530147,48.42013558,0,
ID118854_ID118561,384,118854,118561,6.09476335,0.377522207,0.49375149,2.468757451,132.5,238.5263689,49.2038955,0,
ID117625_ID118251,384,117625,118251,1.75294012,0.399832394,0.26479729,1.32398645,122.5,236.9330571,49.12748139,0,
ID114192_ID115452,385,114192,115452,1.720709091,0.291785992,0.262351603,1.311758015,87.5,243.9938947,55.74961651,0,
ID111046_ID110750,385,111046,110750,7.021447991,0.279472889,0.5299603,2.6498015,57.5,250.3769067,59.07542864,0,
ID116993_ID115128,385,116993,115128,0.90233428,0.53315899,0.189982555,0.949912775,77.5,246.7860373,55.79146536,0,
ID113071_ID112508,385,113071,112508,1.346052727,NaN,0.232039025,1.160195125,37.5,252.2176964,60.95890042,0,
ID112508_ID116094,385,112508,116094,1.044124879,0.036271983,0.204364858,1.02182429,42.5,252.0263868,62.02847098,0,
ID115749_ID117317,385,115749,117317,10.84493587,0.588160569,0.658633005,3.293165023,107.5,236.9939195,52.55989404,0,
ID115452_ID114818,385,115452,114818,20.6680729,0.292228053,0.909243046,4.546215228,92.5,241.6006563,55.3069884,0,
ID117317_ID117944,385,117317,117944,6.713256378,0.447198899,0.51819905,2.590995248,112.5,235.6925167,52.81025791,0,
ID114818_ID116676,385,114818,116676,9.347452188,0.163090848,0.611472066,3.05736033,97.5,238.1943791,54.49124044,0,
ID116395_ID111046,385,116395,111046,3.533743455,0.496791058,0.375965076,1.879825379,52.5,249.4540642,60.56436914,0,
ID116676_ID115749,385,116676,115749,6.099425595,0.229224095,0.493940304,2.469701519,102.5,237.4202069,52.29626182,0,
ID114507_ID116993,385,114507,116993,8.512730744,0.300343496,0.583531687,2.917658435,72.5,247.8370581,55.92292194,0,
ID116094_ID116395,385,116094,116395,15.22240278,0.394491573,0.780317955,3.901589775,47.5,250.2569278,61.63306908,0,
ID115128_ID114192,385,115128,114192,9.016552643,0.449683574,0.600551501,3.002757507,82.5,245.6186993,56.26360158,0,
ID110750_ID112178,385,110750,112178,6.83242285,0.050647799,0.522778073,2.613890367,62.5,250.0442943,56.48592512,0,
ID112178_ID114507,385,112178,114507,1.631004336,0.497197238,0.25542156,1.277107801,67.5,249.4654432,55.80937439,0,
ID117949_ID117644,390,117949,117644,37.15177628,0.424194493,1.219045139,6.095225696,117.5,341.2968584,59.39640365,0,
ID119176_ID119469,390,119176,119469,8.421163563,0.597302567,0.580384823,2.901924114,142.5,339.7144889,65.47579595,0,
ID118579_ID119176,390,118579,119176,11.48155226,0.009413876,0.677688786,3.388443929,137.5,340.0533094,65.53391657,0,
ID118265_ID118869,390,118265,118869,5.114329759,0.489007372,0.452297679,2.261488395,127.5,342.4986768,62.75774831,0,
ID117322_ID117949,390,117322,117949,0.614208731,0.040972925,0.15674294,0.7837147,112.5,341.3142113,56.53416336,0,
ID115757_ID117322,390,115757,117322,6.622005908,0.460486704,0.514665169,2.573325846,107.5,342.6977064,57.47346366,0,
ID120023_ID122065,390,120023,122065,15.3418119,0.054272045,0.783372501,3.916862507,152.5,345.6405538,70.20431379,0,
ID118869_ID118579,390,118869,118579,5.454581411,0.396771556,0.467100906,2.33550453,132.5,342.4783199,64.01541791,0,
ID119469_ID120023,390,119469,120023,30.49475323,0.326418692,1.104441094,5.522205468,147.5,342.464265,66.77073769,0,
ID116680_ID115757,390,116680,115757,0.672144253,0.081340164,0.163968808,0.819844042,102.5,343.6907234,57.83776106,0,
ID114820_ID116680,390,114820,116680,2.467936027,NaN,0.314193318,1.57096659,97.5,343.9013905,56.68360124,0,
ID117644_ID118265,390,117644,118265,0.084961164,0.589735582,0.058296197,0.291480984,122.5,341.5905599,62.28622741,0,
ID117956_ID117640,391,117956,117640,8.749510143,0.381481773,0.591591418,2.957957089,117.5,308.3925865,59.76336563,0,
ID117640_ID118263,391,117640,118263,5.316073441,0.481180127,0.461132234,2.305661172,122.5,309.3095173,59.37923459,0,
ID117324_ID117956,391,117324,117956,0.606891892,NaN,0.155806533,0.779032664,112.5,307.3791006,58.79827814,0,
ID118263_ID118867,391,118263,118867,26.86392878,0.382994709,1.036608485,5.183042425,127.5,306.9167866,59.93031098,0,
ID116681_ID115761,392,116681,115761,15.22723655,0.337413647,0.780441838,3.902209188,102.5,133.2054641,58.98521905,0,
ID115455_ID114821,392,115455,114821,9.539632412,0.290534735,0.617725907,3.088629536,92.5,132.6076909,57.27047289,0,
ID114189_ID115455,392,114189,115455,13.93807116,NaN,0.746674525,3.733372626,87.5,130.7307739,55.53091484,0,
ID117327_ID117958,392,117327,117958,0.595858771,0.200468618,0.154383778,0.771918889,112.5,129.1205828,61.06874098,0,
ID115761_ID117327,392,115761,117327,6.061801834,0.038277426,0.492414534,2.46207267,107.5,130.553654,60.71906276,0,
ID114821_ID116681,392,114821,116681,0.759210623,0.172828805,0.174265387,0.871326933,97.5,134.452041,57.48674151,0,
ID117002_ID115140,394,117002,115140,0.864615387,NaN,0.185969394,0.92984697,77.5,219.9475681,62.99059911,0,
ID115767_ID117331,394,115767,117331,3.811455883,0.321858123,0.390459006,1.95229503,107.5,216.3977194,64.7203471,0,
ID119180_ID119475,394,119180,119475,31.9961029,0.084164923,1.131301956,5.656509781,142.5,223.4434996,69.47619292,0,
ID122066_ID121306,394,122066,121306,3.86441032,0.424466415,0.393162069,1.965810347,157.5,228.5340182,71.50684871,0,
ID120753_ID121035,394,120753,121035,1.753142815,0.485610067,0.264812599,1.324062995,177.5,229.166347,74.29924646,0,
ID118274_ID118879,394,118274,118879,1.445327141,0.32464034,0.240443519,1.202217593,127.5,218.0568155,69.71059367,0,
ID118583_ID119180,394,118583,119180,2.220331316,0.03145179,0.298015524,1.490077621,137.5,219.9272867,69.28387771,0,
ID117968_ID117648,394,117968,117648,3.580322369,0.425271981,0.378434796,1.89217398,117.5,216.7072467,69.17027142,0,
ID121585_ID120753,394,121585,120753,6.679827902,0.304672609,0.516907261,2.584536303,172.5,228.4288429,74.81953334,0,
ID120284_ID122353,394,120284,122353,5.985008775,0.322839713,0.489285552,2.446427758,192.5,229.8541893,71.80146098,0,
ID114200_ID115466,394,114200,115466,6.243883777,0.006848599,0.499755291,2.498776456,87.5,217.6481746,68.69341961,0,
ID120531_ID120284,394,120531,120284,0.906811614,0.244691155,0.190453313,0.952266567,187.5,231.1275455,72.02724612,0,
ID119475_ID120024,394,119475,120024,6.30416789,0.013905106,0.502162041,2.510810206,147.5,227.4958004,69.96402602,0,
ID121035_ID120531,394,121035,120531,8.708243724,0.407311441,0.59019467,2.950973352,182.5,229.9111378,73.2114738,0,
ID118879_ID118583,394,118879,118583,2.77896586,0.528330601,0.333404611,1.667023053,132.5,218.4559751,69.8422124,0,
ID114837_ID115767,394,114837,115767,15.16643247,0.122984057,0.389441041,3.894410414,100,216.5905192,66.85599682,0,
ID119763_ID121585,394,119763,121585,1.189615831,0.078700191,0.218139023,1.090695114,167.5,227.0574528,74.42776691,0,
ID117331_ID117968,394,117331,117968,28.80843795,0.400503477,1.07346985,5.367349248,112.5,215.7145417,67.06468649,0,
ID117648_ID118274,394,117648,118274,1.289231503,0.245022766,0.227088661,1.135443307,122.5,217.9384744,68.91442569,0,
ID115140_ID114200,394,115140,114200,22.70577711,0.263987039,0.953011587,4.765057934,82.5,218.7724152,65.24038971,0,
ID121306_ID119763,394,121306,119763,6.453975299,0.285911966,0.508093507,2.540467536,162.5,227.2625976,72.65340353,0,
ID115466_ID114837,394,115466,114837,3.341822312,0.391348127,0.365613037,1.828065183,92.5,216.5495309,69.26756833,0,
ID120024_ID122066,394,120024,122066,2.964207672,0.207762369,0.34433749,1.721687449,152.5,229.1304113,70.82513411,0,
ID114527_ID117016,395,114527,117016,8.443464028,0.519326355,0.581152786,2.905763932,72.5,345.3281752,73.75199309,0,
ID117969_ID117649,395,117969,117649,0.115692999,0.449424505,0.068027347,0.340136736,117.5,340.4311285,69.15415211,0,
ID117333_ID117969,395,117333,117969,25.36953964,0.561851859,1.007363681,5.036818404,112.5,341.6529998,67.07036635,0,
ID118272_ID118575,395,118272,118575,46.92593474,0.167576138,0.685025071,6.850250707,130,340.6686469,64.67597415,0,
ID115469_ID114840,395,115469,114840,15.08370418,0.246167455,0.776754895,3.883774476,92.5,338.7333346,71.24998124,0,
ID111059_ID110761,395,111059,110761,0.171723824,NaN,0.082879147,0.414395734,57.5,341.4064625,71.82910543,0,
ID114209_ID115469,395,114209,115469,20.82345295,0.203974667,0.912654435,4.563272176,87.5,340.7491736,74.05497487,0,
ID114840_ID116694,395,114840,116694,0.243371708,0.190269067,0.098665436,0.493327182,97.5,338.6350613,69.1575409,0,
ID118575_ID119170,395,118575,119170,1.370754911,0.133897888,0.234158486,1.170792429,137.5,338.4422834,61.47254465,0,
ID112200_ID114527,395,112200,114527,6.64398078,0.003231342,0.51551841,2.577592051,67.5,345.4875429,73.01443675,0,
ID117016_ID114209,395,117016,114209,1.748720182,0.036015353,0.132239184,1.322391841,80,343.3942464,74.53044064,0,
ID117649_ID118272,395,117649,118272,9.229894706,0.278842047,0.607614835,3.038074177,122.5,341.6193587,68.14654547,0,
ID116694_ID117333,395,116694,117333,36.46342297,0.170999162,0.603849509,6.038495092,105,340.6235834,66.91793838,0,
ID119170_ID119465,395,119170,119465,9.810433978,0.315244885,0.626432246,3.132161231,142.5,336.8590296,60.94466949,0,
ID110761_ID112200,395,110761,112200,7.673830663,0.08288562,0.554033597,2.770167985,62.5,342.9077319,72.31176801,0,
ID117962_ID117639,396,117962,117639,26.34107715,0.380506546,1.026471181,5.132355906,117.5,267.8621145,61.93509981,0,
ID115766_ID117335,396,115766,117335,2.866432412,0.379727832,0.338610833,1.693054167,107.5,267.7495965,64.96406359,0,
ID117335_ID117962,396,117335,117962,12.63222594,0.618116729,0.710836857,3.554184287,112.5,267.0110567,64.39448163,0,
ID117639_ID118266,396,117639,118266,2.787446648,0.443589353,0.333912962,1.669564808,122.5,269.9759,61.45456824,0,
ID116690_ID115766,396,116690,115766,3.980987996,NaN,0.399048268,1.995241338,102.5,266.720041,65.29269992,0,
ID117964_ID117646,397,117964,117646,0.595840692,0.49730992,0.154381436,0.771907178,117.5,452.5925829,65.77853908,0,
ID117336_ID117964,397,117336,117964,1.574616839,NaN,0.250967475,1.254837375,112.5,452.6946755,66.16340783,0,
ID118271_ID118875,397,118271,118875,0.057809548,0.51766238,0.048087233,0.240436163,127.5,453.5094445,66.03866309,0,
ID118875_ID119177,397,118875,119177,0.471034523,0.013255543,0.068631955,0.686319548,135,453.14218,66.31993174,0,
ID117646_ID118271,397,117646,118271,1.820818715,0.520058777,0.269875432,1.349377158,122.5,452.9369076,65.97668412,0,
ID119177_ID119468,397,119177,119468,5.437132937,0.473485104,0.466353211,2.331766055,142.5,453.0035576,65.37881405,0,
ID116703_ID115779,399,116703,115779,0.316709028,0.513539099,0.112553814,0.562769071,102.5,288.2701369,77.54393754,0,
ID117345_ID117973,399,117345,117973,1.64293422,0.548765827,0.256353991,1.281769956,112.5,287.8447066,77.26742437,0,
ID115155_ID114212,399,115155,114212,0.797797641,0.573036771,0.178639037,0.893195187,82.5,287.1140186,76.16512189,0,
ID112203_ID114529,399,112203,114529,2.510133725,NaN,0.316868031,1.584340155,67.5,288.5590168,75.2066589,0,
ID115779_ID117345,399,115779,117345,0.429478128,0.398782541,0.131069162,0.655345808,107.5,288.2030832,77.21784936,0,
ID114849_ID116703,399,114849,116703,3.602526082,0.375141374,0.379606432,1.89803216,97.5,287.6416231,77.91307969,0,
ID114529_ID117019,399,114529,117019,1.904305362,0.136223977,0.275993142,1.37996571,72.5,287.1620496,75.24325509,0,
ID114212_ID114849,399,114212,114849,4.978027279,0.201167547,0.223114932,2.231149318,90,286.7240341,77.09606701,0,
ID117019_ID115155,399,117019,115155,1.704228921,0.409622832,0.261092238,1.305461191,77.5,287.0224547,75.92797811,0,
ID115160_ID114216,400,115160,114216,2.34769304,0.419155415,0.306443668,1.53221834,82.5,345.0610674,79.05989283,0,
ID117347_ID117976,400,117347,117976,2.055211809,0.025171643,0.286720199,1.433600994,112.5,340.7956525,79.20220248,0,
ID114216_ID115477,400,114216,115477,2.45565154,0.371282392,0.313410373,1.567051863,87.5,344.2437149,78.6188452,0,
ID115477_ID114851,400,115477,114851,0.774692771,0.323303121,0.176033266,0.880166331,92.5,343.724748,79.33070254,0,
ID117027_ID115160,400,117027,115160,0.985841283,0.078053437,0.198579081,0.992895404,77.5,345.5553494,79.5157719,0,
ID114535_ID117027,400,114535,117027,0.536736398,NaN,0.146524592,0.732622958,72.5,346.1311308,78.89490077,0,
ID115778_ID117347,400,115778,117347,3.519633942,0.361575927,0.375213749,1.876068747,107.5,341.362183,77.65078863,0,
ID116704_ID115778,400,116704,115778,3.29025207,0.109976214,0.36278104,1.813905199,102.5,342.4580011,77.33137636,0,
ID114851_ID116704,400,114851,116704,3.965916513,0.611341877,0.39829218,1.991460899,97.5,343.5531329,78.79924453,0,
ID114847_ID116706,401,114847,116706,6.683908748,0.152012752,0.517065131,2.585325656,97.5,304.2446116,77.29335738,0,
ID117346_ID117974,401,117346,117974,13.34563235,0.296338548,0.730633488,3.65316744,112.5,299.9079589,77.94597948,0,
ID114208_ID115474,401,114208,115474,1.784035551,0.242287821,0.267135587,1.335677937,87.5,305.2999553,74.22890252,0,
ID115782_ID117346,401,115782,117346,8.595226065,0.498003554,0.58635232,2.931761598,107.5,301.9420595,79.29660063,0,
ID117011_ID115149,401,117011,115149,5.775547345,0.204289842,0.480647369,2.403236847,77.5,306.1505734,71.02427807,0,
ID114522_ID117011,401,114522,117011,16.13505794,NaN,0.803369353,4.016846766,72.5,308.0837501,68.96014255,0,
ID117974_ID117654,401,117974,117654,0.886056447,0.090226668,0.188261143,0.941305714,117.5,297.6499456,77.864404,0,
ID115474_ID114847,401,115474,114847,2.594915201,0.205783632,0.32217481,1.610874049,92.5,304.8896839,75.4459715,0,
ID115149_ID114208,401,115149,114208,7.412471737,0.344476815,0.544517098,2.722585488,82.5,305.3928348,72.51719914,0,
ID116706_ID115782,401,116706,115782,7.570739032,0.023167869,0.55029952,2.751497598,102.5,302.8210966,79.54506532,0,
ID112538_ID116123,405,112538,116123,5.684030311,NaN,0.47682409,2.384120448,42.5,386.7949777,86.15610307,0,
ID117028_ID115159,405,117028,115159,0.713200832,0.341595644,0.168902437,0.844512186,77.5,381.4025984,79.14331186,0,
ID115783_ID117350,405,115783,117350,10.02937074,0.027567783,0.633383636,3.166918178,107.5,377.324032,82.11619691,0,
ID116123_ID116420,405,116123,116420,1.736260715,0.159505897,0.263534492,1.317672461,47.5,387.5738461,84.62457913,0,
ID117658_ID118282,405,117658,118282,6.163727864,0.508224297,0.496537123,2.482685615,122.5,376.7029534,81.2867083,0,
ID114537_ID117028,405,114537,117028,4.001228499,0.421292628,0.40006142,2.000307101,72.5,382.4217281,79.29975844,0,
ID117350_ID117977,405,117350,117977,5.047429857,0.464957652,0.449329717,2.246648583,112.5,376.1789633,82.26696994,0,
ID115478_ID114850,405,115478,114850,24.44491248,0.583531375,0.988835931,4.944179657,92.5,380.127847,81.21336598,0,
ID116420_ID110770,405,116420,110770,29.66684656,0.222916641,0.544672806,5.44672806,55,385.5497085,83.37634186,0,
ID117977_ID117658,405,117977,117658,1.407862138,0.605113256,0.237306733,1.186533665,117.5,376.0234948,81.75145855,0,
ID116709_ID115783,405,116709,115783,0.701755895,0.094187096,0.167541743,0.837708717,102.5,378.4905079,80.49261694,0,
ID114850_ID116709,405,114850,116709,5.717190578,0.477112637,0.478212947,2.391064737,97.5,379.6925641,79.46680733,0,
ID114217_ID115478,405,114217,115478,26.78342784,0.344655583,1.03505416,5.175270798,87.5,379.5797536,81.03339013,0,
ID115159_ID114217,405,115159,114217,3.161546845,0.257031666,0.355614783,1.778073914,82.5,380.4705574,78.58515427,0,
ID112210_ID114537,405,112210,114537,2.737829254,0.057244113,0.330927742,1.654638708,67.5,383.1659832,79.8347046,0,
ID110770_ID112210,405,110770,112210,3.451529616,0.244635547,0.371565855,1.857829275,62.5,382.9599307,81.56079001,0,
ID118284_ID118601,406,118284,118601,41.56388,0.11629774,0.644700551,6.447005507,130,143.7130495,85.4936466,0,
ID122090_ID121323,406,122090,121323,6.431589599,0.582887246,0.507211577,2.536057886,157.5,138.4366431,92.6283952,0,
ID117657_ID118284,406,117657,118284,6.601869764,0.372482923,0.513882078,2.569410392,122.5,141.2990554,82.41160559,0,
ID118601_ID119197,406,118601,119197,11.38824855,0.474837111,0.674929583,3.374647915,137.5,143.3208695,87.78603652,0,
ID117352_ID117981,406,117352,117981,11.24857692,NaN,0.670777964,3.353889819,112.5,140.6173799,85.65470715,0,
ID117981_ID117657,406,117981,117657,25.18118564,0.603296069,1.003617171,5.018085854,117.5,140.6177826,84.78398224,0,
ID119197_ID119500,406,119197,119500,15.32977331,0.358346111,0.783065088,3.915325442,142.5,141.362951,88.96854287,0,
ID119500_ID122090,406,119500,122090,18.2097389,0.082805873,0.426728707,4.267287066,150,139.0750998,91.93509335,0,
ID115794_ID117355,407,115794,117355,16.60955815,0.023882941,0.815096513,4.075482566,107.5,423.3634069,88.68393415,0,
ID117985_ID117663,407,117985,117663,1.576093279,0.433067592,0.251085107,1.255425537,117.5,421.3740213,87.20079653,0,
ID117355_ID117985,407,117355,117985,3.658288268,0.399454954,0.382533045,1.912665226,112.5,422.1694197,87.25947601,0,
ID116731_ID115794,407,116731,115794,9.677673432,NaN,0.622179184,3.110895921,102.5,424.2916644,92.14864231,0,
ID117663_ID118290,407,117663,118290,4.073560462,0.370371276,0.403661267,2.018306335,122.5,422.3281099,86.81257206,0,
ID117354_ID117982,408,117354,117982,5.798874953,NaN,0.481617066,2.408085329,112.5,202.9510117,86.19192,0,
ID117982_ID117660,408,117982,117660,62.69192139,0.273136613,1.583564604,7.917823021,117.5,198.5918284,85.94299561,0,
ID118889_ID118593,408,118889,118593,0.697662208,0.252069965,0.167052352,0.83526176,132.5,197.7342716,83.21272756,0,
ID118593_ID119192,408,118593,119192,13.01401744,0.0918613,0.721498924,3.607494621,137.5,196.6373769,81.32190785,0,
ID117660_ID118288,408,117660,118288,6.709555467,0.625048768,0.518056193,2.590280963,122.5,196.0651114,85.09875187,0,
ID118288_ID118889,408,118288,118889,4.876731835,0.3114769,0.441666473,2.208332365,127.5,197.672311,84.50559154,0,
ID122078_ID121314,409,122078,121314,0.339792771,0.586291251,0.116583493,0.582917465,157.5,91.86251099,86.00669286,0,
ID119772_ID121592,409,119772,121592,1.445903494,0.430465063,0.240491455,1.202457273,167.5,91.68189007,85.2529353,0,
ID120766_ID121043,409,120766,121043,0.542294795,0.350754391,0.147281336,0.736406678,177.5,91.18083116,85.94168301,0,
ID118597_ID119196,409,118597,119196,1.48798932,0.0759663,0.243966335,1.219831677,137.5,93.12290076,86.47016334,0,
ID116425_ID111075,409,116425,111075,0.824062271,NaN,0.181555751,0.907778756,52.5,101.0114756,86.25964611,0,
ID120296_ID122365,409,120296,122365,0.771548746,0.404525159,0.175675695,0.878378476,192.5,91.65828848,86.85254752,0,
ID121592_ID120766,409,121592,120766,2.172373192,0.582012971,0.294779456,1.47389728,172.5,91.47718874,85.24018989,0,
ID117036_ID115167,409,117036,115167,0.339531364,0.157809932,0.11653864,0.582693199,77.5,97.80203192,86.84908573,0,
ID115167_ID114224,409,115167,114224,0.690370129,0.06398858,0.16617703,0.830885148,82.5,97.10398871,86.84763903,0,
ID123979_ID123786,409,123979,123786,0.125044334,0.071777347,0.070723216,0.353616082,242.5,94.37917883,87.69317993,0,
ID114546_ID117036,409,114546,117036,0.765149187,0.133453405,0.174945613,0.874728065,72.5,98.44941219,86.65773477,0,
ID120035_ID122078,409,120035,122078,0.079538717,0.491288274,0.056405219,0.282026093,152.5,91.96860522,86.12152358,0,
ID122365_ID121842,409,122365,121842,2.811675738,0.61801833,0.335361044,1.676805218,197.5,91.31334681,87.05592644,0,
ID118289_ID118894,409,118289,118894,1.424044349,0.024603549,0.238666659,1.193333293,127.5,94.12764555,86.65799825,0,
ID121842_ID122613,409,121842,122613,1.782348756,0.583655434,0.26700927,1.33504635,202.5,91.23965624,87.28300237,0,
ID119196_ID119493,409,119196,119493,0.227147829,0.271457356,0.095320056,0.476600282,142.5,92.42370908,86.43131667,0,
ID111075_ID110781,409,111075,110781,0.103643593,0.112171761,0.06438745,0.32193725,57.5,100.4717772,86.51339718,0,
ID112217_ID114546,409,112217,114546,0.151655798,4.92E-04,0.077886019,0.389430094,67.5,99.0049663,86.42459946,0,
ID119493_ID120035,409,119493,120035,0.205873469,0.106916266,0.090746563,0.453732817,147.5,92.11540157,86.10537024,0,
ID121314_ID119772,409,121314,119772,0.158676261,0.186413678,0.079668378,0.398341889,162.5,91.51003259,85.74288944,0,
ID123104_ID123569,409,123104,123569,1.057001685,0.312145671,0.205621175,1.028105873,217.5,93.71654531,87.52884932,0,
ID121043_ID120544,409,121043,120544,0.238683235,0.279911792,0.097710437,0.488552183,182.5,91.33373769,86.39170199,0,
ID122613_ID122864,409,122613,122864,0.427917743,0.210030973,0.130830844,0.65415422,207.5,92.11643918,87.25090016,0,
ID122864_ID123104,409,122864,123104,1.541446671,0.204495309,0.248310022,1.241550108,212.5,92.95549386,87.25165215,0,
ID123569_ID123345,409,123569,123345,0.112753683,0.395167154,0.06715763,0.335788152,222.5,93.72437014,88.00251444,0,
ID116716_ID115789,409,116716,115789,0.314369742,0.470459935,0.11213737,0.560686848,102.5,92.80921396,86.84479103,0,
ID124363_ID124179,409,124363,124179,0.301086241,0.156585356,0.109742652,0.54871326,232.5,93.10895118,87.73453162,0,
ID117980_ID117664,409,117980,117664,1.112888565,0.278441174,0.210987067,1.054935337,117.5,92.16975553,87.54206866,0,
ID117356_ID117980,409,117356,117980,0.762888432,0.439486247,0.174686969,0.873434847,112.5,92.81699117,87.17892714,0,
ID114224_ID114852,409,114224,114852,16.94197796,0.019632032,0.411606341,4.116063406,90,94.63857945,86.76406271,0,
ID120544_ID120296,409,120544,120296,0.273840976,0.145974459,0.104659634,0.523298171,187.5,91.25707599,86.85809238,0,
ID124179_ID123979,409,124179,123979,1.638070178,0.476934963,0.255974231,1.279871157,237.5,93.57450073,87.62144496,0,
ID110781_ID112217,409,110781,112217,1.241971687,0.018751196,0.222887567,1.114437835,62.5,99.75503683,86.47749784,0,
ID115789_ID117356,409,115789,117356,0.507315134,0.419622881,0.142452116,0.71226058,107.5,93.11209017,86.95970823,0,
ID114852_ID116716,409,114852,116716,0.192334136,0.349338921,0.087711832,0.438559159,97.5,92.60901793,86.84477959,0,
ID123345_ID124363,409,123345,124363,0.081209587,0.016622868,0.056994592,0.284972958,227.5,93.41565081,87.97313243,0,
ID117664_ID118289,409,117664,118289,3.918946812,0.519698618,0.3959266,1.979632999,122.5,92.76896508,87.4716258,0,
ID118894_ID118597,409,118894,118597,0.916842978,0.516498541,0.191503836,0.957519179,132.5,94.1850069,86.3455803,0,
ID124165_ID123970,410,124165,123970,2.845286773,0.561477697,0.337359557,1.686797787,237.5,330.9884556,78.50408558,0,
ID117062_ID115192,410,117062,115192,5.437230429,0.39465284,0.466357392,2.33178696,77.5,333.6562773,95.84641747,0,
ID120542_ID120292,410,120542,120292,0.500595124,0.316268886,0.141505494,0.707527472,187.5,331.4824373,84.30722388,0,
ID122367_ID121841,410,122367,121841,0.869951852,0.19461185,0.186542419,0.932712095,197.5,329.4065257,86.30819095,0,
ID115802_ID117359,410,115802,117359,5.939116406,0.031146508,0.487406049,2.437030243,107.5,334.9178884,91.53074236,0,
ID118598_ID119198,410,118598,119198,3.564885947,0.022145116,0.377618111,1.888090556,137.5,336.6287735,87.29853542,0,
ID119495_ID120036,410,119495,120036,3.008802466,0.068381368,0.346918,1.734589999,147.5,334.4288673,87.2457034,0,
ID117667_ID118293,410,117667,118293,6.426292994,0.39447794,0.507002682,2.535013411,122.5,336.2026201,89.93447961,0,
ID119776_ID121598,410,119776,121598,0.104019788,0.209670983,0.064504198,0.322520989,167.5,334.9136903,91.31208653,0,
ID124355_ID124165,410,124355,124165,2.386054229,0.548070789,0.308937161,1.544685803,232.5,330.7113837,78.48508161,0,
ID118892_ID118598,410,118892,118598,1.425878978,0.603577314,0.238820349,1.194101745,132.5,335.6834384,86.0842803,0,
ID114572_ID117062,410,114572,117062,5.920723051,NaN,0.486650719,2.433253594,72.5,334.9689501,95.91843603,0,
ID121841_ID122610,410,121841,122610,2.941006194,0.449779869,0.342987241,1.714936207,202.5,329.4794938,85.64057922,0,
ID115192_ID114242,410,115192,114242,8.287674061,0.344107219,0.575766413,2.878832065,82.5,331.9446699,95.81618421,0,
ID114872_ID116727,410,114872,116727,7.110846779,0.208442879,0.533323421,2.666617104,97.5,335.0119007,93.53519674,0,
ID122859_ID123096,410,122859,123096,4.559749974,0.010831075,0.427071421,2.135357107,212.5,329.7138606,81.43906446,0,
ID123970_ID123778,410,123970,123778,13.29100977,0.147196911,0.729136744,3.645683718,242.5,332.8964423,80.13888991,0,
ID114242_ID115506,410,114242,115506,17.09941763,0.584631627,0.827028842,4.13514421,87.5,332.6732914,95.88778975,0,
ID123333_ID124355,410,123333,124355,8.556872158,0.38926312,0.585042636,2.925213182,227.5,330.1290859,77.922206,0,
ID120292_ID122367,410,120292,122367,5.144641116,0.119064606,0.453636027,2.268180133,192.5,330.5131086,85.37309059,0,
ID120771_ID120542,410,120771,120542,27.26936154,0.009212249,0.522200742,5.222007424,180,332.7436839,86.61639267,0,
ID123556_ID123333,410,123556,123333,1.549285126,0.221491015,0.248940565,1.244702826,222.5,329.0964771,77.03193871,0,
ID122610_ID122859,410,122610,122859,6.157548323,0.15651524,0.496288155,2.481440776,207.5,329.8920551,83.73973138,0,
ID122079_ID121320,410,122079,121320,12.23708041,0.333244524,0.699630771,3.498153857,157.5,336.3406928,88.22776828,0,
ID117988_ID117667,410,117988,117667,3.086124916,0.604721141,0.351347402,1.756737008,117.5,336.1143856,91.15920159,0,
ID118293_ID118892,410,118293,118892,15.00399614,0.252123644,0.774699842,3.873499211,127.5,336.2265113,87.31616404,0,
ID121598_ID120771,410,121598,120771,6.041251206,0.157996021,0.491579137,2.457895686,172.5,334.2183155,90.15806985,0,
ID117359_ID117988,410,117359,117988,8.999525547,0.530040738,0.599984185,2.999920924,112.5,335.4819219,91.09074629,0,
ID115506_ID114872,410,115506,114872,6.701331086,0.456938319,0.517738586,2.58869293,92.5,334.2223087,95.67300543,0,
ID121320_ID119776,410,121320,119776,4.570568998,0.20676764,0.427577782,2.137888912,162.5,335.8668801,90.65473638,0,
ID116727_ID115802,410,116727,115802,0.142013348,0.30380068,0.075369317,0.376846584,102.5,335.9134647,92.52207815,0,
ID123096_ID123556,410,123096,123556,9.388596989,0.056937327,0.612816351,3.064081753,217.5,329.1618119,78.92468456,0,
ID119198_ID119495,410,119198,119495,4.341971395,0.528634689,0.416747952,2.083739762,142.5,336.2679905,87.6431067,0,
ID120036_ID122079,410,120036,122079,6.523269912,0.566465805,0.510813857,2.554069285,152.5,334.7880358,86.86626313,0,
ID117986_ID117661,411,117986,117661,26.97735896,0.437466697,1.038794666,5.193973331,117.5,320.4620729,87.38131722,0,
ID118286_ID118890,411,118286,118890,3.389935417,0.270038476,0.368235545,1.841177726,127.5,321.7778462,84.16056182,0,
ID118890_ID118592,411,118890,118592,7.842643623,0.109808704,0.560094407,2.800472036,132.5,320.6211574,82.24499852,0,
ID119490_ID120034,411,119490,120034,4.456709056,0.048636933,0.422218382,2.111091911,147.5,323.6290344,81.12438709,0,
ID116721_ID115790,411,116721,115790,3.351651967,0.546638242,0.36615035,1.830751749,102.5,315.8831005,89.32553306,0,
ID117358_ID117986,411,117358,117986,0.365950912,0.238213794,0.120987753,0.604938767,112.5,318.7018467,89.06329461,0,
ID119189_ID119490,411,119189,119490,2.665697425,0.355386526,0.326539273,1.632696366,142.5,322.3701919,79.7574217,0,
ID118592_ID119189,411,118592,119189,6.359159943,0.2168951,0.504347497,2.521737485,137.5,321.038053,80.0029084,0,
ID114227_ID115484,411,114227,115484,1.760794533,0.251764339,0.265389867,1.326949333,87.5,317.5948384,87.97039303,0,
ID115182_ID114227,411,115182,114227,29.35050096,NaN,1.083522053,5.417610263,82.5,319.9613419,89.78167962,0,
ID114856_ID116721,411,114856,116721,3.544011852,0.334588978,0.376510922,1.882554608,97.5,315.5069712,89.2951563,0,
ID117661_ID118286,411,117661,118286,0.543884653,0.046459005,0.147497072,0.737485358,122.5,322.3165589,85.07806084,0,
ID115484_ID114856,411,115484,114856,2.755067641,0.060662267,0.331967929,1.659839643,92.5,316.1550458,88.29743247,0,
ID115790_ID117358,411,115790,117358,6.601920639,0.297066211,0.513884058,2.569420292,107.5,317.3541736,88.60089135,0,
ID120034_ID122073,411,120034,122073,5.828274549,0.44347926,0.482836393,2.414181963,152.5,324.5114117,80.61706252,0,
ID124194_ID123997,412,124194,123997,1.125495644,0.436925181,0.212178759,1.060893795,237.5,392.0286223,94.65937358,0,
ID123997_ID123801,412,123997,123801,4.37723801,0.582775173,0.418436997,2.092184985,242.5,392.4484665,94.31546776,0,
ID116722_ID115799,412,116722,115799,2.012824057,0.129117995,0.283748061,1.418740306,102.5,385.3303719,91.26920243,0,
ID115165_ID114220,412,115165,114220,12.46389525,0.05792584,0.706084846,3.530424231,82.5,387.3519996,85.21463711,0,
ID123584_ID123356,412,123584,123356,11.44182658,0.018352134,0.676515383,3.382576913,222.5,391.6214787,95.46570841,0,
ID123356_ID124377,412,123356,124377,0.291914442,0.553058501,0.108058214,0.540291071,227.5,392.8201685,94.66151495,0,
ID123124_ID123584,412,123124,123584,9.46055157,0.263641764,0.615160193,3.075800964,217.5,388.898378,97.19501411,0,
ID114220_ID115485,412,114220,115485,9.789954715,0.24262712,0.625778067,3.128890333,87.5,385.5873358,87.30819679,0,
ID122088_ID121325,412,122088,121325,4.945371481,0.402366102,0.444763824,2.223819121,157.5,384.0713926,92.42662009,0,
ID122377_ID121856,412,122377,121856,5.639129055,0.13908781,0.474937009,2.374685043,197.5,384.9682481,93.50258701,0,
ID117361_ID117989,412,117361,117989,1.126495436,0.428323486,0.212272979,1.061364893,112.5,386.2789606,91.23243306,0,
ID122635_ID122885,412,122635,122885,5.045657277,0.612969034,0.449250811,2.246254055,207.5,384.4940277,96.28038954,0,
ID120302_ID122377,412,120302,122377,3.214063393,0.345168456,0.358556182,1.79278091,192.5,385.5480801,91.62871188,0,
ID118294_ID118898,412,118294,118898,1.99113272,0.618461071,0.282215005,1.411075023,127.5,382.0110824,90.20900117,0,
ID120039_ID122088,412,120039,122088,4.95420878,0.460695366,0.44516104,2.225805198,152.5,383.1877313,91.62814178,0,
ID121595_ID121052,412,121595,121052,0.947011832,0.259350045,0.097314533,0.97314533,175,382.8484722,91.31639588,0,
ID120549_ID120302,412,120549,120302,1.660335363,0.045895098,0.257708002,1.288540012,187.5,384.8364755,90.89806028,0,
ID121856_ID122635,412,121856,122635,8.550710364,0.150450271,0.584831954,2.924159771,202.5,384.5262657,95.9289393,0,
ID124377_ID124194,412,124377,124194,0.363741028,0.238785307,0.120621893,0.603109466,232.5,392.4023558,94.43946633,0,
ID117032_ID115165,412,117032,115165,4.171381652,0.198849032,0.408479211,2.042396057,77.5,390.0564469,84.66701829,0,
ID114542_ID117032,412,114542,117032,1.160068157,0.351324444,0.21541292,1.077064602,72.5,391.3638021,84.19449569,0,
ID119499_ID120039,412,119499,120039,0.073223373,0.446149927,0.054119635,0.270598176,147.5,383.260772,90.60340041,0,
ID118898_ID118604,412,118898,118604,1.778786842,0.604032406,0.266742336,1.333711679,132.5,382.1008467,90.18982559,0,
ID112214_ID114542,412,112214,114542,0.145075673,0.241242202,0.076177601,0.380888006,67.5,391.7899127,83.86766547,0,
ID115799_ID117361,412,115799,117361,1.3107649,0.490657195,0.228977283,1.144886414,107.5,385.7687489,91.37635795,0,
ID121325_ID119777,412,121325,119777,4.173036194,0.50906645,0.408560213,2.042801066,162.5,384.1743652,91.80248875,0,
ID117989_ID117669,412,117989,117669,11.22638011,0.463284454,0.670115814,3.35057907,117.5,384.9492041,91.56955521,0,
ID117669_ID118294,412,117669,118294,6.316135196,0.155260672,0.502638446,2.513192232,122.5,382.4144714,90.58728167,0,
ID115485_ID116722,412,115485,116722,3.241149487,0.019953447,0.180031927,1.800319274,95,385.2820293,89.74236657,0,
ID119777_ID121595,412,119777,121595,0.510423775,0.160057653,0.142887897,0.714439483,167.5,383.0521411,91.15461983,0,
ID121052_ID120549,412,121052,120549,2.547962043,0.431108874,0.319246741,1.596233706,182.5,383.5058349,91.42995941,0,
ID118604_ID119202,412,118604,119202,2.484632036,0.390721713,0.315254312,1.576271562,137.5,382.5054806,89.47603925,0,
ID122885_ID123124,412,122885,123124,19.96818119,0.501381956,0.893715418,4.468577088,212.5,385.9386514,96.63408541,0,
ID119202_ID119499,412,119202,119499,1.858810377,0.373673327,0.272676393,1.363381963,142.5,383.2120626,89.99714597,0,
ID110771_ID112214,412,110771,112214,10.00145552,NaN,0.632501558,3.16250779,62.5,393.3467013,83.29513388,0,
ID116723_ID115795,413,116723,115795,0.426015252,0.155498602,0.130539688,0.652698439,102.5,125.7276172,91.1934172,0,
ID117360_ID117987,413,117360,117987,1.846422842,0.15810132,0.271766285,1.358831425,112.5,123.4609847,91.04338473,0,
ID118899_ID118605,413,118899,118605,3.077112075,0.416775123,0.350833982,1.754169911,132.5,122.8766728,91.34624521,0,
ID114229_ID115491,413,114229,115491,14.2030559,0.479301205,0.753738838,3.76869419,87.5,128.3499773,90.11075992,0,
ID117670_ID118298,413,117670,118298,1.910509255,0.41151445,0.276442345,1.382211726,122.5,122.0584691,92.11156173,0,
ID115491_ID114862,413,115491,114862,2.728840112,0.591015122,0.330384026,1.651920129,92.5,127.3209417,90.45025491,0,
ID117987_ID117670,413,117987,117670,1.618084726,0.022196905,0.254407919,1.272039593,117.5,122.2095763,91.44217078,0,
ID118298_ID118899,413,118298,118899,2.287637859,0.549722303,0.302498784,1.51249392,127.5,122.2676887,91.91118315,0,
ID115178_ID114229,413,115178,114229,3.079288739,NaN,0.350958045,1.754790227,82.5,129.6747423,90.478335,0,
ID114862_ID116723,413,114862,116723,5.223595996,0.58551413,0.457103752,2.285518759,97.5,127.0278818,90.69014539,0,
ID115795_ID117360,413,115795,117360,2.540900827,0.282039444,0.318804067,1.594020335,107.5,124.8213322,91.13372926,0,
ID116729_ID115796,414,116729,115796,6.304794727,0.472479706,0.502187006,2.51093503,102.5,248.7335671,92.37567176,0,
ID115796_ID117363,414,115796,117363,8.324824047,0.196123334,0.577055424,2.885277118,107.5,251.082553,91.98126437,0,
ID115487_ID114863,414,115487,114863,20.16077671,0.335711893,0.898015071,4.490075357,92.5,245.925899,89.99556681,0,
ID114863_ID116729,414,114863,116729,5.399839365,0.254138493,0.464751089,2.323755444,97.5,247.8818341,92.02206488,0,
ID117363_ID117995,414,117363,117995,6.299688064,0.261469236,0.501983588,2.50991794,112.5,252.4367285,93.64417385,0,
ID114225_ID115487,414,114225,115487,7.633877381,NaN,0.552589445,2.762947227,87.5,244.5256935,87.91688095,0,
ID112244_ID114574,415,112244,114574,0.470554349,0.620216125,0.137193928,0.685969641,67.5,366.1005418,97.84335566,0,
ID117367_ID117994,415,117367,117994,1.286141681,0.396075238,0.226816373,1.134081867,112.5,369.4713058,94.1217143,0,
ID117070_ID115197,415,117070,115197,9.016682374,0.235783135,0.600555822,3.002779108,77.5,360.553279,101.2370242,0,
ID114574_ID117070,415,114574,117070,32.62448499,0.323831386,1.142356949,5.711784746,72.5,363.9099501,99.68193214,0,
ID115512_ID114878,415,115512,114878,16.25998409,0.308864724,0.806473412,4.032367058,92.5,362.6857889,101.6723831,0,
ID116735_ID115809,415,116735,115809,10.46510823,3.03E-04,0.646996391,3.234981953,102.5,368.4358299,97.53578652,0,
ID114878_ID116735,415,114878,116735,11.95145272,0.02012312,0.691417464,3.457087318,97.5,365.6641595,99.4102957,0,
ID115197_ID115512,415,115197,115512,9.057966619,0.265385204,0.30096456,3.009645597,85,360.1434916,101.8361803,0,
ID115809_ID117367,415,115809,117367,7.285469374,0.261041096,0.539832173,2.699160865,107.5,369.3412585,95.35317475,0,
ID110806_ID112244,415,110806,112244,1.563567878,NaN,0.250085416,1.250427078,62.5,365.9226152,97.62347606,0,
ID118299_ID118902,416,118299,118902,1.006842154,0.03600228,0.200683049,1.003415245,127.5,93.23738117,92.80315588,0,
ID117992_ID117675,416,117992,117675,0.666031102,0.37057555,0.163221457,0.816107286,117.5,91.84061915,93.82452115,0,
ID114867_ID116728,416,114867,116728,0.992975206,0.176963628,0.199296283,0.996481413,97.5,92.87754117,92.50422718,0,
ID117052_ID115176,416,117052,115176,0.126520174,0.337555641,0.071139349,0.355696744,77.5,96.1376609,91.6012277,0,
ID116439_ID111087,416,116439,111087,0.533208855,0.398507382,0.146042303,0.730211514,52.5,99.38830566,91.0762423,0,
ID112548_ID116134,416,112548,116134,2.041949978,0.106801031,0.28579363,1.428968151,42.5,99.96877444,90.70789545,0,
ID114556_ID117052,416,114556,117052,0.495847162,0.256971643,0.140832832,0.704164158,72.5,96.49013348,91.47185173,0,
ID122879_ID123107,416,122879,123107,2.361496249,0.251674089,0.307343212,1.53671606,212.5,91.1240142,92.95273557,0,
ID119502_ID120041,416,119502,120041,0.06925155,0.244382176,0.052631379,0.263156893,147.5,91.27708361,92.19815703,0,
ID117675_ID118299,416,117675,118299,2.215396506,0.474087286,0.297684162,1.488420809,122.5,92.35242052,93.67326513,0,
ID121055_ID120557,416,121055,120557,0.245392765,0.170349831,0.099074268,0.49537134,182.5,90.61228152,93.03997809,0,
ID111087_ID110791,416,111087,110791,0.13573609,0.046146475,0.073684758,0.368423791,57.5,98.84235558,91.08736304,0,
ID115803_ID117366,416,115803,117366,1.019540652,0.618540859,0.201944611,1.009723057,107.5,92.66504225,93.12759246,0,
ID113116_ID112548,416,113116,112548,8.560575494,NaN,0.585169223,2.925846116,37.5,102.0468215,91.0709072,0,
ID122625_ID122879,416,122625,122879,0.001309848,0.223353377,0.007238364,0.036191822,207.5,90.61273347,93.53397641,0,
ID120041_ID122087,416,120041,122087,0.457965357,0.595463103,0.135346276,0.676731378,152.5,91.14416937,92.36030996,0,
ID115493_ID114867,416,115493,114867,0.783897032,0.009050706,0.17707592,0.885379598,92.5,93.52232129,91.94933701,0,
ID121855_ID122625,416,121855,122625,0.594819485,0.599284887,0.154249082,0.771245412,202.5,90.40323657,93.86753978,0,
ID116134_ID116439,416,116134,116439,0.643175239,0.524764086,0.160396414,0.801982069,47.5,99.55266228,90.69254696,0,
ID120781_ID121055,416,120781,121055,0.915028302,0.318779157,0.191314223,0.956571117,177.5,90.35396609,92.42399438,0,
ID121322_ID119780,416,121322,119780,0.233556661,0.27961846,0.096655401,0.483277003,162.5,90.77588239,92.24051203,0,
ID120309_ID122378,416,120309,122378,0.243262408,0.43193364,0.098643278,0.493216391,192.5,90.92254541,93.48990991,0,
ID118902_ID118606,416,118902,118606,0.301383065,0.477668109,0.109796733,0.548983666,132.5,93.35730113,92.46885274,0,
ID122087_ID121322,416,122087,121322,0.108940863,0.540594325,0.066012382,0.330061909,157.5,90.98153565,92.47933596,0,
ID122378_ID121855,416,122378,121855,1.558549225,0.572018249,0.249683738,1.24841869,197.5,90.60906477,93.72746089,0,
ID115176_ID114234,416,115176,114234,1.651109438,0.203295387,0.256991007,1.284955033,82.5,95.38659137,91.57692535,0,
ID120557_ID120309,416,120557,120309,0.240183878,0.137613992,0.098017116,0.490085582,187.5,90.69085282,93.49713128,0,
ID112227_ID114556,416,112227,114556,0.546325521,0.158769739,0.147827673,0.739138364,67.5,97.05857224,91.36782063,0,
ID118606_ID119204,416,118606,119204,1.730130545,0.093320954,0.263068854,1.315344269,137.5,92.47368323,92.69145773,0,
ID117366_ID117992,416,117366,117992,0.852545234,0.381986424,0.184666752,0.923333761,112.5,92.26959346,93.523275,0,
ID119204_ID119502,416,119204,119502,0.792570678,0.230228859,0.178052877,0.890264386,142.5,91.5435392,92.62769308,0,
ID119780_ID121596,416,119780,121596,1.169246883,0.359496228,0.21626344,1.081317198,167.5,90.82644657,91.70253422,0,
ID116728_ID115803,416,116728,115803,0.110354442,0.508034636,0.066439278,0.33219639,102.5,92.63698334,92.78969651,0,
ID121596_ID120781,416,121596,120781,1.768635478,0.55442506,0.26598011,1.329900552,172.5,90.57991163,91.64606576,0,
ID114234_ID115493,416,114234,115493,0.66680424,0.004943502,0.163316165,0.816580823,87.5,94.352851,91.76489832,0,
ID110791_ID112227,416,110791,112227,1.820945517,0.096740241,0.269884829,1.349424143,62.5,98.02609753,91.29462138,0,
ID117051_ID114238,417,117051,114238,5.266804761,0.224959533,0.229495202,2.294952017,80,356.1077441,92.27281424,0,
ID114559_ID117051,417,114559,117051,2.247935059,0.498999162,0.299862306,1.499311528,72.5,356.2602909,91.39234207,0,
ID116445_ID111094,417,116445,111094,13.26237021,0.323010848,0.728350745,3.641753727,52.5,358.9995848,93.81968588,0,
ID111094_ID110801,417,111094,110801,0.428227853,0.101534423,0.130878242,0.654391208,57.5,356.8868231,93.80658998,0,
ID117677_ID118300,417,117677,118300,1.98031882,0.006083578,0.281447602,1.407238011,122.5,352.7195332,95.09347848,0,
ID115495_ID116732,417,115495,116732,14.05915465,0.16860539,0.374955393,3.749553927,95,353.0083974,93.0704997,0,
ID112232_ID114559,417,112232,114559,1.388902205,0.11278434,0.23570339,1.178516952,67.5,355.9147467,91.68331863,0,
ID116732_ID115805,417,116732,115805,3.873500309,0.189931344,0.393624202,1.96812101,102.5,350.6384617,94.07741886,0,
ID115805_ID117371,417,115805,117371,3.198418701,0.405993845,0.357682468,1.788412341,107.5,349.8822401,94.72248184,0,
ID113110_ID112542,417,113110,112542,0.447844239,NaN,0.133842331,0.669211655,37.5,361.3193967,88.44346741,0,
ID110801_ID112232,417,110801,112232,3.377577773,0.368174798,0.367563751,1.837818754,62.5,356.4460816,93.03408706,0,
ID112542_ID116445,417,112542,116445,29.03713729,0.110282423,0.538861182,5.388611815,45,360.9148775,91.27559197,0,
ID117371_ID118000,417,117371,118000,5.361290742,0.086716421,0.463089224,2.315446122,112.5,349.8466068,96.72686574,0,
ID118000_ID117677,417,118000,117677,11.96568863,0.501847835,0.69182913,3.459145651,117.5,350.8958177,96.70386928,0,
ID114238_ID115495,417,114238,115495,1.995259161,0.331207003,0.282507286,1.412536428,87.5,354.8208662,92.4193381,0,
ID117373_ID117997,419,117373,117997,4.55639861,0.448402375,0.426914446,2.134572231,112.5,261.7344301,97.72155206,0,
ID114251_ID115507,419,114251,115507,0.439952597,0.120011545,0.132657845,0.663289225,87.5,262.4023673,98.22854859,0,
ID117997_ID117673,419,117997,117673,11.89783302,0.087047667,0.689864712,3.449323559,117.5,261.2289302,95.03897437,0,
ID114877_ID116736,419,114877,116736,9.511518622,0.460657323,0.616815001,3.084075003,97.5,261.8283975,99.28681648,0,
ID116736_ID115813,419,116736,115813,0.774475797,0.454020653,0.176008613,0.880043066,102.5,260.6704922,98.6891276,0,
ID115507_ID114877,419,115507,114877,3.898900587,0.551511582,0.394912678,1.974563392,92.5,262.8465852,98.75791579,0,
ID115196_ID114251,419,115196,114251,2.341935686,0.157071848,0.306067684,1.530338422,82.5,262.9586583,99.1256981,0,
ID117068_ID115196,419,117068,115196,1.024106561,0.405023165,0.2023963,1.011981502,77.5,263.9761651,99.72046752,0,
ID115813_ID117373,419,115813,117373,1.471976642,0.174339397,0.242650089,1.213250445,107.5,261.6116988,98.55022091,0,
ID114580_ID117068,419,114580,117068,22.31264093,NaN,0.944725165,4.723625824,72.5,263.3359956,101.8122293,0,
ID117999_ID117680,420,117999,117680,3.064597322,0.515174808,0.350119826,1.750599132,117.5,228.315127,97.50360676,0,
ID121601_ID120787,420,121601,120787,0.935684635,0.082844473,0.193461586,0.967307932,172.5,231.5422221,93.0046443,0,
ID117372_ID117999,420,117372,117999,3.601881561,0.165121893,0.379572473,1.897862366,112.5,228.3010384,98.01744698,0,
ID120787_ID121054,420,120787,121054,1.677374049,0.277718731,0.259026952,1.295134761,177.5,232.4073608,92.86936489,0,
ID118905_ID118612,420,118905,118612,4.010322399,0.519003413,0.400515787,2.002578937,132.5,228.5160185,97.12435847,0,
ID119779_ID121601,420,119779,121601,0.633764211,0.504938645,0.159218618,0.796093092,167.5,230.9700165,92.35856836,0,
ID119505_ID120045,420,119505,120045,1.671046798,0.320257599,0.258537951,1.292689753,147.5,231.0945176,95.25050387,0,
ID120045_ID122091,420,120045,122091,4.603685444,0.355376154,0.429124012,2.14562006,152.5,231.0885114,94.11698473,0,
ID121054_ID120551,420,121054,120551,0.545957842,0.113185853,0.14777792,0.738889601,182.5,232.9906997,92.08232626,0,
ID121324_ID119779,420,121324,119779,1.073541471,0.425426024,0.207223693,1.036118464,162.5,231.2451116,92.23713848,0,
ID115808_ID117372,420,115808,117372,21.95118077,0.626128982,0.937041744,4.685208722,107.5,231.3340063,97.56555708,0,
ID116733_ID115808,420,116733,115808,0.889409409,NaN,0.18861701,0.943085049,102.5,233.0753561,96.88093612,0,
ID119207_ID119505,420,119207,119505,0.693431831,0.290931742,0.166545109,0.832725543,142.5,230.6675179,95.87690785,0,
ID122091_ID121324,420,122091,121324,2.085232572,0.322068206,0.288806688,1.444033439,157.5,231.0975671,92.84777165,0,
ID118304_ID118905,420,118304,118905,3.679261131,0.421238573,0.383628004,1.918140019,127.5,228.3733251,97.63547134,0,
ID117680_ID118304,420,117680,118304,0.447951894,0.324342852,0.133858417,0.669292084,122.5,229.2066469,97.73493576,0,
ID118612_ID119207,420,118612,119207,2.376063494,0.092052286,0.308289701,1.541448505,137.5,230.1761403,96.65169284,0,
ID120055_ID122108,421,120055,122108,8.124843778,0.162383978,0.570082232,2.85041116,152.5,261.7567765,103.6621933,0,
ID119512_ID120055,421,119512,120055,2.323921866,0.198322738,0.304888299,1.524441493,147.5,260.8613856,101.8440964,0,
ID115501_ID114873,421,115501,114873,4.9378225,0.528611605,0.444424234,2.222121171,92.5,263.3829112,94.4876184,0,
ID114873_ID116734,421,114873,116734,11.67319114,0.224990936,0.683321041,3.416605207,97.5,263.613504,96.88271871,0,
ID121345_ID119798,421,121345,119798,4.339591759,0.483384542,0.416633736,2.083168682,162.5,260.1296216,104.9770182,0,
ID118907_ID118613,421,118907,118613,2.770788423,0.578325423,0.332913708,1.66456854,132.5,260.2052545,97.9338124,0,
ID111101_ID110804,421,111101,110804,0.823174622,0.156240774,0.181457943,0.907289713,57.5,271.4972653,97.38493513,0,
ID114571_ID117065,421,114571,117065,0.872306463,0.371844826,0.186794696,0.933973481,72.5,269.8248915,96.55810928,0,
ID115190_ID114241,421,115190,114241,7.882438016,0.003533119,0.561513598,2.80756799,82.5,266.5579015,95.21556335,0,
ID112245_ID114571,421,112245,114571,10.25784886,0.60022941,0.640557534,3.20278767,67.5,271.1444116,97.3429483,0,
ID115811_ID117374,421,115811,117374,4.790833139,0.337387553,0.437759438,2.18879719,107.5,264.3313442,98.15378859,0,
ID117676_ID118301,421,117676,118301,8.316178087,0.432231733,0.576755688,2.883778439,122.5,261.6783727,96.19082731,0,
ID118301_ID118907,421,118301,118907,2.715879348,0.014275447,0.329598504,1.647992521,127.5,260.0661136,97.78104963,0,
ID122108_ID121345,421,122108,121345,10.76413822,0.387278481,0.656174922,3.280874612,157.5,261.1811248,105.3111932,0,
ID118004_ID117676,421,118004,117676,13.30979173,0.298346442,0.729651745,3.648258726,117.5,263.0254449,97.00546346,0,
ID117065_ID115190,421,117065,115190,4.357094761,0.308422031,0.417473101,2.087365507,77.5,268.6750549,96.44328384,0,
ID110804_ID112245,421,110804,112245,3.253799717,0.608958819,0.360765836,1.803829182,62.5,271.7145443,97.78188136,0,
ID116734_ID115811,421,116734,115811,0.775085188,0.62629148,0.176077845,0.880389225,102.5,263.2023074,98.08234049,0,
ID114241_ID115501,421,114241,115501,8.229454448,0.050398002,0.573740514,2.868702572,87.5,263.9707913,94.10439655,0,
ID119215_ID119512,421,119215,119512,0.016409686,0.187562209,0.02562006,0.128100298,142.5,260.8699803,101.0450647,0,
ID116452_ID111101,421,116452,111101,4.916363719,0.078551344,0.443457494,2.217287469,52.5,272.8913084,97.83853922,0,
ID116149_ID116452,421,116149,116452,1.017631648,NaN,0.201755461,1.008777303,47.5,274.4405478,98.17996952,0,
ID117374_ID118004,421,117374,118004,3.995410609,0.51968777,0.399770465,1.998852323,112.5,264.3160009,98.72265488,0,
ID118613_ID119215,421,118613,119215,12.42606664,0.433771754,0.705012529,3.525062643,137.5,260.8617153,99.24392272,0,
ID118913_ID118620,422,118913,118620,4.389280231,0.100438768,0.419012183,2.095060913,132.5,226.4538072,101.2846382,0,
ID121602_ID120775,422,121602,120775,8.428673603,0.139896353,0.58064356,2.903217801,172.5,222.805608,91.69637873,0,
ID118620_ID119213,422,118620,119213,6.253843976,0.607595736,0.500153735,2.500768677,137.5,226.3641873,101.0674576,0,
ID122097_ID121333,422,122097,121333,20.50888563,0.554836047,0.905734743,4.528673717,157.5,220.9050531,98.03446056,0,
ID120775_ID121056,422,120775,121056,6.633006538,0.483983902,0.515092479,2.575462393,177.5,221.8328232,91.58428814,0,
ID117679_ID118303,422,117679,118303,1.147242272,0.581016445,0.214218792,1.07109396,122.5,224.6682047,97.74727944,0,
ID118303_ID118913,422,118303,118913,9.997033011,0.358421192,0.632361701,3.161808503,127.5,224.8683012,99.28816841,0,
ID121056_ID120553,422,121056,120553,6.864808339,0.426681025,0.524015585,2.620077926,182.5,222.7009322,92.49048353,0,
ID119213_ID119508,422,119213,119508,19.09215698,0.028619175,0.873891457,4.369457286,142.5,223.5535115,99.10677883,0,
ID115814_ID117377,422,115814,117377,7.069918284,0.175117002,0.531786359,2.658931794,107.5,225.7525377,101.6125113,0,
ID116738_ID115814,422,116738,115814,3.550268143,NaN,0.376843105,1.884215525,102.5,227.5941701,100.6808415,0,
ID119508_ID120050,422,119508,120050,3.252031527,0.093464677,0.360667799,1.803338994,147.5,220.8010257,97.87096377,0,
ID117377_ID118001,422,117377,118001,12.43126117,0.309397483,0.705159873,3.525799366,112.5,224.1955824,100.0116437,0,
ID120050_ID122097,422,120050,122097,2.187328531,0.151819524,0.295792395,1.478961977,152.5,219.3230751,98.24901781,0,
ID118001_ID117679,422,118001,117679,1.928181383,0.243507868,0.277717942,1.38858971,117.5,224.5735142,97.93946898,0,
ID121333_ID119786,422,121333,119786,16.06919897,0.170613599,0.801728108,4.008640539,162.5,223.8764641,95.52749084,0,
ID119786_ID121602,422,119786,121602,2.156564309,0.303717548,0.293704907,1.468524535,167.5,224.0306719,93.36271339,0,
ID116745_ID115816,423,116745,115816,3.057540291,0.344972276,0.349716473,1.748582366,102.5,432.8641031,102.7642463,0,
ID114258_ID115514,423,114258,115514,4.361114364,NaN,0.417665625,2.088328127,87.5,436.2585182,104.2488988,0,
ID115514_ID114883,423,115514,114883,0.480942233,0.262157887,0.138699998,0.693499988,92.5,435.773893,103.1710229,0,
ID117378_ID118007,423,117378,118007,2.069999084,0.409636214,0.287749828,1.438749139,112.5,432.8192139,102.5405673,0,
ID114883_ID116745,423,114883,116745,9.733336179,0.482875782,0.623965902,3.119829511,97.5,434.4557474,103.2600429,0,
ID115816_ID117378,423,115816,117378,0.192199871,0.355296335,0.087681211,0.438406057,107.5,433.0043208,101.9189708,0,
ID117687_ID118306,425,117687,118306,5.554195806,0.04115398,0.471346828,2.35673414,122.5,101.7194192,101.0470029,0,
ID118306_ID118903,425,118306,118903,25.74406083,0.055250749,1.014772109,5.073860545,127.5,101.193772,97.40002684,0,
ID117383_ID118015,425,117383,118015,4.296601619,NaN,0.41456491,2.072824551,112.5,101.8348393,105.2280515,0,
ID118015_ID117687,425,118015,117687,15.84872658,0.567281451,0.796209183,3.981045915,117.5,101.9826342,104.1892342,0,
ID118316_ID118916,426,118316,118916,2.172016279,0.222417981,0.294755239,1.473776197,127.5,261.0010403,104.5261433,0,
ID118916_ID118611,426,118916,118611,54.3743674,0.224203185,1.474779541,7.373897707,132.5,261.0299195,100.4643486,0,
ID116743_ID115821,426,116743,115821,0.649506391,0.410180492,0.161183919,0.805919593,102.5,261.3031953,104.3635431,0,
ID118611_ID119212,426,118611,119212,4.251240337,0.534489954,0.412370723,2.061853617,137.5,261.0421461,97.65799018,0,
ID117688_ID118316,426,117688,118316,4.913762058,0.102951636,0.443340143,2.216700715,122.5,262.5777138,104.4322129,0,
ID118009_ID117688,426,118009,117688,0.261411132,0.481631116,0.102256762,0.511283808,117.5,263.6919404,103.693607,0,
ID117382_ID118009,426,117382,118009,0.84741655,0.062986455,0.184110461,0.920552307,112.5,263.3855002,103.6015277,0,
ID115821_ID117382,426,115821,117382,3.460283999,0.386294904,0.372036772,1.860183862,107.5,262.1679751,104.2407818,0,
ID114890_ID116743,426,114890,116743,9.722505714,NaN,0.623618656,3.118093282,97.5,260.0270434,104.9833101,0,
ID115818_ID117384,428,115818,117384,1.876367321,0.58541786,0.273961116,1.369805578,107.5,434.4573711,104.0793098,0,
ID116746_ID115818,428,116746,115818,1.151535695,0.243807341,0.214619262,1.073096312,102.5,434.5851306,103.9292085,0,
ID115519_ID114887,428,115519,114887,4.009306928,0.210739079,0.400465076,2.00232538,92.5,436.7758687,105.9223164,0,
ID114887_ID116746,428,114887,116746,7.314148311,0.377125197,0.540893642,2.704468212,97.5,435.9716108,104.7623128,0,
ID115210_ID114266,428,115210,114266,0.129775899,0.488965359,0.072048844,0.360244222,82.5,435.0643098,106.9191563,0,
ID117693_ID118314,428,117693,118314,0.806631404,0.342842987,0.179625322,0.898126608,122.5,433.6438774,104.7626092,0,
ID117081_ID115210,428,117081,115210,1.780934633,NaN,0.266903326,1.334516629,77.5,434.8209076,106.4353346,0,
ID118012_ID117693,428,118012,117693,0.114938078,0.035707965,0.067805038,0.339025188,117.5,433.9573565,105.0948192,0,
ID117384_ID118012,428,117384,118012,0.14792707,0.156281683,0.076922577,0.384612883,112.5,434.2509555,104.8858305,0,
ID118314_ID118921,428,118314,118921,3.84056832,0.595074724,0.39194736,1.959736799,127.5,433.6853501,105.3031306,0,
ID118921_ID118629,428,118921,118629,6.975954703,0.009767299,0.528240654,2.641203268,132.5,434.1107197,107.5632495,0,
ID114266_ID115519,428,114266,115519,1.254637213,0.229437696,0.224021179,1.120105894,87.5,435.7018804,106.7690259,0,
ID118625_ID119225,429,118625,119225,0.615837587,0.210196719,0.15695064,0.784753202,137.5,433.3067783,107.4436872,0,
ID119225_ID119526,429,119225,119526,11.03773644,0.04308064,0.66446178,3.322308902,142.5,434.1255154,109.3189295,0,
ID118922_ID118625,429,118922,118625,0.822635189,0.267207831,0.181398477,0.906992386,132.5,432.6372595,107.1468103,0,
ID117388_ID118017,429,117388,118017,1.247972471,NaN,0.223425376,1.117126882,112.5,431.7592932,106.4513201,0,
ID117696_ID118922,429,117696,118922,0.478015606,0.164700374,0.069138673,0.691386727,125,432.0822664,106.8466817,0,
ID118017_ID117696,429,118017,117696,0.520152505,0.576970011,0.144243198,0.721215991,117.5,431.6445193,106.6493547,0,
ID115829_ID117390,431,115829,117390,3.612539108,0.522372015,0.380133614,1.900668069,107.5,397.2911987,109.1430461,0,
ID114265_ID115522,431,114265,115522,2.740036398,NaN,0.331061106,1.65530553,87.5,399.4691286,107.169164,0,
ID117390_ID118011,431,117390,118011,14.65854145,0.159840346,0.765729494,3.82864747,112.5,396.6371495,106.55905,0,
ID115522_ID116755,431,115522,116755,5.050712386,0.147211599,0.2247379,2.247379004,95,398.7417208,108.4347933,0,
ID116755_ID115829,431,116755,115829,0.846907007,0.276013787,0.184055101,0.920275506,102.5,397.8475638,109.3680277,0,
ID118016_ID117690,432,118016,117690,2.73899998,0.014381412,0.330998488,1.654992441,117.5,225.9400878,106.1318069,0,
ID117393_ID118016,432,117393,118016,6.343874512,0.330186461,0.503740986,2.518704928,112.5,225.6998171,108.203478,0,
ID116753_ID117393,432,116753,117393,38.80361478,0.082185539,0.622925475,6.229254753,105,222.5192002,108.9400705,0,
ID114275_ID115531,432,114275,115531,2.314853077,0.3180079,0.304292825,1.521464123,87.5,217.5411981,111.5988574,0,
ID114893_ID116753,432,114893,116753,0.397137249,0.061925046,0.126037653,0.630188264,97.5,219.1980204,108.6139524,0,
ID118923_ID118628,432,118923,118628,0.70081797,0.269572361,0.167429743,0.837148714,132.5,222.4434903,108.2211709,0,
ID117690_ID118318,432,117690,118318,7.875508115,0.400058244,0.561266714,2.806333572,122.5,224.7188983,105.6898572,0,
ID118318_ID118923,432,118318,118923,4.916067201,0.144128281,0.443444121,2.217220603,127.5,222.7597048,106.9925866,0,
ID115531_ID114893,432,115531,114893,13.84148809,0.50633634,0.744083009,3.720415043,92.5,217.887927,110.3343732,0,
ID117098_ID115222,432,117098,115222,6.65200637,NaN,0.515829676,2.579148381,77.5,220.1899742,113.6155431,0,
ID115222_ID114275,432,115222,114275,4.333073819,0.197757073,0.416320733,2.081603665,82.5,218.59705,112.3176676,0,
ID117400_ID118027,435,117400,118027,2.426613354,0.182993217,0.311551816,1.557759081,112.5,427.1478065,112.1076106,0,
ID118027_ID117710,435,118027,117710,14.88678587,0.508620688,0.771667956,3.858339782,117.5,425.9265023,112.7025235,0,
ID118330_ID118930,435,118330,118930,23.87338259,0.115563458,0.977207912,4.886039561,127.5,419.3343264,112.730813,0,
ID117710_ID118330,435,117710,118330,10.09040507,0.156329111,0.635307959,3.176539794,122.5,422.9697486,114.0631652,0,
ID119237_ID119535,435,119237,119535,14.2661478,0.071135298,0.755411088,3.777055441,142.5,416.7821672,115.0777619,0,
ID119535_ID120079,435,119535,120079,29.96014762,0.209195805,1.094717272,5.473586358,147.5,418.0277008,118.9098155,0,
ID115845_ID117400,435,115845,117400,9.153259283,NaN,0.605087077,3.025435387,107.5,428.0036044,114.0048671,0,
ID118930_ID119237,435,118930,119237,3.55574281,0.218966149,0.188566774,1.885667736,135,417.3263872,112.3395973,0,
ID117405_ID118026,436,117405,118026,11.41541363,0.338374738,0.675734079,3.378670394,112.5,346.1338266,112.7210207,0,
ID118026_ID117705,436,118026,117705,0.088188049,0.154741978,0.059392945,0.296964727,117.5,344.7567566,111.5641123,0,
ID115833_ID117405,436,115833,117405,10.14218738,0.206306843,0.636936021,3.184680106,107.5,348.3074599,112.5988995,0,
ID116752_ID115833,436,116752,115833,21.18435235,NaN,0.920529247,4.602646233,102.5,348.3644583,109.1942206,0,
ID117705_ID118322,436,117705,118322,16.32505389,0.081738008,0.808085488,4.040427439,122.5,342.7408862,110.7959327,0,
ID115540_ID114910,439,115540,114910,0.772972352,0.152167649,0.175837692,0.879188462,92.5,359.2292563,115.9184044,0,
ID115849_ID117409,439,115849,117409,3.537447984,0.537805254,0.376162092,1.880810459,107.5,359.914508,116.3681486,0,
ID117409_ID118043,439,117409,118043,8.647517494,0.509108447,0.588133233,2.940666165,112.5,359.0984788,116.6711179,0,
ID114910_ID115849,439,114910,115849,1.262730805,0.003329807,0.112371295,1.123712955,100,359.6830426,116.8109892,0,
ID114282_ID115540,439,114282,115540,0.377218356,NaN,0.122836209,0.614181045,87.5,359.1308315,115.2303615,0,
ID120569_ID120319,440,120569,120319,2.846249562,0.374510717,0.33741663,1.687083152,187.5,345.553851,103.8310488,0,
ID116766_ID115848,440,116766,115848,16.55287624,0.471183709,0.813704522,4.068522612,102.5,351.2534099,114.9737918,0,
ID122121_ID121349,440,122121,121349,17.09505936,0.177623945,0.826923439,4.134617196,157.5,353.0376955,111.4390008,0,
ID119525_ID120069,440,119525,120069,21.10921225,0.41424772,0.918895255,4.594476276,147.5,355.0898692,113.1906224,0,
ID120069_ID122121,440,120069,122121,9.077361706,0.47059109,0.602573206,3.012866029,152.5,354.1051615,114.4940005,0,
ID118333_ID118935,440,118333,118935,7.672681446,0.463232029,0.55399211,2.76996055,127.5,355.4194221,114.70519,0,
ID121619_ID120821,440,121619,120821,9.498451116,0.51900386,0.616391146,3.081955729,172.5,353.9365141,106.3597803,0,
ID118638_ID119231,440,118638,119231,5.620824434,0.291988738,0.474165559,2.370827795,137.5,356.6081006,112.0959526,0,
ID119804_ID121619,440,119804,121619,6.431644162,0.296003861,0.507213729,2.536068643,167.5,354.1400791,107.1359359,0,
ID120821_ID120569,440,120821,120569,55.10840809,0.004205059,0.742350376,7.423503761,180,349.059767,104.4108329,0,
ID117712_ID118333,440,117712,118333,0.114518392,0.289429195,0.067681132,0.338405662,122.5,354.2551579,115.2280746,0,
ID114907_ID116766,440,114907,116766,3.482757791,0.054475813,0.373242966,1.86621483,97.5,350.2946435,113.7880522,0,
ID115226_ID114284,440,115226,114284,2.383588324,NaN,0.308777481,1.543887407,82.5,347.4146691,115.6559306,0,
ID117411_ID118036,440,117411,118036,3.619329991,0.23344129,0.380490735,1.902453677,112.5,353.5799057,115.812228,0,
ID118036_ID117712,440,118036,117712,0.243228248,0.330897079,0.098636352,0.49318176,117.5,354.0613214,114.9787633,0,
ID118935_ID118638,440,118935,118638,1.9231881,0.079615361,0.277358115,1.386790575,132.5,357.0428512,113.466666,0,
ID115541_ID114907,440,115541,114907,9.078493581,0.607669746,0.602610773,3.013053863,92.5,348.6969168,115.6033856,0,
ID119231_ID119525,440,119231,119525,0.805029104,0.065908853,0.179446828,0.897234141,142.5,355.345084,111.087184,0,
ID121349_ID119804,440,121349,119804,4.003733086,0.027738559,0.400186611,2.000933054,162.5,353.0015155,108.3779202,0,
ID114284_ID115541,440,114284,115541,0.38394449,0.316341499,0.123926509,0.619632544,87.5,347.7944307,116.3924395,0,
ID115848_ID117411,440,115848,117411,2.636777897,0.295283283,0.324763169,1.623815845,107.5,352.5259937,116.8417435,0,
ID119242_ID119533,441,119242,119533,1.585676576,0.212114586,0.251847301,1.259236505,142.5,337.0965277,115.68881,0,
ID120823_ID121081,441,120823,121081,12.57604381,0.198550057,0.709254364,3.546271819,177.5,338.2373314,108.7416207,0,
ID117715_ID118335,441,117715,118335,3.210047899,0.163672568,0.358332131,1.791660654,122.5,336.7849695,116.2982039,0,
ID118939_ID118643,441,118939,118643,2.172728322,0.501152179,0.29480355,1.474017748,132.5,336.7380665,115.9258562,0,
ID119814_ID121624,441,119814,121624,13.84824128,0.186028135,0.744264504,3.721322518,167.5,336.6888838,113.6661113,0,
ID120074_ID122125,441,120074,122125,0.676302975,0.352666525,0.164475284,0.822376419,152.5,337.3061943,117.2857602,0,
ID117410_ID118039,441,117410,118039,0.080923684,0.400037209,0.056894177,0.284470885,112.5,338.1648022,116.511944,0,
ID118643_ID119242,441,118643,119242,0.239326067,0.594097684,0.097841927,0.489209635,137.5,336.3182214,115.658542,0,
ID118039_ID117715,441,118039,117715,0.306651911,0.339760622,0.11075232,0.553761601,117.5,337.880042,116.4361109,0,
ID121624_ID120823,441,121624,120823,4.008314105,0.056199477,0.400415489,2.002077447,172.5,338.0974642,111.2045826,0,
ID122125_ID121362,441,122125,121362,0.002848949,0.378912941,0.01067511,0.053375548,157.5,336.9156919,117.184205,0,
ID121362_ID119814,441,121362,119814,4.233196971,0.204774638,0.411494689,2.057473444,162.5,336.4280561,116.2623704,0,
ID118335_ID118939,441,118335,118939,2.056132646,0.613556013,0.286784424,1.43392212,127.5,336.607574,116.3616292,0,
ID119533_ID120074,441,119533,120074,3.327587651,0.361732997,0.364833532,1.82416766,147.5,337.709071,116.4520116,0,
ID115847_ID117410,441,115847,117410,0.617275854,NaN,0.15713381,0.785669048,107.5,337.8639247,116.3182966,0,
ID114912_ID116774,443,114912,116774,2.411362699,0.44149294,0.310571261,1.552856304,97.5,19.45772963,117.3671232,0,
ID118045_ID117718,443,118045,117718,1.271514316,0.499108204,0.225522887,1.127614436,117.5,15.82105095,119.7307722,0,
ID115228_ID114285,443,115228,114285,2.655974349,NaN,0.325943207,1.629716033,82.5,20.17365035,116.0313893,0,
ID120077_ID122129,443,120077,122129,1.705482687,0.157681656,0.261188261,1.305941303,152.5,15.6028868,119.68059,0,
ID117718_ID118343,443,117718,118343,3.92003582,0.534217382,0.395981607,1.979908033,122.5,16.32639291,119.9487796,0,
ID115543_ID114912,443,115543,114912,4.607474122,0.573063158,0.429300553,2.146502765,92.5,20.33066978,117.4101911,0,
ID117412_ID118045,443,117412,118045,8.099731832,0.41619386,0.569200556,2.846002781,112.5,16.53958022,118.9923215,0,
ID116774_ID115850,443,116774,115850,6.426421526,0.304079284,0.507007752,2.535038762,102.5,18.04543221,117.927499,0,
ID119540_ID120077,443,119540,120077,1.903327429,0.219860809,0.275922267,1.379611333,147.5,16.84229206,119.6466647,0,
ID114285_ID115543,443,114285,115543,2.385818193,0.040789227,0.30892188,1.544609398,87.5,20.70743514,117.5173483,0,
ID118653_ID119250,443,118653,119250,0.955624124,0.5086595,0.195512058,0.977560292,137.5,19.63869809,120.5304684,0,
ID115850_ID117412,443,115850,117412,0.120992207,0.581913035,0.069567868,0.347839341,107.5,16.96711699,117.7153396,0,
ID119250_ID119540,443,119250,119540,5.396197019,0.279642904,0.464594318,2.322971592,142.5,18.37130652,120.1101639,0,
ID118343_ID118947,443,118343,118947,3.459094173,0.217926426,0.371972804,1.85986402,127.5,17.86079589,120.5340225,0,
ID118947_ID118653,443,118947,118653,1.550003536,0.017720573,0.248998276,1.24499138,132.5,19.39098635,120.2810256,0,
ID115248_ID114300,444,115248,114300,5.314728717,0.217177483,0.461073908,2.30536954,82.5,432.4055762,127.8365826,0,
ID114618_ID117115,444,114618,117115,0.326653051,NaN,0.114307139,0.571535695,72.5,429.0446514,128.6564585,0,
ID114921_ID115859,444,114921,115859,2.283210633,0.007116774,0.151102966,1.51102966,100,430.4722469,122.9539538,0,
ID115553_ID114921,444,115553,114921,9.919475781,0.020503911,0.629903986,3.149519929,92.5,431.6868153,124.9411581,0,
ID117115_ID115248,444,117115,115248,6.13258457,0.016197147,0.495281115,2.476405575,77.5,430.5658191,128.7352987,0,
ID117415_ID118046,444,117415,118046,0.617150341,0.457422906,0.157117834,0.785589168,112.5,431.1978507,120.4403545,0,
ID115859_ID117415,444,115859,117415,5.685000909,0.234091236,0.476864799,2.384323994,107.5,430.8499588,121.3566291,0,
ID114300_ID115553,444,114300,115553,0.569417527,0.245213562,0.150919519,0.754597593,87.5,432.7743684,126.5602697,0,
ID119247_ID120071,445,119247,120071,12.326085,0.009053854,0.351085246,3.51085246,145,136.7602793,117.4938704,0,
ID122127_ID121364,445,122127,121364,0.168239285,0.381579267,0.082033965,0.410169825,157.5,136.4821325,118.1575395,0,
ID115542_ID114913,445,115542,114913,0.239706138,NaN,0.097919587,0.489597935,92.5,140.9401771,117.333372,0,
ID121897_ID122672,445,121897,122672,9.193735196,0.484005272,0.606423456,3.032117279,202.5,130.2078589,127.1697018,0,
ID122924_ID123161,445,122924,123161,0.539881135,0.601479302,0.146953208,0.734766041,212.5,128.7001089,124.6915533,0,
ID121636_ID120837,445,121636,120837,8.633512247,0.0236176,0.587656779,2.938283895,172.5,129.9887188,120.3454016,0,
ID122418_ID121897,445,122418,121897,6.693127726,0.059591285,0.517421597,2.587107985,197.5,129.2139043,126.9719991,0,
ID115851_ID117414,445,115851,117414,0.798123243,0.088358657,0.178675487,0.893377436,107.5,144.7685445,117.8603574,0,
ID120595_ID120348,445,120595,120348,11.73072155,0.329569142,0.685002819,3.425014095,187.5,130.8431378,123.1510243,0,
ID116771_ID115851,445,116771,115851,25.06382909,0.482168012,1.001275768,5.00637884,102.5,142.1996067,116.4864488,0,
ID124022_ID123827,445,124022,123827,0.418467202,0.221800953,0.129378082,0.64689041,242.5,127.2119686,119.065282,0,
ID118941_ID118654,445,118941,118654,10.38963596,0.315011426,0.644659164,3.223295822,132.5,141.8722753,119.3164682,0,
ID120348_ID122418,445,120348,122418,1.743994183,0.076573851,0.264120744,1.320603719,192.5,129.4892624,125.0571985,0,
ID118654_ID119247,445,118654,119247,16.89529247,0.390299128,0.822077672,4.11038836,137.5,139.8290212,119.7464462,0,
ID124224_ID124022,445,124224,124022,12.71438668,0.039238612,0.713144773,3.565723865,237.5,128.26781,120.7030474,0,
ID114913_ID116771,445,114913,116771,5.295859283,0.466877211,0.460254681,2.301273405,97.5,140.3830651,116.5063589,0,
ID117722_ID118342,445,117722,118342,16.2490336,0.551367496,0.806201801,4.031009005,122.5,143.8032043,119.880395,0,
ID119823_ID121636,445,119823,121636,7.420458381,0.161825439,0.544810366,2.724051832,167.5,132.8111834,120.4914629,0,
ID123619_ID123399,445,123619,123399,2.523793472,0.483175052,0.317729034,1.588645169,222.5,129.5734331,125.441046,0,
ID121094_ID120595,445,121094,120595,11.64036748,0.224457028,0.682359655,3.411798277,182.5,130.6146348,120.8400018,0,
ID123161_ID123619,445,123161,123619,1.487896485,0.035032485,0.243958725,1.219793624,217.5,129.6469877,124.9187961,0,
ID121364_ID119823,445,121364,119823,9.570138499,0.102552828,0.618712809,3.093564045,162.5,135.2298588,119.3488639,0,
ID123399_ID124415,445,123399,124415,0.944316845,0.613985299,0.194351933,0.971759664,227.5,129.292025,125.5749406,0,
ID120837_ID121094,445,120837,121094,0.664438703,0.511405422,0.163026219,0.815131095,177.5,128.890466,119.9995187,0,
ID118041_ID117722,445,118041,117722,18.28419751,0.371439573,0.855200503,4.276002516,117.5,143.1845568,119.3681823,0,
ID117414_ID118041,445,117414,118041,2.013149662,0.581921231,0.283771011,1.418855053,112.5,144.4864939,117.7800003,0,
ID124415_ID124224,445,124415,124224,9.237684086,0.234087267,0.607871173,3.039355867,232.5,129.3428733,123.8090181,0,
ID120071_ID122127,445,120071,122127,4.557647434,0.579175357,0.426972947,2.134864734,152.5,136.0376284,117.241529,0,
ID118342_ID118941,445,118342,118941,9.076239862,0.417879877,0.602535969,3.012679847,127.5,143.6811423,118.0619637,0,
ID122672_ID122924,445,122672,122924,10.69673773,0.371143387,0.654117351,3.270586757,207.5,129.8055379,125.3211774,0,
ID120589_ID120340,446,120589,120340,0.506865875,0.072155799,0.142389027,0.711945134,187.5,16.38833849,119.8367756,0,
ID122660_ID122912,446,122660,122912,2.778604874,0.433467264,0.333382955,1.666914777,207.5,18.8064799,117.9584954,0,
ID118951_ID118657,446,118951,118657,1.867530105,0.056310861,0.27331521,1.366576052,132.5,15.56097913,122.7236531,0,
ID122912_ID123150,446,122912,123150,4.812103563,0.055177529,0.438730148,2.193650739,212.5,16.95583516,117.4768673,0,
ID115858_ID117416,446,115858,117416,0.883412037,0.120454176,0.187980003,0.939900014,107.5,18.59426486,121.4771659,0,
ID121883_ID122660,446,121883,122660,6.167010137,0.240327565,0.496669312,2.48334656,202.5,18.52018568,118.954327,0,
ID118048_ID117725,446,118048,117725,7.624098397,0.251300662,0.552235399,2.761176995,117.5,17.39683369,122.5352453,0,
ID117725_ID118351,446,117725,118351,2.367976276,0.200754478,0.307764603,1.538823017,122.5,17.75847738,124.4083023,0,
ID117416_ID118048,446,117416,118048,1.070181067,0.362461942,0.206899112,1.034495561,112.5,18.12270677,121.0901841,0,
ID120082_ID122135,446,120082,122135,1.273010427,0.565061014,0.225655527,1.128277637,152.5,16.06794796,122.0672108,0,
ID118351_ID118951,446,118351,118951,8.268055082,0.606718216,0.575084518,2.875422592,127.5,17.16125417,124.0876164,0,
ID121371_ID119824,446,121371,119824,2.644472417,0.239744511,0.325236678,1.62618339,162.5,14.16446059,120.8310845,0,
ID120833_ID121096,446,120833,121096,0.310827051,0.451503564,0.111503731,0.557518656,177.5,13.67833476,120.0383544,0,
ID122410_ID121883,446,122410,121883,0.161460978,0.382600238,0.080364415,0.401822073,197.5,17.50866077,119.8139577,0,
ID120340_ID122410,446,120340,122410,0.665931248,4.70E-04,0.163209221,0.816046107,192.5,17.14379045,119.9507091,0,
ID116782_ID115858,446,116782,115858,4.007331421,NaN,0.400366403,2.001832016,102.5,17.92105753,122.7200308,0,
ID119543_ID120082,446,119543,120082,1.976732454,0.422669571,0.281192635,1.405963177,147.5,15.97025881,121.8456765,0,
ID122135_ID121371,446,122135,121371,1.823481849,0.228294703,0.27007272,1.350363599,157.5,15.24062819,121.4294294,0,
ID121639_ID120833,446,121639,120833,1.061838403,0.38496888,0.206091087,1.030455435,172.5,14.04285732,120.2062003,0,
ID118657_ID119256,446,118657,119256,6.058778399,0.556300675,0.492291718,2.461458592,137.5,15.514432,123.3603574,0,
ID119256_ID119543,446,119256,119543,8.886692522,0.605117948,0.596211121,2.981055605,142.5,15.60144752,123.0695288,0,
ID121096_ID120589,446,121096,120589,6.242085499,0.418501355,0.49968332,2.498416598,182.5,14.81460638,120.0434571,0,
ID119824_ID121639,446,119824,121639,0.987424024,0.590428578,0.198738423,0.993692117,167.5,13.83677412,120.7468886,0,
ID123150_ID123606,446,123150,123606,4.901472118,0.428264262,0.442785371,2.213926855,217.5,16.58737235,116.4863259,0,
ID115547_ID114918,448,115547,114918,0.003376441,0.170111317,0.01162143,0.058107151,92.5,265.7501373,121.414795,0,
ID119831_ID121647,448,119831,121647,12.71250597,0.38173432,0.713092027,3.565460134,167.5,252.1795517,126.0740022,0,
ID115856_ID117418,448,115856,117418,0.107013222,0.451910716,0.065425751,0.327128755,107.5,265.9874255,121.6216073,0,
ID114288_ID115547,448,114288,115547,11.76435933,NaN,0.685984237,3.429921184,87.5,267.3986889,120.8763358,0,
ID118647_ID119245,448,118647,119245,4.359121145,0.217130012,0.417570169,2.087850844,137.5,260.6268977,117.6403436,0,
ID118944_ID118647,448,118944,118647,8.324244129,0.458909863,0.577035324,2.88517662,132.5,262.583886,118.5038279,0,
ID122137_ID119831,448,122137,119831,5.169659129,0.015506242,0.227368844,2.273688441,160,252.1646992,124.3057558,0,
ID120851_ID121107,448,120851,121107,7.300830833,0.020852886,0.540400993,2.702004965,177.5,255.7493694,126.7963577,0,
ID118338_ID118944,448,118338,118944,4.394223815,0.579746077,0.41924808,2.0962404,127.5,263.6673381,118.5607773,0,
ID118044_ID117721,448,118044,117721,6.395977267,0.390183359,0.505805388,2.529026941,117.5,265.2711218,119.3191219,0,
ID114918_ID116778,448,114918,116778,0.671500463,0.469470536,0.163890264,0.819451318,97.5,266.1196216,121.2902345,0,
ID117721_ID118338,448,117721,118338,3.936358988,0.32126225,0.396805191,1.984025954,122.5,263.9153638,118.5092315,0,
ID119541_ID120080,448,119541,120080,4.965766131,0.327646612,0.445679981,2.228399904,147.5,257.8117755,120.3445076,0,
ID121647_ID120851,448,121647,120851,1.494104019,0.225220831,0.244467095,1.222335477,172.5,253.8697752,127.351578,0,
ID119245_ID119541,448,119245,119541,8.540974206,0.0692691,0.584498904,2.922494518,142.5,258.3788045,118.6605423,0,
ID117418_ID118044,448,117418,118044,5.697967036,0.086669459,0.477408296,2.387041482,112.5,266.2396079,120.301761,0,
ID120080_ID122137,448,120080,122137,34.69444363,0.346197632,1.178039789,5.890198946,152.5,255.8589783,122.592798,0,
ID116778_ID115856,448,116778,115856,0.607791867,0.506279068,0.155922015,0.779610074,102.5,266.2665756,121.4811444,0,
ID117421_ID118050,449,117421,118050,1.195617971,0.501887437,0.218688634,1.093443172,112.5,194.6926987,124.183292,0,
ID114917_ID116779,449,114917,116779,22.20712791,0.185043608,0.942488788,4.712443942,97.5,197.6901158,121.5382107,0,
ID117102_ID115232,449,117102,115232,23.85818449,0.126972301,0.976896811,4.884484055,77.5,199.1515702,118.0002928,0,
ID114607_ID117102,449,114607,117102,2.3655825,0.379396151,0.307609005,1.538045025,72.5,196.4932845,119.5858023,0,
ID112278_ID114607,449,112278,114607,8.226614806,NaN,0.573641519,2.868207595,67.5,197.4935228,120.555747,0,
ID116779_ID115855,449,116779,115855,2.192026618,0.147463755,0.296109886,1.480549431,102.5,194.7464829,121.4068271,0,
ID115855_ID117421,449,115855,117421,13.49895328,0.450828464,0.734818434,3.67409217,107.5,194.2712364,122.8138112,0,
ID114287_ID114917,449,114287,114917,4.656453182,0.038669816,0.215788164,2.157881642,90,200.5644572,120.3081017,0,
ID115232_ID114287,449,115232,114287,5.385973361,0.418893981,0.464153999,2.320769993,82.5,201.2557506,118.2220052,0,
ID116790_ID115867,451,116790,115867,1.483500062,0.310384832,0.243598035,1.217990173,102.5,329.466652,128.563683,0,
ID115867_ID117422,451,115867,117422,15.82694131,0.060614423,0.79566177,3.978308851,107.5,327.328787,127.1251093,0,
ID117422_ID118053,451,117422,118053,2.690241582,0.231925777,0.328039119,1.640195593,112.5,324.9454399,126.6221696,0,
ID114929_ID116790,451,114929,116790,6.640771292,NaN,0.51539388,2.576969401,97.5,328.9503921,129.9031452,0,
ID114297_ID115557,452,114297,115557,0.514821155,0.343699317,0.143502077,0.717510387,87.5,243.2109213,126.9550121,0,
ID111150_ID110848,452,111150,110848,6.120506771,0.176420183,0.49479316,2.473965798,57.5,252.2076765,132.9295032,0,
ID117110_ID115245,452,117110,115245,7.808289037,0.314430305,0.558866318,2.79433159,77.5,247.3031066,127.53116,0,
ID118055_ID117729,452,118055,117729,1.953919088,0.177888874,0.279565312,1.397826559,117.5,242.6579818,127.7000906,0,
ID115557_ID114927,452,115557,114927,0.157165054,0.125358311,0.079288096,0.39644048,92.5,243.1549532,127.4842136,0,
ID114620_ID117110,452,114620,117110,10.83059474,0.331160463,0.658197379,3.290986894,72.5,249.1471614,128.650513,0,
ID116503_ID111150,452,116503,111150,13.91758693,0.02503085,0.746125644,3.730628222,52.5,255.0254969,132.9765001,0,
ID112598_ID116201,452,112598,116201,3.961286815,NaN,0.398059634,1.990298172,42.5,260.6801334,130.7667548,0,
ID116201_ID116503,452,116201,116503,12.4188461,0.18214878,0.704807664,3.524038322,47.5,258.5162532,132.0169416,0,
ID117425_ID118055,452,117425,118055,0.040471783,0.231005147,0.0402352,0.201175999,112.5,243.3658819,127.4067749,0,
ID114927_ID116787,452,114927,116787,4.115595137,0.37999863,0.405738593,2.028692963,97.5,242.1998039,127.6450818,0,
ID116787_ID115862,452,116787,115862,7.287637481,0.302742492,0.539912492,2.699562461,102.5,241.1466478,126.2674396,0,
ID115862_ID117425,452,115862,117425,11.01365271,0.481259403,0.663736475,3.318682375,107.5,242.2558135,126.115997,0,
ID117729_ID118358,452,117729,118358,7.83107979,0.193665812,0.55968133,2.798406652,122.5,241.5591589,129.2321382,0,
ID112289_ID114620,452,112289,114620,2.722026666,0.48155718,0.329971312,1.649856559,67.5,248.8637684,130.4047493,0,
ID115245_ID114297,452,115245,114297,8.878532295,0.159078452,0.595937322,2.97968661,82.5,244.6517329,127.2942545,0,
ID110848_ID112289,452,110848,112289,12.3996806,0.010989122,0.704263604,3.521318021,62.5,249.6083717,131.4385646,0,
ID115866_ID117424,453,115866,117424,0.668459105,0.05773444,0.163518697,0.817593484,107.5,18.39589998,127.9852407,0,
ID117424_ID118054,453,117424,118054,1.670482776,0.265890295,0.258494315,1.292471577,112.5,17.70639644,127.4998516,0,
ID118054_ID117732,453,118054,117732,7.838896562,0.333054087,0.55996059,2.799802951,117.5,17.02479917,128.8197338,0,
ID114928_ID116789,453,114928,116789,2.646553817,0.360768882,0.325364646,1.626823229,97.5,18.17682187,129.2892471,0,
ID116789_ID115866,453,116789,115866,0.015519323,0.027361037,0.024915315,0.124576574,102.5,18.43349616,128.452574,0,
ID115561_ID114928,453,115561,114928,3.586009085,NaN,0.378735215,1.893676077,92.5,18.8749445,130.1348435,0,
ID121906_ID122688,455,121906,122688,0.836710007,0.519490248,0.182943708,0.91471854,202.5,448.9715409,138.0485353,0,
ID120857_ID121114,455,120857,121114,0.045842221,0.113679517,0.042821593,0.214107966,177.5,447.6901579,133.1861683,0,
ID119553_ID120092,455,119553,120092,1.856440141,0.592361459,0.272502487,1.362512437,147.5,445.0469408,131.5303322,0,
ID119837_ID121651,455,119837,121651,1.551512589,0.471652931,0.249119456,1.245597282,167.5,446.0826395,133.6975859,0,
ID118668_ID119262,455,118668,119262,3.195175442,0.527696314,0.357501074,1.787505368,137.5,445.3563371,131.5927328,0,
ID122688_ID122938,455,122688,122938,2.897538847,0.119813485,0.340443173,1.702215864,207.5,449.8790317,137.1807933,0,
ID120092_ID122150,455,120092,122150,5.341429496,0.583589975,0.462230657,2.311153283,152.5,445.5390079,131.6788611,0,
ID118360_ID118959,455,118360,118959,1.166364099,0.312121135,0.215996676,1.079983379,127.5,445.0533204,131.4124213,0,
ID123179_ID123638,455,123179,123638,0.597366097,0.170361956,0.154578924,0.772894622,217.5,449.2898107,138.094244,0,
ID122150_ID121384,455,122150,121384,0.18271211,0.063510009,0.085489674,0.427448372,157.5,446.629581,132.4918428,0,
ID124237_ID124038,455,124237,124038,3.355878715,0.436962227,0.366381152,1.831905761,237.5,455.2277283,136.6147863,0,
ID115870_ID117429,455,115870,117429,0.329553149,0.076612175,0.11481344,0.574067199,107.5,447.6986371,130.9451812,0,
ID117429_ID118058,455,117429,118058,0.002854168,0.291559978,0.010684883,0.053424415,112.5,447.4171611,130.8703337,0,
ID120359_ID122432,455,120359,122432,5.662845342,0.318731224,0.475934674,2.379673369,192.5,449.4389522,135.8947375,0,
ID122938_ID123179,455,122938,123179,2.760443637,0.601338408,0.332291657,1.661458286,212.5,449.8026675,137.0945893,0,
ID118058_ID117733,455,118058,117733,1.350172629,0.313502696,0.232393858,1.161969289,117.5,446.8386705,130.8094467,0,
ID116792_ID115870,455,116792,115870,2.309806232,NaN,0.303960934,1.519804669,102.5,448.6287572,131.391651,0,
ID123418_ID124237,455,123418,124237,46.37755115,0.305897259,0.681010654,6.810106545,230,452.5344409,137.8740186,0,
ID123638_ID123418,455,123638,123418,0.022248629,0.317320792,0.029831948,0.149159742,222.5,449.2603288,138.4855537,0,
ID117733_ID118360,455,117733,118360,1.553629533,0.027603774,0.249289353,1.246446763,122.5,445.6374192,130.8244707,0,
ID121384_ID119837,455,121384,119837,2.559945898,0.175677416,0.319996619,1.599983093,162.5,446.5889441,133.4417454,0,
ID122432_ID121906,455,122432,121906,2.032717087,0.127095318,0.285146775,1.425733877,197.5,448.9799932,137.6492982,0,
ID124038_ID123844,455,124038,123844,8.351243527,0.342084572,0.577970364,2.889851818,242.5,453.7163547,137.1383728,0,
ID121651_ID120857,455,121651,120857,3.425570323,0.434875285,0.370165926,1.850829631,172.5,446.6730871,133.2062811,0,
ID121114_ID120614,455,121114,120614,2.604292451,0.46249611,0.322756407,1.613782033,182.5,447.6140885,133.9210433,0,
ID119262_ID119553,455,119262,119553,1.788030661,0.605061235,0.267434527,1.337172637,142.5,445.1500354,131.4654111,0,
ID118959_ID118668,455,118959,118668,0.807960123,0.225270657,0.179773204,0.89886602,132.5,445.5086082,132.1159735,0,
ID120614_ID120359,455,120614,120359,4.070136116,0.356695969,0.403491567,2.017457835,187.5,448.4544589,134.7076615,0,
ID118059_ID117739,456,118059,117739,3.237636819,0.589958623,0.359868688,1.799343441,117.5,448.2576653,133.913821,0,
ID119841_ID121656,456,119841,121656,0.0206676,0.534610384,0.028752461,0.143762304,167.5,446.3764664,137.4954864,0,
ID119555_ID122156,456,119555,122156,0.437967489,0.021205949,0.066179112,0.661791122,150,444.8759509,134.8777585,0,
ID117431_ID118059,456,117431,118059,2.688462672,0.301447098,0.327930643,1.639653217,112.5,448.4271824,133.8453423,0,
ID118362_ID118960,456,118362,118960,0.707975382,0.370180701,0.168282546,0.84141273,127.5,447.0226449,134.5522198,0,
ID114311_ID115565,456,114311,115565,1.142157204,0.161693197,0.21374351,1.068717551,87.5,447.3155536,134.1171505,0,
ID115254_ID114311,456,115254,114311,0.35013553,NaN,0.118344502,0.591722511,82.5,447.9704058,134.5203957,0,
ID122156_ID121388,456,122156,121388,0.794589389,0.086888633,0.178279487,0.891397436,157.5,444.366239,135.4398013,0,
ID121388_ID119841,456,121388,119841,8.207198312,0.298564758,0.572964163,2.864820817,162.5,445.2899652,136.6631716,0,
ID117739_ID118362,456,117739,118362,1.343350047,0.252842015,0.231805957,1.159029787,122.5,447.5393696,134.8854202,0,
ID115873_ID117431,456,115873,117431,3.975837891,0.556492041,0.398790065,1.993950323,107.5,447.4592412,134.7580293,0,
ID115565_ID114936,456,115565,114936,3.870810683,0.577156878,0.393487519,1.967437593,92.5,447.7803402,134.2589555,0,
ID121656_ID120860,456,121656,120860,11.32709152,0.506091614,0.673114894,3.365574471,172.5,447.8210004,136.752433,0,
ID121121_ID120619,456,121121,120619,5.468905405,0.004739725,0.467713819,2.338569093,182.5,450.3310049,138.7070912,0,
ID118670_ID119266,456,118670,119266,1.38353207,0.59461766,0.23524728,1.1762364,137.5,446.8168364,134.5863469,0,
ID119266_ID119555,456,119266,119555,3.584279526,0.422318238,0.378643871,1.893219355,142.5,446.0337048,134.3508879,0,
ID120860_ID121121,456,120860,121121,2.873918474,0.33511568,0.339052708,1.695263541,177.5,449.6230815,136.8186423,0,
ID116797_ID115873,456,116797,115873,2.54467281,0.186961101,0.319040612,1.595203062,102.5,447.2362935,135.0605305,0,
ID118960_ID118670,456,118960,118670,1.192945808,0.587962866,0.218444117,1.092220586,132.5,446.8987841,134.6507449,0,
ID114936_ID116797,456,114936,116797,0.581945923,0.378836058,0.15257076,0.762853802,97.5,448.3050828,135.0331414,0,
ID120619_ID120366,456,120619,120366,0.240305499,0.314430527,0.09804193,0.490209649,187.5,450.9808479,139.7092036,0,
ID119274_ID119563,457,119274,119563,1.697366397,0.080348154,0.26056603,1.302830149,142.5,322.4330354,140.4397195,0,
ID114934_ID116796,457,114934,116796,1.295248175,0.033000579,0.227617941,1.138089704,97.5,326.9323374,134.991392,0,
ID119563_ID120099,457,119563,120099,13.25295267,0.615262779,0.728092101,3.640460503,147.5,321.2991572,140.1473156,0,
ID122161_ID121390,457,122161,121390,1.58509547,0.031650854,0.251801149,1.259005747,157.5,317.1619116,139.6954531,0,
ID116796_ID115875,457,116796,115875,3.75046046,0.228825825,0.387322112,1.93661056,102.5,325.6921921,135.4150961,0,
ID119843_ID121660,457,119843,121660,0.014977537,0.28644636,0.02447655,0.12238275,167.5,316.1576289,141.2296088,0,
ID120868_ID121125,457,120868,121125,17.54357187,0.351558623,0.837700946,4.18850473,177.5,312.9432921,142.0730024,0,
ID118368_ID118967,457,118368,118967,3.64869697,0.584910787,0.382031254,1.910156268,127.5,322.7519092,138.3181967,0,
ID118675_ID119274,457,118675,119274,3.315582813,0.373915735,0.364174838,1.820874189,137.5,321.0140577,139.8640064,0,
ID117432_ID118065,457,117432,118065,5.279547332,0.375215268,0.459545311,2.297726557,112.5,324.8952846,137.2595528,0,
ID120099_ID122161,457,120099,122161,3.015178584,0.029587441,0.347285392,1.736426959,152.5,318.6550589,139.6979269,0,
ID114310_ID115564,457,114310,115564,1.282839879,NaN,0.226525043,1.132625216,87.5,327.7671142,134.0182684,0,
ID120620_ID120371,457,120620,120371,0.943358129,0.081861636,0.19425325,0.97126625,187.5,313.365865,141.363092,0,
ID121390_ID119843,457,121390,119843,2.296056467,0.23817903,0.303054877,1.515274387,162.5,316.3184644,140.4781453,0,
ID115875_ID117432,457,115875,117432,3.724154505,0.468111871,0.385961371,1.929806857,107.5,325.3429043,136.0830348,0,
ID121125_ID120620,457,121125,120620,2.374096029,0.566923938,0.308162037,1.540810186,182.5,312.2277947,140.8933916,0,
ID118065_ID117746,457,118065,117746,0.847834058,0.108410013,0.18415581,0.920779049,117.5,323.5560627,138.062385,0,
ID115564_ID114934,457,115564,114934,1.128516226,0.485726866,0.212463289,1.062316444,92.5,327.3836001,133.9920931,0,
ID118967_ID118675,457,118967,118675,4.680495654,0.220673981,0.432689064,2.16344532,132.5,321.0527263,138.6733193,0,
ID121660_ID120868,457,121660,120868,9.358157522,0.362293063,0.611822115,3.059110577,172.5,315.2646261,142.4548484,0,
ID117746_ID118368,457,117746,118368,0.187205554,0.322254472,0.086534514,0.432672571,122.5,323.4590324,138.5535921,0,
ID116801_ID115872,460,116801,115872,33.99550356,0.085221666,1.166113263,5.830566316,102.5,120.8831645,136.4838711,0,
ID115872_ID117437,460,115872,117437,12.52727852,0.460690391,0.707877914,3.53938957,107.5,118.7450898,136.8813145,0,
ID115569_ID116801,460,115569,116801,7.670864421,0.139947297,0.276963254,2.769632543,95,124.8714274,137.8486506,0,
ID114313_ID115569,460,114313,115569,0.888809955,0.483775692,0.188553436,0.94276718,87.5,126.3539327,137.4428468,0,
ID115257_ID114313,460,115257,114313,1.089512159,NaN,0.208759398,1.043796991,82.5,126.7082184,137.4370108,0,
ID117437_ID118062,460,117437,118062,7.76774059,0.532103666,0.557413333,2.787066664,112.5,119.5079604,137.2267785,0,
ID115883_ID117441,461,115883,117441,8.88043531,0.21315643,0.596001185,2.980005925,107.5,379.6923379,141.4831333,0,
ID118968_ID118677,461,118968,118677,11.024503,0.539019129,0.66406334,3.320316701,132.5,370.3524972,140.2526892,0,
ID117441_ID118070,461,117441,118070,4.551086068,0.418957499,0.426665493,2.133327464,112.5,379.5619309,140.1600829,0,
ID118677_ID119277,461,118677,119277,9.758685126,0.304380925,0.624777885,3.123889423,137.5,368.3609695,141.4705042,0,
ID118070_ID117742,461,118070,117742,35.21154024,0.100647041,1.186786253,5.933931264,117.5,376.1427709,138.2120526,0,
ID115574_ID114941,461,115574,114941,6.890009737,NaN,0.524976561,2.624882805,92.5,377.6927962,140.4124356,0,
ID116806_ID115883,461,116806,115883,6.617269199,0.297929611,0.514481067,2.572405333,102.5,377.4985933,142.4403896,0,
ID114941_ID116806,461,114941,116806,3.259141208,0.294696196,0.361061835,1.805309173,97.5,376.3051386,141.3299898,0,
ID118369_ID118968,461,118369,118968,12.46010493,0.41903476,0.705977476,3.529887382,127.5,370.5583647,139.5157367,0,
ID117742_ID118369,461,117742,118369,25.82955057,0.213157509,1.016455618,5.082278089,122.5,371.4553968,137.4477106,0,
ID117443_ID118075,462,117443,118075,15.16521186,0.27283588,0.77885074,3.894253698,112.5,131.9570391,141.870249,0,
ID118075_ID117754,462,118075,117754,6.09724256,0.248720529,0.493851903,2.469259516,117.5,129.4647117,142.6759372,0,
ID116805_ID115884,462,116805,115884,14.81689407,0.140588961,0.769854378,3.849271888,102.5,135.4195691,143.644827,0,
ID115884_ID117443,462,115884,117443,8.024380182,0.457538285,0.566546739,2.832733694,107.5,133.96242,143.5753559,0,
ID114945_ID116805,462,114945,116805,9.350847185,NaN,0.611583099,3.057915497,97.5,138.3217492,142.1924209,0,
ID117442_ID118074,463,117442,118074,1.850306973,0.215781625,0.272051978,1.360259892,112.5,370.636314,141.2026637,0,
ID118372_ID118969,463,118372,118969,21.57820771,0.40250654,0.929046989,4.645234947,127.5,373.5069478,142.6840565,0,
ID115882_ID117442,463,115882,117442,1.264088837,NaN,0.224863411,1.124317054,107.5,371.6019859,141.6578877,0,
ID118074_ID117752,463,118074,117752,1.612157169,0.569610359,0.253941503,1.269707513,117.5,370.5716867,141.3892434,0,
ID117752_ID118372,463,117752,118372,6.244629433,0.230556657,0.499785131,2.498925656,122.5,371.3938112,142.7793228,0,
ID114939_ID116804,464,114939,116804,3.336085649,NaN,0.365299091,1.826495456,97.5,366.1292404,140.6947165,0,
ID117444_ID118077,464,117444,118077,0.875460975,0.016547626,0.187132143,0.935660716,112.5,357.9707987,142.8689551,0,
ID115880_ID117444,464,115880,117444,40.74030327,0.067150495,1.276562623,6.382813116,107.5,361.5299912,142.0251847,0,
ID116804_ID115880,464,116804,115880,3.464055293,0.418601804,0.372239455,1.861197274,102.5,365.567542,141.4273175,0,
ID123188_ID123644,465,123188,123644,9.331754607,0.041131025,0.610958415,3.054792073,217.5,417.554877,145.2400694,0,
ID116525_ID111174,465,116525,111174,0.28947978,NaN,0.10760665,0.538033252,52.5,414.8660317,151.0260088,0,
ID115274_ID114329,465,115274,114329,4.739413971,0.23903863,0.435403903,2.177019516,82.5,414.4132725,148.6962968,0,
ID121133_ID120628,465,121133,120628,5.46805087,0.385656859,0.467677276,2.338386382,182.5,417.6958581,149.4066221,0,
ID123644_ID123423,465,123644,123423,17.2194029,0.222715007,0.829925368,4.149626838,222.5,420.4273593,144.1516575,0,
ID115887_ID117447,465,115887,117447,12.36442008,0.41895837,0.703261547,3.516307734,107.5,416.0560681,145.1952958,0,
ID122168_ID121401,465,122168,121401,5.194552805,0.01897442,0.455831232,2.279156161,157.5,413.7624818,151.512049,0,
ID120628_ID120378,465,120628,120378,0.185194776,0.509155934,0.086068525,0.430342626,187.5,417.1846445,148.5490001,0,
ID112322_ID114643,465,112322,114643,0.386154435,0.526606934,0.124282651,0.621413256,67.5,414.0293679,150.3538602,0,
ID114643_ID117140,465,114643,117140,0.583784083,0.345108428,0.152811529,0.764057644,72.5,414.4195941,150.5854165,0,
ID124247_ID124046,465,124247,124046,6.296009501,0.013117488,0.501837005,2.509185027,237.5,425.1045414,142.5429942,0,
ID120876_ID121133,465,120876,121133,0.070418872,0.181953321,0.053073109,0.265365544,177.5,418.0361988,150.4837561,0,
ID122448_ID121921,465,122448,121921,1.741846923,0.280855523,0.263958097,1.319790485,197.5,417.5421382,149.3001155,0,
ID123423_ID124439,465,123423,124439,4.938529667,0.0185882,0.444456057,2.222280285,227.5,423.6028601,144.3675167,0,
ID117447_ID118078,465,117447,118078,0.69277266,0.362051626,0.166465932,0.832329658,112.5,417.711354,144.7742893,0,
ID117755_ID118373,465,117755,118373,1.49051154,0.595855461,0.244173016,1.220865079,122.5,418.1226332,144.0142958,0,
ID121921_ID122700,465,121921,122700,4.469038156,0.417371263,0.422801994,2.114009971,202.5,416.9289975,149.9989679,0,
ID111174_ID112322,465,111174,112322,1.220881201,0.083363144,0.110493493,1.104934931,60,414.3070674,150.5112707,0,
ID124046_ID123855,465,124046,123855,3.201787588,0.605423199,0.357870792,1.789353958,242.5,425.2733935,142.2028152,0,
ID117140_ID115274,465,117140,115274,1.319771386,0.429897512,0.229762607,1.148813033,77.5,414.3869209,150.1008699,0,
ID122946_ID123188,465,122946,123188,10.40614761,0.313173097,0.645171221,3.225856105,212.5,415.6319231,147.7017874,0,
ID124439_ID124247,465,124439,124247,0.384561275,0.264852533,0.124026009,0.620130047,232.5,424.7918437,144.0755413,0,
ID114329_ID114948,465,114329,114948,16.2493818,0.03870316,0.403105219,4.031052195,90,414.8903302,145.6825116,0,
ID118684_ID119282,465,118684,119282,13.96392457,0.177059131,0.747366699,3.736833495,137.5,413.599712,147.6195287,0,
ID116808_ID115887,465,116808,115887,4.543368241,0.54631163,0.426303565,2.131517826,102.5,414.8219151,144.2849343,0,
ID118078_ID117755,465,118078,117755,1.48909938,0.274404881,0.24405732,1.220286598,117.5,418.1584223,144.1065477,0,
ID120378_ID122448,465,120378,122448,0.002134124,0.104689664,0.009239315,0.046196577,192.5,417.1312923,148.7783361,0,
ID120106_ID122168,465,120106,122168,11.57058554,0.550225451,0.680311268,3.401556342,152.5,411.74468,149.5173892,0,
ID122700_ID122946,465,122700,122946,3.644187949,0.190667497,0.381795126,1.908975628,207.5,415.2035696,149.5305246,0,
ID118373_ID118977,465,118373,118977,4.223002256,0.30571539,0.410998893,2.054994466,127.5,417.785012,145.1836273,0,
ID121672_ID120876,465,121672,120876,1.949098793,0.236025766,0.279220257,1.396101283,172.5,417.5083178,151.0668038,0,
ID118977_ID118684,465,118977,118684,10.5497193,0.363257425,0.649606629,3.248033144,132.5,416.4090126,146.1779728,0,
ID119570_ID120106,465,119570,120106,5.411275894,0.602587255,0.465242986,2.326214929,147.5,411.6400683,148.7584857,0,
ID121401_ID119853,465,121401,119853,1.657616887,0.515073025,0.257496943,1.287484713,162.5,414.4381178,151.6475192,0,
ID119282_ID119570,465,119282,119570,0.111948184,0.340424823,0.066917317,0.334586586,142.5,412.5565308,149.1521336,0,
ID114948_ID116808,465,114948,116808,0.26565428,0.180402284,0.103083322,0.515416608,97.5,415.1401794,143.5121552,0,
ID119853_ID121672,465,119853,121672,8.519576673,0.412820615,0.583766278,2.918831388,167.5,415.6860108,151.3356066,0,
ID115580_ID114950,466,115580,114950,1.208811187,0.054195112,0.2198919,1.099459498,92.5,441.4739173,145.3298222,0,
ID118672_ID119270,466,118672,119270,0.116630446,0.142131006,0.0683024,0.341511999,137.5,436.7107878,137.0193073,0,
ID119270_ID119559,466,119270,119559,2.997912694,0.424406134,0.34628963,1.731448149,142.5,435.9412731,136.8414403,0,
ID117747_ID118367,466,117747,118367,3.877072916,0.089512866,0.393805684,1.969028419,122.5,436.1508789,138.1823881,0,
ID117136_ID115269,466,117136,115269,0.659114525,0.428400139,0.162371737,0.811858686,77.5,438.3331818,146.6778972,0,
ID118965_ID118672,466,118965,118672,3.004327599,0.527402161,0.346659925,1.733299627,132.5,435.7793948,137.3895416,0,
ID114950_ID116810,466,114950,116810,1.15105982,0.481342151,0.214574912,1.072874559,97.5,441.264178,145.0005726,0,
ID112313_ID117136,466,112313,117136,2.641217595,0.219844502,0.162518233,1.625182327,70,437.9359221,147.2352111,0,
ID110872_ID112313,466,110872,112313,6.130692267,NaN,0.495204696,2.476023479,62.5,438.2750432,148.1820184,0,
ID115888_ID117446,466,115888,117446,3.28520434,0.340819223,0.362502653,1.812513266,107.5,439.3007654,144.7106222,0,
ID116810_ID115888,466,116810,115888,1.744827178,0.026343663,0.264183813,1.320919066,102.5,440.1246952,145.3583473,0,
ID114326_ID115580,466,114326,115580,2.400886734,0.17076308,0.309895901,1.549479504,87.5,440.5667139,146.2785686,0,
ID118072_ID117747,466,118072,117747,6.832652937,0.085107253,0.522786876,2.613934379,117.5,437.7634598,139.730611,0,
ID117446_ID118072,466,117446,118072,9.510778643,0.008300794,0.616791007,3.083955033,112.5,438.8053219,142.313545,0,
ID118367_ID118965,466,118367,118965,0.128084446,0.054329716,0.071577775,0.357888874,127.5,435.117368,137.6603051,0,
ID115269_ID114326,466,115269,114326,4.02186938,0.5459005,0.401091978,2.005459892,82.5,438.9817118,146.6168266,0,
ID117758_ID118376,467,117758,118376,4.130545165,0.358731359,0.406474854,2.032374268,122.5,310.3605401,146.9928925,0,
ID115889_ID117450,467,115889,117450,0.491685699,0.256185784,0.140240607,0.701203037,107.5,312.081841,146.496727,0,
ID118079_ID117758,467,118079,117758,2.649146189,0.432381056,0.325523959,1.627619793,117.5,311.4543841,146.6283817,0,
ID117133_ID115264,467,117133,115264,8.793741746,NaN,0.593084876,2.965424379,77.5,319.809937,144.9416951,0,
ID116811_ID115889,467,116811,115889,0.313029269,0.592178629,0.111898037,0.559490187,102.5,311.5793829,146.5658755,0,
ID114323_ID115581,467,114323,115581,12.48578625,0.359139238,0.706704641,3.533523206,87.5,318.3165028,146.1376687,0,
ID117450_ID118079,467,117450,118079,1.249723479,0.551177103,0.223582064,1.117910318,112.5,312.0148706,146.2364943,0,
ID114953_ID116811,467,114953,116811,3.857813029,0.17005281,0.392826324,1.964131622,97.5,312.1605999,146.1604284,0,
ID118376_ID118976,467,118376,118976,9.355711367,0.083546007,0.611742147,3.058710736,127.5,308.4368691,145.4079611,0,
ID115264_ID114323,467,115264,114323,7.192648413,0.626521976,0.536382267,2.681911336,82.5,319.7632064,144.8072644,0,
ID115581_ID114953,467,115581,114953,13.53455945,0.037218393,0.735786911,3.678934554,92.5,314.737064,145.8543249,0,
ID118988_ID118695,468,118988,118695,3.829854304,0.591332947,0.391400271,1.957001355,132.5,341.235838,154.2669838,0,
ID119581_ID120116,468,119581,120116,13.15894376,0.457601368,0.725505169,3.627525846,147.5,341.6755046,155.529178,0,
ID118084_ID117762,468,118084,117762,0.061310002,0.40208836,0.049521713,0.247608566,117.5,341.4872836,152.1974585,0,
ID122177_ID121402,468,122177,121402,4.298845089,0.326423958,0.414673129,2.073365643,157.5,339.2777897,154.1621224,0,
ID114633_ID115265,468,114633,115265,27.6898612,0.199123374,0.526211566,5.262115658,75,348.7066496,143.9074114,0,
ID113185_ID112623,468,113185,112623,2.364508512,NaN,0.307539169,1.537695845,37.5,354.3723823,144.6652423,0,
ID116522_ID111167,468,116522,111167,2.213320673,0.316311843,0.297544664,1.487723319,52.5,351.7319658,146.4595162,0,
ID119855_ID121673,468,119855,121673,3.527362991,0.458886406,0.375625505,1.878127523,167.5,338.3982964,153.3623629,0,
ID119293_ID119581,468,119293,119581,3.823517967,0.542579734,0.391076359,1.955381796,142.5,343.0587633,155.4962437,0,
ID117453_ID118084,468,117453,118084,0.868317219,0.014441009,0.186367081,0.931835404,112.5,341.0718368,152.0939734,0,
ID115895_ID117453,468,115895,117453,0.372542415,0.544220483,0.122072505,0.610362527,107.5,340.3884094,151.7379121,0,
ID121402_ID119855,468,121402,119855,1.057496136,0.143249104,0.205669262,1.028346311,162.5,337.8540506,153.821296,0,
ID114324_ID115583,468,114324,115583,5.140023298,0.102861561,0.45343239,2.267161948,87.5,345.1081217,147.7586341,0,
ID112623_ID116220,468,112623,116220,1.440183326,0.556550295,0.240015277,1.200076383,42.5,354.1707871,144.881174,0,
ID116818_ID115895,468,116818,115895,3.769792169,0.351947811,0.388319053,1.941595264,102.5,341.0825354,151.62455,0,
ID120116_ID122177,468,120116,122177,5.624642186,0.443956503,0.474326562,2.37163281,152.5,340.2391025,155.3479015,0,
ID115583_ID114955,468,115583,114955,12.62549918,0.31686784,0.710647569,3.553237845,92.5,343.3542131,148.903465,0,
ID114955_ID116818,468,114955,116818,7.653511834,0.347419899,0.553299623,2.766498117,97.5,341.8154186,150.2775991,0,
ID117762_ID118385,468,117762,118385,5.137141274,0.588505678,0.453305251,2.266526257,122.5,341.1954348,153.166671,0,
ID112311_ID114633,468,112311,114633,11.33542404,0.470176061,0.673362429,3.366812147,67.5,350.9905885,144.8688434,0,
ID116220_ID116522,468,116220,116522,8.891425409,0.436463186,0.596369865,2.981849327,47.5,353.1475117,145.594332,0,
ID115265_ID114324,468,115265,114324,5.238347581,0.161195346,0.457748734,2.288743669,82.5,345.6283612,145.6178909,0,
ID118695_ID119293,468,118695,119293,7.015851117,0.324543269,0.529749039,2.648745197,137.5,342.5428365,155.1990114,0,
ID110865_ID112311,468,110865,112311,0.342006465,0.440856988,0.116962638,0.584813188,62.5,350.5643429,146.2989659,0,
ID118385_ID118988,468,118385,118988,0.451938207,0.153757031,0.134452699,0.672263495,127.5,340.6056388,154.4303939,0,
ID111167_ID110865,468,111167,110865,0.511798962,0.115065028,0.143080252,0.71540126,57.5,350.747225,146.0619543,0,
ID115288_ID114337,469,115288,114337,20.11766897,0.560832759,0.89705449,4.485272452,82.5,327.8154061,157.3452283,0,
ID110885_ID112339,469,110885,112339,9.26391984,NaN,0.608733762,3.043668812,62.5,330.2411231,160.9991686,0,
ID119284_ID119573,469,119284,119573,1.251497638,0.597848752,0.22374071,1.118703552,142.5,320.3962552,150.5094125,0,
ID118688_ID119284,469,118688,119284,10.08695867,0.506175973,0.635199454,3.175997272,137.5,321.0492382,149.7017589,0,
ID118381_ID118982,469,118381,118982,0.099278831,0.555250238,0.063017087,0.315085434,127.5,321.7762332,150.5424923,0,
ID118982_ID118688,469,118982,118688,4.691806908,0.542644055,0.433211584,2.166057919,132.5,321.9822985,149.6233102,0,
ID115897_ID117452,469,115897,117452,1.515360462,0.558208699,0.246199956,1.230999781,107.5,319.4798327,152.1304526,0,
ID114337_ID115590,469,114337,115590,8.269677231,0.067133774,0.57514093,2.87570465,87.5,325.3614841,154.6686005,0,
ID114960_ID116816,469,114960,116816,10.52260295,0.205434569,0.648771237,3.243856185,97.5,322.256469,151.3650531,0,
ID117152_ID115288,469,117152,115288,6.789847124,0.531544733,0.521146702,2.60573351,77.5,328.0436273,158.4225465,0,
ID115590_ID114960,469,115590,114960,3.886600064,0.147816041,0.394289237,1.971446186,92.5,323.991161,152.8640674,0,
ID117764_ID118381,469,117764,118381,13.09417205,0.451250947,0.723717405,3.618587024,122.5,322.8175171,151.8392702,0,
ID116816_ID115897,469,116816,115897,5.596826943,0.204994577,0.473152278,2.365761388,102.5,319.8122114,151.5827293,0,
ID117452_ID118085,469,117452,118085,1.494475712,0.348824847,0.244497502,1.22248751,112.5,320.1609483,152.5289167,0,
ID118085_ID117764,469,118085,117764,13.27696477,0.27255346,0.728751392,3.643756959,117.5,322.0817258,153.2097004,0,
ID112339_ID117152,469,112339,117152,25.00183139,0.194665285,0.500018314,5.000183135,70,328.1054772,159.8981426,0,
ID117770_ID118389,472,117770,118389,5.448980874,0.37423292,0.466861045,2.334305223,122.5,441.7031081,156.4663985,0,
ID118093_ID117770,472,118093,117770,16.8447395,0.22892657,0.820846868,4.104234338,117.5,443.2336271,157.8131113,0,
ID117458_ID118093,472,117458,118093,14.93574453,0.284584714,0.772935819,3.864679097,112.5,446.3061512,156.4777672,0,
ID118705_ID119312,472,118705,119312,24.30342385,0.065916282,0.985970057,4.929850287,137.5,448.0519613,162.7698417,0,
ID118389_ID118986,472,118389,118986,4.644502946,0.214806601,0.431022178,2.155110889,127.5,441.5683288,154.5418273,0,
ID115896_ID117458,472,115896,117458,18.31808024,NaN,0.855992529,4.279962645,107.5,445.7344306,153.4437768,0,
ID118986_ID118705,472,118986,118705,84.50461446,0.621149069,1.838527829,9.192639145,132.5,443.50858,157.4784052,0,
ID114327_ID115585,474,114327,115585,12.68423587,0.007672471,0.712298698,3.561493489,87.5,112.86945,148.2441562,0,
ID118390_ID118990,474,118390,118990,0.507906382,0.305028096,0.142535102,0.71267551,127.5,110.2061135,156.9345719,0,
ID115266_ID114327,474,115266,114327,11.51981909,NaN,0.67881718,3.394085899,82.5,115.3534912,145.8110279,0,
ID117463_ID118091,474,117463,118091,0.950238793,0.280559843,0.194960385,0.974801925,112.5,110.6141102,156.6206152,0,
ID114959_ID115899,474,114959,115899,3.975247958,0.054402771,0.199380239,1.993802387,100,112.1473907,152.7305561,0,
ID117768_ID118390,474,117768,118390,3.496448514,0.618064894,0.373975856,1.869879278,122.5,109.4115239,156.3020165,0,
ID118091_ID117768,474,118091,117768,6.883246642,0.552575054,0.524718844,2.623594222,117.5,109.7475075,156.481904,0,
ID115585_ID114959,474,115585,114959,5.860793122,0.228921899,0.4841815,2.4209075,92.5,111.9665981,150.6112853,0,
ID115899_ID117463,474,115899,117463,9.50897122,0.072470089,0.616732396,3.083661982,107.5,111.0956809,154.9975926,0,
ID118990_ID118700,474,118990,118700,11.38828226,0.160786103,0.674930582,3.374652909,132.5,110.9723036,158.7293989,0,
ID117773_ID118397,475,117773,118397,10.40519235,0.416042422,0.645141608,3.225708039,122.5,107.3965191,159.8843758,0,
ID118092_ID117773,475,118092,117773,9.312455361,0.320246828,0.610326318,3.05163159,117.5,107.1432764,158.3143244,0,
ID117464_ID118092,475,117464,118092,0.385942624,NaN,0.124248561,0.621242806,112.5,108.1702092,157.1562394,0,
ID118396_ID118707,476,118396,118707,5.807064835,0.234141287,0.240978523,2.409785226,130,422.2103531,160.9440098,0,
ID116242_ID116545,476,116242,116545,0.948031305,0.269521146,0.194733798,0.973668992,47.5,437.2353841,161.8629158,0,
ID117776_ID118396,476,117776,118396,0.045727969,0.35357914,0.042768198,0.213840991,122.5,422.6710471,159.9088855,0,
ID122718_ID122960,476,122718,122960,0.015412017,0.181382489,0.024829029,0.124145146,207.5,419.0357542,160.7030948,0,
ID123444_ID124458,476,123444,124458,0.771671379,0.605074128,0.175689656,0.878448279,227.5,420.2443118,160.9838829,0,
ID116826_ID115906,476,116826,115906,2.263181253,0.498105516,0.300877467,1.504387335,102.5,428.3198459,158.5358043,0,
ID117469_ID118094,476,117469,118094,2.770848795,0.280009175,0.332917335,1.664586674,112.5,425.0492114,159.2886514,0,
ID111187_ID110883,476,111187,110883,0.927275696,0.057945357,0.192590311,0.962951554,57.5,436.3677703,159.4571159,0,
ID121703_ID120902,476,121703,120902,6.704507227,0.394215026,0.517861264,2.589306322,172.5,416.6936751,166.7006477,0,
ID120409_ID122467,476,120409,122467,4.003537595,0.267460457,0.400176841,2.000884203,192.5,420.5307655,164.1951017,0,
ID123660_ID123444,476,123660,123444,0.085174074,0.291250987,0.058369195,0.291845976,222.5,420.3759773,160.7201509,0,
ID122212_ID121440,476,122212,121440,0.411689125,0.202796755,0.128326011,0.641630053,157.5,418.8946003,168.36038,0,
ID116545_ID111187,476,116545,111187,2.922325249,0.134237024,0.341896198,1.709480988,52.5,436.6012149,160.7596801,0,
ID118094_ID117776,476,118094,117776,5.3081146,0.316787702,0.460786918,2.303934591,117.5,423.6371132,159.3114428,0,
ID115605_ID114967,476,115605,114967,4.104567623,0.103636617,0.405194651,2.025973253,92.5,429.1466136,160.2529788,0,
ID119307_ID119607,476,119307,119607,0.830696999,0.319574964,0.182285161,0.911425805,142.5,424.3054081,163.8940502,0,
ID114967_ID116826,476,114967,116826,2.61970309,0.269600451,0.323709937,1.618549687,97.5,428.6535083,158.9112685,0,
ID121440_ID119891,476,121440,119891,1.639069693,0.311725657,0.256052314,1.280261572,162.5,418.1974927,168.5385045,0,
ID112648_ID116242,476,112648,116242,0.325427718,0.467722631,0.114092545,0.570462723,42.5,437.8447822,161.9549483,0,
ID118707_ID119307,476,118707,119307,9.472273092,0.288433978,0.615541163,3.077705816,137.5,423.161323,162.7855207,0,
ID120149_ID122212,476,120149,122212,0.939787837,0.070620208,0.19388531,0.96942655,152.5,419.4240381,167.8892892,0,
ID119891_ID121703,476,119891,121703,4.018196897,0.042253581,0.400908812,2.004544062,167.5,416.6578466,167.9922016,0,
ID120658_ID120409,476,120658,120409,2.131641802,0.362673266,0.292002863,1.460014316,187.5,420.9941721,165.4823522,0,
ID121943_ID122718,476,121943,122718,5.882893586,0.305846964,0.485093541,2.425467705,202.5,418.7140094,161.9129815,0,
ID115285_ID114346,476,115285,114346,6.839015788,0.467970787,0.52303024,2.615151198,82.5,431.0752667,159.7692681,0,
ID117155_ID115285,476,117155,115285,6.92491077,0.460009722,0.526304504,2.631522519,77.5,431.8726448,159.1272736,0,
ID110883_ID112337,476,110883,112337,13.31269206,0.413662303,0.72973124,3.6486562,62.5,434.7614449,159.833039,0,
ID123208_ID123660,476,123208,123660,0.90068024,0.013632259,0.18980835,0.949041748,217.5,419.8670503,160.7774635,0,
ID119607_ID120149,476,119607,120149,29.48068799,0.075664554,1.085922428,5.42961214,147.5,421.9832163,166.011748,0,
ID112337_ID114656,476,112337,114656,1.736899348,0.381205315,0.263582954,1.317914772,67.5,433.050047,160.0392655,0,
ID122467_ID121943,476,122467,121943,2.192521319,0.06778102,0.296143298,1.480716488,197.5,419.0546539,163.3191913,0,
ID114346_ID115605,476,114346,115605,2.217311392,0.394125535,0.297812786,1.489063932,87.5,430.7025188,160.9385504,0,
ID114656_ID117155,476,114656,117155,0.131796764,0.610214226,0.072607648,0.36303824,72.5,432.992899,159.5642277,0,
ID122960_ID123208,476,122960,123208,0.161401269,0.457082509,0.080349554,0.401747768,212.5,419.2000318,160.6735322,0,
ID115906_ID117469,476,115906,117469,5.617840021,0.009291968,0.474039662,2.370198308,107.5,426.6023151,159.4309398,0,
ID121160_ID120658,476,121160,120658,2.01373522,0.195935208,0.283812277,1.419061387,182.5,420.131419,165.6901358,0,
ID120902_ID121160,476,120902,121160,4.102364579,0.091226723,0.405085896,2.02542948,177.5,418.6134357,165.5300175,0,
ID113219_ID112648,476,113219,112648,3.909685263,NaN,0.395458481,1.977292407,37.5,438.0195238,162.7527691,0,
ID115911_ID117472,479,115911,117472,0.298010588,0.443821665,0.109180692,0.545903461,107.5,186.4313447,160.8636433,0,
ID118702_ID119298,479,118702,119298,0.066602411,0.062377764,0.051614886,0.258074429,137.5,186.4215561,160.9316386,0,
ID117472_ID118099,479,117472,118099,0.335038643,0.251328601,0.115765045,0.578825227,112.5,186.8638877,160.7222574,0,
ID122451_ID121926,479,122451,121926,0.017082462,0.027986724,0.026139978,0.130699892,197.5,194.3495905,156.1758677,0,
ID121411_ID119866,479,121411,119866,0.21042274,0.148274344,0.091743717,0.458718585,162.5,187.1858158,160.7733891,0,
ID122186_ID121411,479,122186,121411,0.082965217,0.389434574,0.057607367,0.288036834,157.5,186.8644166,160.6363689,0,
ID121926_ID122706,479,121926,122706,1.248185056,0.109327407,0.223444405,1.117222026,202.5,194.9531114,156.0556574,0,
ID117779_ID118398,479,117779,118398,0.112366273,0.513645478,0.067042158,0.335210788,122.5,186.4748562,160.7686107,0,
ID117157_ID115289,479,117157,115289,0.232385309,0.591515689,0.096412719,0.482063595,77.5,186.3077525,160.239534,0,
ID119593_ID120123,479,119593,120123,0.266033683,0.116354857,0.103156906,0.515784531,147.5,186.6141303,160.6691656,0,
ID120385_ID122451,479,120385,122451,0.145041042,0.51592034,0.076168508,0.380842542,192.5,194.1365778,156.3165845,0,
ID120123_ID122186,479,120123,122186,0.002469232,0.562512938,0.009938273,0.049691366,152.5,186.7941901,160.5189105,0,
ID112333_ID114659,479,112333,114659,0.912787435,NaN,0.191079819,0.955399097,67.5,187.1305312,160.4305778,0,
ID114659_ID117157,479,114659,117157,0.795098932,0.310151616,0.17833664,0.891683201,72.5,186.4729691,160.3747341,0,
ID118398_ID118996,479,118398,118996,0.003516474,0.447646533,0.011859972,0.059299862,127.5,186.6250525,160.7847281,0,
ID115289_ID114345,479,115289,114345,0.513706213,0.045540475,0.143346603,0.716733014,82.5,186.6582599,160.72116,0,
ID120635_ID120385,479,120635,120385,0.081283854,0.627391847,0.057020647,0.285103234,187.5,194.1165862,156.4177864,0,
ID118996_ID118702,479,118996,118702,0.017744287,0.349764991,0.026641537,0.133207684,132.5,186.5577762,160.7941968,0,
ID120883_ID121141,479,120883,121141,2.495084251,0.603977808,0.315916714,1.579583569,177.5,194.2231547,156.0438031,0,
ID121141_ID120635,479,121141,120635,0.544488455,0.529301743,0.147578922,0.73789461,182.5,193.8902402,156.4129284,0,
ID114971_ID116830,479,114971,116830,0.122837871,0.276271353,0.070096468,0.350482341,97.5,186.5500835,160.5830953,0,
ID119298_ID119593,479,119298,119593,0.046816706,0.558864659,0.043274337,0.216371685,142.5,186.3757458,160.9299456,0,
ID118099_ID117779,479,118099,117779,0.581109873,0.506059629,0.152461126,0.76230563,117.5,186.6757444,160.6083647,0,
ID114345_ID115604,479,114345,115604,0.181848027,0.548000126,0.085287286,0.426436428,87.5,186.7025993,160.8979663,0,
ID116830_ID115911,479,116830,115911,0.344882003,0.57019523,0.11745331,0.587266552,102.5,186.4176303,160.6111716,0,
ID115604_ID114971,479,115604,114971,0.012839509,0.086435452,0.022662311,0.113311555,92.5,186.4744162,160.7617934,0,
ID119866_ID120883,479,119866,120883,82.6315416,0.07191504,0.909018931,9.090189305,170,191.1692269,158.2412855,0,
ID119596_ID120128,483,119596,120128,0.035150321,0.178837424,0.037496838,0.187484188,147.5,151.3901447,162.2560678,0,
ID115920_ID117483,483,115920,117483,7.876640394,NaN,0.56130706,2.806535301,107.5,148.6355224,165.3409417,0,
ID120128_ID122196,483,120128,122196,3.468248113,0.069724092,0.372464662,1.862323311,152.5,151.6150618,163.2507226,0,
ID122196_ID121415,483,122196,121415,6.877960279,0.568887299,0.524517313,2.622586563,157.5,151.1623983,163.0347976,0,
ID117788_ID118401,483,117788,118401,8.833398758,0.604005286,0.594420685,2.972103423,122.5,152.0458831,164.1529243,0,
ID119870_ID121686,483,119870,121686,0.001728483,0.40534719,0.008315005,0.041575023,167.5,151.9671394,162.1382231,0,
ID121415_ID119870,483,121415,119870,2.299699946,0.456210321,0.303295232,1.516476161,162.5,151.2245788,162.0378207,0,
ID118100_ID117788,483,118100,117788,17.92341845,0.509905633,0.846721169,4.233605845,117.5,152.0781502,163.4871641,0,
ID118401_ID118997,483,118401,118997,1.503622676,0.105622853,0.245244586,1.226222931,127.5,151.0700379,162.3624078,0,
ID119304_ID119596,483,119304,119596,0.039187563,0.619228756,0.039591698,0.197958488,142.5,151.4817165,162.1083564,0,
ID117483_ID118100,483,117483,118100,25.35463115,0.359285467,1.007067647,5.035338236,112.5,150.7024427,163.7741428,0,
ID118708_ID119304,483,118708,119304,0.979251898,0.383151317,0.197914315,0.989571573,137.5,151.1390999,162.3067951,0,
ID118997_ID118708,483,118997,118708,0.361420972,0.491588328,0.120236595,0.601182977,132.5,150.6566134,162.2645201,0,
ID115924_ID117482,484,115924,117482,0.365193224,0.066656166,0.120862438,0.604312191,107.5,380.9006776,165.8894208,0,
ID118706_ID119303,484,118706,119303,0.296066192,0.106390704,0.10882393,0.544119649,137.5,379.9415789,162.0849805,0,
ID119599_ID120129,484,119599,120129,0.142037874,0.070767638,0.075375825,0.376879124,147.5,379.3371765,162.2357393,0,
ID118109_ID117789,484,118109,117789,0.212801924,0.519104837,0.092260918,0.461304589,117.5,381.1966326,165.5430277,0,
ID116848_ID115924,484,116848,115924,4.973326058,0.51923064,0.446019105,2.230095527,102.5,380.0163477,166.9799936,0,
ID114987_ID116848,484,114987,116848,0.216537694,NaN,0.093067222,0.465336108,97.5,379.589734,167.7996785,0,
ID118413_ID119008,484,118413,119008,0.026581836,0.375241439,0.032607874,0.163039369,127.5,381.2514525,165.8045889,0,
ID119008_ID118706,484,119008,118706,13.40743685,0.191914059,0.73232334,3.661616698,132.5,380.5333458,164.0684654,0,
ID119303_ID119599,484,119303,119599,0.354248261,0.446523402,0.119037517,0.595187585,142.5,379.7259642,161.9562318,0,
ID117789_ID118413,484,117789,118413,0.23617859,0.519693896,0.097196418,0.485982088,122.5,381.3179963,165.5824408,0,
ID117482_ID118109,484,117482,118109,0.004501992,0.609481254,0.013419376,0.067096882,112.5,381.1165218,165.7292609,0,
ID119006_ID118712,485,119006,118712,3.902823421,0.020606336,0.395111297,1.975556484,132.5,307.5621107,163.8749123,0,
ID115309_ID114360,485,115309,114360,1.650788683,0.281714108,0.256966043,1.284830216,82.5,313.1339248,168.2471454,0,
ID120899_ID121153,485,120899,121153,2.242418991,0.501660119,0.299494173,1.497470865,177.5,304.0161477,162.7884502,0,
ID116834_ID115922,485,116834,115922,2.316665758,0.427162297,0.304411942,1.522059709,102.5,310.5293439,164.1958322,0,
ID117485_ID118107,485,117485,118107,0.636252252,0.575220109,0.159530844,0.797654218,112.5,310.2612489,165.8114771,0,
ID119302_ID119588,485,119302,119588,7.389342664,0.109464466,0.543666908,2.718334539,142.5,305.2178852,160.6842322,0,
ID117784_ID118408,485,117784,118408,3.420330732,0.138032755,0.369882724,1.849413619,122.5,307.6371868,164.7956216,0,
ID114683_ID117174,485,114683,117174,3.110571135,0.357244435,0.352736226,1.763681132,72.5,314.3247539,169.042428,0,
ID118107_ID117784,485,118107,117784,3.831078341,0.244923454,0.391462813,1.957314063,117.5,309.4175233,164.9930443,0,
ID115922_ID117485,485,115922,117485,1.855613314,0.120202944,0.272441797,1.362208983,107.5,310.4646629,165.5720234,0,
ID118712_ID119302,485,118712,119302,6.320778967,0.333329655,0.502823188,2.514115941,137.5,307.0076091,162.4569013,0,
ID118408_ID119006,485,118408,119006,0.179107701,0.502101052,0.084642236,0.423211178,127.5,306.8755456,164.8572224,0,
ID117174_ID115309,485,117174,115309,0.586442722,0.428045735,0.153159097,0.765795483,77.5,313.9151007,168.4160561,0,
ID119874_ID121689,485,119874,121689,0.397130511,0.261793766,0.126036584,0.630182918,167.5,305.3964903,163.3091973,0,
ID112357_ID114683,485,112357,114683,1.906321741,0.568319174,0.276139221,1.380696107,67.5,313.7542871,169.8600602,0,
ID119588_ID120125,485,119588,120125,1.237359604,0.3690246,0.222473334,1.112366668,147.5,304.1469633,159.9094859,0,
ID121689_ID120899,485,121689,120899,4.619324663,0.475098805,0.429852285,2.149261423,172.5,304.5307887,163.1801235,0,
ID114360_ID115614,485,114360,115614,4.382354474,0.006680216,0.418681477,2.093407384,87.5,311.8710245,167.1257824,0,
ID121153_ID120650,485,121153,120650,0.480431537,0.237395946,0.138626338,0.693131688,182.5,304.8824522,162.435513,0,
ID121419_ID119874,485,121419,119874,3.851066741,0.124796307,0.3924827,1.962413499,162.5,304.30507,163.1333962,0,
ID115614_ID114977,485,115614,114977,7.169417778,0.290206721,0.53551537,2.677576848,92.5,311.8740677,165.3305714,0,
ID122194_ID121419,485,122194,121419,0.47149913,0.427653602,0.137331588,0.686657942,157.5,303.0792968,162.7799674,0,
ID114977_ID116834,485,114977,116834,5.904040057,0.372238973,0.48596461,2.429823051,97.5,311.5010202,163.8480904,0,
ID120125_ID122194,485,120125,122194,7.45856518,0.077376654,0.546207476,2.731037382,152.5,303.2510187,161.5762057,0,
ID110899_ID112357,485,110899,112357,3.120774486,0.34428768,0.353314279,1.766571393,62.5,313.9285636,169.6124298,0,
ID111197_ID110899,485,111197,110899,2.20574797,NaN,0.297035215,1.485176074,57.5,314.5230853,168.7285159,0,
ID118420_ID119033,486,118420,119033,3.111563578,0.153156061,0.352792493,1.763962465,127.5,76.86521521,169.9156537,0,
ID114371_ID115619,486,114371,115619,10.37099563,0.022944686,0.644080604,3.220403022,87.5,79.66168659,169.964943,0,
ID120138_ID122198,486,120138,122198,1.592577241,0.515578483,0.25239471,1.26197355,152.5,69.56232522,164.7044491,0,
ID112364_ID114689,486,112364,114689,0.793219401,NaN,0.178125731,0.890628655,67.5,89.11133076,171.713032,0,
ID114689_ID117189,486,114689,117189,18.29582282,0.310311912,0.855472333,4.277361665,72.5,86.94009977,171.4053701,0,
ID118113_ID117800,486,118113,117800,5.105338072,0.345921054,0.451899904,2.259499518,117.5,76.78652306,167.7777515,0,
ID117800_ID118420,486,117800,118420,0.124279643,0.257535851,0.070506636,0.35253318,122.5,76.55816398,168.9467316,0,
ID115619_ID114994,486,115619,114994,1.838327066,0.39823834,0.271169841,1.355849205,92.5,78.33828891,169.3246756,0,
ID119033_ID118726,486,119033,118726,17.78190944,0.465235449,0.843372028,4.21686014,132.5,75.2524185,169.6463887,0,
ID114994_ID116858,486,114994,116858,3.715365063,0.154895146,0.385505645,1.927528226,97.5,77.12318758,170.2444464,0,
ID121704_ID120910,486,121704,120910,1.726108875,0.224715807,0.262762925,1.313814627,172.5,65.3490331,167.797745,0,
ID115325_ID114371,486,115325,114371,3.299224516,0.218072317,0.363275351,1.816376755,82.5,81.33298916,171.8437218,0,
ID117189_ID115325,486,117189,115325,8.831878089,0.051252841,0.594369518,2.971847588,77.5,83.39524269,172.0088505,0,
ID122728_ID122973,486,122728,122973,4.144040777,0.498788589,0.407138344,2.035691719,207.5,70.02017689,166.4520942,0,
ID122471_ID121946,486,122471,121946,0.816186706,0.476918661,0.180686104,0.903430521,197.5,69.81389951,165.1908156,0,
ID122198_ID121424,486,122198,121424,12.26031654,0.604637937,0.700294696,3.501473481,157.5,68.45011918,164.8841894,0,
ID121946_ID122728,486,121946,122728,2.130726774,0.017795912,0.291940184,1.459700919,202.5,70.54276966,166.119383,0,
ID115928_ID117486,486,115928,117486,5.46810007,0.32942235,0.46767938,2.338396902,107.5,77.22543877,167.1531304,0,
ID120664_ID120407,486,120664,120407,7.058993822,0.337329994,0.531375341,2.656876704,187.5,70.30234467,166.3309493,0,
ID119608_ID120138,486,119608,120138,6.213634154,0.018319435,0.498543244,2.49271622,147.5,70.18510766,165.1883629,0,
ID116858_ID115928,486,116858,115928,11.86884669,0.505203847,0.689023851,3.445119256,102.5,77.21788236,169.1598883,0,
ID120407_ID122471,486,120407,122471,1.031129269,0.310927799,0.203089071,1.015445355,192.5,70.05220242,164.9232013,0,
ID117486_ID118113,486,117486,118113,0.895255458,0.554192395,0.18923588,0.946179401,112.5,76.6927592,166.6278336,0,
ID121165_ID120664,486,121165,120664,5.075217464,0.097024326,0.450564866,2.252824331,182.5,68.98010925,167.3001251,0,
ID118726_ID119317,486,118726,119317,5.660708384,0.202129696,0.475844865,2.379224324,137.5,73.48668053,167.3208544,0,
ID121424_ID119885,486,121424,119885,3.973375099,0.277015281,0.398666532,1.993332661,162.5,66.78463256,166.2730679,0,
ID119885_ID121704,486,119885,121704,1.363697789,0.176029439,0.233554943,1.167774717,167.5,66.39062523,167.6588756,0,
ID120910_ID121165,486,120910,121165,10.3439284,0.513444251,0.643239563,3.216197817,177.5,66.32350522,167.2553493,0,
ID119317_ID119608,486,119317,119608,4.84294088,0.253832854,0.440133656,2.20066828,142.5,72.44946083,165.7951339,0,
ID119621_ID120154,491,119621,120154,1.045385948,0.482407252,0.204488234,1.022441171,147.5,177.3016251,169.4133491,0,
ID118729_ID119328,491,118729,119328,0.079325344,0.533135545,0.056329511,0.281647553,137.5,176.8099179,168.8400878,0,
ID119907_ID121710,491,119907,121710,6.051116076,0.485623029,0.491980328,2.459901639,167.5,176.6739231,170.3976487,0,
ID118119_ID117805,491,118119,117805,0.70386288,0.578228578,0.167793073,0.838965363,117.5,176.3238843,169.1279756,0,
ID122465_ID121937,491,122465,121937,1.223788692,0.130845752,0.221249967,1.106249833,197.5,171.5474079,162.2450117,0,
ID121937_ID122714,491,121937,122714,2.348586728,0.187478102,0.306501989,1.532509944,202.5,172.0361544,161.1698603,0,
ID121453_ID119907,491,121453,119907,0.257577153,0.154298403,0.101504119,0.507520594,162.5,177.2071902,171.3036446,0,
ID121710_ID120922,491,121710,120922,2.547316431,0.528780892,0.319206293,1.596031463,172.5,176.8357936,169.7663761,0,
ID121179_ID120676,491,121179,120676,7.244077843,0.532217939,0.538296492,2.691482462,182.5,177.9851994,169.910851,0,
ID120922_ID121179,491,120922,121179,1.941571988,0.00821902,0.278680605,1.393403024,177.5,177.997236,170.7067442,0,
ID120676_ID122465,491,120676,122465,68.46291104,0.03462407,0.827423175,8.274231749,190,174.5189136,165.741225,0,
ID117805_ID118421,491,117805,118421,0.481665516,0.431541406,0.138804253,0.694021265,122.5,176.6680286,169.2572876,0,
ID122216_ID121453,491,122216,121453,3.008006708,0.397940002,0.346872121,1.734360605,157.5,176.9292662,170.2766793,0,
ID115939_ID117496,491,115939,117496,1.188610174,NaN,0.2180468,1.090234,107.5,176.5780363,169.8472004,0,
ID122714_ID122959,491,122714,122959,0.681350918,0.183199516,0.165087967,0.825439833,207.5,173.0006354,160.7089356,0,
ID118421_ID119019,491,118421,119019,0.399038969,0.204356937,0.126339063,0.631695314,127.5,176.7785085,168.689519,0,
ID119328_ID119621,491,119328,119621,1.312921261,0.368601195,0.229165552,1.145827762,142.5,177.3305685,169.0233946,0,
ID117496_ID118119,491,117496,118119,0.458299205,0.103169735,0.135395599,0.676977994,112.5,176.3761678,169.0153421,0,
ID120154_ID122216,491,120154,122216,0.052411857,0.026059504,0.045787272,0.228936361,152.5,176.6811459,169.4875105,0,
ID119019_ID118729,491,119019,118729,0.34735157,0.591573615,0.117873079,0.589365396,132.5,176.7190089,168.6831444,0,
ID117499_ID118123,492,117499,118123,0.119183242,0.624605091,0.069045852,0.345229261,112.5,179.1522408,169.7548168,0,
ID114996_ID116854,492,114996,116854,0.131565643,0.534791998,0.072543957,0.362719785,97.5,179.3883222,169.6773602,0,
ID118734_ID119335,492,118734,119335,0.057011307,0.303764517,0.047754081,0.238770407,137.5,178.9469739,170.0204223,0,
ID120158_ID122222,492,120158,122222,0.029641794,0.593280433,0.034433585,0.172167923,152.5,178.958343,170.282823,0,
ID116854_ID115937,492,116854,115937,0.062150528,0.428962118,0.049860015,0.249300076,102.5,179.4990574,169.7851365,0,
ID117180_ID115314,492,117180,115314,0.910681406,NaN,0.190859258,0.954296289,77.5,177.0083674,169.7066698,0,
ID122222_ID121447,492,122222,121447,0.122199938,0.056422003,0.069914215,0.349571077,157.5,179.2071961,170.2125699,0,
ID119899_ID121715,492,119899,121715,0.084004008,0.228121659,0.05796689,0.28983445,167.5,179.6142568,170.4021958,0,
ID115937_ID117499,492,115937,117499,0.229644192,0.281516103,0.095842411,0.479212054,107.5,179.2115616,169.7861721,0,
ID119623_ID120158,492,119623,120158,0.389168032,0.5257636,0.124766667,0.623833336,147.5,179.1739258,170.2097036,0,
ID115627_ID114996,492,115627,114996,0.033082948,0.493261598,0.036377437,0.181887185,92.5,179.2870464,169.7155685,0,
ID118123_ID117806,492,118123,117806,0.004075598,0.113857104,0.012768083,0.063840414,117.5,179.3414254,169.8204349,0,
ID119026_ID118734,492,119026,118734,0.069801407,0.315351451,0.052839912,0.264199559,132.5,178.8247575,169.8847576,0,
ID117806_ID118428,492,117806,118428,0.071988311,0.027433647,0.053661275,0.268306375,122.5,179.5016728,169.7777653,0,
ID118428_ID119026,492,118428,119026,0.653810494,0.574183593,0.161717098,0.80858549,127.5,179.2261138,169.7462679,0,
ID115314_ID115627,492,115314,115627,5.616494208,0.169403498,0.236991439,2.369914388,85,178.2012459,169.9709216,0,
ID119335_ID119623,492,119335,119623,0.178320775,0.044321614,0.084456089,0.422280445,142.5,179.2707903,170.0766109,0,
ID121447_ID119899,492,121447,119899,0.070242484,0.311012457,0.053006597,0.265032986,162.5,179.4198892,170.2725789,0,
ID112663_ID116254,493,112663,116254,0.099011187,0.085435255,0.062932086,0.314660431,42.5,167.3476863,169.7646095,0,
ID115935_ID117498,493,115935,117498,0.23485835,0.102850157,0.096924373,0.484621863,107.5,168.5990427,169.4854309,0,
ID115308_ID114361,493,115308,114361,0.015869936,0.564289982,0.025195187,0.125975934,82.5,167.807449,168.9896018,0,
ID114681_ID117176,493,114681,117176,0.013239457,0.601459078,0.023012568,0.115062839,72.5,167.7490406,169.0390327,0,
ID118427_ID119024,493,118427,119024,0.496680281,0.59198239,0.140951095,0.704755476,127.5,168.3840988,169.4498115,0,
ID118121_ID117804,493,118121,117804,1.087631679,0.613299159,0.208579163,1.042895814,117.5,168.6856042,169.5326213,0,
ID114990_ID116852,493,114990,116852,0.375743789,0.556573234,0.122595887,0.612979436,97.5,167.6854258,169.0050544,0,
ID112352_ID114681,493,112352,114681,0.00678755,0.423020211,0.016477318,0.082386588,67.5,167.7603382,169.0255427,0,
ID113226_ID112663,493,113226,112663,0.540463315,NaN,0.14703242,0.735162101,37.5,166.8449808,169.8760786,0,
ID110898_ID112352,493,110898,112352,0.041538515,0.39241889,0.040761999,0.203809996,62.5,167.806492,169.1004019,0,
ID116555_ID111203,493,116555,111203,0.095832655,0.406799998,0.061913699,0.309568497,52.5,167.6958749,169.1184484,0,
ID114361_ID115620,493,114361,115620,0.710027211,0.068673066,0.168526225,0.842631124,87.5,167.3303648,168.9276151,0,
ID115620_ID114990,493,115620,114990,1.132355068,0.604639874,0.212824347,1.064121736,92.5,167.4466189,168.8841647,0,
ID111203_ID110898,493,111203,110898,0.005417557,0.223230368,0.014720811,0.073604056,57.5,167.8593367,169.1784134,0,
ID117804_ID118427,493,117804,118427,1.370862427,0.592288703,0.234167669,1.170838344,122.5,168.5847141,169.5942147,0,
ID116852_ID115935,493,116852,115935,1.103686624,0.524040947,0.210112981,1.050564907,102.5,167.9058729,169.2101305,0,
ID117498_ID118121,493,117498,118121,0.439373413,0.605680212,0.132570496,0.662852482,112.5,168.5093075,169.4551494,0,
ID116254_ID116555,493,116254,116555,0.549563481,0.314676276,0.148265098,0.741325489,47.5,167.5339072,169.4080089,0,
ID118732_ID119333,493,118732,119333,1.266807294,0.586622669,0.225105068,1.125525342,137.5,168.4114966,169.5755057,0,
ID119024_ID118732,493,119024,118732,0.729568413,0.62686837,0.170829554,0.85414777,132.5,168.3100838,169.4393616,0,
ID117176_ID115308,493,117176,115308,0.036864615,0.61540406,0.03840032,0.192001602,77.5,167.7848332,169.0241395,0,
ID118128_ID117814,494,118128,117814,2.542304724,0.553109782,0.318892127,1.594460637,117.5,451.4943329,170.715825,0,
ID116857_ID115944,494,116857,115944,4.23335648,0.48376115,0.411502441,2.057512207,102.5,449.3380056,170.354611,0,
ID114992_ID116857,494,114992,116857,5.492140508,0.593704333,0.468706326,2.343531632,97.5,449.2345867,169.5719419,0,
ID118450_ID119044,494,118450,119044,7.006592619,0.402919287,0.529399381,2.646996906,127.5,449.8022038,173.0064616,0,
ID119367_ID119662,494,119367,119662,2.20990039,0.113437722,0.297314674,1.486573372,142.5,444.071114,178.1919014,0,
ID115298_ID114358,494,115298,114358,8.66234607,0.152345393,0.588637276,2.94318638,82.5,452.7486131,166.1628631,0,
ID118753_ID119367,494,118753,119367,17.98008193,0.111019845,0.848058534,4.240292671,137.5,445.5920405,175.8697229,0,
ID114358_ID115624,494,114358,115624,10.43909015,0.114103979,0.646191617,3.230958086,87.5,450.9228226,168.4959862,0,
ID115944_ID117503,494,115944,117503,3.012423268,0.602090895,0.347126678,1.735633391,107.5,449.214262,170.5156085,0,
ID117503_ID118128,494,117503,118128,4.779581463,0.048364792,0.437245078,2.186225392,112.5,451.1579587,170.4056863,0,
ID117814_ID118450,494,117814,118450,6.069845981,0.275308482,0.492741148,2.463705742,122.5,450.9003002,172.1920736,0,
ID119662_ID120205,494,119662,120205,26.09846726,0.061830536,1.02173318,5.108665898,147.5,441.8117172,180.5560932,0,
ID119044_ID118753,494,119044,118753,6.045323279,0.178535024,0.491744783,2.458723913,132.5,447.5146157,173.2735352,0,
ID117162_ID115298,494,117162,115298,8.345329223,NaN,0.57776567,2.888828348,77.5,454.5783854,164.1678197,0,
ID115624_ID114992,494,115624,114992,2.267076917,0.172481337,0.301136309,1.505681546,92.5,448.88894,169.2849152,0,
ID116840_ID115931,495,116840,115931,1.588290678,0.326706469,0.25205481,1.260274049,102.5,49.799221,167.2258146,0,
ID115931_ID117504,495,115931,117504,15.76856942,0.120726266,0.794193161,3.970965805,107.5,51.27448711,169.2807742,0,
ID114985_ID116840,495,114985,116840,2.441003732,NaN,0.312474238,1.562371189,97.5,48.93654437,166.7770507,0,
ID117504_ID118146,495,117504,118146,16.35435222,0.049324313,0.808810292,4.044051461,112.5,53.64981615,172.4706002,0,
ID117507_ID118111,496,117507,118111,23.18330892,0.277051768,0.962980974,4.814904871,112.5,350.0897357,168.5546418,0,
ID115623_ID114999,496,115623,114999,19.84400162,0.285274273,0.890932133,4.454660663,92.5,359.6693107,169.5687564,0,
ID115948_ID117507,496,115948,117507,22.32824785,0.295929103,0.945055508,4.725277542,107.5,352.7790835,171.0534138,0,
ID116873_ID115948,496,116873,115948,2.584297266,0.491251475,0.321514993,1.607574964,102.5,355.1734389,171.9704312,0,
ID115333_ID114386,496,115333,114386,0.278478407,NaN,0.105542107,0.527710533,82.5,363.0023623,175.0145914,0,
ID114999_ID116873,496,114999,116873,14.0231282,0.167097808,0.74894935,3.744746748,97.5,356.3297419,171.2743909,0,
ID114386_ID115623,496,114386,115623,34.28119602,0.390955671,1.171002921,5.855014605,87.5,362.5752137,172.2076842,0,
ID118761_ID119345,497,118761,119345,15.44103942,0.30953054,0.78590176,3.929508802,137.5,329.8821474,174.4201415,0,
ID121729_ID120936,497,121729,120936,0.070580371,0.272275581,0.053133933,0.265669666,172.5,335.223567,177.348236,0,
ID118135_ID117818,497,118135,117818,1.768942413,0.474552578,0.266003189,1.330015944,117.5,325.1090048,171.7149353,0,
ID117818_ID118464,497,117818,118464,13.37239254,0.224047017,0.731365641,3.656828207,122.5,326.0083547,173.7237882,0,
ID118464_ID119062,497,118464,119062,0.40301716,0.177575071,0.126967265,0.634836325,127.5,326.5460742,175.6953894,0,
ID119919_ID121729,497,119919,121729,10.50904099,0.543881768,0.648353021,3.241765104,167.5,333.6863608,176.7387902,0,
ID117506_ID118135,497,117506,118135,1.546563728,0.566190876,0.248721831,1.243609154,112.5,325.0308385,171.2370504,0,
ID119345_ID119652,497,119345,119652,11.70769532,0.61114683,0.684330193,3.421650964,142.5,330.0784443,174.1949504,0,
ID122243_ID121471,497,122243,121471,4.443703794,0.258844961,0.421601888,2.108009439,157.5,333.1093742,175.6381247,0,
ID119652_ID120181,497,119652,120181,8.953339225,0.469945852,0.59844262,2.992213098,147.5,331.0582899,174.9752392,0,
ID120181_ID122243,497,120181,122243,1.453782698,0.465073601,0.241145823,1.205729115,152.5,332.1828962,174.6567861,0,
ID115949_ID117506,497,115949,117506,3.168134968,NaN,0.35598511,1.779925551,107.5,324.9507777,171.5812457,0,
ID119062_ID118761,497,119062,118761,7.344863054,0.071397128,0.542028156,2.710140781,132.5,328.1518081,176.101101,0,
ID121471_ID119919,497,121471,119919,3.879897864,0.52965013,0.393949127,1.969745634,162.5,333.1146831,176.1404373,0,
ID117510_ID118141,499,117510,118141,0.299929106,0.606062547,0.109531567,0.547657836,112.5,70.41182456,172.5606902,0,
ID115354_ID114411,499,115354,114411,0.699844879,0.614591131,0.167313464,0.836567319,82.5,69.21077306,180.1632463,0,
ID114411_ID115020,499,114411,115020,18.95566481,0.213122925,0.435381038,4.353810378,90,69.24278593,178.1770875,0,
ID116288_ID116593,499,116288,116593,9.306366723,NaN,0.610126765,3.050633823,47.5,77.3136199,181.6110665,0,
ID117826_ID118451,499,117826,118451,5.422575647,0.277852667,0.465728489,2.328642447,122.5,72.19322351,174.1336432,0,
ID116879_ID115954,499,116879,115954,3.473565793,0.176878789,0.372750093,1.863750464,102.5,69.03806283,174.224703,0,
ID114725_ID117224,499,114725,117224,11.29599824,0.164825791,0.672190397,3.360951984,72.5,73.13123639,181.0290015,0,
ID110943_ID112399,499,110943,112399,0.611632922,0.512090156,0.156413928,0.78206964,62.5,75.69545285,181.5790591,0,
ID118141_ID117826,499,118141,117826,3.903144347,0.296117527,0.395127541,1.975637706,117.5,70.6287985,173.5865684,0,
ID112399_ID114725,499,112399,114725,0.772462846,0.074293682,0.175779731,0.878898655,67.5,75.13581092,180.984867,0,
ID117224_ID115354,499,117224,115354,8.823857061,0.129888791,0.594099556,2.97049778,77.5,70.15202797,180.6685972,0,
ID115954_ID117510,499,115954,117510,4.74974867,0.302573838,0.435878362,2.179391812,107.5,69.66258056,172.8892683,0,
ID116593_ID110943,499,116593,110943,0.010399345,0.254144315,0.010197718,0.101977181,55,75.85643116,181.8893231,0,
ID115020_ID116879,499,115020,116879,1.145502356,0.131011605,0.214056288,1.070281438,97.5,69.14181109,175.5574049,0,
ID114376_ID115009,500,114376,115009,1.728145249,0.151673915,0.131458938,1.314589384,90,371.4009146,172.4600037,0,
ID119030_ID118740,500,119030,118740,0.359897788,0.04751129,0.119982963,0.599914817,132.5,363.375387,170.1442748,0,
ID115950_ID117513,500,115950,117513,2.566024708,0.028952082,0.320376323,1.601881615,107.5,362.7481014,172.5671945,0,
ID116864_ID115950,500,116864,115950,24.84075091,0.210042025,0.99680993,4.984049649,102.5,365.8577137,171.5031547,0,
ID118740_ID119342,500,118740,119342,1.363020104,0.021602249,0.233496904,1.16748452,137.5,363.668273,170.9768023,0,
ID116268_ID116572,500,116268,116572,5.871845789,0.413784815,0.484637835,2.423189177,47.5,372.1308274,174.3671807,0,
ID115009_ID116864,500,115009,116864,11.57912634,0.234535624,0.680562307,3.402811534,97.5,369.5029202,171.6908812,0,
ID119342_ID119630,500,119342,119630,8.061429658,0.443112165,0.567853138,2.83926569,142.5,362.51378,171.1415573,0,
ID112355_ID114676,500,112355,114676,5.099560507,0.187070551,0.45164413,2.258220651,67.5,373.2245098,168.3186663,0,
ID120169_ID122233,500,120169,122233,13.39269589,0.331203438,0.731920648,3.659603242,152.5,362.6963641,172.4779966,0,
ID112680_ID116268,500,112680,116268,3.142663054,NaN,0.354551156,1.77275578,42.5,373.191542,174.0473325,0,
ID116572_ID111216,500,116572,111216,3.79490282,0.435224448,0.389610206,1.948051031,52.5,371.9242335,173.3518217,0,
ID115312_ID114376,500,115312,114376,9.109134529,0.191137386,0.603626856,3.01813428,82.5,371.3481375,170.7825887,0,
ID121450_ID119908,500,121450,119908,0.802146034,0.387220154,0.179125211,0.895626057,162.5,363.0860119,171.1337803,0,
ID117513_ID118140,500,117513,118140,1.580061275,0.624445609,0.251400977,1.257004883,112.5,362.5823646,172.616743,0,
ID119630_ID120169,500,119630,120169,2.489208299,0.333488847,0.315544501,1.577722504,147.5,361.0095775,171.5401805,0,
ID118424_ID119030,500,118424,119030,0.896748373,0.608643627,0.189393598,0.94696799,127.5,363.0674139,169.4404375,0,
ID122233_ID121450,500,122233,121450,4.820591187,0.44340885,0.439116895,2.195584475,157.5,363.9375588,171.7076409,0,
ID118140_ID117811,500,118140,117811,2.895902585,0.223951385,0.340347034,1.701735169,117.5,363.4090143,171.6670815,0,
ID110914_ID112355,500,110914,112355,15.17707915,0.384746168,0.779155418,3.895777092,62.5,373.1593696,171.0891778,0,
ID117178_ID115312,500,117178,115312,0.173280977,0.108076911,0.083254063,0.416270317,77.5,370.8184364,169.2325853,0,
ID114676_ID117178,500,114676,117178,11.49769342,0.540711528,0.678164978,3.390824888,72.5,372.4036175,168.2275317,0,
ID111216_ID110914,500,111216,110914,0.934846568,0.10426401,0.193374928,0.966874639,57.5,373.2716586,172.923403,0,
ID117811_ID118424,500,117811,118424,3.91105593,0.131282403,0.395527796,1.977638979,122.5,363.2291689,169.9343335,0,
ID117512_ID118136,501,117512,118136,6.145806743,0.436059792,0.495814753,2.479073767,112.5,329.051753,172.2305984,0,
ID115943_ID117512,501,115943,117512,5.003754557,0.513415554,0.447381473,2.236907364,107.5,328.0398498,171.8108767,0,
ID112679_ID116263,501,112679,116263,0.112083798,NaN,0.066957837,0.334789184,42.5,339.0460398,173.4709965,0,
ID118136_ID118442,501,118136,118442,1.05455746,0.240267952,0.102691648,1.026916481,120,329.9570282,172.0315044,0,
ID110909_ID112367,501,110909,112367,4.688737969,0.010574553,0.433069877,2.165349387,62.5,334.3130427,172.6397216,0,
ID118442_ID119032,501,118442,119032,6.287442045,0.505822906,0.501495445,2.507477227,127.5,329.3740971,171.3664948,0,
ID116865_ID115943,501,116865,115943,1.608489468,0.046825839,0.253652476,1.268262381,102.5,327.7015376,171.221094,0,
ID119032_ID118727,501,119032,118727,4.855967724,0.041243772,0.440725208,2.20362604,132.5,328.3007784,169.2836906,0,
ID114692_ID117185,501,114692,117185,14.89174776,0.117890665,0.771796547,3.858982737,72.5,330.8708701,170.9192984,0,
ID111212_ID110909,501,111212,110909,2.727728227,0.349427695,0.33031671,1.651583551,57.5,336.1775504,172.2355477,0,
ID119603_ID120137,501,119603,120137,1.359783062,0.477527102,0.233219473,1.166097364,147.5,326.5050701,163.9383488,0,
ID114378_ID115642,501,114378,115642,2.84738079,0.015434946,0.337483676,1.68741838,87.5,324.5167598,173.9028852,0,
ID119308_ID119603,501,119308,119603,3.885523892,0.298796009,0.394234645,1.971173227,142.5,327.1235788,163.6367568,0,
ID116263_ID116569,501,116263,116569,3.789324926,0.294454157,0.389323769,1.946618844,47.5,338.0460355,173.5569992,0,
ID115016_ID116865,501,115016,116865,6.335662888,0.219766203,0.503414854,2.517074272,97.5,326.9184212,172.9314664,0,
ID115320_ID114378,501,115320,114378,16.46019036,0.083828925,0.811423203,4.057116015,82.5,326.846897,172.2265228,0,
ID112367_ID114692,501,112367,114692,1.594408811,0.245812052,0.252539804,1.262699018,67.5,332.9295371,172.3008361,0,
ID116569_ID111212,501,116569,111212,2.088238102,0.28454469,0.289014747,1.445073736,52.5,337.0274508,172.7573862,0,
ID117185_ID115320,501,117185,115320,1.370756294,0.293828264,0.234158604,1.170793019,77.5,328.8263256,170.5806089,0,
ID122201_ID121423,501,122201,121423,0.62555136,0.56373809,0.15818361,0.790918049,157.5,326.8462947,164.5545449,0,
ID115642_ID115016,501,115642,115016,6.996815631,0.516862698,0.529029891,2.645149453,92.5,325.172662,174.2727127,0,
ID120137_ID122201,501,120137,122201,0.082467727,0.289668518,0.057434389,0.287171947,152.5,326.9826896,164.3293657,0,
ID118727_ID119308,501,118727,119308,21.01870254,0.134769029,0.916923171,4.584615855,137.5,327.8937827,166.0820785,0,
ID121457_ID119902,502,121457,119902,18.7385609,0.212898181,0.865761189,4.328805944,162.5,51.45164066,171.2712468,0,
ID120652_ID120403,502,120652,120403,5.502413165,0.17371401,0.469144462,2.345722312,187.5,54.85007287,163.5931421,0,
ID122247_ID121457,502,122247,121457,21.36546817,0.199648679,0.924455909,4.622279543,157.5,48.84334707,174.1128093,0,
ID119365_ID119650,502,119365,119650,3.642967753,0.465986156,0.381731201,1.908656007,142.5,50.67705334,176.5684828,0,
ID122461_ID121936,502,122461,121936,0.799928101,0.238926673,0.178877399,0.894386997,197.5,52.79292136,161.5398016,0,
ID120403_ID122461,502,120403,122461,10.75007731,0.469181217,0.65574621,3.278731052,192.5,54.35611866,162.5310335,0,
ID118744_ID119365,502,118744,119365,49.99030531,0.627156727,1.414076452,7.07038226,137.5,48.54455782,174.5150604,0,
ID115006_ID116870,502,115006,116870,1.158531165,NaN,0.215270171,1.076350856,97.5,49.23974087,172.7825437,0,
ID118458_ID119052,502,118458,119052,2.262783513,0.243792849,0.300851027,1.504255135,127.5,47.80287592,174.690214,0,
ID118142_ID117825,502,118142,117825,3.345459557,0.461178379,0.365811949,1.829059747,117.5,45.67471739,173.967321,0,
ID119902_ID121708,502,119902,121708,34.25632771,0.525047571,1.170578109,5.852890543,167.5,50.69100655,169.9852682,0,
ID122717_ID122957,502,122717,122957,22.15803874,0.522889785,0.94144652,4.707232599,207.5,51.7508564,160.0128295,0,
ID117515_ID118142,502,117515,118142,4.935816696,0.022099114,0.44433396,2.221669799,112.5,46.23658327,173.3412268,0,
ID120904_ID121164,502,120904,121164,1.29818618,0.332516388,0.227875947,1.139379735,177.5,52.73520125,166.7961268,0,
ID117825_ID118458,502,117825,118458,1.344322896,0.096086812,0.231889879,1.159449394,122.5,46.73932036,174.9569571,0,
ID119052_ID118744,502,119052,118744,9.838482236,0.27595299,0.627327099,3.136635496,132.5,47.49373629,172.8523662,0,
ID120187_ID122247,502,120187,122247,0.66239104,0.275051469,0.162774819,0.813874093,152.5,48.60003542,176.6558073,0,
ID119650_ID120187,502,119650,120187,5.803065657,0.477446275,0.481791061,2.408955304,147.5,49.89498014,176.2953234,0,
ID115957_ID117515,502,115957,117515,10.53432266,0.563005375,0.649132426,3.24566213,107.5,48.92950319,173.7874607,0,
ID116870_ID115957,502,116870,115957,3.910159643,0.387996131,0.395482472,1.97741236,102.5,49.66676956,173.6196813,0,
ID121936_ID122717,502,121936,122717,1.278964999,0.300159176,0.226182669,1.130913347,202.5,53.33825466,161.0321523,0,
ID121708_ID120904,502,121708,120904,30.35451241,0.465270253,1.101898587,5.509492936,172.5,50.15925174,167.7911018,0,
ID121164_ID120652,502,121164,120652,10.80934583,0.482570067,0.657551392,3.28775696,182.5,53.39891488,165.7056753,0,
ID122957_ID123204,502,122957,123204,21.89436989,0.526594123,0.935828401,4.679142004,212.5,51.93155416,158.8459538,0,
ID119036_ID118739,503,119036,118739,0.995542452,0.013643319,0.199553747,0.997768737,132.5,283.6930375,170.5298324,0,
ID119643_ID120164,503,119643,120164,14.42500288,0.598318149,0.759605236,3.798026182,147.5,287.0826083,172.3593448,0,
ID117516_ID118134,503,117516,118134,6.65133258,NaN,0.515803551,2.579017755,112.5,285.890174,172.326361,0,
ID118134_ID118439,503,118134,118439,0.358999216,0.192006282,0.059916543,0.599165433,120,285.5251865,171.1623306,0,
ID118439_ID119036,503,118439,119036,2.908065557,0.540956172,0.341061024,1.705305121,127.5,284.993247,170.8960682,0,
ID118739_ID119643,503,118739,119643,38.59084354,0.291913805,0.621215289,6.212152891,140,285.8831248,171.9711287,0,
ID120164_ID122228,503,120164,122228,0.585747138,0.208027163,0.153068238,0.76534119,152.5,285.2586106,171.2817147,0,
ID122228_ID121456,503,122228,121456,0.216396799,0.217570823,0.093036939,0.465184693,157.5,284.72704,171.2565084,0,
ID119041_ID118750,505,119041,118750,3.466902266,0.246535816,0.372392388,1.86196194,132.5,213.9737594,172.8462153,0,
ID124479_ID124086,505,124479,124086,0.403251233,0.235325395,0.063502066,0.635020656,235,225.7468376,176.5443947,0,
ID119348_ID119636,505,119348,119636,1.988921264,0.383673667,0.28205824,1.410291198,142.5,215.1517512,172.4740978,0,
ID124086_ID123889,505,124086,123889,0.033406806,0.520568281,0.036555058,0.182775288,242.5,225.9678204,176.4418353,0,
ID119636_ID120167,505,119636,120167,0.436016149,0.127299241,0.132063038,0.660315189,147.5,216.0157306,171.9901387,0,
ID117830_ID118456,505,117830,118456,0.27944912,0.199158506,0.105725895,0.528629473,122.5,211.9240979,174.7846893,0,
ID123238_ID123688,505,123238,123688,0.15706491,0.232351312,0.079262831,0.396314156,217.5,224.8729537,176.7271173,0,
ID119918_ID121727,505,119918,121727,0.4488962,0.353458282,0.133999433,0.669997164,167.5,225.8619778,176.333843,0,
ID118750_ID119348,505,118750,119348,0.087752604,0.576281554,0.059246132,0.296230661,137.5,214.7460752,173.0064939,0,
ID121191_ID120717,505,121191,120717,1.366524461,0.042225902,0.233796874,1.168984372,182.5,226.6834937,177.4132133,0,
ID118150_ID117830,505,118150,117830,3.539586979,0.091997175,0.376275802,1.88137901,117.5,213.0301018,174.8288706,0,
ID116866_ID115951,505,116866,115951,2.252085133,NaN,0.300138977,1.500694883,102.5,214.3115839,172.4900251,0,
ID121969_ID122757,505,121969,122757,0.324132225,0.570394141,0.113865223,0.569326114,202.5,225.8179534,176.6806508,0,
ID123688_ID123469,505,123688,123469,1.457684961,0.411898274,0.241469249,1.207346247,222.5,225.3756577,176.9237318,0,
ID120935_ID121191,505,120935,121191,0.784097955,0.403717604,0.177098612,0.885493058,177.5,225.7406822,177.0197246,0,
ID120167_ID122229,505,120167,122229,1.482480784,0.012816486,0.243514335,1.217571675,152.5,216.9480201,171.8823148,0,
ID115951_ID117520,505,115951,117520,1.46939178,0.244292844,0.242436943,1.212184714,107.5,214.9348153,173.4137497,0,
ID121727_ID120935,505,121727,120935,0.20540506,0.021683234,0.09064327,0.45321635,172.5,225.4645251,176.729497,0,
ID121455_ID119918,505,121455,119918,69.50330008,0.193262188,1.667372785,8.336863924,162.5,222.7533841,173.6357993,0,
ID120438_ID122506,505,120438,122506,1.318300937,0.030067214,0.229634574,1.148172869,192.5,225.2597268,177.0428131,0,
ID117520_ID118150,505,117520,118150,1.283713155,0.171495633,0.226602132,1.13301066,112.5,214.4189675,174.3473037,0,
ID118456_ID119041,505,118456,119041,5.661485356,0.265580994,0.47587752,2.379387601,127.5,212.4094482,173.6010816,0,
ID123469_ID124479,505,123469,124479,0.40040646,0.527366991,0.126555357,0.632776786,227.5,225.708636,176.7848243,0,
ID122757_ID122997,505,122757,122997,0.278293135,0.568116237,0.105506992,0.527534961,207.5,225.8328317,176.7641213,0,
ID120717_ID120438,505,120717,120438,2.175659467,0.603515929,0.295002337,1.475011684,187.5,226.5105909,177.4249941,0,
ID122506_ID121969,505,122506,121969,2.002533978,0.529239755,0.283021835,1.415109175,197.5,225.3778166,176.72417,0,
ID122229_ID121455,505,122229,121455,3.812109631,0.038746075,0.390492491,1.952462453,157.5,218.4741566,171.4811284,0,
ID122997_ID123238,505,122997,123238,1.258702658,0.549435934,0.224383837,1.121919185,212.5,225.5301359,176.6247696,0,
ID115969_ID117523,506,115969,117523,3.565463891,0.325482058,0.37764872,1.8882436,107.5,68.43848364,175.1570073,0,
ID121712_ID120916,506,121712,120916,0.287890796,0.164710467,0.107310912,0.53655456,172.5,64.83922125,169.5322117,0,
ID118454_ID119057,506,118454,119057,0.830644128,0.623004701,0.18227936,0.9113968,127.5,71.26743932,174.9452596,0,
ID119057_ID118759,506,119057,118759,3.20006555,0.033310261,0.357774541,1.788872704,132.5,70.04945131,175.51805,0,
ID119350_ID119642,506,119350,119642,2.214064096,0.361035162,0.29759463,1.48797315,142.5,69.92179934,173.5321216,0,
ID121441_ID119895,506,121441,119895,3.591722366,0.476944868,0.379036799,1.895183993,162.5,68.41042151,169.3269785,0,
ID122214_ID121441,506,122214,121441,0.200242733,0.562673474,0.089496979,0.447484897,157.5,69.21009508,169.3113053,0,
ID117523_ID118149,506,117523,118149,0.253151304,0.516464556,0.100628287,0.503141436,112.5,68.87112172,174.5529998,0,
ID115657_ID115028,506,115657,115028,1.193932064,0.414261944,0.218534397,1.092671984,92.5,67.81828861,177.7670726,0,
ID115349_ID114405,506,115349,114405,0.353755815,NaN,0.11895475,0.594773751,82.5,66.97833865,178.9800591,0,
ID120916_ID121173,506,120916,121173,2.996176811,0.502873679,0.346189359,1.730946796,177.5,65.48477749,169.3640173,0,
ID115028_ID116884,506,115028,116884,2.751205204,0.440019397,0.331735148,1.658675738,97.5,67.96229483,177.1096692,0,
ID118149_ID117832,506,118149,117832,3.037459407,0.37209102,0.348566172,1.74283086,117.5,69.04204467,175.3704391,0,
ID114405_ID115657,506,114405,115657,2.192082501,0.138953087,0.296113661,1.480568303,87.5,67.80739379,178.4439914,0,
ID118759_ID119350,506,118759,119350,6.183249959,0.38896269,0.497322831,2.486614156,137.5,69.20826127,174.6094085,0,
ID119642_ID120174,506,119642,120174,0.266523412,0.457798632,0.103251811,0.516259055,147.5,70.52482121,173.4707239,0,
ID120174_ID122214,506,120174,122214,18.66304844,0.036242393,0.86401501,4.32007505,152.5,69.73951888,171.187618,0,
ID117832_ID118454,506,117832,118454,6.867006976,0.329672091,0.524099493,2.620497467,122.5,70.55749253,175.4213408,0,
ID119895_ID121712,506,119895,121712,6.120384544,0.077323966,0.494788219,2.473941095,167.5,66.26805282,169.4246282,0,
ID116884_ID115969,506,116884,115969,1.39616682,0.351350427,0.236319006,1.181595032,102.5,68.19381941,176.2140901,0,
ID121970_ID122756,507,121970,122756,0.059606913,0.008102575,0.048829054,0.244145271,202.5,236.5378079,176.5525572,0,
ID120736_ID120454,507,120736,120454,0.176797783,0.227162392,0.084094657,0.420473284,187.5,234.9854885,181.1997606,0,
ID118462_ID119055,507,118462,119055,8.062846173,0.23385474,0.567903026,2.83951513,127.5,240.1752381,174.9557779,0,
ID117522_ID118155,507,117522,118155,2.162296824,0.494624265,0.294095007,1.470475034,112.5,240.6854074,174.769974,0,
ID120192_ID122261,507,120192,122261,1.997174532,0.047030166,0.282642851,1.413214256,152.5,243.7497558,179.2592969,0,
ID119658_ID120192,507,119658,120192,4.422845118,0.27849299,0.420611228,2.103056138,147.5,242.5128,178.0263805,0,
ID122261_ID121476,507,122261,121476,2.00778734,0.490783082,0.283392826,1.416964128,157.5,244.2046088,179.1155232,0,
ID118155_ID117833,507,118155,117833,4.244443516,0.345411876,0.412040945,2.060204727,117.5,240.0653373,175.7606619,0,
ID115963_ID117522,507,115963,117522,4.008175815,0.335749823,0.400408582,2.00204291,107.5,241.254701,174.518261,0,
ID117833_ID118462,507,117833,118462,0.108205353,0.338049277,0.065789164,0.328945821,122.5,239.058405,175.9447011,0,
ID118749_ID119363,507,118749,119363,10.76126218,0.510608082,0.656087256,3.28043628,137.5,242.2590389,174.2821569,0,
ID120949_ID121198,507,120949,121198,14.45341899,0.084498449,0.760353049,3.801765246,177.5,239.0671423,180.3907161,0,
ID119055_ID118749,507,119055,118749,2.597758151,0.103495069,0.322351246,1.611756232,132.5,241.6643444,173.3948772,0,
ID115639_ID115011,507,115639,115011,14.72093058,0.119417884,0.767357298,3.836786491,92.5,240.8098837,173.5428072,0,
ID121743_ID120949,507,121743,120949,1.530652187,0.351600858,0.247439058,1.23719529,172.5,241.4977497,180.8735591,0,
ID119363_ID119658,507,119363,119658,2.785270633,0.133864887,0.333782602,1.668913009,142.5,242.1094919,176.6297164,0,
ID119928_ID121743,507,119928,121743,1.808257947,0.293842324,0.268942964,1.34471482,167.5,241.9058168,180.1570466,0,
ID114383_ID115639,507,114383,115639,2.324340462,0.624947084,0.304915756,1.524578782,87.5,238.3185709,174.2308247,0,
ID121476_ID119928,507,121476,119928,7.651207767,0.404967324,0.553216333,2.766081663,162.5,242.9669743,178.9623026,0,
ID122507_ID121970,507,122507,121970,0.761735191,0.285320513,0.174554884,0.872774421,197.5,236.9805756,176.892773,0,
ID123701_ID123475,507,123701,123475,1.039374171,0.146265528,0.203899404,1.019497018,222.5,234.3006162,180.7582388,0,
ID121198_ID120736,507,121198,120736,6.505926973,0.153994828,0.510134373,2.550671867,182.5,236.1141201,180.4105563,0,
ID123248_ID123701,507,123248,123701,2.030491498,0.080713384,0.284990631,1.424953157,217.5,235.234059,180.0973469,0,
ID120454_ID122507,507,120454,122507,23.55489304,0.520624131,0.970667668,4.853338339,192.5,236.1610395,179.2827214,0,
ID115322_ID114383,507,115322,114383,28.41249553,NaN,1.066067456,5.330337281,82.5,239.7448114,172.9709182,0,
ID122756_ID123248,507,122756,123248,9.942938647,0.200871495,0.315324256,3.153242561,210,236.0550266,178.0031879,0,
ID115011_ID116871,507,115011,116871,0.361224511,0.254459985,0.120203912,0.601019559,97.5,242.776556,173.0510608,0,
ID116871_ID115963,507,116871,115963,5.086258842,0.608023963,0.451054713,2.255273563,102.5,242.5048448,173.8345136,0,
ID116604_ID111265,508,116604,111265,2.121245235,0.179009635,0.291289906,1.456449531,52.5,259.2382654,191.0384091,0,
ID122217_ID121459,508,122217,121459,28.64894422,0.445749086,1.07049417,5.352470852,157.5,263.0304039,170.9277248,0,
ID119624_ID120152,508,119624,120152,2.533377606,0.135201982,0.318331752,1.591658759,147.5,262.4003264,169.4346459,0,
ID118430_ID119028,508,118430,119028,11.18864869,0.336608602,0.66898875,3.34494375,127.5,260.6114058,169.8446425,0,
ID118151_ID117817,508,118151,117817,14.17764168,0.057177731,0.753064185,3.765320927,117.5,257.6711566,173.3165586,0,
ID119028_ID119340,508,119028,119340,10.25120497,0.272703617,0.32017503,3.201750297,135,260.7945847,170.4966799,0,
ID114741_ID117239,508,114741,117239,4.195771424,0.565304709,0.409671645,2.048358227,72.5,261.0396107,187.7444584,0,
ID120152_ID122217,508,120152,122217,4.706972761,0.492676436,0.433911178,2.16955589,152.5,261.7935412,169.122549,0,
ID112413_ID114741,508,112413,114741,0.006074248,0.563985306,0.015587493,0.077937464,67.5,260.4238479,188.5160833,0,
ID115669_ID115044,508,115669,115044,3.722014045,0.246344182,0.38585044,1.929252198,92.5,255.6521712,180.475013,0,
ID115952_ID117525,508,115952,117525,13.10579974,0.414201128,0.724038666,3.620193329,107.5,256.4142434,174.3156492,0,
ID115369_ID115669,508,115369,115669,68.57792858,0.1740205,0.828117918,8.281179178,85,258.0629175,184.3376933,0,
ID110955_ID112413,508,110955,112413,0.53818171,0.047154032,0.146721738,0.73360869,62.5,260.2262518,188.7804661,0,
ID117817_ID118430,508,117817,118430,5.441346829,0.189903871,0.466533893,2.332669464,122.5,259.0277154,170.9457474,0,
ID119340_ID119624,508,119340,119624,8.128459341,0.622420404,0.570209061,2.851045307,142.5,260.646498,170.6006193,0,
ID116868_ID115952,508,116868,115952,13.30867495,0.357515434,0.729621133,3.648105666,102.5,255.6389561,172.6317592,0,
ID115044_ID116868,508,115044,116868,65.72433725,0.296408574,1.621410956,8.107054782,97.5,254.2568412,176.4615596,0,
ID116304_ID116604,508,116304,116604,7.251331085,NaN,0.538565914,2.692829569,47.5,261.0354731,190.4555299,0,
ID117525_ID118151,508,117525,118151,2.347391682,0.623903696,0.306423999,1.532119996,112.5,255.8017618,175.1615537,0,
ID111265_ID110955,508,111265,110955,7.934357079,0.583479572,0.563359817,2.816799084,57.5,259.3916375,190.3380872,0,
ID117239_ID115369,508,117239,115369,6.349950483,0.556555465,0.503982162,2.519910809,77.5,260.5986857,187.5846451,0,
ID115643_ID115018,510,115643,115018,0.173958792,0.230929626,0.083416735,0.417083675,92.5,284.5532834,174.9365599,0,
ID121724_ID120930,510,121724,120930,0.50726655,0.35270559,0.142445295,0.712226473,172.5,284.5542953,174.9810623,0,
ID120430_ID122499,510,120430,122499,0.562869244,0.537910544,0.150049224,0.750246122,192.5,284.8951406,174.0634967,0,
ID118152_ID117827,510,118152,117827,0.112825401,0.063323531,0.067178985,0.335894926,117.5,284.576056,174.8787975,0,
ID120185_ID122241,510,120185,122241,0.006083259,0.37469252,0.01559905,0.07799525,152.5,284.3454115,175.3613281,0,
ID115331_ID114381,510,115331,114381,0.574753162,0.101279501,0.151624953,0.758124767,82.5,284.8014818,173.9469025,0,
ID120697_ID120430,510,120697,120430,0.285942803,0.391102525,0.10694724,0.5347362,187.5,284.9219748,173.887318,0,
ID117827_ID118457,510,117827,118457,0.031425692,0.490776901,0.035454586,0.177272931,122.5,284.4769932,174.8218413,0,
ID117188_ID115331,510,117188,115331,9.363699539,0.191622471,0.612003253,3.060016265,77.5,284.2646198,172.1550447,0,
ID122241_ID121469,510,122241,121469,0.035151568,0.429788275,0.037497503,0.187487513,157.5,284.3935936,175.2981487,0,
ID119058_ID118755,510,119058,118755,0.977124229,0.570125466,0.197699189,0.988495943,132.5,284.3517408,174.7430386,0,
ID118755_ID119355,510,118755,119355,0.078537885,0.115468079,0.056049223,0.280246116,137.5,284.2168605,174.1415541,0,
ID124473_ID124275,510,124473,124275,0.142818612,0.085829848,0.0755827,0.377913499,232.5,284.4932765,174.5597504,0,
ID121469_ID119914,510,121469,119914,0.752825017,0.195039161,0.173530979,0.867654895,162.5,284.519338,174.8218997,0,
ID122499_ID121964,510,122499,121964,0.074288218,0.478064045,0.05451173,0.27255865,197.5,284.7455825,174.3128967,0,
ID120930_ID121187,510,120930,121187,0.611929789,0.382044882,0.156451883,0.782259413,177.5,284.9191186,174.748785,0,
ID123682_ID124473,510,123682,124473,0.065432168,0.219190384,0.025579712,0.255797123,225,284.1993071,174.4617895,0,
ID122751_ID122992,510,122751,122992,0.091356281,0.372921935,0.060450403,0.302252015,207.5,284.7595529,174.6340048,0,
ID122992_ID123234,510,122992,123234,0.409996207,0.182461065,0.128061892,0.640309462,212.5,284.3653992,174.8048711,0,
ID115965_ID117528,510,115965,117528,0.751416002,0.113215744,0.17336851,0.866842548,107.5,284.6405034,175.5140423,0,
ID123234_ID123682,510,123234,123682,0.381414451,0.443780043,0.123517521,0.617587606,217.5,284.1054426,174.7003997,0,
ID115018_ID116877,510,115018,116877,0.579887928,0.572571794,0.152300746,0.761503728,97.5,284.5633169,174.7476558,0,
ID121187_ID120697,510,121187,120697,0.255331423,0.150515023,0.10106066,0.505303298,182.5,284.8135336,174.1572361,0,
ID119355_ID119649,510,119355,119649,0.469530847,0.620811382,0.137044642,0.68522321,142.5,284.3329654,174.3076531,0,
ID119649_ID120185,510,119649,120185,0.659227275,0.166066277,0.162385624,0.811928122,147.5,284.4580826,174.9815978,0,
ID114687_ID117188,510,114687,117188,0.519664929,NaN,0.144175578,0.720877888,72.5,283.3320627,170.6599039,0,
ID119914_ID121724,510,119914,121724,0.296626688,0.518899089,0.108926891,0.544634453,167.5,284.3984619,174.6075122,0,
ID116877_ID115965,510,116877,115965,0.575130797,0.566819894,0.151674757,0.758373785,102.5,284.4473794,174.7578928,0,
ID121964_ID122751,510,121964,122751,0.121728949,0.290407513,0.069779352,0.34889676,202.5,284.8943547,174.4931869,0,
ID118457_ID119058,510,118457,119058,0.110117416,0.008245915,0.066367889,0.331839444,127.5,284.431328,175.0722181,0,
ID117528_ID118152,510,117528,118152,0.790565522,0.569093084,0.177827503,0.889137516,112.5,284.7575239,175.4574364,0,
ID114381_ID115643,510,114381,115643,0.284231101,0.100792605,0.106626657,0.533133287,87.5,284.6022294,174.5402072,0,
ID117531_ID118160,511,117531,118160,17.14797487,NaN,0.828202267,4.141011334,112.5,439.5669772,176.5057716,0,
ID118160_ID117829,511,118160,117829,2.167211776,0.281126235,0.294429059,1.472145297,117.5,441.6692467,175.5516168,0,
ID117829_ID118449,511,117829,118449,3.109897411,0.064587158,0.352698024,1.763490122,122.5,442.0413211,173.9986212,0,
ID116872_ID115961,512,116872,115961,2.317811282,NaN,0.304487194,1.52243597,102.5,313.4383833,173.5519496,0,
ID117836_ID118468,512,117836,118468,0.692509093,0.511109549,0.166434262,0.832171312,122.5,315.3861876,176.6185028,0,
ID118159_ID117836,512,118159,117836,0.424100206,0.013291414,0.130245953,0.651229765,117.5,315.3508592,176.3901348,0,
ID117530_ID118159,512,117530,118159,0.919165497,0.274672199,0.191746238,0.958731191,112.5,314.563167,176.5539803,0,
ID115961_ID117530,512,115961,117530,6.554408988,0.152225192,0.5120316,2.560158001,107.5,313.6217748,175.4481295,0,
ID118468_ID119060,512,118468,119060,3.260279294,0.315206439,0.36112487,1.80562435,127.5,314.4421521,176.313445,0,
ID117535_ID118162,514,117535,118162,17.6546064,NaN,0.8403477,4.201738498,112.5,409.5723089,177.8086109,0,
ID118162_ID117838,514,118162,117838,12.77123475,0.057988133,0.714737288,3.573686438,117.5,405.7516545,177.35746,0,
ID116890_ID115974,515,116890,115974,5.940953809,0.162565469,0.487481438,2.43740719,102.5,109.6887376,177.7272646,0,
ID115030_ID116890,515,115030,116890,0.263626547,NaN,0.102689152,0.513445759,97.5,111.0959687,177.7590123,0,
ID117534_ID118163,515,117534,118163,1.362796465,0.277140763,0.233477748,1.167388738,112.5,108.5703847,178.3748932,0,
ID115974_ID117534,515,115974,117534,0.25703854,0.515889404,0.101397937,0.506989684,107.5,108.6757083,177.7053207,0,
ID118163_ID117852,515,118163,117852,17.00973577,0.154324055,0.824857218,4.124286092,117.5,108.7625791,180.8812291,0,
ID118488_ID119085,515,118488,119085,6.557107827,0.318023364,0.512137006,2.560685031,127.5,107.7382514,185.5458727,0,
ID117852_ID118488,515,117852,118488,7.870147634,0.237504707,0.561075668,2.805378341,122.5,108.1114583,183.7024686,0,
ID121697_ID120907,516,121697,120907,1.43473105,0.240958622,0.239560518,1.197802592,172.5,63.82070495,166.9457334,0,
ID121955_ID122733,516,121955,122733,0.44965485,0.037834872,0.134112617,0.670563085,202.5,77.75274556,168.3276513,0,
ID124268_ID124074,516,124268,124074,11.20058513,0.606632596,0.669345505,3.346727525,237.5,79.2066676,171.3240813,0,
ID122733_ID122975,516,122733,122975,1.550961137,0.161354667,0.24907518,1.245375902,207.5,78.62147726,168.5129475,0,
ID123453_ID124463,516,123453,124463,0.690235017,0.056102532,0.166160768,0.830803838,227.5,79.8377146,170.1888387,0,
ID122213_ID121436,516,122213,121436,1.090519675,0.236415626,0.2088559,1.044279501,157.5,68.29521256,168.4906499,0,
ID118763_ID119358,516,118763,119358,3.596893692,0.390052015,0.379309567,1.896547835,137.5,70.8933511,176.2986344,0,
ID122975_ID123221,516,122975,123221,5.356170175,0.272452786,0.462868023,2.314340117,212.5,79.55639598,169.5858198,0,
ID120182_ID122213,516,120182,122213,55.45914183,0.436734589,1.489417897,7.447089487,152.5,70.44959899,171.8027121,0,
ID123221_ID123672,516,123221,123672,0.64528101,0.28982117,0.16065877,0.80329385,217.5,79.49943133,170.8546602,0,
ID117837_ID118465,516,117837,118465,3.387148038,0.173662686,0.368084123,1.840420614,122.5,72.76837422,176.3521397,0,
ID119358_ID119644,516,119358,119644,5.346596167,0.233734959,0.462454156,2.312270782,142.5,71.69386635,174.7323666,0,
ID120907_ID121163,516,120907,121163,9.576925487,0.595725499,0.618932161,3.094660803,177.5,64.77778911,166.8559326,0,
ID122476_ID121955,516,122476,121955,4.949483252,0.18539538,0.444948683,2.224743413,197.5,76.84038903,167.2096181,0,
ID119063_ID118763,516,119063,118763,3.031832728,0.052224522,0.348243175,1.741215876,132.5,71.79961932,176.7721707,0,
ID119644_ID120182,516,119644,120182,1.435759629,0.530763884,0.239646375,1.198231876,147.5,72.37219665,174.6242168,0,
ID119886_ID121697,516,119886,121697,2.954427183,0.125681237,0.343768945,1.718844723,167.5,64.95080917,167.3799784,0,
ID117536_ID118158,516,117536,118158,2.300661223,NaN,0.303358614,1.516793072,112.5,71.77975707,177.3769876,0,
ID121436_ID119886,516,121436,119886,5.332473254,0.056800012,0.461842971,2.309214857,162.5,66.64706189,168.2743594,0,
ID118465_ID119063,516,118465,119063,1.259300335,0.605452549,0.224437103,1.122185517,127.5,73.07562221,176.1489015,0,
ID118158_ID117837,516,118158,117837,0.049213964,0.420212965,0.044368441,0.221842206,117.5,71.82487916,176.6696399,0,
ID121163_ID120657,516,121163,120657,2.400050931,0.004678218,0.309841955,1.549209776,182.5,67.05910377,166.4242717,0,
ID124463_ID124268,516,124463,124268,11.19269486,0.592122524,0.669109703,3.345548514,232.5,79.07481359,171.1996131,0,
ID123672_ID123453,516,123672,123453,0.461337624,0.514599842,0.135843678,0.679218392,222.5,79.3223461,170.730511,0,
ID120657_ID122476,516,120657,122476,69.77446398,0.017449857,0.835311104,8.353111036,190,71.99889175,166.3050102,0,
ID124485_ID124283,519,124485,124283,0.118314058,0.065836885,0.068793621,0.343968107,232.5,156.9778601,179.9946412,0,
ID118168_ID117843,519,118168,117843,0.04771288,0.55153226,0.043686556,0.218432782,117.5,156.0990346,179.643967,0,
ID123700_ID123474,519,123700,123474,0.024625109,0.044115064,0.031384779,0.156923897,222.5,156.8448032,180.3781998,0,
ID119925_ID121738,519,119925,121738,0.487136651,0.085690707,0.139590351,0.697951754,167.5,161.5932496,179.2832245,0,
ID121196_ID120725,519,121196,120725,0.151226724,0.61246691,0.077775761,0.388878804,182.5,162.3963451,179.0874304,0,
ID123007_ID123250,519,123007,123250,0.215643022,0.605231585,0.092874759,0.464373796,212.5,156.7256903,180.6419977,0,
ID122514_ID122768,519,122514,122768,44.81943058,0.014892009,0.669473155,6.694731554,200,159.3566264,179.5238348,0,
ID124093_ID123896,519,124093,123896,0.127777493,0.626408083,0.071491956,0.357459778,242.5,156.9617887,179.6603432,0,
ID115036_ID116897,519,115036,116897,2.801494101,NaN,0.334753288,1.673766442,97.5,162.2885184,178.8964682,0,
ID118771_ID119369,519,118771,119369,35.18241457,0.34437467,1.186295319,5.931476593,137.5,159.0079885,179.5473309,0,
ID123250_ID123700,519,123250,123700,0.034776604,0.39311493,0.037296973,0.186484864,217.5,156.6828238,180.4319637,0,
ID115979_ID117541,519,115979,117541,33.33449345,0.613197314,1.154720632,5.77360316,107.5,159.0087854,179.3703318,0,
ID117843_ID118473,519,117843,118473,0.021433099,0.534743991,0.029280095,0.146400474,122.5,156.0534495,179.6745864,0,
ID119369_ID119663,519,119369,119663,0.395995852,0.02062736,0.125856403,0.629282013,142.5,162.2543184,179.0865563,0,
ID123474_ID124485,519,123474,124485,0.035515416,0.222403804,0.037691069,0.188455343,227.5,156.9175232,180.2505471,0,
ID120193_ID122256,519,120193,122256,0.293658535,0.583940912,0.10838054,0.541902699,152.5,162.0838953,179.109813,0,
ID122768_ID123007,519,122768,123007,1.543426192,0.437269064,0.24846941,1.24234705,207.5,156.4453463,180.3687989,0,
ID119071_ID118771,519,119071,118771,0.029438828,0.597716769,0.034315494,0.171577469,132.5,156.1014534,180.0749984,0,
ID118473_ID119071,519,118473,119071,0.314811029,0.625232924,0.112216047,0.561080234,127.5,156.0853354,179.8794717,0,
ID117541_ID118168,519,117541,118168,0.034813817,0.32902885,0.037316922,0.186584612,112.5,156.1394982,179.6339766,0,
ID124283_ID124093,519,124283,124093,0.134524356,0.149374273,0.073355124,0.36677562,237.5,156.9651753,179.6639788,0,
ID120725_ID120445,519,120725,120445,1.312835666,0.600352947,0.229158082,1.145790411,187.5,162.7762146,179.0542297,0,
ID120445_ID122514,519,120445,122514,0.467009917,0.607318868,0.136676248,0.683381238,192.5,163.0120319,179.0528477,0,
ID122256_ID121478,519,122256,121478,0.121692783,0.549958951,0.069768985,0.348844927,157.5,162.2072913,179.0744066,0,
ID119663_ID120193,519,119663,120193,0.557788738,0.609940103,0.149370511,0.746852554,147.5,162.1955387,179.0550587,0,
ID121478_ID119925,519,121478,119925,0.055185676,0.197279174,0.046983263,0.234916316,162.5,161.958093,179.0056641,0,
ID121738_ID121196,519,121738,121196,1.786741099,0.276197608,0.133669035,1.336690353,175,161.9608942,179.2766001,0,
ID116897_ID115979,519,116897,115979,0.165016002,0.620561701,0.081244323,0.406221617,102.5,161.6743685,179.0537672,0,
ID118784_ID119384,520,118784,119384,2.627226075,0.115849292,0.324174402,1.620872011,137.5,113.1957313,185.8424764,0,
ID118490_ID119084,520,118490,119084,1.198688212,0.367231024,0.218969241,1.094846205,127.5,116.772878,186.2374932,0,
ID119384_ID119675,520,119384,119675,4.765553889,0.024502878,0.436602972,2.183014862,142.5,111.7471649,184.6153728,0,
ID117540_ID118172,520,117540,118172,2.510713026,0.22077138,0.316904593,1.584522965,112.5,113.1014156,180.1158198,0,
ID117853_ID118490,520,117853,118490,11.87466956,0.022321606,0.689192848,3.445964242,122.5,116.2138907,184.6686867,0,
ID119084_ID118784,520,119084,118784,5.869213685,0.090589943,0.484529202,2.422646009,132.5,115.058998,186.3860461,0,
ID118172_ID117853,520,118172,117853,12.77078523,0.277857027,0.714724709,3.573623543,117.5,113.8982427,182.0384551,0,
ID115968_ID117540,520,115968,117540,20.89776496,NaN,0.914281466,4.571407328,107.5,112.4787671,177.4522172,0,
ID117542_ID118170,521,117542,118170,0.103610838,0.388175607,0.064377275,0.321886374,112.5,229.2602934,179.5916377,0,
ID119070_ID118770,521,119070,118770,0.010801226,0.17103099,0.020785789,0.103928945,132.5,229.5311069,179.6893862,0,
ID115666_ID115041,521,115666,115041,0.158030796,NaN,0.079506175,0.397530874,92.5,229.298857,179.6164299,0,
ID120198_ID122260,521,120198,122260,0.040389783,0.172434588,0.040194419,0.200972094,152.5,229.5434712,180.1106922,0,
ID122516_ID121977,521,122516,121977,0.015221124,0.001762118,0.024674784,0.123373918,197.5,229.3010898,179.8498739,0,
ID120448_ID122516,521,120448,122516,0.01432102,0.389528045,0.023934093,0.119670465,192.5,229.4138773,179.8951105,0,
ID116901_ID115981,521,116901,115981,0.03525896,0.221480719,0.037554739,0.187773693,102.5,229.3632318,179.7573734,0,
ID119371_ID119666,521,119371,119666,0.013848942,0.602634793,0.023536306,0.117681528,142.5,229.4760496,179.8363177,0,
ID119932_ID121741,521,119932,121741,0.152852667,0.589734358,0.078192753,0.390963767,167.5,229.454661,180.0847116,0,
ID121201_ID120731,521,121201,120731,0.012134898,0.484606436,0.022031702,0.110158512,182.5,229.2921087,180.0553555,0,
ID118770_ID119371,521,118770,119371,0.061705775,0.483189858,0.049681294,0.248406471,137.5,229.5087328,179.7786599,0,
ID121485_ID119932,521,121485,119932,0.084498703,0.368378449,0.058137321,0.290686606,162.5,229.5025957,180.0490701,0,
ID121741_ID120945,521,121741,120945,0.067631422,0.466982628,0.052012084,0.26006042,172.5,229.3244434,180.1393946,0,
ID120945_ID121201,521,120945,121201,6.05E-04,0.230082547,0.004917925,0.024589625,177.5,229.2872989,180.0090712,0,
ID122767_ID123005,521,122767,123005,1.06331365,0.518627801,0.206234202,1.031171009,207.5,228.9750309,179.8178977,0,
ID119666_ID120198,521,119666,120198,0.059327505,0.50815909,0.048714476,0.243572382,147.5,229.4974309,179.9138723,0,
ID117845_ID118477,521,117845,118477,9.47E-04,0.532034527,0.006155615,0.030778077,122.5,229.4032076,179.8494809,0,
ID118170_ID117845,521,118170,117845,0.193623589,0.532847103,0.088005361,0.440026805,117.5,229.3497133,179.6500338,0,
ID118477_ID119070,521,118477,119070,0.023347792,0.04924556,0.030559969,0.152799844,127.5,229.4437088,179.7675423,0,
ID122260_ID121485,521,122260,121485,0.020282578,0.451560544,0.028483384,0.142416918,157.5,229.5373867,180.1885043,0,
ID121977_ID122767,521,121977,122767,0.203662107,0.235100883,0.090257877,0.451289383,202.5,229.2417887,179.6010281,0,
ID115041_ID116901,521,115041,116901,3.65E-04,0.616028777,0.003820773,0.019103866,97.5,229.2766251,179.8043519,0,
ID120731_ID120448,521,120731,120448,0.070189174,0.491811729,0.052986479,0.264932395,187.5,229.3788488,180.0137153,0,
ID115981_ID117542,521,115981,117542,0.053126819,0.570332563,0.046098512,0.230492558,107.5,229.3349165,179.7337588,0,
ID120203_ID122263,522,120203,122263,1.450306101,0.404310696,0.240857311,1.204286553,152.5,432.6315156,181.3346505,0,
ID115659_ID115040,522,115659,115040,1.832266929,0.111463106,0.270722509,1.353612547,92.5,435.642036,178.6510645,0,
ID115351_ID114391,522,115351,114391,11.2010384,0.272093416,0.669359049,3.346795243,82.5,432.9042133,177.6066346,0,
ID110934_ID112386,522,110934,112386,10.61052753,0.092313235,0.651476094,3.257380471,62.5,437.5929724,178.1491071,0,
ID121739_ID120952,522,121739,120952,4.205261124,0.25060738,0.410134667,2.050673334,172.5,434.2272216,181.252368,0,
ID114391_ID115659,522,114391,115659,7.821300605,0.398393771,0.559331766,2.796658829,87.5,434.4829499,177.0151287,0,
ID117545_ID118174,522,117545,118174,1.66451136,0.57900637,0.258031886,1.290159432,112.5,428.9429714,181.628787,0,
ID117222_ID115351,522,117222,115351,5.631556753,0.306186916,0.474618025,2.373090127,77.5,433.3273578,179.8107662,0,
ID117849_ID118479,522,117849,118479,3.867623269,0.59013947,0.393325477,1.966627384,122.5,428.9540645,180.8578918,0,
ID119378_ID119672,522,119378,119672,9.687167731,0.10449702,0.622484304,3.112421522,142.5,433.6559111,182.8719793,0,
ID115986_ID117545,522,115986,117545,3.01471496,0.13759434,0.347258691,1.736293454,107.5,429.2043316,181.752572,0,
ID114719_ID117222,522,114719,117222,2.661059208,0.022225132,0.326255066,1.631275332,72.5,434.793276,179.7737086,0,
ID118479_ID119073,522,118479,119073,3.554749883,0.525458946,0.377080887,1.885404435,127.5,429.1654449,180.4142738,0,
ID120952_ID121207,522,120952,121207,4.006344773,0.320759014,0.400317113,2.001585565,177.5,433.1476245,182.157719,0,
ID115040_ID116893,522,115040,116893,7.390298176,0.456104972,0.543702057,2.718510286,97.5,434.5908211,178.6917514,0,
ID122263_ID121486,522,122263,121486,6.398987602,0.427452637,0.505924405,2.529622027,157.5,431.9251541,180.5309415,0,
ID111230_ID110934,522,111230,110934,4.825779698,0.198489123,0.439353147,2.196765736,57.5,440.156935,177.450091,0,
ID116286_ID116580,522,116286,116580,10.08838088,NaN,0.635244233,3.176221163,47.5,443.0563493,178.8059539,0,
ID121486_ID119924,522,121486,119924,1.737068919,0.268079611,0.263595821,1.317979104,162.5,430.8210848,179.4374477,0,
ID119672_ID120203,522,119672,120203,11.46256229,0.581155015,0.677128121,3.385640603,147.5,433.6606586,182.4664427,0,
ID119924_ID121739,522,119924,121739,13.7210073,0.369510813,0.740837561,3.704187806,167.5,432.6078946,179.5070879,0,
ID112386_ID114719,522,112386,114719,1.183306804,0.154948172,0.217559813,1.087799064,67.5,435.6130311,178.691641,0,
ID119073_ID118775,522,119073,118775,0.281408931,0.068093548,0.106095981,0.530479906,132.5,430.2923204,180.8149863,0,
ID118174_ID117849,522,118174,117849,0.038032297,0.270534213,0.039003742,0.19501871,117.5,429.5969489,181.4701273,0,
ID116893_ID115986,522,116893,115986,23.67842453,0.258496043,0.973209629,4.866048143,102.5,431.7222042,179.8559605,0,
ID118775_ID119378,522,118775,119378,5.046575099,0.029872236,0.449291669,2.246458346,137.5,431.3262276,181.7381593,0,
ID116580_ID111230,522,116580,111230,1.633540598,0.117460357,0.255620077,1.278100387,52.5,441.6730281,177.160792,0,
ID115990_ID117553,523,115990,117553,3.697014299,0.093228825,0.384552431,1.922762154,107.5,271.0328543,184.9664384,0,
ID121192_ID120721,523,121192,120721,2.190205296,0.348951382,0.295986844,1.47993422,182.5,277.4196653,177.6343501,0,
ID120721_ID120441,523,120721,120441,0.007610436,0.151856278,0.017447563,0.087237813,187.5,277.9792973,178.1664104,0,
ID115038_ID116902,523,115038,116902,9.543922658,NaN,0.617864796,3.089323981,97.5,269.3809889,179.9378481,0,
ID118788_ID119676,523,118788,119676,6.578795404,0.004236311,0.256491626,2.564916257,140,273.6458329,187.2208698,0,
ID120208_ID122267,523,120208,122267,2.834158005,0.153879434,0.336699154,1.683495769,152.5,275.0783901,183.9502434,0,
ID117862_ID118495,523,117862,118495,2.389456548,0.205551455,0.309157342,1.545786709,122.5,272.6782123,188.2603755,0,
ID121734_ID120942,523,121734,120942,0.32108993,0.515768635,0.113329595,0.566647977,172.5,275.8984928,179.2497563,0,
ID119676_ID120208,523,119676,120208,3.062858868,0.066615799,0.350020506,1.750102531,147.5,274.9471196,185.53619,0,
ID118495_ID119095,523,118495,119095,24.07297541,0.527838941,0.981284371,4.906421854,127.5,271.588395,189.7110163,0,
ID119095_ID118788,523,119095,118788,19.21837431,0.608167833,0.876775326,4.383876631,132.5,271.2382344,189.7248379,0,
ID120441_ID122512,523,120441,122512,0.882465535,0.270883778,0.187879273,0.939396367,192.5,278.4491971,178.2689306,0,
ID119926_ID121734,523,119926,121734,0.012289395,0.227729185,0.022171509,0.110857543,167.5,276.1207482,179.3356762,0,
ID118185_ID117862,523,118185,117862,9.439877229,0.556234518,0.614487664,3.07243832,117.5,271.4322175,189.8826937,0,
ID117553_ID118185,523,117553,118185,29.76890323,0.06656782,1.091217728,5.456088639,112.5,270.8457652,188.6118442,0,
ID122267_ID121489,523,122267,121489,4.386617842,0.163891222,0.418885084,2.09442542,157.5,275.3323883,182.2343993,0,
ID120942_ID121192,523,120942,121192,5.681585486,0.374725247,0.476721532,2.383607662,177.5,276.2437788,178.1634567,0,
ID116902_ID115990,523,116902,115990,11.74087312,0.181866137,0.68529915,3.426495749,102.5,271.0282946,182.3583438,0,
ID121489_ID119926,523,121489,119926,3.920347316,0.079124867,0.395997339,1.979986696,162.5,275.955624,180.336605,0,
ID118183_ID117866,527,118183,117866,5.650955227,0.047983671,0.475434758,2.37717379,117.5,400.4334496,190.3803264,0,
ID117866_ID118498,527,117866,118498,19.15969541,0.014631641,0.875435787,4.377178933,122.5,397.0802242,189.9965517,0,
ID115999_ID117560,527,115999,117560,0.082649197,0.1999703,0.057497547,0.287487734,107.5,402.5723758,190.3019411,0,
ID115057_ID116907,527,115057,116907,24.3493325,0.317358393,0.986900856,4.934504281,97.5,406.9354479,187.2292058,0,
ID117560_ID118183,527,117560,118183,0.676338675,0.013011268,0.164479625,0.822398125,112.5,402.0244404,190.3884183,0,
ID116907_ID115999,527,116907,115999,26.39671553,0.356504681,1.02755468,5.137773402,102.5,403.8617602,187.9875411,0,
ID115682_ID115057,527,115682,115057,3.138998114,NaN,0.354344359,1.771721794,92.5,408.298534,189.4527526,0,
ID117563_ID118194,528,117563,118194,16.49237066,0.497257266,0.812215997,4.061079987,112.5,304.2317935,193.2087019,0,
ID115689_ID115062,528,115689,115062,9.555773561,0.53080284,0.618248285,3.091241427,92.5,306.3409589,193.1813201,0,
ID115377_ID114432,528,115377,114432,4.837403279,NaN,0.439881951,2.199409757,82.5,306.5528996,193.1440034,0,
ID116917_ID116001,528,116917,116001,1.897806182,0.180692177,0.275521773,1.377608864,102.5,307.3073507,192.4071568,0,
ID118194_ID117876,528,118194,117876,3.742285676,0.291730398,0.386899764,1.934498818,117.5,304.6914299,195.5080469,0,
ID118506_ID119099,528,118506,119099,1.083025562,0.099414563,0.208137028,1.040685141,127.5,302.5080894,193.5536436,0,
ID114432_ID115689,528,114432,115689,0.414925669,0.119537248,0.128829448,0.644147242,87.5,305.9915168,194.4023753,0,
ID115062_ID116917,528,115062,116917,0.007985623,0.607795986,0.017872463,0.089362315,97.5,306.9267395,191.7991453,0,
ID116001_ID117563,528,116001,117563,23.61487951,0.49497824,0.971902866,4.859514329,107.5,305.3767551,192.2640509,0,
ID117876_ID118506,528,117876,118506,6.333465051,0.341345242,0.50332753,2.516637648,122.5,303.2656178,195.1129103,0,
ID115996_ID117562,529,115996,117562,3.542122155,0.494374653,0.376410529,1.882052644,107.5,149.3061999,190.1297119,0,
ID117562_ID118182,529,117562,118182,2.211900743,0.624889983,0.297449205,1.487246026,112.5,149.1435357,190.2424687,0,
ID116915_ID115996,529,116915,115996,0.72102698,0.086308385,0.169826615,0.849133075,102.5,149.6188866,189.5452829,0,
ID115059_ID116915,529,115059,116915,1.636513411,0.548924442,0.255852568,1.279262839,97.5,148.6135616,189.8136961,0,
ID115679_ID115059,529,115679,115059,0.240733145,NaN,0.098129128,0.490645641,92.5,148.1984774,189.9008116,0,
ID118182_ID117867,529,118182,117867,6.052447313,0.588099593,0.492034442,2.460172212,117.5,148.9427715,190.7253827,0,
ID119690_ID120220,531,119690,120220,1.256939722,0.219082814,0.224226646,1.121133231,147.5,305.999304,192.5087481,0,
ID120220_ID122283,531,120220,122283,0.077326213,0.50820138,0.055615182,0.278075912,152.5,306.00297,192.0560327,0,
ID118510_ID119106,531,118510,119106,2.57618828,0.274520476,0.321010173,1.605050865,127.5,305.4863338,195.9148735,0,
ID121509_ID119949,531,121509,119949,0.463060581,0.51426345,0.13609711,0.680485548,162.5,305.6676665,192.2666753,0,
ID118196_ID117877,531,118196,117877,1.364225947,0.266446651,0.233600167,1.168000834,117.5,306.1190524,195.7010228,0,
ID118804_ID119404,531,118804,119404,2.807514005,0.030207408,0.335112757,1.675563787,137.5,308.8692966,195.9924193,0,
ID119106_ID118804,531,119106,118804,10.516003,0.537489941,0.648567745,3.242838726,132.5,306.4321116,195.7151635,0,
ID116009_ID117571,531,116009,117571,0.511503688,0.565558678,0.143038972,0.71519486,107.5,304.7350109,197.2780465,0,
ID119404_ID119690,531,119404,119690,23.17820149,0.49946467,0.962874893,4.814374465,142.5,307.8022739,194.531928,0,
ID122283_ID121509,531,122283,121509,0.224432027,0.085869367,0.094748515,0.473742575,157.5,305.8228171,192.376773,0,
ID117571_ID118196,531,117571,118196,2.669398469,0.120649608,0.326765878,1.633829388,112.5,305.1384045,196.2227598,0,
ID120970_ID121223,531,120970,121223,4.803244625,0.296732429,0.438326117,2.191630586,177.5,304.694531,190.4802912,0,
ID117877_ID118510,531,117877,118510,0.53980963,0.416142461,0.146943476,0.734717381,122.5,306.4078829,196.128986,0,
ID116929_ID116009,531,116929,116009,0.051508497,NaN,0.045390967,0.226954836,102.5,304.7843474,197.5252785,0,
ID121223_ID120761,531,121223,120761,9.68874183,0.172759748,0.622534877,3.112674386,182.5,302.9162448,188.8443606,0,
ID119949_ID121757,531,119949,121757,0.811877352,0.20597321,0.180208474,0.90104237,167.5,305.1675596,191.7907632,0,
ID121757_ID120970,531,121757,120970,0.101965509,0.482944611,0.063864077,0.319320385,172.5,304.8874456,191.5846179,0,
ID117251_ID115378,532,117251,115378,3.272207228,0.574205512,0.361784866,1.808924329,77.5,272.5086815,192.9780272,0,
ID114751_ID117251,532,114751,117251,5.802576844,0.120468594,0.481770769,2.408853845,72.5,272.8907385,193.1305819,0,
ID113293_ID112728,532,113293,112728,15.28559295,NaN,0.781935878,3.909679392,37.5,277.8671643,195.6852674,0,
ID116005_ID117573,532,116005,117573,3.780405502,0.076134873,0.388865298,1.944326491,107.5,266.0763466,196.8256431,0,
ID112424_ID114751,532,112424,114751,1.947738161,0.115140902,0.27912278,1.395613901,67.5,274.7127602,193.0766644,0,
ID112728_ID116312,532,112728,116312,1.888281614,0.097749584,0.274829519,1.374147596,42.5,279.9305509,194.1336097,0,
ID110964_ID112424,532,110964,112424,1.881908851,0.053586012,0.274365366,1.37182683,62.5,276.0364121,193.167902,0,
ID115684_ID115061,532,115684,115061,1.961092152,0.054601345,0.280078,1.40039,92.5,271.4615092,191.4667313,0,
ID116614_ID111269,532,116614,111269,0.997400756,0.219565661,0.199739906,0.998699532,52.5,279.3832189,193.0434955,0,
ID115061_ID116921,532,115061,116921,21.81233345,0.214894232,0.934073518,4.670367592,97.5,269.1998476,193.011234,0,
ID114430_ID115684,532,114430,115684,9.209425103,0.603641398,0.606940692,3.034703462,87.5,273.4557936,192.3949809,0,
ID116312_ID116614,532,116312,116614,0.517405507,0.237245239,0.14386181,0.719309048,47.5,280.0869545,193.2604711,0,
ID111269_ID110964,532,111269,110964,4.779999523,0.039411555,0.4372642,2.186321002,57.5,277.7975427,193.0678126,0,
ID115378_ID114430,532,115378,114430,2.568447623,0.183391541,0.320527542,1.602637708,82.5,274.0327696,192.8402773,0,
ID117573_ID118198,532,117573,118198,0.389715586,0.363099949,0.124854409,0.624272045,112.5,265.194135,197.1679901,0,
ID116921_ID116005,532,116921,116005,2.804983151,0.050135288,0.334961678,1.674808392,102.5,267.219656,195.4651935,0,
ID118198_ID117878,532,118198,117878,0.084452316,0.319665963,0.058121361,0.290606807,117.5,265.1904814,196.8273563,0,
ID120221_ID122285,533,120221,122285,0.030696954,0.367854836,0.035041092,0.175205462,152.5,311.6837527,192.6142588,0,
ID117869_ID119098,533,117869,119098,6.477556282,0.171255649,0.254510438,2.545104375,125,310.0764081,192.4838044,0,
ID114433_ID115690,533,114433,115690,0.2873267,0.002267799,0.107205727,0.536028637,87.5,309.3035506,195.0221086,0,
ID119098_ID118798,533,119098,118798,0.331028497,0.004560137,0.115070152,0.57535076,132.5,311.6364259,192.4622612,0,
ID116923_ID116007,533,116923,116007,2.779669864,0.51962572,0.333446839,1.667234196,102.5,309.1823576,196.1991046,0,
ID115690_ID115067,533,115690,115067,0.755439828,0.012069828,0.173832083,0.869160416,92.5,308.9837127,195.6473435,0,
ID116007_ID117572,533,116007,117572,0.855030929,0.321571163,0.184935765,0.924678825,107.5,308.6816969,196.992486,0,
ID118197_ID117869,533,118197,117869,9.50166722,0.158082688,0.61649549,3.082477448,117.5,309.0363145,194.0196435,0,
ID112415_ID114746,533,112415,114746,1.029828433,0.181751025,0.202960926,1.014804628,67.5,311.1618565,189.1553115,0,
ID114746_ID115382,533,114746,115382,25.74119249,0.172024404,0.507357788,5.073577879,75,310.7158991,191.6272698,0,
ID118798_ID119398,533,118798,119398,0.047880691,0.375068803,0.043763314,0.218816569,137.5,311.8877784,192.3496847,0,
ID111259_ID110951,533,111259,110951,0.701622597,NaN,0.167525831,0.837629153,57.5,310.1561693,188.2319494,0,
ID119398_ID120221,533,119398,120221,0.175256013,0.216607377,0.041863589,0.418635895,145,311.7268438,192.414501,0,
ID115067_ID116923,533,115067,116923,0.638135073,0.609199609,0.159766714,0.79883357,97.5,308.9996469,195.6980148,0,
ID117572_ID118197,533,117572,118197,3.085605076,0.424958409,0.351317809,1.756589046,112.5,308.7448716,196.2482351,0,
ID110951_ID112415,533,110951,112415,1.814009603,0.566894484,0.269370348,1.346851738,62.5,310.3859391,188.4279779,0,
ID115382_ID114433,533,115382,114433,0.762124077,0.008916849,0.174599436,0.872997181,82.5,309.5962685,194.3812969,0,
ID118199_ID117885,534,118199,117885,6.467820656,0.450740593,0.508638208,2.543191038,117.5,254.8506221,199.0451498,0,
ID116008_ID117575,534,116008,117575,32.48670077,0.065644265,1.139942117,5.699710587,107.5,251.1397631,198.4959435,0,
ID115071_ID116926,534,115071,116926,14.49965687,0.027352949,0.7615683,3.807841498,97.5,243.0661887,198.0258664,0,
ID115696_ID115071,534,115696,115071,3.824704839,0.042966605,0.391137052,1.955685261,92.5,240.7130623,199.6789205,0,
ID118514_ID119109,534,118514,119109,4.244988459,0.415376331,0.412067395,2.060336977,127.5,257.2083111,199.5244286,0,
ID114448_ID115696,534,114448,115696,9.621205372,NaN,0.620361358,3.101806792,87.5,238.7168588,201.2086274,0,
ID117885_ID118514,534,117885,118514,3.382412183,0.117561098,0.367826708,1.839133541,122.5,256.5539392,200.2729061,0,
ID119109_ID118808,534,119109,118808,5.655966014,0.486799164,0.475645499,2.378227494,132.5,256.4265813,199.572772,0,
ID116926_ID116008,534,116926,116008,16.06633109,0.15333607,0.801656562,4.008282811,102.5,246.5641868,197.0762279,0,
ID117575_ID118199,534,117575,118199,2.7400896,0.363992937,0.33106432,1.6553216,112.5,253.8766943,198.8865797,0,
ID122548_ID122007,535,122548,122007,9.790809316,0.226254714,0.625805379,3.129026896,197.5,383.7930475,201.573642,0,
ID118805_ID119406,535,118805,119406,1.35820289,0.491630054,0.233083924,1.16541962,137.5,379.6996339,197.6374963,0,
ID121766_ID120978,535,121766,120978,2.415577233,0.036278242,0.310842547,1.554212737,172.5,382.2283257,196.81637,0,
ID120469_ID122548,535,120469,122548,16.68170404,0.578165022,0.816864837,4.084324184,192.5,381.4011408,199.6720911,0,
ID121238_ID120794,535,121238,120794,0.791301551,0.376098683,0.177910264,0.88955132,182.5,381.8900463,199.9499829,0,
ID115069_ID116927,535,115069,116927,2.305348856,0.064096227,0.303667506,1.51833753,97.5,394.4310246,197.0750779,0,
ID114435_ID115693,535,114435,115693,12.51665805,0.239654164,0.707577785,3.537888925,87.5,399.1757324,196.9792259,0,
ID117246_ID115381,535,117246,115381,6.542502672,NaN,0.511566327,2.557831635,77.5,399.2746772,192.2249636,0,
ID119111_ID118805,535,119111,118805,12.84978889,0.401425249,0.716932044,3.584660219,132.5,378.4146435,198.1677053,0,
ID120228_ID122293,535,120228,122293,2.489729223,0.02033865,0.315577516,1.577887582,152.5,377.1400477,199.5308253,0,
ID116927_ID116012,535,116927,116012,2.03259465,0.239054065,0.285138188,1.425690938,102.5,393.3649614,197.6624076,0,
ID119957_ID121766,535,119957,121766,0.114307199,0.314672592,0.067618695,0.338093477,167.5,381.3078917,196.607333,0,
ID115381_ID114435,535,115381,114435,5.846091861,0.092163771,0.483573856,2.417869281,82.5,399.8198754,194.5849641,0,
ID120978_ID121238,535,120978,121238,10.82355181,0.373321708,0.657983337,3.289916687,177.5,382.2217643,198.4177577,0,
ID118209_ID117882,535,118209,117882,5.649014054,0.224222953,0.475353092,2.37676546,117.5,382.107775,200.2098588,0,
ID118518_ID119111,535,118518,119111,13.40701946,0.29792106,0.732311941,3.661559704,127.5,378.6257796,200.1031926,0,
ID117882_ID118518,535,117882,118518,2.598641304,0.316188988,0.322406036,1.612030181,122.5,380.679383,200.2564299,0,
ID121517_ID119957,535,121517,119957,10.83025015,0.198487651,0.658186908,3.29093454,162.5,380.5556681,198.0800417,0,
ID120794_ID120469,535,120794,120469,8.020581749,0.483207601,0.566412632,2.832063161,187.5,381.4506133,198.9167846,0,
ID115693_ID115069,535,115693,115069,9.203731818,0.245941272,0.606753057,3.033765287,92.5,396.5893511,197.7112931,0,
ID122293_ID121517,535,122293,121517,10.02379442,0.42750465,0.63320753,3.166037652,157.5,378.4121794,199.9419764,0,
ID119694_ID120228,535,119694,120228,3.124022523,0.379448592,0.353498092,1.767490459,147.5,377.6408479,197.937124,0,
ID116012_ID117574,535,116012,117574,26.70821013,0.24107384,1.033599732,5.167998658,107.5,390.4809082,198.0912475,0,
ID119406_ID119694,535,119406,119694,4.160251045,0.385125448,0.407933869,2.039669347,142.5,378.7164554,197.6437013,0,
ID117574_ID118209,535,117574,118209,31.81606393,0.127460032,1.128114603,5.640573014,112.5,385.5081102,199.3626804,0,
ID117577_ID118204,536,117577,118204,0.352834279,0.19550311,0.11879971,0.593998551,112.5,316.0276578,200.048005,0,
ID114447_ID115702,536,114447,115702,4.991283589,0.269138356,0.446823616,2.234118079,87.5,325.2095024,201.3428212,0,
ID116938_ID116014,536,116938,116014,9.396068786,0.182227933,0.613060153,3.065300766,102.5,319.201333,200.1974183,0,
ID118204_ID117881,536,118204,117881,1.252946688,0.475321037,0.223870202,1.119351012,117.5,316.3074824,199.7593539,0,
ID116014_ID117577,536,116014,117577,3.404919144,0.213309177,0.36904846,1.845242299,107.5,317.1080322,199.7675992,0,
ID115702_ID115079,536,115702,115079,29.57942598,0.617468498,1.087739417,5.438697085,92.5,323.6169227,201.1429226,0,
ID115079_ID116938,536,115079,116938,0.208356219,0.081620321,0.091292107,0.456460534,97.5,320.6913137,200.9783198,0,
ID115387_ID114447,536,115387,114447,11.60183871,NaN,0.681229439,3.406147194,82.5,323.767669,199.6344082,0,
ID118511_ID119105,536,118511,119105,5.910163912,0.333780815,0.486216574,2.431082868,127.5,313.9351109,196.3490975,0,
ID117881_ID118511,536,117881,118511,18.69121848,0.463127067,0.864666837,4.323334186,122.5,315.0187165,198.4612992,0,
ID117578_ID118200,538,117578,118200,6.072900919,0.322985878,0.49286513,2.464325652,112.5,452.895007,198.9598281,0,
ID116013_ID117578,538,116013,117578,7.754215037,NaN,0.556927824,2.784639122,107.5,454.6561613,199.411201,0,
ID118200_ID117875,538,118200,117875,5.036336795,0.051225847,0.448835685,2.244178423,117.5,452.1456511,196.7483214,0,
ID114765_ID117263,539,114765,117263,0.008484289,0.378725426,0.01842204,0.092110199,72.5,57.85204226,201.295716,0,
ID118206_ID117888,539,118206,117888,0.001069182,0.261310533,0.006539669,0.032698343,117.5,58.22953214,201.1870228,0,
ID117888_ID118516,539,117888,118516,0.008402456,0.501898625,0.018332983,0.091664914,122.5,58.21056775,201.1587532,0,
ID115395_ID114445,539,115395,114445,0.021438112,0.278598268,0.029283519,0.146417594,82.5,58.04455818,201.1773128,0,
ID114445_ID115698,539,114445,115698,0.021219277,0.424254161,0.029133676,0.14566838,87.5,58.10726271,201.1433403,0,
ID121773_ID120985,539,121773,120985,0.004395841,0.349506099,0.013260228,0.066301141,172.5,58.18670066,201.2933224,0,
ID122545_ID122008,539,122545,122008,0.10372466,0.104422222,0.064412626,0.32206313,197.5,58.02023726,201.6734761,0,
ID122798_ID123036,539,122798,123036,0.03062696,0.027471868,0.03500112,0.175005601,207.5,58.1137614,201.626449,0,
ID120985_ID121243,539,120985,121243,0.020001553,0.404792151,0.02828537,0.141426848,177.5,58.16405315,201.3527682,0,
ID122296_ID121520,539,122296,121520,0.00139404,0.594847466,0.007467368,0.037336839,157.5,58.28770674,200.9843406,0,
ID120805_ID120476,539,120805,120476,0.009022732,0.516497604,0.018997612,0.094988061,187.5,58.09144257,201.3819558,0,
ID123036_ID123272,539,123036,123272,0.75432534,0.366703938,0.17370381,0.86851905,212.5,57.77155391,201.3827389,0,
ID120231_ID122296,539,120231,122296,0.001052443,0.494372067,0.006488276,0.032441378,152.5,58.28774772,200.988142,0,
ID118810_ID119410,539,118810,119410,0.003308097,0.413588312,0.011503211,0.057516055,137.5,58.28468614,200.9893063,0,
ID123494_ID124501,539,123494,124501,4.721133531,0.079947075,0.434563391,2.172816957,227.5,61.89611605,195.7724527,0,
ID122008_ID122798,539,122008,122798,0.028628632,0.575850685,0.033839995,0.169199976,202.5,57.99715691,201.752478,0,
ID115074_ID116934,539,115074,116934,0.012899996,0.59764853,0.02271563,0.113578148,97.5,58.1113621,201.0227185,0,
ID116934_ID116018,539,116934,116018,0.012261022,0.461913124,0.0221459,0.110729498,102.5,58.14121912,201.0568426,0,
ID110979_ID112438,539,110979,112438,0.022233039,0.02044872,0.029821495,0.149107475,62.5,57.8448759,201.3465591,0,
ID111282_ID110979,539,111282,110979,0.064603453,0.609648977,0.050834418,0.254172092,57.5,57.64907868,201.2994094,0,
ID112438_ID114765,539,112438,114765,0.00910571,0.410664234,0.019084769,0.095423843,67.5,57.90374614,201.3138808,0,
ID121520_ID119963,539,121520,119963,0.013035644,0.502735645,0.022834749,0.114173745,162.5,58.2921978,201.0274958,0,
ID119114_ID118810,539,119114,118810,0.00191919,0.488963302,0.008761711,0.043808556,132.5,58.28597458,200.9627673,0,
ID119963_ID121773,539,119963,121773,0.05486057,0.084669847,0.046844667,0.234223334,167.5,58.21985503,201.182193,0,
ID116018_ID117581,539,116018,117581,0.007806178,0.534156781,0.017670516,0.088352578,107.5,58.16286526,201.070584,0,
ID120476_ID122545,539,120476,122545,0.039137274,0.548496799,0.039566286,0.197831428,192.5,58.1081265,201.4376718,0,
ID115698_ID115074,539,115698,115074,0.010659563,0.048966118,0.020649032,0.103245161,92.5,58.12088882,201.0205415,0,
ID119698_ID120231,539,119698,120231,0.008879307,0.591510329,0.018846015,0.094230075,147.5,58.28801285,201.0239828,0,
ID117263_ID115395,539,117263,115395,0.062135845,0.588326819,0.049854125,0.249270627,77.5,57.89871859,201.2307166,0,
ID123721_ID123494,539,123721,123494,22.0107176,0.196459421,0.938311624,4.69155812,222.5,59.01752306,197.5308016,0,
ID117581_ID118206,539,117581,118206,0.015326642,0.349216314,0.024760163,0.123800816,112.5,58.18348745,201.136948,0,
ID116630_ID111282,539,116630,111282,0.056958951,NaN,0.047732149,0.238660745,52.5,57.64412321,201.2864616,0,
ID121243_ID120805,539,121243,120805,0.002204153,0.027711719,0.009389681,0.046948404,182.5,58.09122471,201.4122284,0,
ID119410_ID119698,539,119410,119698,0.00436875,0.244671405,0.013219305,0.066096523,142.5,58.28982484,201.0397048,0,
ID123272_ID123721,539,123272,123721,4.929963508,0.213787932,0.444070423,2.220352114,217.5,57.27955811,200.1010022,0,
ID118516_ID119114,539,118516,119114,0.037107283,0.182479059,0.038526502,0.192632508,127.5,58.25200004,201.0360228,0,
ID119387_ID119678,545,119387,119678,0.598353075,0.38788119,0.154706571,0.773532853,142.5,275.8663528,186.8521404,0,
ID119678_ID120217,545,119678,120217,34.8150733,0.027437568,1.180085985,5.900429925,147.5,273.2894857,188.9672668,0,
ID120217_ID122282,545,120217,122282,10.98088556,0.50497989,0.662748385,3.313741927,152.5,272.6340672,190.7119719,0,
ID118793_ID119387,545,118793,119387,8.495245994,NaN,0.582932106,2.914660528,137.5,276.7541672,187.8908899,0,
ID119679_ID120210,546,119679,120210,3.494707422,0.550593511,0.373882731,1.869413657,147.5,387.731745,187.0872565,0,
ID120210_ID122272,546,120210,122272,0.252659781,0.397569115,0.100530549,0.502652744,152.5,386.8807968,187.2369773,0,
ID118493_ID119089,546,118493,119089,1.289552808,NaN,0.227116957,1.135584787,127.5,387.2517106,187.250588,0,
ID119391_ID119679,546,119391,119679,15.34962171,0.495764639,0.783571865,3.917859327,142.5,386.7871316,187.7428582,0,
ID122272_ID121504,546,122272,121504,9.258876183,0.062422847,0.60856803,3.042840151,157.5,387.8617555,188.7010136,0,
ID118794_ID119391,546,118794,119391,11.76327647,0.492205791,0.685952665,3.429763326,137.5,386.511374,188.9285722,0,
ID119089_ID118794,546,119089,118794,7.97619035,0.472804411,0.564842999,2.824214997,132.5,387.4077687,188.3226641,0,
ID119401_ID119691,547,119401,119691,14.94894651,0.607761624,0.77327735,3.866386751,142.5,116.9171155,193.6645581,0,
ID118799_ID119401,547,118799,119401,7.692187525,NaN,0.554695864,2.773479318,137.5,116.3522068,193.5763136,0,
ID119402_ID119695,550,119402,119695,5.916843099,0.265942565,0.486491237,2.432456186,142.5,305.5162075,196.6202462,0,
ID122535_ID121997,550,122535,121997,0.213516908,0.207960859,0.09241578,0.462078898,197.5,308.7842108,194.1160298,0,
ID121997_ID122785,550,121997,122785,0.133630381,0.03428471,0.073110979,0.365554895,202.5,308.3902696,193.9943051,0,
ID123028_ID123266,550,123028,123266,3.037070364,0.389346696,0.348543849,1.742719244,212.5,308.7060386,194.8105157,0,
ID118802_ID119402,550,118802,119402,5.031640655,0.284659184,0.448626377,2.243131885,137.5,305.000472,194.8531866,0,
ID121767_ID120977,550,121767,120977,0.178873596,0.106301048,0.084586901,0.422934505,172.5,306.7020228,196.5769424,0,
ID119695_ID120226,550,119695,120226,1.150438952,0.57791956,0.214517034,1.072585172,147.5,305.1521574,197.2293276,0,
ID124499_ID124294,550,124499,124294,0.150826321,0.416889407,0.077672729,0.388363646,232.5,310.1844607,192.3622066,0,
ID119101_ID118802,550,119101,118802,0.448348042,NaN,0.133917593,0.669587964,132.5,304.2120938,193.9264576,0,
ID119959_ID121767,550,119959,121767,0.267566383,0.150444598,0.103453639,0.517268193,167.5,306.5789341,197.0136966,0,
ID120226_ID122290,550,120226,122290,1.019619752,0.41514066,0.201952445,1.009762225,152.5,304.7406914,196.8957723,0,
ID121231_ID120782,550,121231,120782,1.004989371,0.232610858,0.200498316,1.002491582,182.5,308.2531444,195.1511874,0,
ID123489_ID124499,550,123489,124499,0.07240604,0.559265083,0.053816741,0.269083705,227.5,310.0220253,192.30098,0,
ID120465_ID122535,550,120465,122535,0.01630303,0.535256386,0.025536663,0.127683317,192.5,309.0532277,194.1208551,0,
ID123266_ID123489,550,123266,123489,14.67639856,0.310430025,0.38309788,3.830978799,220,309.1581217,193.8680992,0,
ID122290_ID121515,550,122290,121515,6.461079337,0.47197997,0.508373065,2.541865326,157.5,305.4603069,197.5602373,0,
ID120782_ID120465,550,120782,120465,1.588760316,0.309156818,0.252092072,1.260460359,187.5,308.9169571,194.678333,0,
ID122785_ID123028,550,122785,123028,0.852139476,0.577179469,0.184622802,0.92311401,207.5,308.6786551,193.9881807,0,
ID121515_ID119959,550,121515,119959,0.653623117,0.43676224,0.161693923,0.808469614,162.5,306.5476876,197.6317567,0,
ID120977_ID121231,550,120977,121231,2.957704055,0.138152043,0.343959536,1.719797679,177.5,307.2337467,195.69279,0,
ID118218_ID118821,551,118218,118821,1.787300504,NaN,0.267379917,1.336899586,127.5,137.0322076,17.37969462,0,
ID119425_ID119977,551,119425,119977,4.67655004,0.562225875,0.432506649,2.162533246,147.5,137.9853311,19.27827487,0,
ID118821_ID118527,551,118821,118527,0.79435578,0,0.178253278,0.891266391,132.5,138.1462906,17.37969462,0,
ID119133_ID119425,551,119133,119425,1.444204322,0.28939817,0.240350105,1.201750524,142.5,137.5385453,19.59681341,0,
ID118527_ID119133,551,118527,119133,5.321817764,0.353792412,0.461381307,2.306906536,137.5,138.3648419,18.51057405,0,
ID119977_ID122022,551,119977,122022,1.459491747,0.206377357,0.241618852,1.208094262,152.5,139.4625442,19.42737598,0,
ID121260_ID119715,553,121260,119715,2.344190549,0.445909992,0.306214993,1.531074965,162.5,318.4201954,23.33277936,0,
ID119130_ID119979,553,119130,119979,9.227554548,0.123130128,0.303768901,3.037689014,145,322.1006249,19.55649291,0,
ID122023_ID121260,553,122023,121260,11.65748987,0.168722564,0.682861329,3.414306646,157.5,319.7479008,22.96177932,0,
ID121541_ID120677,553,121541,120677,1.788366881,0.235330788,0.26745967,1.337298352,172.5,315.8551743,23.06894745,0,
ID119979_ID122023,553,119979,122023,1.439443054,0.157660458,0.239953583,1.199767917,152.5,321.0233799,21.22714496,0,
ID120677_ID120999,553,120677,120999,4.90585337,0.518004266,0.442983222,2.214916109,177.5,315.6685333,23.68323382,0,
ID120491_ID120252,553,120491,120252,65.39910109,0.519228843,1.617394214,8.08697107,187.5,317.2439497,26.49131512,0,
ID118533_ID119130,553,118533,119130,1.185299334,NaN,0.217742907,1.088714533,137.5,323.6682441,18.72195928,0,
ID119715_ID121541,553,119715,121541,4.971643313,0.388442982,0.445943643,2.229718214,167.5,317.3591332,23.04365094,0,
ID122320_ID121798,553,122320,121798,22.01987801,0.148293399,0.938506857,4.692534285,197.5,314.7352367,35.02780168,0,
ID120999_ID120491,553,120999,120491,8.756982371,0.429889389,0.591843978,2.959219892,182.5,316.9413174,23.62458562,0,
ID120252_ID122320,553,120252,122320,8.498178695,0.110037098,0.583032716,2.915163579,192.5,315.6272111,31.58134453,0,
ID118836_ID118543,555,118836,118543,7.739286155,0.425336177,0.55639145,2.781957252,132.5,106.1773539,33.30557294,0,
ID119719_ID121540,555,119719,121540,31.60463395,0.331505361,1.124359977,5.621799885,167.5,99.6011364,26.12404352,0,
ID118233_ID118836,555,118233,118836,3.83613791,0.070463441,0.391721223,1.958606114,127.5,105.6841341,32.20423318,0,
ID121265_ID119719,555,121265,119719,0.03125451,0.025149294,0.03535789,0.17678945,162.5,99.30315373,28.91279465,0,
ID118543_ID119142,555,118543,119142,2.627015319,0.29767156,0.324161399,1.620806996,137.5,104.9303332,34.41108754,0,
ID119986_ID122029,555,119986,122029,7.238935347,0.317800172,0.538105393,2.690526964,152.5,102.5658224,30.01727553,0,
ID119142_ID119435,555,119142,119435,8.395954617,0.328291639,0.579515474,2.89757737,142.5,104.6129473,32.83336194,0,
ID117920_ID117608,555,117920,117608,7.900055842,NaN,0.56214076,2.810703798,117.5,103.6628394,33.0339574,0,
ID119435_ID119986,555,119435,119986,6.721308686,0.371887515,0.518509737,2.592548685,147.5,103.7840476,31.41101172,0,
ID117608_ID118233,555,117608,118233,4.641319425,0.514364357,0.430874433,2.154372165,122.5,103.6604173,32.26846323,0,
ID122029_ID121265,555,122029,121265,10.63100317,0.340546731,0.652104383,3.260521917,157.5,101.0171567,28.79576619,0,
ID120675_ID120991,555,120675,120991,33.08522246,0.141041806,1.150395105,5.751975527,177.5,101.6246835,20.12063409,0,
ID121540_ID120675,555,121540,120675,0.815976793,0.17500473,0.180662868,0.903314338,172.5,100.3705652,23.10069143,0,
ID118544_ID119144,556,118544,119144,0.011874254,NaN,0.02179381,0.10896905,137.5,177.5256498,35.19076873,0,
ID120500_ID120257,556,120500,120257,0.086661969,0.271280066,0.05887681,0.29438405,187.5,178.5089023,39.09972216,0,
ID119439_ID119992,556,119439,119992,3.017575264,0.054950232,0.347423388,1.73711694,147.5,180.9916002,36.34876118,0,
ID122037_ID121272,556,122037,121272,1.105911556,0.089482682,0.210324659,1.051623295,157.5,180.1088338,37.04153712,0,
ID119729_ID121553,556,119729,121553,0.108420418,0.224755366,0.065854512,0.329272558,167.5,179.1463599,38.87013617,0,
ID121553_ID120690,556,121553,120690,0.675108277,0.058071099,0.164329946,0.821649729,172.5,178.5778343,38.91780097,0,
ID119992_ID122037,556,119992,122037,1.848684349,0.516423596,0.271932664,1.359663322,152.5,181.2450602,36.73790139,0,
ID121272_ID119729,556,121272,119729,3.235269038,0.281339817,0.359737073,1.798685364,162.5,179.4435507,37.93439553,0,
ID119144_ID119439,556,119144,119439,8.164155294,0.506772463,0.57145972,2.857298601,142.5,178.8001492,35.73100478,0,
ID120257_ID122325,556,120257,122325,1.359426249,0.22858386,0.233188872,1.165944359,192.5,179.1011559,39.38602403,0,
ID120690_ID120500,556,120690,120500,0.10763297,0.22718728,0.032807464,0.328074641,180,178.2729373,39.04343441,0,
ID119722_ID121549,557,119722,121549,0.342685811,0.556135023,0.117078745,0.585393723,167.5,391.0726122,33.77006497,0,
ID119150_ID119446,557,119150,119446,1.309913823,0.233240147,0.228902933,1.144514667,142.5,390.0839651,39.20911646,0,
ID118553_ID119150,557,118553,119150,0.422613667,0.508300425,0.130017486,0.650087431,137.5,389.4573567,39.64147891,0,
ID118846_ID118553,557,118846,118553,0.768400959,NaN,0.175316965,0.876584827,132.5,389.5327265,39.40288704,0,
ID119446_ID119995,557,119446,119995,0.109157816,0.222119194,0.06607808,0.3303904,147.5,390.3036842,38.58424696,0,
ID119995_ID122036,557,119995,122036,3.305920569,0.088449111,0.363643813,1.818219065,152.5,390.1225769,37.53905132,0,
ID121270_ID119722,557,121270,119722,4.800976064,0.175833453,0.438222595,2.191112974,162.5,391.0091263,34.59582043,0,
ID122036_ID121270,557,122036,121270,1.963371475,0.187128775,0.280240716,1.401203581,157.5,390.5447687,36.16251539,0,
ID121549_ID120684,557,121549,120684,2.712636039,0.028839637,0.329401642,1.647008209,172.5,391.4048767,34.83331547,0,
ID120499_ID120256,557,120499,120256,1.225337825,0.436083115,0.221389957,1.106949784,187.5,394.7028304,35.57276034,0,
ID120684_ID121003,557,120684,121003,1.547336709,0.059590746,0.248783979,1.243919897,177.5,391.6002341,36.24967247,0,
ID120256_ID122324,557,120256,122324,0.588864133,0.24794596,0.153474966,0.767374832,192.5,394.2862949,36.21937118,0,
ID121003_ID120499,557,121003,120499,13.45817204,0.426450445,0.733707627,3.668538134,182.5,393.1637138,35.94619863,0,
ID120694_ID121008,559,120694,121008,0.937420938,0.095003469,0.193641002,0.968205008,177.5,239.3473761,42.06195129,0,
ID121555_ID120694,559,121555,120694,4.959369853,0.142319594,0.445392854,2.226964268,172.5,239.3193622,40.50242182,0,
ID122043_ID121276,559,122043,121276,11.76181265,0.038082362,0.685909984,3.42954992,157.5,236.0918846,41.38274497,0,
ID120503_ID120258,559,120503,120258,7.932616643,0.259332348,0.563298026,2.816490128,187.5,240.3456338,40.82840102,0,
ID120000_ID122043,559,120000,122043,0.552061364,0.227964658,0.148601664,0.74300832,152.5,235.2359346,43.27928991,0,
ID119153_ID119450,559,119153,119450,6.383991352,0.365754951,0.505331232,2.52665616,142.5,236.7311106,45.09559649,0,
ID118853_ID118557,559,118853,118557,4.709448859,NaN,0.434025292,2.170126462,132.5,240.1815693,45.7567589,0,
ID121008_ID120503,559,121008,120503,1.326133033,0.427284908,0.230315699,1.151578496,182.5,239.7553109,42.37927958,0,
ID119450_ID120000,559,119450,120000,10.66770242,0.521839475,0.653228977,3.266144887,147.5,235.8986043,44.97419645,0,
ID121276_ID119727,559,121276,119727,12.02219237,0.143834501,0.693460666,3.467303328,162.5,238.2963754,39.02489974,0,
ID119727_ID121555,559,119727,121555,1.823170318,0.516695089,0.270049649,1.350248243,167.5,239.4951108,38.82809812,0,
ID118557_ID119153,559,118557,119153,13.56506239,0.286534911,0.736615568,3.683077841,137.5,238.4897534,44.25455412,0,
ID118852_ID118558,560,118852,118558,14.13168299,0.575718595,0.751842616,3.759213082,132.5,23.19676012,47.76645826,0,
ID118558_ID119156,560,118558,119156,9.754442951,0.301280247,0.624642072,3.12321036,137.5,25.71648924,47.78260787,0,
ID119156_ID119452,560,119156,119452,22.77548511,0.530552026,0.954473365,4.772366824,142.5,24.52059077,47.43248449,0,
ID117936_ID117624,560,117936,117624,2.338456249,NaN,0.305840236,1.52920118,117.5,26.06333017,47.98331228,0,
ID119452_ID120002,560,119452,120002,2.025606147,0.37504605,0.284647582,1.423237909,147.5,22.24609394,47.52705318,0,
ID117624_ID118852,560,117624,118852,15.33659227,0.063834615,0.391619615,3.916196148,125,23.52287586,47.37541076,0,
ID117951_ID117634,561,117951,117634,0.381836874,NaN,0.123585901,0.617929505,117.5,327.4616196,56.61389153,0,
ID118257_ID118861,561,118257,118861,0.941601919,0.207458168,0.194072349,0.970361747,127.5,326.5039404,54.2635922,0,
ID117634_ID118257,561,117634,118257,5.462594501,0.345709133,0.467443879,2.337219395,122.5,326.7161652,55.72396809,0,
ID119163_ID119458,561,119163,119458,0.848561585,0.257580747,0.184234805,0.921174025,142.5,329.1843981,53.34764349,0,
ID118861_ID118566,561,118861,118566,0.622955781,0.149275803,0.157855096,0.789275479,132.5,327.1655383,53.77927315,0,
ID119458_ID120009,561,119458,120009,2.935477394,0.231273824,0.342664699,1.713323494,147.5,330.3077118,53.39161433,0,
ID118566_ID119163,561,118566,119163,2.195318425,0.051677807,0.29633214,1.481660698,137.5,328.2089886,53.35372846,0,
ID121808_ID122583,562,121808,122583,3.791559345,0.268142046,0.389438537,1.947192683,202.5,55.83454589,54.39426938,0,
ID121293_ID119747,562,121293,119747,16.54652373,0.468652191,0.813548369,4.067741846,162.5,64.83078075,57.64109999,0,
ID121018_ID120517,562,121018,120517,1.524149463,0.434182908,0.246912897,1.234564483,182.5,63.08253762,54.76859043,0,
ID123538_ID123315,562,123538,123315,19.6588853,0.133121919,0.886766831,4.433834153,222.5,59.34592934,56.756295,0,
ID124150_ID123953,562,124150,123953,3.475835476,0.410044035,0.372871853,1.864359267,237.5,63.86824963,55.90940796,0,
ID118866_ID118571,562,118866,118571,16.52632079,0.445887062,0.813051555,4.065257777,132.5,73.96290788,58.02426337,0,
ID119168_ID119462,562,119168,119462,21.69540224,0.042119424,0.931566471,4.657832355,142.5,69.7340434,58.5122102,0,
ID119462_ID120012,562,119462,120012,3.079206027,0.363107647,0.350953332,1.754766659,147.5,67.48497157,58.13129654,0,
ID120517_ID120266,562,120517,120266,12.84452841,0.592055466,0.716785279,3.583926396,187.5,62.05368194,54.17059654,0,
ID120266_ID122332,562,120266,122332,0.131042473,0.21887619,0.072399578,0.361997892,192.5,60.6213508,52.9500205,0,
ID121565_ID120716,562,121565,120716,0.077892099,0.41529889,0.055818312,0.279091561,172.5,62.02264884,56.73810091,0,
ID122583_ID123078,562,122583,123078,7.414197064,0.041507647,0.272290232,2.722902324,210,56.17622206,56.65493193,0,
ID119747_ID121565,562,119747,121565,6.04157533,0.327929672,0.491592324,2.457961621,167.5,62.53266621,57.78862199,0,
ID123315_ID124150,562,123315,124150,7.122598091,0.02852387,0.266881961,2.668819606,230,62.67629847,55.62426015,0,
ID122055_ID121293,562,122055,121293,6.439706174,0.595321857,0.507531523,2.537657616,157.5,65.22957602,56.23203721,0,
ID123078_ID123538,562,123078,123538,0.826954191,0.426906802,0.181874043,0.909370217,217.5,56.89530617,57.59389293,0,
ID120012_ID122055,562,120012,122055,14.01173502,0.252625705,0.748645043,3.743225216,152.5,65.74550396,56.63410671,0,
ID117635_ID118264,562,117635,118264,1.179103496,NaN,0.217173064,1.085865321,122.5,76.24959099,59.3744757,0,
ID122332_ID121808,562,122332,121808,22.73258213,0.370428668,0.953573954,4.767869769,197.5,58.28587592,53.09786171,0,
ID123953_ID123758,562,123953,123758,3.030913905,0.567115302,0.348190402,1.740952011,242.5,63.60880926,56.01847169,0,
ID118264_ID118866,562,118264,118866,10.87884874,0.184659218,0.659661996,3.298309982,127.5,74.24597258,59.65763298,0,
ID120716_ID121018,562,120716,121018,6.029293602,0.263684397,0.491092399,2.455461994,177.5,62.40757253,55.5280633,0,
ID118571_ID119168,562,118571,119168,13.24164916,0.545991991,0.727781537,3.638907687,137.5,73.66692047,57.26552908,0,
ID118259_ID118864,564,118259,118864,7.701350772,0.514942604,0.555026153,2.775130767,127.5,209.9634668,56.51577441,0,
ID120732_ID121029,564,120732,121029,5.893136114,0.273426159,0.485515648,2.42757824,177.5,206.0114765,65.77725926,0,
ID119467_ID120019,564,119467,120019,2.258470732,0.009444793,0.300564185,1.502820925,147.5,206.6115426,64.61236337,0,
ID121572_ID120732,564,121572,120732,7.394320192,0.277984768,0.543849986,2.719249932,172.5,206.8230862,63.95222946,0,
ID118864_ID118574,564,118864,118574,16.39854711,0.369519148,0.809902392,4.04951196,132.5,209.6298567,58.60817452,0,
ID122061_ID121299,564,122061,121299,11.37981752,0.186845031,0.674679702,3.373398512,157.5,211.4168765,64.82866793,0,
ID121299_ID119754,564,121299,119754,13.15224051,0.530866333,0.725320357,3.626601786,162.5,210.8918888,64.15612105,0,
ID121029_ID120523,564,121029,120523,26.19619852,0.371685312,1.023644441,5.118222203,182.5,208.4969407,65.49011479,0,
ID119173_ID119467,564,119173,119467,1.254154647,0.097508798,0.223978092,1.119890462,142.5,206.64719,63.30185016,0,
ID120019_ID122061,564,120019,122061,13.50546353,0.289170056,0.734995606,3.674978031,152.5,208.3862504,65.67797439,0,
ID119754_ID121572,564,119754,121572,3.163839137,0.229933948,0.355743679,1.778718397,167.5,208.5764852,63.96529615,0,
ID118574_ID119173,564,118574,119173,9.914537067,0.070382736,0.629747158,3.148735789,137.5,207.3849765,61.35107192,0,
ID117631_ID118259,564,117631,118259,1.988891522,NaN,0.282056131,1.410280654,122.5,209.4950423,55.77255675,0,
ID110752_ID112187,565,110752,112187,3.575720257,0.022861199,0.3781915,1.890957498,62.5,283.4458597,62.14173413,0,
ID117004_ID115142,565,117004,115142,3.639840559,0.041498138,0.381567324,1.907836618,77.5,281.0608335,63.35323368,0,
ID114198_ID115461,565,114198,115461,1.92723076,0.557243195,0.277649474,1.38824737,87.5,279.0474765,63.86385699,0,
ID115461_ID114826,565,115461,114826,5.037592761,0.063450555,0.448891647,2.244458233,92.5,279.6895524,62.18781134,0,
ID114517_ID117004,565,114517,117004,0.947562798,0.422227141,0.194685675,0.973428373,72.5,282.491424,63.44765835,0,
ID117960_ID117643,565,117960,117643,0.837298667,0.091532838,0.183008051,0.915040254,117.5,276.6589652,62.10792793,0,
ID118576_ID119174,565,118576,119174,1.313216386,3.60E-04,0.229191308,1.145956538,137.5,273.6751899,63.84776727,0,
ID115142_ID114198,565,115142,114198,3.24015511,0.129835862,0.360008617,1.800043086,82.5,279.3922116,63.90414456,0,
ID115763_ID117960,565,115763,117960,8.009585672,0.295391702,0.283012114,2.830121141,110,278.4616745,61.75644258,0,
ID114826_ID116687,565,114826,116687,0.949070729,0.524340061,0.194840522,0.974202612,97.5,279.6243877,61.45052383,0,
ID118268_ID118871,565,118268,118871,0.463868963,0.479318256,0.136215853,0.681079263,127.5,274.5683528,64.14865875,0,
ID118871_ID118576,565,118871,118576,0.488073327,0.583601648,0.13972449,0.698622449,132.5,274.5699994,64.07122476,0,
ID111050_ID110752,565,111050,110752,0.700339704,NaN,0.167372603,0.836863014,57.5,284.7984188,61.98151008,0,
ID117643_ID118268,565,117643,118268,7.388654666,0.03656281,0.543641598,2.718207988,122.5,275.247214,63.24210505,0,
ID116687_ID115763,565,116687,115763,0.368206774,0.521107451,0.121360088,0.60680044,102.5,279.5795363,61.72106864,0,
ID112187_ID114517,565,112187,114517,1.973985849,0.364973051,0.280997213,1.404986067,67.5,282.7358646,62.88298408,0,
ID118872_ID118578,566,118872,118578,6.438172079,NaN,0.507471066,2.537355332,132.5,326.0451016,64.65500495,0,
ID119172_ID119463,566,119172,119463,13.30870069,0.047597902,0.729621839,3.648109193,142.5,323.675921,60.78333436,0,
ID118578_ID119172,566,118578,119172,5.672941401,0.305448284,0.476358747,2.381793736,137.5,324.5892932,63.63521593,0,
ID119463_ID120013,566,119463,120013,7.389608228,0.23164395,0.543676677,2.718383385,147.5,323.8899799,58.11557073,0,
ID118581_ID119178,567,118581,119178,3.877283438,NaN,0.393816375,1.969081877,137.5,293.2111604,67.55283467,0,
ID119178_ID119479,567,119178,119479,7.60123821,0.120514225,0.551406863,2.757034314,142.5,293.7871048,69.73784546,0,
ID120017_ID122058,568,120017,122058,2.074398845,0.156366229,0.28805547,1.44027735,152.5,450.7067353,63.14961202,0,
ID121573_ID120724,568,121573,120724,11.76849462,0.336412279,0.686104791,3.430523957,172.5,451.6470799,62.19504146,0,
ID119179_ID119473,568,119179,119473,5.667865426,0.206615596,0.476145584,2.380727919,142.5,452.4196624,66.77071318,0,
ID118582_ID119179,568,118582,119179,1.897252698,0.333762864,0.275481593,1.377407963,137.5,453.070025,68.28995086,0,
ID118878_ID118582,568,118878,118582,1.219994219,0.424650208,0.220906697,1.104533485,132.5,453.8903634,68.11130588,0,
ID122058_ID121298,568,122058,121298,0.109175189,0.407546766,0.066083338,0.33041669,157.5,450.8593248,62.50502089,0,
ID120277_ID122343,568,120277,122343,2.621959966,0.625002077,0.323849346,1.619246728,192.5,450.5942034,63.89853349,0,
ID121298_ID119751,568,121298,119751,2.433864097,0.513240842,0.312016929,1.560084644,162.5,450.2301606,62.65888465,0,
ID120724_ID121024,568,120724,121024,0.964973187,0.514294407,0.196466098,0.982330488,177.5,452.5052481,61.18091159,0,
ID118273_ID118878,568,118273,118878,0.299502246,NaN,0.109453597,0.547267984,127.5,454.2644105,67.82607796,0,
ID122343_ID121819,568,122343,121819,4.399431714,0.549805401,0.419496446,2.097482232,197.5,450.1745776,63.99987615,0,
ID119473_ID120017,568,119473,120017,5.727654113,0.147109812,0.478650357,2.393251786,147.5,451.5375046,64.72547828,0,
ID119751_ID121573,568,119751,121573,2.798363889,0.485666973,0.33456622,1.6728311,167.5,450.1383514,63.21820008,0,
ID121024_ID120522,568,121024,120522,8.641922341,0.166226889,0.587942934,2.93971467,182.5,451.523798,62.73388087,0,
ID120522_ID120277,568,120522,120277,0.458708831,0.356149316,0.135456093,0.677280467,187.5,450.3178449,63.51705414,0,
ID120032_ID122072,569,120032,122072,1.930556464,0.28313949,0.277888932,1.38944466,152.5,184.1394231,79.13368163,0,
ID121836_ID122605,569,121836,122605,5.246613149,0.407401995,0.458109731,2.290548657,202.5,194.9212911,79.9700213,0,
ID118281_ID118886,569,118281,118886,1.503994557,0.490758991,0.245274912,1.226374558,127.5,184.3614273,79.31237364,0,
ID122072_ID119768,569,122072,119768,45.14336595,0.112074581,0.67188813,6.718881302,160,187.2866432,81.10700675,0,
ID122605_ID122855,569,122605,122855,0.214038714,0.563827127,0.092528636,0.462643182,207.5,195.8330409,79.79301651,0,
ID122363_ID121836,569,122363,121836,3.946679635,0.456992638,0.397325037,1.986625187,197.5,194.4852987,81.01189513,0,
ID119768_ID121588,569,119768,121588,2.76415254,0.300223721,0.332514814,1.662574071,167.5,190.3874096,82.76561603,0,
ID120541_ID120291,569,120541,120291,0.227248947,0.507516294,0.095341271,0.476706353,187.5,192.932593,82.03641506,0,
ID120291_ID122363,569,120291,122363,4.92606023,0.308450716,0.443894592,2.219472962,192.5,194.0434077,81.77275685,0,
ID121040_ID120541,569,121040,120541,4.330522765,0.386600291,0.416198163,2.080990813,182.5,192.345199,81.41499522,0,
ID117656_ID118281,569,117656,118281,4.328175503,NaN,0.416085352,2.08042676,122.5,184.9875183,79.0288338,0,
ID120762_ID121040,569,120762,121040,4.820781752,0.503503017,0.439125574,2.195627872,177.5,191.1299871,81.45484929,0,
ID118587_ID119187,569,118587,119187,4.869669903,0.058063686,0.441346571,2.206732857,137.5,182.9541442,77.58284047,0,
ID118886_ID118587,569,118886,118587,0.417257475,0.180931366,0.12919094,0.6459547,132.5,183.9932239,78.54458073,0,
ID119187_ID119483,569,119187,119483,0.261004446,0.058798295,0.102177188,0.510885942,142.5,181.9731457,76.65557589,0,
ID121588_ID120762,569,121588,120762,0.261071172,0.541224421,0.102190248,0.510951242,172.5,190.7419578,82.27014123,0,
ID119483_ID120032,569,119483,120032,11.28383977,0.527103094,0.671828543,3.359142714,147.5,182.6242473,77.96392027,0,
ID118887_ID118588,571,118887,118588,7.51797031,0.440134597,0.548378348,2.741891739,132.5,118.0848412,80.3014312,0,
ID119191_ID119491,571,119191,119491,11.54144329,0.385568223,0.679453995,3.397269976,142.5,121.0767698,80.83906689,0,
ID118588_ID119191,571,118588,119191,14.09558914,0.333055757,0.750881859,3.754409293,137.5,119.9639624,79.12384608,0,
ID118283_ID118887,571,118283,118887,0.390696187,NaN,0.125011389,0.625056947,127.5,118.3270872,81.49043054,0,
ID118884_ID118590,572,118884,118590,18.04869575,0.029023979,0.849675132,4.24837566,132.5,192.9953168,79.24652003,0,
ID118590_ID119188,572,118590,119188,12.75458754,0.593213153,0.714271308,3.571356541,137.5,193.4702587,79.17179453,0,
ID119487_ID120033,572,119487,120033,4.650595562,0.320664091,0.431304791,2.156523953,147.5,191.8600548,79.50401429,0,
ID123337_ID124168,572,123337,124168,17.55499451,0.123209974,0.418986808,4.189868078,230,200.5549964,81.2986422,0,
ID120760_ID121038,572,120760,121038,1.673728316,0.309725381,0.258745305,1.293726523,177.5,189.8412323,79.97479652,0,
ID123559_ID123337,572,123559,123337,2.330114515,0.285006351,0.305294252,1.526471262,222.5,198.3341526,80.24905007,0,
ID120033_ID122074,572,120033,122074,0.341521921,0.410038996,0.116879754,0.584398769,152.5,192.6376052,80.09798215,0,
ID119188_ID119487,572,119188,119487,1.29219077,0.268590843,0.227349139,1.136745693,142.5,191.6705797,78.31660635,0,
ID122606_ID122857,572,122606,122857,0.267112659,0.591207336,0.103365886,0.51682943,207.5,197.0177469,80.84804627,0,
ID118279_ID118884,572,118279,118884,0.440083851,NaN,0.132677632,0.66338816,127.5,190.9292137,77.92449071,0,
ID121838_ID122606,572,121838,122606,5.136116092,0.603818814,0.453260018,2.266300089,202.5,196.1455742,80.9685868,0,
ID121038_ID120537,572,121038,120537,14.80620959,0.341260931,0.769576756,3.847883781,182.5,191.7742538,79.75764247,0,
ID124168_ID123971,572,124168,123971,3.215419936,0.372296687,0.358631841,1.793159205,237.5,202.4972411,80.71244944,0,
ID120537_ID120290,572,120537,120290,0.388398654,0.005514916,0.124643276,0.623216378,187.5,193.9519782,80.26236499,0,
ID123095_ID123559,572,123095,123559,0.369020955,0.201122166,0.12149419,0.60747095,217.5,197.8831672,79.51506115,0,
ID123971_ID123779,572,123971,123779,4.366240609,0.588569099,0.417911024,2.089555122,242.5,202.7199564,80.80857425,0,
ID122361_ID121838,572,122361,121838,1.838256916,0.524940405,0.271164667,1.355823335,197.5,195.6779043,80.9748842,0,
ID119767_ID121587,572,119767,121587,11.76181126,0.580744251,0.685909944,3.429549718,167.5,190.5501169,81.50628095,0,
ID121587_ID120760,572,121587,120760,5.65197802,0.531612416,0.475477782,2.377388908,172.5,190.9655647,80.7502922,0,
ID122074_ID121312,572,122074,121312,6.645708117,0.501000881,0.515585419,2.577927097,157.5,191.6269485,80.44389494,0,
ID121312_ID119767,572,121312,119767,3.526477483,0.023547764,0.375578353,1.877891765,162.5,189.7223862,81.59257469,0,
ID120290_ID122361,572,120290,122361,4.461402433,0.009719283,0.422440644,2.112203218,192.5,195.2882264,80.55269876,0,
ID122857_ID123095,572,122857,123095,2.641104073,0.492836882,0.32502948,1.6251474,212.5,197.1786402,80.23654549,0,
ID120047_ID122095,573,120047,122095,1.912623354,0.224177128,0.276595253,1.382976267,152.5,309.8136153,96.28090548,0,
ID122095_ID121332,573,122095,121332,1.096405462,0.445796467,0.209418763,1.047093817,157.5,310.3644376,96.20369669,0,
ID121332_ID119787,573,121332,119787,11.74585444,0.612936722,0.685444511,3.427222555,162.5,309.865521,95.12081191,0,
ID119787_ID121597,573,119787,121597,6.114037984,0.1374743,0.494531616,2.472658081,167.5,309.5541655,92.35621192,0,
ID118900_ID118608,573,118900,118608,3.121844833,0.195772262,0.353374862,1.766874312,132.5,305.601481,92.56416573,0,
ID118295_ID118900,573,118295,118900,3.943429861,NaN,0.397161421,1.985807106,127.5,304.6189453,91.23007233,0,
ID118608_ID119206,573,118608,119206,7.748151165,0.108700893,0.55671002,2.783550101,137.5,306.5531374,94.5432033,0,
ID119507_ID120047,573,119507,120047,3.050794738,0.226467214,0.349330488,1.746652438,147.5,308.5634393,96.73164295,0,
ID119206_ID119507,573,119206,119507,1.015853436,0.07219087,0.20157911,1.007895548,142.5,307.5514472,96.12647481,0,
ID121597_ID120785,573,121597,120785,6.111859826,0.525356376,0.494443519,2.472217593,172.5,309.016629,92.02877217,0,
ID120785_ID121062,573,120785,121062,0.524540516,0.02241011,0.144850339,0.724251694,177.5,307.8390208,93.10672333,0,
ID122085_ID121328,574,122085,121328,1.787087582,0.543429784,0.26736399,1.336819951,157.5,234.4010923,92.73597595,0,
ID120043_ID122085,574,120043,122085,3.016913049,0.454717513,0.347385264,1.736926322,152.5,234.3893072,93.11399503,0,
ID119208_ID119503,574,119208,119503,9.821582044,0.443465003,0.626788068,3.133940338,142.5,233.2940658,95.34308187,0,
ID118610_ID119208,574,118610,119208,5.749250733,0.010666201,0.479551905,2.397759524,137.5,232.7814425,96.51205797,0,
ID119503_ID120043,574,119503,120043,5.643653228,0.384788091,0.475127487,2.375637436,147.5,233.818612,93.82528198,0,
ID118302_ID118904,574,118302,118904,4.2190192,NaN,0.410805024,2.054025122,127.5,229.5483542,96.81146826,0,
ID118904_ID118610,574,118904,118610,6.209379804,0.425816758,0.498372544,2.491862718,132.5,230.3792194,96.06241561,0,
ID121328_ID119784,574,121328,119784,1.923473025,0.5208351,0.27737866,1.3868933,162.5,234.3432377,93.09368711,0,
ID118908_ID118614,576,118908,118614,0.585672527,0.028445555,0.153058489,0.765292445,132.5,439.4874276,98.7332913,0,
ID117681_ID118305,576,117681,118305,3.57337664,0.004880574,0.378067541,1.890337705,122.5,438.0841851,97.72668782,0,
ID117998_ID117681,576,117998,117681,3.459755445,NaN,0.372008357,1.860041786,117.5,436.2527687,97.32453471,0,
ID118614_ID119216,576,118614,119216,12.42858626,0.014352685,0.705084002,3.525420012,137.5,440.8256387,100.4090814,0,
ID118305_ID118908,576,118305,118908,0.318543165,0.178816364,0.112879257,0.564396284,127.5,439.138218,98.16947394,0,
ID118310_ID118912,577,118310,118912,3.447058284,0.450308109,0.371325102,1.85662551,127.5,346.7051341,100.2469454,0,
ID118912_ID118616,577,118912,118616,2.806066354,0.168827717,0.335026348,1.675131742,132.5,345.1329761,99.8937673,0,
ID119511_ID120053,577,119511,120053,7.199391511,0.407347257,0.536633637,2.683168185,147.5,345.3810353,100.3488599,0,
ID120053_ID122101,577,120053,122101,0.089036571,0.320469313,0.059677993,0.298389965,152.5,344.0614598,100.6100103,0,
ID118616_ID119211,577,118616,119211,2.612860892,0.297127409,0.323286925,1.616434623,137.5,344.918031,98.70058428,0,
ID117686_ID118310,577,117686,118310,2.529504911,NaN,0.318088347,1.590441735,122.5,347.235627,100.7793896,0,
ID119211_ID119511,577,119211,119511,6.727673682,0.402079568,0.51875519,2.593775951,142.5,346.0397288,99.13043523,0,
ID119219_ID120056,578,119219,120056,56.13605676,0.310898012,0.749239993,7.492399933,145,264.585417,103.4092683,0,
ID118621_ID119219,578,118621,119219,2.564221029,0.137613978,0.320263706,1.601318528,137.5,261.7636945,104.2561933,0,
ID120056_ID122106,578,120056,122106,0.016197769,0.549914366,0.025454091,0.127270457,152.5,268.1148205,102.3412032,0,
ID118917_ID118621,578,118917,118621,0.200496497,NaN,0.08955367,0.447768352,132.5,262.7302774,104.0722471,0,
ID122106_ID121338,578,122106,121338,0.238987475,0.233779142,0.09777269,0.488863452,157.5,267.8486304,102.2697332,0,
ID118915_ID118623,579,118915,118623,3.874261865,0.258206217,0.393662895,1.968314473,132.5,190.9668266,104.3179896,0,
ID118623_ID119218,579,118623,119218,5.280562553,0.386948652,0.459589493,2.297947465,137.5,189.771746,104.5534843,0,
ID122102_ID121337,579,122102,121337,6.233319707,0.202132191,0.499332342,2.496661712,157.5,186.6383964,101.765709,0,
ID119515_ID120057,579,119515,120057,1.804923608,0.530144016,0.268694891,1.343474454,147.5,187.4850453,103.0111464,0,
ID119795_ID121612,579,119795,121612,0.743685472,0.349803398,0.172474401,0.862372003,167.5,184.5991705,101.5181846,0,
ID120057_ID122102,579,120057,122102,0.835412095,0.351500918,0.182801761,0.914008805,152.5,188.0018496,102.4829152,0,
ID118313_ID118915,579,118313,118915,0.035808718,NaN,0.037846383,0.189231916,127.5,191.3496498,103.378634,0,
ID121337_ID119795,579,121337,119795,0.613954889,0.163199925,0.156710547,0.783552735,162.5,185.0965407,101.6974555,0,
ID119218_ID119515,579,119218,119515,4.729814566,0.062701458,0.434962737,2.174813685,142.5,187.8425361,103.4774964,0,
ID121617_ID121068,582,121617,121068,18.49788573,0.180516979,0.430091685,4.300916847,175,338.35602,102.1283415,0,
ID118938_ID118640,582,118938,118640,7.991766604,0.613376915,0.565394256,2.826971278,132.5,346.4457378,114.4252305,0,
ID122634_ID122890,582,122634,122890,1.014975593,0.557515427,0.201491994,1.007459971,207.5,341.6861698,97.70251396,0,
ID118640_ID119236,582,118640,119236,10.39922004,0.486897802,0.644956434,3.22478217,137.5,346.0447363,113.4395323,0,
ID122384_ID121861,582,122384,121861,8.94598487,0.513926872,0.598196786,2.99098393,197.5,340.1598054,96.76874816,0,
ID120063_ID122110,582,120063,122110,11.25570906,0.150039285,0.670990583,3.354952915,152.5,341.2573661,107.3734258,0,
ID115846_ID117407,582,115846,117407,0.304510918,NaN,0.110365016,0.551825079,107.5,339.3630209,115.1529428,0,
ID120565_ID120313,582,120565,120313,4.510473043,0.031776178,0.424757486,2.123787429,187.5,338.6719335,97.86254382,0,
ID117407_ID117716,582,117407,117716,63.75164711,0.088234422,0.798446286,7.984462857,115,343.5046945,115.6630878,0,
ID121347_ID119800,582,121347,119800,5.68738208,0.439021195,0.476964656,2.384823281,162.5,340.2753877,104.8966847,0,
ID121068_ID120565,582,121068,120565,1.156450176,0.032001005,0.215076747,1.075383734,182.5,338.5316525,99.45144673,0,
ID119528_ID120063,582,119528,120063,18.44010833,0.274730907,0.858838945,4.294194724,147.5,343.4194782,110.2051949,0,
ID117716_ID118331,582,117716,118331,4.383524985,0.48164639,0.418737387,2.093686936,122.5,346.7919204,115.5282567,0,
ID122110_ID121347,582,122110,121347,1.13751391,0.319436545,0.213308594,1.066542971,157.5,340.3610625,105.8741782,0,
ID119800_ID121617,582,119800,121617,6.108617551,0.428165142,0.494312353,2.471561764,167.5,339.4947781,104.0311121,0,
ID118331_ID118938,582,118331,118938,1.030152795,0.279189478,0.202992886,1.014964431,127.5,345.6989277,114.9420657,0,
ID120313_ID122384,582,120313,122384,6.062271431,0.184405868,0.492433607,2.462168035,192.5,339.7149558,96.09194518,0,
ID119236_ID119528,582,119236,119528,3.827272645,0.364423637,0.39126833,1.956341648,142.5,344.8251048,112.3060974,0,
ID121861_ID122634,582,121861,122634,6.767745967,0.450159839,0.520297837,2.601489183,202.5,340.8429428,97.77643069,0,
ID118042_ID117719,584,118042,117719,2.89194362,0.168047375,0.340114311,1.700571557,117.5,393.8623515,118.2210571,0,
ID114906_ID116769,584,114906,116769,2.752173583,NaN,0.331793525,1.658967626,97.5,400.1501249,114.3057077,0,
ID118339_ID118943,584,118339,118943,3.756066498,0.593658414,0.387611481,1.938057403,127.5,390.7430821,118.1308816,0,
ID118649_ID119248,584,118649,119248,5.73449656,0.624797641,0.478936178,2.394680889,137.5,392.7857198,118.8445015,0,
ID116769_ID115844,584,116769,115844,3.975574743,0.007538769,0.398776867,1.993884335,102.5,401.9357116,114.688248,0,
ID117719_ID118339,584,117719,118339,14.6898982,0.296985899,0.76654806,3.832740299,122.5,391.7021556,118.3132724,0,
ID115844_ID118042,584,115844,118042,81.75710849,0.262866726,0.904196375,9.041963752,110,398.5678968,116.1838106,0,
ID118943_ID118649,584,118943,118649,5.881450504,0.067022575,0.48503404,2.425170201,132.5,392.7664429,118.8621295,0,
ID118340_ID118946,585,118340,118946,3.177423118,NaN,0.356506556,1.782532782,127.5,455.8827589,118.53843,0,
ID118946_ID118655,585,118946,118655,1.787300504,0,0.267379917,1.336899586,132.5,455.8827589,120.0981462,0,
ID119249_ID119539,585,119249,119539,0.00E+00,0,0,0,142.5,455.8827589,118.9840632,0,
ID118655_ID119249,585,118655,119249,3.177423118,0.628318531,0.356506556,1.782532782,137.5,455.8827589,119.8753296,0,
ID119537_ID120075,586,119537,120075,0.629658911,0.293808023,0.1587021,0.793510498,147.5,132.943499,118.762771,0,
ID119251_ID119537,586,119251,119537,7.14547646,0.366554232,0.534620481,2.673102404,142.5,132.4380209,120.1029235,0,
ID118656_ID119251,586,118656,119251,1.492083874,NaN,0.24430177,1.221508852,137.5,131.7541357,121.2293622,0,
ID118352_ID118952,589,118352,118952,2.555877254,NaN,0.319742225,1.598711123,127.5,220.1726079,125.7566494,0,
ID118952_ID118661,589,118952,118661,13.52872881,0.585175891,0.735628406,3.678142032,132.5,221.0356571,126.3924915,0,
ID118661_ID119257,589,118661,119257,8.56066882,0.503093614,0.585172413,2.925862064,137.5,221.2252267,127.4537504,0,
ID118663_ID119260,590,118663,119260,3.679108685,0.294364701,0.383620056,1.91810028,137.5,162.9874616,128.8479753,0,
ID118350_ID118954,590,118350,118954,14.00101172,0.468857023,0.748358516,3.741792581,127.5,163.4381166,125.7360892,0,
ID119554_ID120091,590,119554,120091,9.154395952,0.509078951,0.605124647,3.025623234,147.5,164.0377728,131.7241419,0,
ID120091_ID122146,590,120091,122146,4.611673685,0.38479542,0.429496155,2.147480776,152.5,163.5525759,130.2810839,0,
ID117728_ID118350,590,117728,118350,5.057361619,NaN,0.44977157,2.248857848,122.5,164.6472122,125.1333822,0,
ID119260_ID119554,590,119260,119554,12.28970907,0.119668666,0.701133627,3.505668135,142.5,164.5836618,130.9028138,0,
ID118954_ID118663,590,118954,118663,1.123240352,0.009661074,0.211966068,1.059830341,132.5,162.3728649,127.887094,0,
ID119261_ID119549,591,119261,119549,1.276330297,0.330260935,0.225949578,1.129747891,142.5,379.6001582,129.2890456,0,
ID118666_ID119261,591,118666,119261,19.49750478,0.595792604,0.883119579,4.415597896,137.5,381.8062448,129.6440797,0,
ID118955_ID118666,591,118955,118666,39.07527722,0.413488796,1.250204419,6.251022094,132.5,380.8856548,129.2235862,0,
ID118359_ID118955,591,118359,118955,5.211131263,NaN,0.456558047,2.282790236,127.5,378.2422171,130.0507513,0,
ID118963_ID118671,593,118963,118671,6.398057713,NaN,0.505887644,2.529438221,132.5,365.6161972,136.7183909,0,
ID120864_ID121122,593,120864,121122,13.59999078,0.055947881,0.737563307,3.687816533,177.5,378.2989401,138.7562163,0,
ID120616_ID120365,593,120616,120365,5.200832575,0.181337053,0.456106679,2.280533397,187.5,383.1523926,138.0812263,0,
ID120093_ID122149,593,120093,122149,0.00756346,0.194638941,0.017393631,0.086968153,152.5,370.3341098,131.7030911,0,
ID120365_ID122440,593,120365,122440,5.501652771,0.105243042,0.469112045,2.345560225,192.5,384.7245858,139.6675944,0,
ID119838_ID121658,593,119838,121658,21.4371218,0.104216106,0.92600479,4.630023952,167.5,372.9644599,136.7076506,0,
ID121381_ID119838,593,121381,119838,16.89714269,0.360410996,0.822122684,4.11061342,162.5,373.1069548,132.4867007,0,
ID119271_ID119556,593,119271,119556,6.583391922,0.259856331,0.513162427,2.565812137,142.5,369.7364155,137.0423309,0,
ID121122_ID120616,593,121122,120616,4.972653384,0.031920835,0.445988941,2.229944704,182.5,381.130646,137.9290792,0,
ID119556_ID120093,593,119556,120093,17.88269582,0.11435459,0.845758732,4.22879366,147.5,370.3943342,133.8414089,0,
ID122149_ID121381,593,122149,121381,6.770418301,0.416289707,0.52040055,2.602002748,157.5,371.455515,131.0853158,0,
ID121658_ID120864,593,121658,120864,17.46781727,0.358718185,0.835890358,4.179451791,172.5,374.4146443,139.0497319,0,
ID118671_ID119271,593,118671,119271,6.195550661,0.059802067,0.497817262,2.489086311,137.5,367.8615314,137.7744166,0,
ID122440_ID121911,593,122440,121911,4.150676294,0.164071456,0.407464172,2.037320862,197.5,385.0090974,141.6579618,0,
ID117741_ID118366,594,117741,118366,2.844000566,0.327022,0.337283297,1.686416487,122.5,118.1962653,136.5973443,0,
ID122163_ID121393,594,122163,121393,8.849709585,0.031115875,0.594969229,2.974846145,157.5,120.8563975,143.9314525,0,
ID120866_ID121126,594,120866,121126,1.11486827,0.308911859,0.211174645,1.055873226,177.5,122.6016548,142.0655957,0,
ID118366_ID118964,594,118366,118964,3.590651911,0.428578124,0.378980311,1.894901557,127.5,118.6601995,137.3242491,0,
ID119844_ID121664,594,119844,121664,1.997013092,0.380028396,0.282631427,1.413157136,167.5,122.2944269,143.1298596,0,
ID119273_ID119560,594,119273,119560,2.590382388,0.295203937,0.321893298,1.609466492,142.5,120.650283,138.6817548,0,
ID118673_ID119273,594,118673,119273,0.753608799,0.352507222,0.173621289,0.868106445,137.5,121.5989126,138.7287755,0,
ID119560_ID120100,594,119560,120100,4.516353795,0.372471583,0.425034295,2.125171474,147.5,119.7101244,139.3151528,0,
ID118964_ID118673,594,118964,118673,6.060531917,0.0774518,0.492362952,2.461814761,132.5,120.7284478,137.8672687,0,
ID120100_ID122163,594,120100,122163,5.594221523,0.132040909,0.473042134,2.365210672,152.5,119.9605088,141.424673,0,
ID121664_ID120866,594,121664,120866,1.733175508,0.531980793,0.263300247,1.316501237,172.5,122.5463041,142.9183446,0,
ID118061_ID117741,594,118061,117741,1.183217521,NaN,0.217551605,1.087758025,117.5,118.2141378,135.6239293,0,
ID121393_ID119844,594,121393,119844,6.747329105,0.541667116,0.519512429,2.597562146,162.5,121.4648899,144.0808316,0,
ID119280_ID119567,596,119280,119567,10.51042781,0.544048462,0.648395799,3.241978996,142.5,450.4005849,145.6730656,0,
ID121134_ID120629,596,121134,120629,5.591000195,0.059659425,0.472905919,2.364529593,182.5,451.9941665,149.403104,0,
ID122942_ID123181,596,122942,123181,17.74667119,0.136270564,0.842535962,4.212679811,212.5,444.6910014,141.9063581,0,
ID124433_ID124244,596,124433,124244,21.9885259,0.302262811,0.937838492,4.689192458,232.5,440.2278198,139.2861666,0,
ID123181_ID123641,596,123181,123641,0.696721179,0.307621085,0.166939651,0.834698256,217.5,442.8061131,140.8501811,0,
ID124047_ID123849,596,124047,123849,0.932991707,0.397471971,0.193182992,0.965914958,242.5,438.4333363,141.1667384,0,
ID119850_ID121669,596,119850,121669,14.08901892,0.450994631,0.750706838,3.75353419,167.5,451.6428154,148.5004877,0,
ID118683_ID119280,596,118683,119280,4.672998869,NaN,0.432342405,2.161712023,137.5,449.6298658,145.7379862,0,
ID119567_ID120105,596,119567,120105,3.887249736,0.370859501,0.39432219,1.971610949,147.5,452.0402387,145.5427403,0,
ID124244_ID124047,596,124244,124047,2.683637119,0.283596353,0.327636208,1.63818104,237.5,437.9646229,140.5631319,0,
ID121669_ID120879,596,121669,120879,16.44512243,0.360699901,0.811051723,4.055258615,172.5,450.5199657,150.6493555,0,
ID123411_ID124433,596,123411,124433,3.320136011,0.618569006,0.364424808,1.822124038,227.5,442.4023126,137.9250225,0,
ID121916_ID122692,596,121916,122692,17.68575436,0.375538754,0.841088684,4.20544342,202.5,446.5588602,143.6412775,0,
ID122444_ID121916,596,122444,121916,12.44154333,0.095879871,0.705451439,3.527257197,197.5,446.7613012,145.9326081,0,
ID120879_ID121134,596,120879,121134,4.295375787,0.48617266,0.414505768,2.072528839,177.5,451.6007706,151.5615532,0,
ID122692_ID122942,596,122692,122942,1.850295775,0.533435328,0.272051155,1.360255776,207.5,447.3280928,142.3191806,0,
ID120376_ID122444,596,120376,122444,8.096090788,0.234828715,0.569072607,2.845363033,192.5,449.7888725,146.58122,0,
ID120629_ID120376,596,120629,120376,3.647646938,0.098494569,0.381976279,1.909881394,187.5,451.6260337,147.3625646,0,
ID120105_ID122167,596,120105,122167,5.426135775,0.39589368,0.465881349,2.329406743,152.5,453.2288471,145.5976089,0,
ID122167_ID121395,596,122167,121395,9.236480273,0.572505381,0.607831565,3.039157823,157.5,452.7209744,145.5273077,0,
ID121395_ID119850,596,121395,119850,8.089225127,0.371030267,0.568831262,2.844156312,162.5,452.4590145,147.2738296,0,
ID123641_ID123411,596,123641,123411,12.1607687,0.09398839,0.697445875,3.487229373,222.5,442.6002379,138.7360365,0,
ID118687_ID119281,598,118687,119281,0.551800318,3.81E-04,0.148566526,0.742832632,137.5,171.7848625,148.3367621,0,
ID118377_ID118980,598,118377,118980,6.788348482,NaN,0.521089186,2.605445928,127.5,174.3211024,148.2372592,0,
ID118980_ID118687,598,118980,118687,1.035548851,0.135940906,0.203523841,1.017619207,132.5,172.6286438,148.5874216,0,
ID118380_ID118981,599,118380,118981,3.89292653,NaN,0.394610012,1.973050058,127.5,176.8099674,149.7727004,0,
ID118689_ID119288,599,118689,119288,29.29943059,0.120838782,1.082578969,5.412894844,137.5,170.489687,151.9748788,0,
ID118981_ID118689,599,118981,118689,13.68080768,0.152876292,0.739751517,3.698757586,132.5,174.1628312,149.6315245,0,
ID119288_ID119582,599,119288,119582,1.69906187,0.245005473,0.260696135,1.303480675,142.5,168.918987,154.5201033,0,
ID118383_ID118987,601,118383,118987,2.805844714,0.188689344,0.335013117,1.675065585,127.5,120.4553377,153.8046947,0,
ID120114_ID122174,601,120114,122174,3.386670524,0.39516223,0.368058176,1.84029088,152.5,122.3481389,153.8613644,0,
ID115907_ID117466,601,115907,117466,1.898335105,NaN,0.275560164,1.377800822,107.5,121.4743079,159.0248468,0,
ID118693_ID119291,601,118693,119291,10.80289024,0.551706518,0.65735501,3.286775051,137.5,121.6145361,153.7677055,0,
ID119584_ID120114,601,119584,120114,5.279140097,0.553648376,0.459527588,2.297637939,147.5,121.9144476,154.931559,0,
ID117761_ID118383,601,117761,118383,8.144390308,0.529020647,0.570767564,2.853837821,122.5,120.5109122,151.7706076,0,
ID117466_ID117761,601,117466,117761,70.19030888,0.128445769,0.837796568,8.377965676,115,121.563735,154.5926576,0,
ID119291_ID119584,601,119291,119584,1.466181469,0.369886383,0.242171961,1.210859806,142.5,121.446288,155.3462007,0,
ID118987_ID118693,601,118987,118693,5.468590492,0.490273842,0.467700352,2.338501762,132.5,121.0445955,153.3452147,0,
ID120644_ID120391,602,120644,120391,4.714160228,0.046145211,0.434242339,2.171211696,187.5,305.8839444,160.5565193,0,
ID122193_ID121412,602,122193,121412,3.592465501,0.491714676,0.379076008,1.895380041,157.5,305.6882858,161.9198179,0,
ID118999_ID118701,602,118999,118701,4.545215087,0.167362508,0.426390201,2.131951005,132.5,308.4140202,161.3596879,0,
ID120121_ID122193,602,120121,122193,9.087373836,0.192837737,0.602905427,3.014527133,152.5,306.4218613,161.2749444,0,
ID119301_ID119587,602,119301,119587,12.86625258,0.580182143,0.717391179,3.586955893,142.5,309.5310928,160.1594869,0,
ID118701_ID119301,602,118701,119301,6.722839894,0.3426104,0.518568796,2.592843978,137.5,309.8256298,160.7020289,0,
ID122953_ID123194,602,122953,123194,27.75036879,0.166227137,1.053572376,5.26786188,212.5,302.5958282,153.4005614,0,
ID118406_ID118999,602,118406,118999,3.552141318,0.087981221,0.376942506,1.884712529,127.5,308.8232482,163.1492701,0,
ID121682_ID120893,602,121682,120893,1.508895081,0.577893797,0.245674181,1.228370905,172.5,306.030569,160.8523089,0,
ID119587_ID120121,602,119587,120121,2.001038104,0.193036711,0.282916108,1.41458054,147.5,307.3543699,159.5091494,0,
ID120893_ID121155,602,120893,121155,2.188145594,0.210691806,0.295847636,1.47923818,177.5,306.2700724,161.9995779,0,
ID119869_ID121682,602,119869,121682,0.800456009,0.308127425,0.178936414,0.894682071,167.5,306.2006675,160.724731,0,
ID123194_ID123649,602,123194,123649,5.91213858,0.031026305,0.486297793,2.431488964,217.5,302.9934428,149.5815308,0,
ID122455_ID121931,602,122455,121931,10.07901878,0.509950551,0.634949409,3.174747043,197.5,305.2927984,158.7241947,0,
ID123649_ID123427,602,123649,123427,1.297349151,0.46704637,0.227802472,1.139012358,222.5,303.4024833,148.758954,0,
ID120391_ID122455,602,120391,122455,1.969114204,0.385485609,0.280650259,1.403251297,192.5,306.0411834,159.5009375,0,
ID118106_ID117786,602,118106,117786,2.734935498,NaN,0.330752808,1.65376404,117.5,310.5072279,165.0081467,0,
ID121412_ID119869,602,121412,119869,0.827333862,0.431137916,0.18191579,0.909578948,162.5,305.6931008,161.1267176,0,
ID121931_ID122953,602,121931,122953,6.966153303,0.045973087,0.263934714,2.639347136,205,303.0234494,157.0312751,0,
ID123427_ID124443,602,123427,124443,4.795071398,0.431155888,0.437953029,2.189765147,227.5,304.0072887,148.074342,0,
ID117786_ID118406,602,117786,118406,1.419747492,0.277557683,0.238306315,1.191531574,122.5,309.5450746,164.4675575,0,
ID121155_ID120644,602,121155,120644,1.253593723,0.549604348,0.223927999,1.119639997,182.5,306.5769249,162.0380707,0,
ID117787_ID118400,603,117787,118400,9.440742538,0.033435979,0.614515827,3.072579135,122.5,398.9929133,163.2229725,0,
ID122192_ID121430,603,122192,121430,23.64701698,0.371276829,0.972563972,4.862819858,157.5,390.9287341,164.1545642,0,
ID118400_ID119000,603,118400,119000,41.70352453,0.384686718,1.291565322,6.457826611,127.5,396.1675554,162.0495449,0,
ID119594_ID120132,603,119594,120132,7.662442224,0.044024488,0.553622334,2.768111671,147.5,392.25177,162.1080728,0,
ID119295_ID119594,603,119295,119594,2.941482937,0.554147711,0.34301504,1.715075199,142.5,390.8935893,160.3409256,0,
ID120132_ID122192,603,120132,122192,2.30397553,0.622395631,0.303577043,1.517885216,152.5,392.6566155,162.585344,0,
ID118124_ID117787,603,118124,117787,31.25005076,NaN,1.118034897,5.590174484,117.5,397.4578504,167.2583995,0,
ID120894_ID121151,603,120894,121151,27.57617942,0.278886551,1.050260528,5.251302641,177.5,385.3512073,161.6153821,0,
ID121151_ID120643,603,121151,120643,8.20218353,0.060104335,0.57278909,2.863945448,182.5,381.3427441,161.3714185,0,
ID119000_ID118703,603,119000,118703,3.707433251,0.217323836,0.385093924,1.925469618,132.5,392.4252326,161.5578831,0,
ID120643_ID120402,603,120643,120402,2.241213808,0.312077124,0.299413681,1.497068405,187.5,379.7605306,161.7316508,0,
ID118703_ID119295,603,118703,119295,3.379092361,0.061773611,0.367646154,1.838230769,137.5,391.1823297,160.1748408,0,
ID119882_ID120894,603,119882,120894,25.56631681,0.159454367,0.505631455,5.056314548,170,388.5291972,163.9638516,0,
ID121430_ID119882,603,121430,119882,0.441292092,0.161904054,0.132859639,0.664298195,162.5,389.4064137,166.3497507,0,
ID118715_ID119314,605,118715,119314,1.474210283,0.507500029,0.242834123,1.214170615,137.5,225.5238881,165.1592976,0,
ID121690_ID120898,605,121690,120898,2.380237678,0.390680259,0.308560378,1.542801892,172.5,221.6868505,163.7841463,0,
ID119005_ID118715,605,119005,118715,3.601338687,0.05889676,0.379543868,1.897719338,132.5,225.0593444,164.8354057,0,
ID119606_ID122200,605,119606,122200,14.28234806,0.233634036,0.377919939,3.779199394,150,225.9673049,164.5279165,0,
ID120651_ID120399,605,120651,120399,3.445504016,0.167886523,0.371241378,1.856206889,187.5,223.2930708,162.2843286,0,
ID122200_ID121422,605,122200,121422,3.147887611,0.57460676,0.354845747,1.774228737,157.5,227.0149567,164.693983,0,
ID118411_ID119005,605,118411,119005,1.411164892,NaN,0.237584923,1.187924615,127.5,223.5515822,165.0771292,0,
ID119873_ID121690,605,119873,121690,3.887535512,0.195780167,0.394336684,1.971683421,167.5,222.6426653,164.0766002,0,
ID121157_ID120651,605,121157,120651,1.342021602,0.467603125,0.231691312,1.15845656,182.5,222.5053738,163.4220911,0,
ID119314_ID119606,605,119314,119606,1.68127251,0.277720794,0.259327786,1.296638928,142.5,224.5612294,165.0901363,0,
ID120898_ID121157,605,120898,121157,1.705240721,0.507875573,0.261169732,1.305848659,177.5,222.0265485,163.5087395,0,
ID121422_ID119873,605,121422,119873,9.04001542,0.162596581,0.601332368,3.00666184,162.5,224.842261,164.294402,0,
ID119022_ID118719,606,119022,118719,9.245685014,NaN,0.608134361,3.040671803,132.5,381.2820515,167.5722303,0,
ID120144_ID122206,606,120144,122206,0.330291095,0.547899654,0.114941915,0.574709575,152.5,381.1878245,166.0995888,0,
ID122206_ID121429,606,122206,121429,0.036588901,0.347822053,0.038256451,0.191282254,157.5,380.9222141,166.2089654,0,
ID119316_ID119613,606,119316,119613,0.456632995,0.558836109,0.13514925,0.67574625,142.5,380.8511668,165.831121,0,
ID118719_ID119316,606,118719,119316,0.320242854,0.096538098,0.113180008,0.565900039,137.5,380.7416722,165.8806234,0,
ID121429_ID119879,606,121429,119879,0.575965056,0.355492472,0.151784723,0.758923617,162.5,381.2281158,165.9976162,0,
ID119613_ID120144,606,119613,120144,0.072942697,0.165700956,0.054015811,0.270079057,147.5,381.2748369,165.9518777,0,
ID118431_ID119031,607,118431,119031,1.389180762,NaN,0.235727025,1.178635127,127.5,27.77614073,170.4560301,0,
ID120150_ID122204,607,120150,122204,4.407575346,0.125304733,0.419884524,2.099422622,152.5,25.53740061,166.892667,0,
ID119031_ID118725,607,119031,118725,4.658201,0.433608858,0.431657318,2.158286589,132.5,27.81105987,169.5642118,0,
ID119334_ID119618,607,119334,119618,1.43104554,0.609305193,0.239252631,1.196263157,142.5,26.74287213,169.8587008,0,
ID122204_ID121431,607,122204,121431,1.02931141,0.40963953,0.202909971,1.014549856,157.5,24.97640743,166.1475649,0,
ID118725_ID119334,607,118725,119334,3.683540776,0.432253105,0.383851053,1.919255266,137.5,26.8472972,169.5052063,0,
ID120903_ID121158,607,120903,121158,1.565278361,0.309791429,0.25022217,1.251110851,177.5,23.51541136,165.5924335,0,
ID119618_ID120150,607,119618,120150,3.855744478,0.26093436,0.392720994,1.96360497,147.5,26.36697478,168.6383386,0,
ID121693_ID120903,607,121693,120903,3.482879235,0.442624345,0.373249473,1.866247367,172.5,24.62192824,165.8437376,0,
ID119880_ID121693,607,119880,121693,0.806459912,0.238926866,0.179606226,0.898031131,167.5,25.37018937,165.945934,0,
ID121431_ID119880,607,121431,119880,0.469494155,0.523454685,0.137039287,0.685196436,162.5,24.90420998,166.4094781,0,
ID119639_ID120168,611,119639,120168,1.866185767,0.047090697,0.27321682,1.366084099,147.5,360.3284553,172.6035165,0,
ID120168_ID122230,611,120168,122230,5.888324205,0.602034408,0.485317389,2.426586946,152.5,360.8385123,172.4156303,0,
ID121193_ID120700,611,121193,120700,11.90651467,0.468411528,0.690116357,3.450581787,182.5,364.1282681,175.6317433,0,
ID120932_ID121193,611,120932,121193,6.342704711,0.013787929,0.503694539,2.518472694,177.5,362.9865544,176.1114168,0,
ID121720_ID120932,611,121720,120932,2.239155548,0.207176562,0.299276163,1.496380817,172.5,362.1724859,174.2776832,0,
ID119021_ID118743,611,119021,118743,4.063843928,NaN,0.403179559,2.015897797,132.5,361.5376135,169.9798049,0,
ID118743_ID119346,611,118743,119346,1.987489486,0.103227409,0.281956698,1.409783489,137.5,361.6820267,171.6314279,0,
ID119911_ID121720,611,119911,121720,0.968663773,0.040839327,0.196841436,0.98420718,167.5,362.200987,173.1930074,0,
ID120700_ID120434,611,120700,120434,4.456603919,0.430342976,0.422213402,2.11106701,187.5,365.3547756,174.8651626,0,
ID121461_ID119911,611,121461,119911,0.227840345,0.417144586,0.095465249,0.477326246,162.5,362.6849464,172.6499391,0,
ID120434_ID122504,611,120434,122504,1.10177947,0.148402733,0.209931367,1.049656834,192.5,366.4947933,175.817336,0,
ID119346_ID119639,611,119346,119639,0.964956795,0.334239672,0.196464429,0.982322144,142.5,361.4808568,172.4240423,0,
ID122230_ID121461,611,122230,121461,0.792624966,0.107622989,0.178058975,0.890294876,157.5,362.4486049,172.3423379,0,
ID117810_ID118440,612,117810,118440,2.384637364,0.618956555,0.308845422,1.544227109,122.5,170.0041297,170.9654337,0,
ID120165_ID122226,612,120165,122226,0.048171298,0.606059821,0.043895921,0.219479607,152.5,170.1579063,171.3220368,0,
ID122226_ID121452,612,122226,121452,0.215412067,0.54783342,0.092825011,0.464125055,157.5,170.2720979,171.3994447,0,
ID110895_ID114679,612,110895,114679,1.965523929,0.003703271,0.140197144,1.401971444,65,166.9620183,168.99026,0,
ID119040_ID118745,612,119040,118745,0.00112703,0.199198594,0.006714255,0.033571274,132.5,170.2044172,171.4025669,0,
ID118745_ID119341,612,118745,119341,0.032849078,0.402483581,0.036248629,0.181243145,137.5,170.2301817,171.4833748,0,
ID115621_ID115001,612,115621,115001,4.067003787,0.616620068,0.403336276,2.01668138,92.5,169.553578,170.13927,0,
ID115001_ID116860,612,115001,116860,0.154573385,0.510717433,0.078631644,0.393158218,97.5,170.0332895,170.8431279,0,
ID118440_ID119040,612,118440,119040,0.082413469,0.60815718,0.057415492,0.287077462,127.5,170.3047859,171.5184594,0,
ID118132_ID117810,612,118132,117810,0.958325297,0.586392245,0.195788181,0.978940906,117.5,169.8830658,170.708415,0,
ID111200_ID110895,612,111200,110895,0.061056701,NaN,0.049419308,0.247096542,57.5,166.138066,169.0192443,0,
ID121452_ID119905,612,121452,119905,0.142963678,0.542696959,0.075621076,0.37810538,162.5,170.3709323,171.3989528,0,
ID117175_ID114366,612,117175,114366,12.69190739,0.286238596,0.356257034,3.562570335,80,167.552434,169.4649589,0,
ID119632_ID120165,612,119632,120165,0.036126422,0.589192864,0.038013904,0.190069518,147.5,170.1719875,171.3341612,0,
ID114679_ID117175,612,114679,117175,3.390401161,0.626643631,0.36826084,1.841304201,72.5,166.7427088,169.0044699,0,
ID116860_ID115946,612,116860,115946,0.040870396,0.621610559,0.040432856,0.202164279,102.5,169.9417132,170.8156359,0,
ID119341_ID119632,612,119341,119632,0.117599339,0.598643497,0.06858552,0.3429276,142.5,170.2155066,171.4017565,0,
ID114366_ID115621,612,114366,115621,0.413663253,0.496024783,0.128633316,0.643166582,87.5,169.0829251,169.6380408,0,
ID115946_ID118132,612,115946,118132,0.091398731,0.099005875,0.030232223,0.302322231,110,170.0932799,170.979529,0,
ID118747_ID119361,613,118747,119361,27.33374185,0.490537347,1.045633623,5.228168116,137.5,350.2711974,173.7460508,0,
ID119361_ID119653,613,119361,119653,5.395908619,0.433644813,0.464581903,2.322909516,142.5,349.4661341,175.7754647,0,
ID119043_ID118747,613,119043,118747,29.10214509,NaN,1.078928081,5.394640405,132.5,349.511512,172.1194315,0,
ID121462_ID119901,615,121462,119901,7.427826704,0.210554828,0.54508079,2.725403952,162.5,391.9355361,171.2806502,0,
ID118748_ID119347,615,118748,119347,0.47132114,0.589185799,0.137305665,0.686528325,137.5,393.5850993,172.3826169,0,
ID122231_ID121462,615,122231,121462,0.965006371,0.604957466,0.196469476,0.982347378,157.5,390.5003412,172.1180701,0,
ID118127_ID117813,615,118127,117813,3.331398619,NaN,0.365042388,1.825211938,117.5,396.9067383,170.7645597,0,
ID119901_ID121699,615,119901,121699,15.60918617,0.119365882,0.790169252,3.95084626,167.5,393.262102,168.3733223,0,
ID120912_ID121168,615,120912,121168,0.832578507,0.447830642,0.18249148,0.9124574,177.5,392.7634434,167.6421079,0,
ID121699_ID120912,615,121699,120912,2.978777989,0.492871968,0.345182734,1.725913668,172.5,392.9716871,166.9928644,0,
ID119347_ID119640,615,119347,119640,0.099268091,0.310344711,0.063013678,0.315068392,142.5,393.9526584,172.4806489,0,
ID120170_ID122231,615,120170,122231,1.258527106,0.079446418,0.224368189,1.121840945,152.5,390.5468549,172.1984176,0,
ID118443_ID119050,615,118443,119050,3.698210022,0.370740057,0.384614613,1.923073067,127.5,396.231978,172.9098844,0,
ID119050_ID118748,615,119050,118748,5.197953035,0.168800129,0.455980396,2.279901979,132.5,394.3246306,172.7031422,0,
ID119640_ID120170,615,119640,120170,8.927463089,0.458594268,0.597577211,2.987886057,147.5,392.5611767,172.3840876,0,
ID117813_ID118443,615,117813,118443,3.188595596,0.356200723,0.357132782,1.785663909,122.5,396.6048842,171.8594773,0,
ID118445_ID119045,616,118445,119045,11.15918057,NaN,0.668107194,3.34053597,127.5,213.890236,172.9617481,0,
ID122218_ID121454,616,122218,121454,2.56749435,0.46157736,0.320468055,1.602340273,157.5,217.2588861,170.4207826,0,
ID119045_ID118751,616,119045,118751,4.149404614,0.059339439,0.407401748,2.037008742,132.5,216.5147807,173.4006153,0,
ID120159_ID122218,616,120159,122218,0.95197363,0.327862071,0.195138272,0.97569136,152.5,216.9720962,169.8990423,0,
ID119633_ID120159,616,119633,120159,2.159588216,0.177382765,0.293910749,1.469553747,147.5,217.0144682,170.7516939,0,
ID119343_ID119633,616,119343,119633,0.808545722,0.0737481,0.179838341,0.899191705,142.5,217.3600424,171.7715224,0,
ID118751_ID119343,616,118751,119343,2.420171329,0.411830629,0.311137997,1.555689985,137.5,217.3643609,172.9796524,0,
ID118765_ID119364,619,118765,119364,20.67340316,NaN,0.909360284,4.54680142,137.5,414.3944887,177.4293692,0,
ID119364_ID119655,619,119364,119655,1.426137788,0.472503829,0.238842022,1.19421011,142.5,415.8548011,176.2208442,0,
ID118772_ID119375,620,118772,119375,2.052844238,0.609593557,0.286555003,1.432775013,137.5,268.7260936,180.2234631,0,
ID117846_ID118485,620,117846,118485,4.244580815,NaN,0.41204761,2.060238048,122.5,263.960742,181.118571,0,
ID118485_ID118772,620,118485,118772,38.96880993,0.237738461,0.624250029,6.242500295,130,266.4389901,180.9798413,0,
ID118177_ID117857,629,118177,117857,3.19248427,NaN,0.357350487,1.786752437,117.5,301.6791366,185.349935,0,
ID120195_ID122251,629,120195,122251,11.24224267,0.534469966,0.670589075,3.352945373,152.5,301.0654227,178.0503751,0,
ID117857_ID118491,629,117857,118491,4.558885765,0.493400586,0.427030948,2.13515474,122.5,301.0244595,185.4897768,0,
ID118773_ID119656,629,118773,119656,9.985221218,0.0057553,0.315994007,3.159940066,140,300.1221253,178.6363157,0,
ID119078_ID118773,629,119078,118773,7.852904659,0.170218282,0.560460691,2.802303456,132.5,299.1516491,181.4537493,0,
ID122251_ID121468,629,122251,121468,5.273831268,0.226677334,0.459296474,2.296482368,157.5,301.9397591,175.8153385,0,
ID118491_ID119078,629,118491,119078,17.74638243,0.455556991,0.842529108,4.212645538,127.5,299.644314,184.6235833,0,
ID119656_ID120195,629,119656,120195,4.832502925,0.618872066,0.439659092,2.198295459,147.5,300.217226,178.1609006,0,
ID119684_ID120225,630,119684,120225,15.46284991,0.536305986,0.786456608,3.93228304,147.5,58.9926559,192.7055225,0,
ID118509_ID119108,630,118509,119108,27.29052796,0.320075808,1.044806737,5.224033687,127.5,62.20209312,197.2080567,0,
ID119956_ID121764,630,119956,121764,0.191572871,0.483304951,0.087538077,0.437690383,167.5,57.12352748,196.0637106,0,
ID120225_ID122288,630,120225,122288,8.234688468,0.391382268,0.573922938,2.86961469,152.5,58.03339526,194.402415,0,
ID118186_ID117872,630,118186,117872,7.192269342,NaN,0.536368133,2.681840663,117.5,61.37427535,192.964006,0,
ID119108_ID119397,630,119108,119397,66.73437711,0.251891389,0.816911116,8.169111158,135,62.02022007,194.7301542,0,
ID119397_ID119684,630,119397,119684,1.380046433,0.007479827,0.234950755,1.174753776,142.5,58.90982982,191.2446026,0,
ID122288_ID119956,630,122288,119956,4.419483722,0.206063184,0.210225682,2.102256816,160,56.96484587,195.1787,0,
ID117872_ID118509,630,117872,118509,8.436610197,0.124278075,0.580916868,2.904584342,122.5,60.00156364,195.2420841,0,
ID117874_ID118507,631,117874,118507,1.775976813,0.018625513,0.26653156,1.3326578,122.5,266.8283838,194.898642,0,
ID118195_ID117874,631,118195,117874,0.357610587,0.436035052,0.119601102,0.598005508,117.5,266.1440302,195.5781998,0,
ID118507_ID119100,631,118507,119100,3.909562495,0.346474514,0.395452272,1.977261362,127.5,266.5312179,193.8398103,0,
ID115993_ID118195,631,115993,118195,68.48265179,0.023972594,0.827542457,8.275424568,110,264.9751721,191.7798308,0,
ID117236_ID115368,631,117236,115368,3.492142388,0.559911346,0.373745496,1.868727478,77.5,262.4792585,187.2213697,0,
ID114424_ID115677,631,114424,115677,2.139138048,0.473204044,0.292515849,1.462579245,87.5,262.2833905,188.6523726,0,
ID115677_ID116908,631,115677,116908,2.999225271,0.03143831,0.173182715,1.731827148,95,263.0322973,187.2638036,0,
ID110947_ID112410,631,110947,112410,8.107090502,NaN,0.569459059,2.847295296,62.5,258.5915894,186.0839045,0,
ID116908_ID115993,631,116908,115993,2.163302213,0.4628567,0.29416337,1.470816852,102.5,263.6671829,187.1041026,0,
ID115368_ID114424,631,115368,114424,2.458487394,0.236234398,0.313591288,1.567956439,82.5,261.7456664,188.4485547,0,
ID112410_ID117236,631,112410,117236,19.92429055,0.151677941,0.446366335,4.463663355,70,261.0951928,187.1245337,0,
ID118232_ID118837,632,118232,118837,1.865298391,0.202272043,0.273151855,1.365759273,127.5,404.6237346,31.47666319,0,
ID117912_ID117601,632,117912,117601,8.71755878,NaN,0.590510246,2.952551232,117.5,405.8102152,26.84190334,0,
ID117601_ID118232,632,117601,118232,28.72515749,0.497485331,1.071917114,5.359585571,122.5,405.0090459,28.40395816,0,
ID118839_ID119149,633,118839,119149,26.90967089,0.24208198,0.518745322,5.187453218,135,112.0748412,36.9449103,0,
ID117605_ID118237,633,117605,118237,33.61854547,0.103248615,1.159630035,5.798150177,122.5,112.7058805,32.30583654,0,
ID117910_ID117605,633,117910,117605,18.8774956,NaN,0.8689648,4.344824001,117.5,111.5663107,27.53301219,0,
ID118237_ID118839,633,118237,118839,1.457323013,0.319416248,0.241439269,1.207196344,127.5,113.3497565,35.18027749,0,
ID119149_ID119445,633,119149,119445,1.505115528,0.4377415,0.2453663,1.226831499,142.5,110.7989906,38.8508021,0,
ID117707_ID118324,636,117707,118324,16.17969346,0.507943927,0.804479794,4.022398968,122.5,84.89862871,111.7066575,0,
ID116757_ID115835,636,116757,115835,30.03288192,0.04965046,1.09604529,5.480226448,102.5,84.2328932,111.3857093,0,
ID118927_ID118627,636,118927,118627,5.941785189,0.479358562,0.487515546,2.43757773,132.5,83.50624157,109.6284647,0,
ID115835_ID117399,636,115835,117399,4.065790306,0.524730491,0.403276099,2.016380496,107.5,83.12899186,112.9686269,0,
ID118324_ID118927,636,118324,118927,0.798826692,0.533168722,0.17875421,0.893771051,127.5,83.77586151,110.5293341,0,
ID114895_ID116757,636,114895,116757,1.589958669,NaN,0.252187126,1.260935632,97.5,86.89545099,109.3447094,0,
ID117399_ID117707,636,117399,117707,5.503476273,0.026336112,0.234594891,2.345948907,115,85.28960157,112.8809038,0,
ID118940_ID118650,637,118940,118650,10.18440927,0.225813677,0.638260426,3.191302128,132.5,427.0836865,118.155873,0,
ID117720_ID118341,637,117720,118341,3.797053119,0.308053086,0.389720573,1.948602863,122.5,429.2030815,118.6506482,0,
ID118341_ID118940,637,118341,118940,3.597331259,0.418665944,0.379332638,1.896663191,127.5,429.2098381,117.6882059,0,
ID118047_ID117720,637,118047,117720,4.177809814,NaN,0.408793826,2.043969132,117.5,428.8665109,120.0439274,0,
ID118067_ID117745,638,118067,117745,0.028944042,NaN,0.034025897,0.170129486,117.5,312.073369,138.682554,0,
ID118370_ID118974,638,118370,118974,15.27057059,0.294293873,0.781551549,3.907757744,127.5,312.3098927,141.6651457,0,
ID117745_ID118370,638,117745,118370,3.963347472,0.278063669,0.398163156,1.99081578,122.5,311.5150454,139.5291622,0,
ID118974_ID118686,638,118974,118686,13.47849757,0.121340059,0.734261468,3.671307338,132.5,314.0826048,144.8175828,0,
ID119285_ID119576,639,119285,119576,0.21395497,0.546312701,0.092510533,0.462552667,142.5,13.19517563,152.8773317,0,
ID117756_ID118374,639,117756,118374,1.791578245,NaN,0.267699701,1.338498504,122.5,9.032948339,145.6055189,0,
ID118971_ID118685,639,118971,118685,19.78072012,0.546694543,0.88951043,4.44755215,132.5,9.922289461,144.37155,0,
ID118685_ID119285,639,118685,119285,54.22275024,0.11443851,1.472721973,7.363609864,137.5,11.58167991,149.8042315,0,
ID118374_ID118971,639,118374,118971,13.74782406,0.363572089,0.741561166,3.707805828,127.5,9.220354932,143.8047216,0,
ID118375_ID118979,640,118375,118979,9.034773421,0.441451483,0.601157997,3.005789983,127.5,94.73441934,147.0301088,0,
ID115575_ID114946,640,115575,114946,21.27567198,0.336715482,0.922511181,4.612555905,92.5,94.89704935,142.2262902,0,
ID114629_ID117127,640,114629,117127,6.755745401,0.193835972,0.519836336,2.599181679,72.5,100.2209798,138.5994199,0,
ID115890_ID118080,640,115890,118080,2.201004664,0.165644062,0.148357833,1.483578331,110,90.2516693,146.5066393,0,
ID112306_ID114629,640,112306,114629,10.03986044,0.211704449,0.633714776,3.168573882,67.5,102.4067842,139.9229622,0,
ID114317_ID115575,640,114317,115575,1.890579299,0.424371505,0.274996676,1.374983381,87.5,96.3996743,140.4439323,0,
ID117759_ID118375,640,117759,118375,1.704510065,0.479354922,0.261113773,1.305568867,122.5,93.5140541,147.2013679,0,
ID116812_ID115890,640,116812,115890,0.266392636,0.422759353,0.103226476,0.516132382,102.5,89.60311134,146.910956,0,
ID118080_ID117759,640,118080,117759,9.734732522,0.140898942,0.624010658,3.120053288,117.5,92.35282888,147.0832766,0,
ID114946_ID116812,640,114946,116812,24.30577165,0.05400472,0.98601768,4.930088402,97.5,91.31922267,145.3170294,0,
ID110858_ID112306,640,110858,112306,20.49734988,0.568859618,0.905479981,4.527399903,62.5,105.5492449,141.0521294,0,
ID115260_ID114317,640,115260,114317,4.343883649,0.145737701,0.416839713,2.084198563,82.5,96.99698917,139.7719261,0,
ID111159_ID110858,640,111159,110858,10.66124263,NaN,0.653031167,3.265155835,57.5,106.2107763,140.5183406,0,
ID117127_ID115260,640,117127,115260,1.882949767,0.174262638,0.274441234,1.372206168,77.5,98.47554125,139.1105468,0,
ID122024_ID121258,647,122024,121258,1.96129441,0.343553241,0.280092443,1.400462213,157.5,217.4397999,21.64274766,0,
ID119981_ID122024,647,119981,122024,1.553097936,0.378399899,0.2492467,1.2462335,152.5,217.7742073,22.44210834,0,
ID119428_ID119981,647,119428,119981,17.7139871,NaN,0.841759754,4.208798772,147.5,217.2435648,24.36752293,0,
ID121258_ID119714,647,121258,119714,10.31714113,0.302201245,0.642406137,3.212030687,162.5,219.2259085,21.525179,0,
ID120497_ID120253,648,120497,120253,4.888001225,0.252785141,0.442176491,2.210882454,187.5,296.4913358,32.71969217,0,
ID124325_ID124138,648,124325,124138,5.750220773,0.367922454,0.479592359,2.397961796,232.5,307.8295067,29.16340764,0,
ID121266_ID119720,648,121266,119720,1.306098853,0.52707679,0.228569364,1.14284682,162.5,295.44477,30.22615504,0,
ID123524_ID123299,648,123524,123299,1.031361928,0.177949253,0.203111982,1.015559909,222.5,305.3043628,31.38245445,0,
ID120253_ID122323,648,120253,122323,5.563272098,0.308322292,0.471731792,2.358658962,192.5,297.5901274,33.9368857,0,
ID119720_ID121548,648,119720,121548,2.087459161,0.297634011,0.288960839,1.444804195,167.5,295.0650992,29.34730476,0,
ID122570_ID122821,648,122570,122821,0.897442571,0.538697791,0.189466891,0.947334456,207.5,299.0729342,32.63948799,0,
ID119434_ID119987,648,119434,119987,0.63779355,NaN,0.159723956,0.798619778,147.5,299.1441142,31.37030943,0,
ID121002_ID120497,648,121002,120497,5.191416656,0.260593079,0.45569361,2.27846805,182.5,295.5061543,31.19978534,0,
ID119987_ID122032,648,119987,122032,22.05173844,0.383225421,0.939185572,4.695927858,152.5,296.9047617,31.21886023,0,
ID121548_ID120681,648,121548,120681,0.58013489,0.491213902,0.152333173,0.761665865,172.5,294.9274942,28.87609599,0,
ID122032_ID121266,648,122032,121266,1.940751615,0.542312218,0.278621723,1.393108616,157.5,295.3051767,30.53600246,0,
ID120681_ID121002,648,120681,121002,2.835876567,0.161574779,0.336801221,1.684006106,177.5,294.5358468,29.9455792,0,
ID122323_ID121796,648,122323,121796,2.688308879,0.300273844,0.327921264,1.639606318,197.5,298.8997705,33.24271791,0,
ID122821_ID123060,648,122821,123060,12.39983449,0.129647621,0.704267974,3.521339871,212.5,301.0363878,31.74574968,0,
ID121796_ID122570,648,121796,122570,0.215566762,0.419455965,0.092858336,0.464291678,202.5,298.8183704,32.51602751,0,
ID123299_ID124325,648,123299,124325,12.74746373,0.295931691,0.714071809,3.570359047,227.5,307.1419315,30.89970411,0,
ID123060_ID123524,648,123060,123524,6.187155647,0.124745015,0.497479875,2.487399374,217.5,303.7691967,30.88937883,0,
ID119443_ID119989,650,119443,119989,33.95673804,0.488927794,1.165448206,5.827241032,147.5,140.9296928,36.04958358,0,
ID121550_ID120686,650,121550,120686,12.54658504,0.57995467,0.70842318,3.542115899,172.5,141.2834911,37.12824079,0,
ID119143_ID119443,650,119143,119443,14.01033985,NaN,0.74860777,3.743038852,142.5,139.0256953,35.98643882,0,
ID119989_ID122038,650,119989,122038,12.07880731,0.405900813,0.695091571,3.475457857,152.5,143.5796165,35.99455869,0,
ID122038_ID121271,650,122038,121271,9.30088389,0.453750608,0.60994701,3.049735052,157.5,142.5759001,36.95978466,0,
ID121271_ID119724,650,121271,119724,2.018562638,0.092039654,0.284152258,1.420761288,162.5,140.5336412,36.18510878,0,
ID119724_ID121550,650,119724,121550,11.72145436,0.568605952,0.684732192,3.423660959,167.5,141.4345129,36.73185149,0,
ID120686_ID121004,650,120686,121004,12.78325264,0.62600627,0.715073497,3.575367484,177.5,141.2977616,37.1505109,0,
ID119737_ID121560,651,119737,121560,7.209134277,0.373958005,0.536996621,2.684983105,167.5,326.4987548,49.75738066,0,
ID121013_ID120509,651,121013,120509,0.119754397,0.525916954,0.069211096,0.346055482,182.5,326.4266833,50.86176277,0,
ID119157_ID119453,651,119157,119453,7.760915846,NaN,0.557168407,2.785842035,142.5,324.5210231,48.26561772,0,
ID122048_ID121284,651,122048,121284,5.453071885,0.092254972,0.467036268,2.335181339,157.5,327.5441635,50.682843,0,
ID120509_ID120264,651,120509,120264,0.642514408,0.139298519,0.160313993,0.801569965,187.5,326.8922755,51.14492833,0,
ID120701_ID121013,651,120701,121013,0.626927528,0.243283307,0.15835751,0.791787552,177.5,326.6091934,50.6775671,0,
ID119453_ID120004,651,119453,120004,1.454038193,0.471084986,0.241167012,1.20583506,147.5,324.9445298,49.23392296,0,
ID120004_ID122048,651,120004,122048,5.854370544,0.506267927,0.483916131,2.419580655,152.5,325.3626356,49.90978723,0,
ID121284_ID119737,651,121284,119737,6.123076176,0.5853281,0.494897007,2.474485033,162.5,327.4753584,50.94092674,0,
ID121560_ID120701,651,121560,120701,4.304802646,0.569845292,0.414960367,2.074801833,172.5,326.8582466,49.47094437,0,
ID119477_ID120026,653,119477,120026,12.23222475,NaN,0.699491951,3.497459756,147.5,377.2691606,71.57874006,0,
ID122071_ID119769,653,122071,119769,24.45805305,0.025274738,0.494550837,4.945508372,160,378.0787989,80.88619007,0,
ID119769_ID121589,653,119769,121589,2.381356906,0.622956878,0.308632915,1.543164575,167.5,377.7742998,82.56029798,0,
ID120026_ID122071,653,120026,122071,28.29224534,0.074329315,1.063809106,5.319045529,152.5,378.2659584,75.79822736,0,
ID120027_ID122068,655,120027,122068,2.429963149,0.245935169,0.311766781,1.558833907,152.5,154.5434445,74.81130297,0,
ID119478_ID120027,655,119478,120027,14.9372494,0.219709126,0.772974758,3.864873789,147.5,155.5345216,72.72148719,0,
ID119181_ID119478,655,119181,119478,5.967172992,NaN,0.488555953,2.442779767,142.5,156.9114698,70.38109316,0,
ID119486_ID120030,656,119486,120030,9.584862781,0.311544449,0.619188591,3.095942955,147.5,110.766722,77.91029746,0,
ID119184_ID119486,656,119184,119486,7.984775454,NaN,0.5651469,2.825734498,142.5,112.7209462,77.11619188,0,
ID120030_ID122075,656,120030,122075,9.673805452,0.304856056,0.622054835,3.110274176,152.5,108.7139131,78.81832763,0,
ID119492_ID120037,657,119492,120037,8.778764027,NaN,0.592579582,2.96289791,147.5,325.4099271,86.47605449,0,
ID121318_ID119774,657,121318,119774,2.366950611,0.482511367,0.307697943,1.538489717,162.5,326.4041705,88.75358872,0,
ID120037_ID122080,657,120037,122080,0.352849101,0.282788993,0.118802206,0.594011028,152.5,324.518685,87.75122282,0,
ID122080_ID121318,657,122080,121318,8.671584353,0.546182243,0.58895108,2.944755398,157.5,325.3822211,88.59296492,0,
ID120795_ID121064,659,120795,121064,3.137072036,0.327178854,0.35423563,1.771178149,177.5,440.8449919,94.95521634,0,
ID120048_ID122096,659,120048,122096,0.959312806,0.42319212,0.19588903,0.979445152,152.5,435.3527679,97.08815879,0,
ID121606_ID120795,659,121606,120795,5.342636898,0.185439843,0.462282896,2.31141448,172.5,439.4924291,94.55855251,0,
ID122096_ID121326,659,122096,121326,20.32041267,0.25074833,0.901563368,4.507816841,157.5,435.4538123,94.63908198,0,
ID119783_ID121606,659,119783,121606,16.78553309,0.289111116,0.819403029,4.097015144,167.5,436.6621033,93.95636313,0,
ID119205_ID119509,659,119205,119509,13.2229284,NaN,0.727266895,3.636334473,142.5,436.2032452,97.09641842,0,
ID122373_ID121844,659,122373,121844,14.58934407,0.115640062,0.763919998,3.819599988,197.5,440.5746326,89.43458203,0,
ID119509_ID120048,659,119509,120048,6.656027633,0.5294493,0.515985567,2.579927835,147.5,436.0091792,97.99247461,0,
ID120560_ID120311,659,120560,120311,3.006770108,0.226484595,0.346800814,1.734004068,187.5,443.0491028,94.23451684,0,
ID121326_ID119783,659,121326,119783,0.29932495,0.516449459,0.109421195,0.547105977,162.5,435.0085937,92.66132737,0,
ID121064_ID120560,659,121064,120560,3.908712521,0.449758046,0.395409283,1.977046413,182.5,441.659388,94.95918499,0,
ID120311_ID122373,659,120311,122373,18.00531364,0.494262846,0.848653372,4.24326686,192.5,442.4270484,92.82629547,0,
ID121070_ID120571,660,121070,120571,15.55470582,0.599980815,0.788789093,3.943945464,182.5,339.8487291,102.1400602,0,
ID122103_ID121340,660,122103,121340,2.105756844,0.28299263,0.290224523,1.451122615,157.5,343.3929928,102.1696577,0,
ID121613_ID120812,660,121613,120812,5.524933879,0.485436791,0.470103558,2.35051779,172.5,338.8873119,102.1822244,0,
ID120054_ID122103,660,120054,122103,0.821732057,0.38605122,0.181298876,0.906494378,152.5,343.8918537,101.4047461,0,
ID120571_ID120322,660,120571,120322,4.915692234,0.216706257,0.443427209,2.217136043,187.5,340.0344763,104.8102994,0,
ID124389_ID124008,660,124389,124008,26.63875875,0.280877445,0.516127492,5.161274915,235,353.1527507,104.5655401,0,
ID123596_ID123375,660,123596,123375,0.768600159,0.495989221,0.175339688,0.876698442,222.5,352.0181377,105.8738599,0,
ID123375_ID124389,660,123375,124389,11.9389578,0.219820838,0.69105594,3.455279699,227.5,352.2565097,103.9223726,0,
ID119797_ID121613,660,119797,121613,4.193290001,0.031546492,0.409550485,2.047752427,167.5,339.1910261,102.9027409,0,
ID120812_ID121070,660,120812,121070,1.102109223,0.243614615,0.20996278,1.049813899,177.5,339.2916662,100.7967709,0,
ID121340_ID119797,660,121340,119797,6.583980131,0.082813057,0.513185352,2.565926759,162.5,341.4694349,102.5900935,0,
ID120322_ID121868,660,120322,121868,2.507733718,0.281593591,0.158358256,1.583582558,195,340.0238851,105.2490516,0,
ID121868_ID122641,660,121868,122641,12.04124265,0.072230527,0.694009874,3.470049372,202.5,341.6600953,103.3701235,0,
ID124008_ID123818,660,124008,123818,7.408831108,0.194455221,0.544383362,2.721916808,242.5,355.5214577,107.1844614,0,
ID122641_ID122895,660,122641,122895,8.187260768,0.144492886,0.572267796,2.861338982,207.5,344.0335307,101.5958105,0,
ID122895_ID123130,660,122895,123130,56.72572029,0.122381027,1.506329583,7.531647913,212.5,348.9360573,102.6026144,0,
ID123130_ID123596,660,123130,123596,5.260937951,0.312470665,0.458734692,2.293673462,217.5,352.0474439,105.0293128,0,
ID119513_ID120054,660,119513,120054,8.369832138,NaN,0.578613243,2.893066217,147.5,345.1929495,101.0255684,0,
ID119217_ID119514,661,119217,119514,3.162624351,NaN,0.355675377,1.778376887,142.5,455.0773037,101.6733083,0,
ID121335_ID119790,661,121335,119790,0.133955163,0.101955375,0.073199771,0.365998856,162.5,453.7484171,98.69478045,0,
ID122099_ID121335,661,122099,121335,5.072666198,0.418728781,0.450451604,2.252258022,157.5,454.9070799,99.25950404,0,
ID119514_ID120051,661,119514,120051,6.283016016,0.366263221,0.501318901,2.506594506,147.5,455.0773037,100.3364087,0,
ID120051_ID122099,661,120051,122099,0.198588945,0.488723166,0.089126639,0.445633195,152.5,455.8827589,99.59901918,0,
ID120813_ID121071,661,120813,121071,1.372832918,0.551593316,0.234335906,1.171679529,177.5,454.4311848,101.0482334,0,
ID119790_ID120813,661,119790,120813,9.263179618,0.202351272,0.304354721,3.04354721,170,454.2131289,100.0694454,0,
ID121373_ID119829,662,121373,119829,6.310045826,0.355421613,0.502396092,2.511980459,162.5,239.5304364,123.7710852,0,
ID119538_ID120083,662,119538,120083,12.52693684,NaN,0.70786826,3.5393413,147.5,241.017275,120.2301936,0,
ID122134_ID121373,662,122134,121373,6.195071318,0.256793957,0.497798004,2.48899002,157.5,239.4516089,122.1963883,0,
ID120083_ID122134,662,120083,122134,1.285780828,0.462781919,0.226784552,1.133922761,152.5,240.8629422,121.6695271,0,
ID119829_ID121644,662,119829,121644,0.872862718,0.14819114,0.186854245,0.934271223,167.5,240.6285657,124.9775792,0,
ID119820_ID121635,663,119820,121635,3.022771394,0.624966889,0.347722383,1.738611916,167.5,93.50563575,119.5977718,0,
ID120341_ID122409,663,120341,122409,1.551448086,0.028340554,0.249114278,1.245571389,192.5,91.43506517,119.9687579,0,
ID119542_ID120081,663,119542,120081,5.68779112,NaN,0.476981808,2.384909038,147.5,94.04039588,121.5010974,0,
ID121368_ID119820,663,121368,119820,2.31036679,0.242494332,0.303997815,1.519989076,162.5,93.41723834,119.5320419,0,
ID122409_ID121885,663,122409,121885,5.126400931,0.273986161,0.452831135,2.264155677,197.5,90.04658395,120.1201467,0,
ID121635_ID120835,663,121635,120835,0.681851224,0.559692715,0.165148566,0.825742831,172.5,93.85234523,119.9582845,0,
ID120593_ID120341,663,120593,120341,2.642467223,0.160539689,0.325113348,1.625566739,187.5,92.33708178,121.0809977,0,
ID122665_ID122918,663,122665,122918,0.809293799,0.445994684,0.179921516,0.899607581,207.5,88.41397348,121.1159893,0,
ID121099_ID120593,663,121099,120593,0.364735107,0.339727923,0.120786606,0.603933032,182.5,93.107962,121.7871018,0,
ID122131_ID121368,663,122131,121368,0.529924619,0.133486645,0.145591843,0.727959215,157.5,94.02789998,120.2608707,0,
ID120081_ID122131,663,120081,122131,2.340531722,0.505617594,0.305975929,1.529879643,152.5,93.41696261,121.1450216,0,
ID120835_ID121099,663,120835,121099,3.794157126,0.346172734,0.389571925,1.947859627,177.5,93.42639634,120.8579455,0,
ID121885_ID122665,663,121885,122665,0.941509046,0.088194481,0.194062778,0.97031389,202.5,88.8264845,121.1309497,0,
ID120084_ID122143,664,120084,122143,6.111105858,0.348198369,0.49441302,2.4720651,152.5,349.4217874,124.5700456,0,
ID122143_ID121376,664,122143,121376,0.969492355,0.554576294,0.196925606,0.984628029,157.5,349.8840325,125.2190759,0,
ID121376_ID119828,664,121376,119828,22.67845441,0.215451559,0.952438017,4.762190085,162.5,347.7463094,123.6529282,0,
ID119828_ID121638,664,119828,121638,4.361233806,0.222614914,0.417671345,2.088356724,167.5,345.6318583,121.5348094,0,
ID119544_ID120084,664,119544,120084,16.78701297,NaN,0.819439149,4.097195745,147.5,350.9443087,122.9735814,0,
ID122147_ID121382,666,122147,121382,2.318406999,0.038611919,0.304526321,1.522631603,157.5,440.5274541,130.5379373,0,
ID119835_ID121650,666,119835,121650,13.80265123,0.038001241,0.74303839,3.71519195,167.5,437.2683443,132.2721235,0,
ID120613_ID120362,666,120613,120362,18.30593181,0.345060548,0.855708637,4.278543187,187.5,431.4835385,135.7402881,0,
ID121650_ID120856,666,121650,120856,4.486803884,0.040164495,0.423641541,2.118207705,172.5,434.4957487,133.1328057,0,
ID120856_ID121116,666,120856,121116,0.835360748,0.26736481,0.182796143,0.913980715,177.5,433.4246123,133.7712668,0,
ID119552_ID120089,666,119552,120089,9.338254627,NaN,0.611171159,3.055855793,147.5,439.4805823,129.5342932,0,
ID120089_ID122147,666,120089,122147,3.148175396,0.508270649,0.354861967,1.774309836,152.5,440.201107,128.9298771,0,
ID121116_ID120613,666,121116,120613,2.390876889,0.37783027,0.309249213,1.546246063,182.5,432.6786023,133.941129,0,
ID121382_ID119835,666,121382,119835,2.658471841,0.296655386,0.326096418,1.630482089,162.5,439.7991526,131.4447431,0,
ID120362_ID122431,666,120362,122431,2.129943949,0.46262908,0.29188655,1.459432749,192.5,430.5924271,137.2249663,0,
ID119558_ID120095,667,119558,120095,1.930938183,0.340503233,0.277916404,1.389582018,147.5,443.0792514,135.8567212,0,
ID119842_ID121657,667,119842,121657,0.004711522,0.498053965,0.013728105,0.068640526,167.5,443.5318131,138.011471,0,
ID121657_ID120863,667,121657,120863,12.99902182,0.546328704,0.721083125,3.605415623,172.5,445.3010989,138.0955848,0,
ID122153_ID121387,667,122153,121387,1.418668411,0.460259032,0.238215735,1.191078675,157.5,442.462258,135.229244,0,
ID119269_ID119558,667,119269,119558,3.200426302,NaN,0.357794707,1.788973533,142.5,443.9669617,136.4325352,0,
ID120863_ID121120,667,120863,121120,0.834184003,0.55343103,0.182667348,0.913336741,177.5,446.6858986,138.0048612,0,
ID120095_ID122153,667,120095,122153,0.688578306,0.175972886,0.165961237,0.829806186,152.5,442.7578887,134.8980713,0,
ID121387_ID119842,667,121387,119842,6.008462682,0.082608718,0.490243314,2.451216572,162.5,443.0246526,136.9255716,0,
ID120094_ID122154,668,120094,122154,2.732751244,0.466850124,0.330620704,1.653103519,152.5,275.1824795,135.0628824,0,
ID119836_ID121652,668,119836,121652,2.262139394,0.439558081,0.300808204,1.504041022,167.5,275.5607146,134.0255402,0,
ID124225_ID124031,668,124225,124031,9.520185959,0.352210028,0.617095972,3.085479859,237.5,286.443171,123.0372853,0,
ID122926_ID123163,668,122926,123163,0.3683108,0.499002717,0.12137723,0.606886151,212.5,283.9773612,127.3180856,0,
ID120354_ID122423,668,120354,122423,10.45572025,0.464634864,0.646706123,3.233530617,192.5,282.3686564,128.6984929,0,
ID119561_ID120094,668,119561,120094,20.74318994,0.256687546,0.910893845,4.554469227,147.5,276.0006581,136.6743138,0,
ID123620_ID123398,668,123620,123398,9.238558308,0.309326744,0.607899936,3.039499681,222.5,282.9389232,124.7002283,0,
ID122678_ID122926,668,122678,122926,18.04131924,0.459351237,0.849501483,4.247507414,207.5,284.9084991,128.9632827,0,
ID120854_ID121110,668,120854,121110,9.043947721,0.073466465,0.60146314,3.0073157,177.5,277.9139065,130.1461258,0,
ID123398_ID124412,668,123398,124412,0.847901675,0.254390303,0.184163153,0.920815766,227.5,284.3493713,123.7284977,0,
ID122154_ID121386,668,122154,121386,0.693319418,0.533376249,0.166531609,0.832658044,157.5,275.6301136,134.853101,0,
ID123163_ID123620,668,123163,123620,6.925493129,0.414853284,0.526326634,2.631633168,217.5,282.929792,126.7343267,0,
ID119268_ID119561,668,119268,119561,30.49706415,NaN,1.104482941,5.522414703,142.5,280.0419427,136.8800486,0,
ID121652_ID120854,668,121652,120854,7.871662005,0.224411248,0.561129647,2.805648233,172.5,277.0019361,132.8543559,0,
ID124412_ID124225,668,124412,124225,2.003591394,0.364678288,0.283096548,1.415482742,232.5,284.8819824,123.2124283,0,
ID121386_ID119836,668,121386,119836,0.689428454,0.115676379,0.166063657,0.830318285,162.5,275.0311522,134.3273716,0,
ID122423_ID121898,668,122423,121898,8.748192923,0.077128128,0.591546885,2.957734424,197.5,285.4062442,128.7677928,0,
ID124031_ID123833,668,124031,123833,4.080932919,0.28720275,0.404026381,2.020131906,242.5,287.6819183,124.5487644,0,
ID121110_ID120608,668,121110,120608,8.325534928,0.290936515,0.577080061,2.885400306,182.5,279.577015,128.7042219,0,
ID120608_ID120354,668,120608,120354,0.20104095,0.429543864,0.08967518,0.448375902,187.5,280.9026921,128.5579705,0,
ID121898_ID122678,668,121898,122678,6.945295402,0.435234373,0.527078567,2.635392836,202.5,286.3162439,129.7044773,0,
ID120621_ID120368,671,120621,120368,12.78884818,0.467471663,0.715229982,3.576149911,187.5,121.3844911,141.3882285,0,
ID121127_ID120621,671,121127,120621,3.054786703,0.566057937,0.349558962,1.747794811,182.5,120.7531171,142.5690962,0,
ID120368_ID122434,671,120368,122434,4.023375489,0.34334049,0.401167072,2.005835359,192.5,122.1963354,139.6496903,0,
ID122165_ID121392,671,122165,121392,3.041704007,0.401038141,0.348809633,1.744048166,157.5,118.5439777,144.5165903,0,
ID120867_ID121127,671,120867,121127,1.904093783,0.626905624,0.275977809,1.379889047,177.5,120.9204451,142.8216835,0,
ID119848_ID121661,671,119848,121661,5.904650835,0.021159147,0.485989746,2.429948731,167.5,120.4066393,143.6197273,0,
ID121661_ID120867,671,121661,120867,1.138638931,0.496611442,0.213414051,1.067070256,172.5,120.7651319,142.8406594,0,
ID120104_ID122165,671,120104,122165,77.83666545,0.016118599,1.764501804,8.822509022,152.5,122.6601629,144.7134202,0,
ID119569_ID120104,671,119569,120104,12.252324,NaN,0.700066397,3.500331985,147.5,128.6044707,146.3190941,0,
ID121392_ID119848,671,121392,119848,1.504611953,0.446418215,0.24532525,1.226626248,162.5,119.1142085,144.9096594,0,
ID123654_ID123436,672,123654,123436,4.467923973,0.572497086,0.422749286,2.113746431,222.5,245.0541337,155.990242,0,
ID121135_ID120631,672,121135,120631,11.8502278,0.014712583,0.688483197,3.442415983,182.5,244.6408562,152.8919774,0,
ID124448_ID124256,672,124448,124256,2.787254732,0.252705963,0.333901466,1.669507332,232.5,243.617128,157.3555614,0,
ID119854_ID121670,672,119854,121670,4.899499383,0.323551776,0.442696256,2.213481281,167.5,244.7063169,151.649566,0,
ID122951_ID123199,672,122951,123199,3.933016532,0.470660458,0.396636687,1.983183434,212.5,244.243796,154.6786777,0,
ID122172_ID119854,672,122172,119854,9.872615816,0.063172083,0.31420719,3.142071899,160,246.1337463,152.8711321,0,
ID123199_ID123654,672,123199,123654,2.199841304,0.120990988,0.29663724,1.4831862,217.5,245.4248275,155.8397475,0,
ID120878_ID121135,672,120878,121135,0.079340013,0.381541206,0.056334719,0.281673593,177.5,246.3477652,152.1487675,0,
ID120108_ID122172,672,120108,122172,2.718034906,0.460308658,0.329729277,1.648646386,152.5,248.401379,152.5617235,0,
ID122705_ID122951,672,122705,122951,3.847650197,0.546603903,0.392308562,1.96154281,207.5,243.4926078,154.7761906,0,
ID121925_ID122705,672,121925,122705,1.356877389,0.060668715,0.23297016,1.164850801,202.5,243.1572911,155.1507291,0,
ID122449_ID121925,672,122449,121925,3.963191048,0.234249569,0.398155299,1.990776494,197.5,243.2118317,153.5907345,0,
ID123436_ID124448,672,123436,124448,1.220366515,0.187798945,0.220940401,1.104702003,227.5,243.6198917,156.2238339,0,
ID120381_ID122449,672,120381,122449,0.983775105,0.494489345,0.198370875,0.991854377,192.5,242.9334934,152.3484287,0,
ID119579_ID120108,672,119579,120108,2.823848123,NaN,0.336086187,1.680430934,147.5,248.9542758,152.9557352,0,
ID121670_ID120878,672,121670,120878,4.997537129,0.440066547,0.447103439,2.235517195,172.5,245.6589156,151.3177277,0,
ID120631_ID120381,672,120631,120381,2.490555065,0.324085597,0.315629851,1.578149253,187.5,242.7843366,152.8305741,0,
ID120113_ID122169,673,120113,122169,15.14771696,0.460747074,0.778401361,3.892006803,152.5,438.4202544,152.2827532,0,
ID119578_ID120113,673,119578,120113,12.53467531,NaN,0.708086868,3.54043434,147.5,439.1794123,153.599825,0,
ID122169_ID121398,673,122169,121398,2.891633502,0.545370333,0.340096075,1.700480374,157.5,438.706942,151.0999371,0,
ID119287_ID119583,674,119287,119583,12.49127835,NaN,0.706860053,3.534300263,142.5,351.463594,154.2249773,0,
ID119583_ID120111,674,119583,120111,5.729528922,0.344549288,0.478728688,2.393643441,147.5,349.4970741,154.0064962,0,
ID121140_ID120636,675,121140,120636,0.163292731,0.00586281,0.080818991,0.404094953,182.5,160.7947428,156.7685136,0,
ID120636_ID120387,675,120636,120387,11.89000409,0.069796927,0.689637705,3.448188523,187.5,162.3321123,157.9106696,0,
ID121403_ID119860,675,121403,119860,1.148089238,0.26526315,0.214297852,1.071489262,162.5,162.7922999,156.3867616,0,
ID120119_ID122178,675,120119,122178,22.75510257,0.200505672,0.954046174,4.770230872,152.5,163.2092742,157.4027712,0,
ID124442_ID124249,675,124442,124249,18.42781773,0.224028289,0.858552683,4.292763415,232.5,170.2322248,147.2940098,0,
ID122708_ID122952,675,122708,122952,1.871887106,0.024990966,0.273633851,1.368169254,207.5,161.214336,156.2380317,0,
ID119860_ID121674,675,119860,121674,6.047767644,0.309007692,0.491844188,2.459220942,167.5,161.5250824,155.910257,0,
ID123652_ID123429,675,123652,123429,3.988474835,0.052623491,0.399423326,1.99711663,222.5,165.1877465,152.2029364,0,
ID123429_ID124442,675,123429,124442,23.38299501,4.30E-04,0.967119331,4.835596655,227.5,166.8871707,149.2392497,0,
ID122952_ID123198,675,122952,123198,1.238216265,0.241969449,0.222550333,1.112751664,212.5,161.8768747,155.4586722,0,
ID124249_ID124056,675,124249,124056,0.064859578,0.152819032,0.050935087,0.254675436,237.5,172.4711833,147.3640567,0,
ID123198_ID123652,675,123198,123652,10.36340825,0.119660238,0.643844958,3.21922479,217.5,163.5577776,154.2116979,0,
ID121930_ID122708,675,121930,122708,2.285353318,0.284285029,0.302347702,1.511738508,202.5,160.8779041,157.6352496,0,
ID119294_ID119592,675,119294,119592,9.698731262,NaN,0.622855722,3.11427861,142.5,166.1448928,159.9452707,0,
ID122459_ID121930,675,122459,121930,35.29527599,0.57141773,1.188196549,5.940982746,197.5,163.3388473,159.6370465,0,
ID119592_ID120119,675,119592,120119,14.21977781,0.558999354,0.754182413,3.770912067,147.5,165.5780622,160.3135999,0,
ID124056_ID123858,675,124056,123858,4.549674571,0.5292311,0.426599324,2.132996618,242.5,172.1716619,148.2723341,0,
ID122178_ID121403,675,122178,121403,1.145363469,0.570652166,0.21404331,1.070216552,157.5,162.9012298,155.5499335,0,
ID120387_ID122459,675,120387,122459,9.253532278,0.025328892,0.608392383,3.041961913,192.5,164.8861405,159.9020135,0,
ID121674_ID120882,675,121674,120882,0.927091835,0.212165485,0.192571216,0.962856082,172.5,160.178529,155.1972014,0,
ID120882_ID121140,675,120882,121140,2.526386672,0.384918839,0.317892225,1.589461126,177.5,160.1976711,155.9704322,0,
ID120647_ID120389,678,120647,120389,8.002707764,0.625047095,0.565781151,2.828905754,187.5,72.33325777,160.7160215,0,
ID119638_ID120171,678,119638,120171,0.586658176,0.428156166,0.153187229,0.765936144,147.5,71.87913786,172.7361121,0,
ID123437_ID124451,678,123437,124451,4.713484135,0.229201285,0.434211199,2.171055995,227.5,74.75635121,157.4988191,0,
ID121144_ID120647,678,121144,120647,4.838083519,0.230561423,0.439912879,2.199564393,182.5,72.43624578,161.0140606,0,
ID122719_ID122958,678,122719,122958,9.219285339,0.129082974,0.607265521,3.036327607,207.5,76.80324089,160.3008014,0,
ID123203_ID123656,678,123203,123656,0.786010777,0.117580402,0.177314498,0.886572488,217.5,77.6043849,157.650758,0,
ID124062_ID123868,678,124062,123868,5.495814032,0.477249235,0.468863052,2.344315259,242.5,75.02012801,158.4741012,0,
ID122958_ID123203,678,122958,123203,1.237676722,0.131449716,0.22250184,1.112509201,212.5,77.80855958,158.5859564,0,
ID124451_ID124062,678,124451,124062,2.078647183,0.307009751,0.144175143,1.441751429,235,74.55221639,157.8075237,0,
ID122210_ID119867,678,122210,119867,55.05468273,0.029014777,0.741988428,7.41988428,160,69.79229745,164.647337,0,
ID120171_ID122210,678,120171,122210,26.11071784,0.566224585,1.021972952,5.109864758,152.5,71.6911191,170.5507889,0,
ID120389_ID122458,678,120389,122458,6.133435575,0.538621952,0.495315478,2.476577391,192.5,72.716431,160.2357736,0,
ID122458_ID121940,678,122458,121940,0.929720118,0.211979078,0.192843991,0.964219953,197.5,73.53110389,161.5341998,0,
ID121680_ID120891,678,121680,120891,1.473024785,0.55778381,0.242736465,1.213682325,172.5,67.97365681,159.3774707,0,
ID120891_ID121144,678,120891,121144,17.79579689,0.375518163,0.843701295,4.218506477,177.5,69.89265232,159.978754,0,
ID121940_ID122719,678,121940,122719,6.045555608,0.403151245,0.491754232,2.458771158,202.5,74.62398102,161.7322338,0,
ID123656_ID123437,678,123656,123437,3.953266903,0.145727913,0.39765648,1.9882824,222.5,76.42528138,156.978364,0,
ID119351_ID119638,678,119351,119638,2.024637663,NaN,0.284579526,1.422897629,142.5,71.34011422,172.997313,0,
ID119867_ID121680,678,119867,121680,6.12247109,0.079061796,0.494872553,2.474362764,167.5,68.20586124,160.037642,0,
ID120972_ID121226,682,120972,121226,1.644819403,0.212550289,0.256501026,1.282505128,177.5,398.7036462,191.6463185,0,
ID120219_ID122280,682,120219,122280,2.638152276,0.315753109,0.324847797,1.624238984,152.5,396.2455483,190.6945963,0,
ID119948_ID121760,682,119948,121760,2.698103227,0.062207492,0.32851808,1.642590401,167.5,398.6646901,192.4069996,0,
ID121760_ID120972,682,121760,120972,1.325561759,0.582674906,0.230266086,1.15133043,172.5,398.7014815,192.6959605,0,
ID122280_ID121505,682,122280,121505,12.75084153,0.292030179,0.71416641,3.570832051,157.5,398.1934693,190.0838073,0,
ID119685_ID120219,682,119685,120219,0.317960896,0.321283887,0.112776043,0.563880214,147.5,396.3496659,191.5457946,0,
ID119405_ID119685,682,119405,119685,27.65655881,NaN,1.051790071,5.258950353,142.5,395.998259,194.1567974,0,
ID121505_ID119948,682,121505,119948,2.93134114,0.423216811,0.342423197,1.712115983,162.5,399.4528298,190.9493036,0,
ID122287_ID121511,683,122287,121511,2.109231962,0.159683509,0.290463902,1.452319511,157.5,118.5472076,193.2734625,0,
ID121998_ID122786,683,121998,122786,0.141113633,0.506893067,0.075130189,0.375650946,202.5,117.6332484,194.603442,0,
ID119686_ID120218,683,119686,120218,0.993498679,NaN,0.199348808,0.996744039,147.5,120.3614184,191.5388511,0,
ID120779_ID120466,683,120779,120466,1.304866548,0.622133255,0.228461511,1.142307554,187.5,118.6665896,195.1635853,0,
ID120218_ID122287,683,120218,122287,6.029252149,0.582657333,0.491090711,2.455453553,152.5,120.0054059,192.1998865,0,
ID122786_ID123027,683,122786,123027,0.8476251,0.327571719,0.184133115,0.920665575,207.5,117.3180669,194.2343115,0,
ID120974_ID121230,683,120974,121230,3.783612848,0.354985853,0.389030222,1.945151112,177.5,119.3989725,194.6403135,0,
ID119951_ID121761,683,119951,121761,2.947045331,0.056183145,0.34333921,1.716696051,167.5,119.0853258,193.5766833,0,
ID121230_ID120779,683,121230,120779,0.222341518,0.111386892,0.094306207,0.471531036,182.5,118.3317024,195.1420295,0,
ID121761_ID120974,683,121761,120974,0.214519237,0.112405691,0.092632443,0.463162214,172.5,120.072733,193.9663229,0,
ID121511_ID119951,683,121511,119951,0.183896422,0.607125954,0.085766292,0.428831461,162.5,118.0413127,193.3612059,0,
ID122534_ID121998,683,122534,121998,4.544328177,0.436042623,0.426348598,2.13174299,197.5,118.5068457,194.3217556,0,
ID120466_ID122534,683,120466,122534,1.771665872,0.286571973,0.266207879,1.331039395,192.5,119.3566943,194.5331731,0,
ID124510_ID124304,684,124510,124304,0.0045102,0.131372249,0.013431605,0.067158025,232.5,17.48037924,201.3969374,0,
ID119693_ID120227,684,119693,120227,4.508571144,0.191429353,0.424667924,2.123339621,147.5,17.83022208,197.4037333,0,
ID119403_ID119693,684,119403,119693,0.932248958,NaN,0.19310608,0.965530402,142.5,16.9070491,196.3557586,0,
ID123723_ID123499,684,123723,123499,0.011104913,0.230624589,0.02107597,0.105379851,222.5,17.55399125,201.2166561,0,
ID122292_ID121516,684,122292,121516,2.147125032,0.577367641,0.293061429,1.465307146,157.5,20.64074733,199.410865,0,
ID120786_ID120467,684,120786,120467,8.298699164,0.592384968,0.576149257,2.880746286,187.5,16.60919116,196.5203187,0,
ID121516_ID119958,684,121516,119958,7.401316563,0.441534965,0.544107216,2.72053608,162.5,20.81504906,198.3285575,0,
ID121763_ID120975,684,121763,120975,6.985781179,0.009009874,0.528612568,2.64306284,172.5,17.91580081,195.4693453,0,
ID123499_ID124510,684,123499,124510,0.017706538,0.224593997,0.026613183,0.133065916,227.5,17.52839025,201.3145507,0,
ID124304_ID124115,684,124304,124115,0.002441851,0.025388335,0.009883019,0.049415093,237.5,17.47841881,201.4550763,0,
ID124115_ID123915,684,124115,123915,0.004426527,0.119061462,0.013306429,0.066532147,242.5,17.46183902,201.5080222,0,
ID119958_ID121763,684,119958,121763,8.442231249,0.366486329,0.58111036,2.905551798,167.5,20.42069523,196.6603069,0,
ID120975_ID121232,684,120975,121232,2.613491855,0.432397804,0.323325957,1.616629783,177.5,16.84676904,195.7267324,0,
ID123033_ID123270,684,123033,123270,0.003236485,0.183496885,0.011378023,0.056890113,212.5,17.60177833,201.1122128,0,
ID121232_ID120786,684,121232,120786,1.309480556,0.127147685,0.228865074,1.144325371,182.5,17.39739724,196.9191324,0,
ID120227_ID122292,684,120227,122292,10.79477977,0.158069401,0.657108203,3.285541017,152.5,19.82434505,198.9214869,0,
ID122793_ID123033,684,122793,123033,0.247024582,0.157597514,0.099403135,0.497015676,207.5,17.67391596,200.8553966,0,
ID122001_ID122793,684,122001,122793,3.794727865,0.115882429,0.389601225,1.948006126,202.5,17.17151748,199.8068485,0,
ID120467_ID122538,684,120467,122538,2.114505948,0.61746759,0.290826818,1.454134089,192.5,15.99162785,196.1590667,0,
ID123270_ID123723,684,123270,123723,0.003577023,0.06640495,0.011961643,0.059808217,217.5,17.5554299,201.1463234,0,
ID122538_ID122001,684,122538,122001,5.809746027,0.182519974,0.482068295,2.410341475,197.5,16.59889676,197.797439,0,
ID122063_ID121301,687,122063,121301,19.96583386,0.620776528,0.893662886,4.468314432,157.5,270.7448902,67.70762877,0,
ID120280_ID122347,687,120280,122347,13.14038541,0.05151656,0.724993391,3.624966953,192.5,271.5634932,67.2135353,0,
ID121030_ID120525,687,121030,120525,1.148326175,0.622522303,0.214319964,1.07159982,182.5,277.3563492,66.86149074,0,
ID122347_ID121818,687,122347,121818,20.26418387,0.222571734,0.900315142,4.50157571,197.5,268.8122497,65.11856447,0,
ID122591_ID122844,687,122591,122844,8.913194662,0.375373286,0.597099478,2.985497389,207.5,267.0168695,64.2157305,0,
ID123548_ID123325,687,123548,123325,8.478509634,0.242532925,0.58235761,2.911788048,222.5,265.9433485,67.16712074,0,
ID120735_ID121030,687,120735,121030,1.938909902,0.074939501,0.27848949,1.39244745,177.5,277.2627281,66.73002142,0,
ID119472_ID122063,687,119472,122063,43.01865838,0.231553229,0.655886106,6.558861058,150,271.6668295,67.20459606,0,
ID121574_ID120735,687,121574,120735,3.02210273,0.484599101,0.347683921,1.738419607,172.5,276.7873275,65.26694185,0,
ID121818_ID122591,687,121818,122591,0.312904817,0.54423391,0.111875791,0.559378957,202.5,268.0831177,63.25758692,0,
ID123325_ID124344,687,123325,124344,0.979445392,0.36829355,0.197933867,0.989669334,227.5,264.5587965,66.91761859,0,
ID122844_ID123085,687,122844,123085,4.154634133,0.431444945,0.407658393,2.038291965,212.5,266.662626,65.42308022,0,
ID119759_ID121574,687,119759,121574,16.8862644,0.331835256,0.821858002,4.109290012,167.5,275.5491655,66.13609038,0,
ID120525_ID120280,687,120525,120280,14.65540799,0.261504296,0.765647647,3.828238236,187.5,275.2389202,66.82638174,0,
ID123085_ID123548,687,123085,123548,1.182555557,0.264398408,0.217490741,1.087453703,217.5,267.4819042,66.39054486,0,
ID119175_ID119472,687,119175,119472,4.361758751,NaN,0.417696481,2.088482404,142.5,273.3976457,65.15343593,0,
ID121301_ID119759,687,121301,119759,5.611225016,0.255337015,0.473760489,2.368802444,162.5,273.502736,67.13953886,0,
ID119716_ID121542,690,119716,121542,1.211051891,0.087699814,0.220095606,1.100478029,167.5,213.0200374,24.28975841,0,
ID121261_ID119716,690,121261,119716,3.185674501,0.305985811,0.356969158,1.784845792,162.5,211.6208576,24.46484056,0,
ID122031_ID121261,690,122031,121261,20.51027488,0.035481148,0.90576542,4.528827098,157.5,210.5418784,26.68405563,0,
ID119985_ID122031,690,119985,122031,0.135420777,NaN,0.073599124,0.367995621,152.5,210.3719127,29.12388168,0,
ID119726_ID121551,691,119726,121551,0.778558777,0.566933911,0.176471956,0.882359778,167.5,390.4753158,37.1208634,0,
ID122041_ID121274,691,122041,121274,4.676300865,0.535607607,0.432495127,2.162475633,157.5,390.6850372,39.56253521,0,
ID121274_ID119726,691,121274,119726,5.642386011,0.280238485,0.475074142,2.37537071,162.5,390.7962757,37.83024975,0,
ID119997_ID122041,691,119997,122041,4.265684465,NaN,0.41307067,2.065353351,152.5,390.891839,40.00441412,0,
ID120006_ID122050,692,120006,122050,10.68995992,NaN,0.653910083,3.269550416,152.5,262.9136667,53.07562723,0,
ID122050_ID121288,692,122050,121288,4.091957081,0.563988844,0.404571728,2.022858641,157.5,262.7527352,53.80518502,0,
ID121567_ID120718,692,121567,120718,11.5720573,0.03711673,0.680354534,3.40177267,172.5,258.6403242,58.07391471,0,
ID121021_ID120516,692,121021,120516,20.45864812,0.389077478,0.904624742,4.523123712,182.5,256.6886649,56.9000836,0,
ID121288_ID119742,692,121288,119742,2.227864913,0.522769067,0.29852068,1.492603401,162.5,263.266486,53.91359146,0,
ID120718_ID121021,692,120718,121021,0.26616551,0.033337852,0.103182462,0.515912309,177.5,256.9539108,59.06432415,0,
ID119742_ID121567,692,119742,121567,14.87324287,0.075807262,0.771316871,3.856584353,167.5,261.5137282,55.88260253,0,
ID122053_ID121290,693,122053,121290,5.663926143,0.215762438,0.47598009,2.379900448,157.5,161.7889381,54.37299588,0,
ID121290_ID119743,693,121290,119743,2.838276511,0.566493976,0.336943705,1.684718526,162.5,161.3351885,54.47276256,0,
ID120015_ID122053,693,120015,122053,19.54212418,NaN,0.884129497,4.420647484,152.5,163.1729587,56.99422861,0,
ID121600_ID120793,694,121600,120793,5.175829053,0.510517553,0.455008969,2.275044846,172.5,384.8394606,93.08952279,0,
ID120552_ID120304,694,120552,120304,3.266951567,0.051176378,0.361494208,1.807471042,187.5,387.9827009,91.82540294,0,
ID121854_ID122628,694,121854,122628,2.007163156,0.059676574,0.283348771,1.416743857,202.5,387.0653424,93.99252205,0,
ID123576_ID123350,694,123576,123350,7.403928282,0.240665993,0.544203208,2.721016039,222.5,390.6183978,92.6348372,0,
ID121327_ID119785,694,121327,119785,4.178296904,0.532270833,0.408817656,2.044088282,162.5,386.4795249,92.89022748,0,
ID123350_ID124368,694,123350,124368,4.316054669,0.09025321,0.415502331,2.077511653,227.5,392.9051267,92.14047315,0,
ID119785_ID121600,694,119785,121600,1.21513628,0.330585778,0.22046644,1.1023322,167.5,385.39803,92.59646251,0,
ID120304_ID122375,694,120304,122375,0.70573662,0.155080597,0.168016263,0.840081317,192.5,389.2066543,92.01851593,0,
ID124368_ID124186,694,124368,124186,0.146112337,0.338116732,0.076449287,0.382246436,232.5,393.9283329,91.99507151,0,
ID122628_ID122882,694,122628,122882,0.851328394,0.441592649,0.184534917,0.922674587,207.5,386.7981994,94.49692202,0,
ID122375_ID121854,694,122375,121854,5.350469325,0.354863679,0.46262163,2.313108152,197.5,388.6270336,93.00932957,0,
ID121059_ID120552,694,121059,120552,7.815742049,0.234939165,0.559132973,2.795664867,182.5,385.7637926,92.36521569,0,
ID124186_ID123996,694,124186,123996,4.791366069,0.608964546,0.437783785,2.188918927,237.5,394.1022321,92.8826146,0,
ID122882_ID123115,694,122882,123115,5.07027703,0.099941146,0.450345513,2.251727566,212.5,388.3138044,94.8053493,0,
ID120042_ID122086,694,120042,122086,2.064691512,NaN,0.287380689,1.436903445,152.5,385.1031033,92.11092245,0,
ID122086_ID121327,694,122086,121327,2.917107832,0.00892336,0.341590857,1.707954283,157.5,386.6396791,92.44295617,0,
ID123996_ID123800,694,123996,123800,1.038948832,0.554228422,0.203857679,1.019288395,242.5,394.3906439,93.4609769,0,
ID120793_ID121059,694,120793,121059,1.685759606,0.55492411,0.259673611,1.298368055,177.5,384.4084361,93.47814692,0,
ID123115_ID123576,694,123115,123576,2.879422961,0.333689077,0.339377251,1.696886254,217.5,389.40363,94.02212092,0,
ID122089_ID121317,695,122089,121317,14.19885961,0.174919144,0.753627484,3.768137419,157.5,76.82381267,91.29725303,0,
ID120049_ID122089,695,120049,122089,34.60282019,NaN,1.176483237,5.882416187,152.5,75.30881513,95.42190207,0,
ID119819_ID121633,697,119819,121633,1.724114635,0.146149706,0.262611092,1.313055458,167.5,225.9026789,118.5739718,0,
ID120838_ID121100,697,120838,121100,9.912501772,0.463588553,0.629682516,3.14841258,177.5,224.2623755,120.9895125,0,
ID122120_ID121361,697,122120,121361,12.96593233,0.529524285,0.720164768,3.60082384,157.5,228.5252782,115.3933209,0,
ID120073_ID122120,697,120073,122120,18.94483783,NaN,0.870513362,4.352566809,152.5,229.5598449,115.3053451,0,
ID121361_ID119819,697,121361,119819,7.702549459,0.291339498,0.555069346,2.775346728,162.5,227.5555298,117.5832062,0,
ID121100_ID120597,697,121100,120597,1.410286137,0.503076556,0.237510938,1.187554688,182.5,225.1308119,121.7390322,0,
ID121633_ID120838,697,121633,120838,9.11101504,0.124304224,0.60368916,3.018445799,172.5,224.192942,119.7557867,0,
ID120076_ID122136,698,120076,122136,13.98705391,NaN,0.747985399,3.739926993,152.5,71.31897852,121.1669266,0,
ID122136_ID121375,698,122136,121375,5.267632455,0.034639931,0.459026468,2.295132339,157.5,72.76563494,123.8029194,0,
ID121101_ID120599,699,121101,120599,9.481942182,0.217038713,0.615855249,3.079276243,182.5,302.4243046,121.9188252,0,
ID122414_ID121884,699,122414,121884,1.451072985,0.279430902,0.240920982,1.204604908,197.5,305.6242828,121.0777509,0,
ID120087_ID122142,699,120087,122142,26.02562886,NaN,1.020306402,5.101532011,152.5,305.5287752,126.0888483,0,
ID120847_ID121101,699,120847,121101,3.006113688,0.45790275,0.346762956,1.733814779,177.5,300.4198197,122.51043,0,
ID121372_ID119825,699,121372,119825,9.438313444,0.204212014,0.614436765,3.072183823,162.5,299.8595936,121.4437051,0,
ID119825_ID121641,699,119825,121641,1.021590837,0.57444565,0.202147554,1.010737769,167.5,298.8384899,121.1685266,0,
ID121641_ID120847,699,121641,120847,4.93882655,0.285316704,0.444469416,2.222347081,172.5,299.6441418,122.1697432,0,
ID120599_ID120343,699,120599,120343,12.92576384,0.01042293,0.719048367,3.595241834,187.5,305.7543242,122.1206963,0,
ID122142_ID121372,699,122142,121372,17.32709056,0.181733459,0.83251644,4.162582199,157.5,302.21884,123.5569937,0,
ID120343_ID122414,699,120343,122414,4.15324835,0.585224403,0.4075904,2.037951999,192.5,306.563949,121.9322551,0,
ID122462_ID121938,701,122462,121938,0.034640679,0.096725183,0.037224013,0.186120067,197.5,302.9277749,161.7826686,0,
ID123200_ID123657,701,123200,123657,0.156530803,0.19961881,0.079127948,0.395639739,217.5,304.1286701,157.3117457,0,
ID122183_ID121407,701,122183,121407,6.422068491,0.574678565,0.506836009,2.534180043,157.5,310.6452334,158.1689275,0,
ID120881_ID121136,701,120881,121136,1.662342693,0.236309216,0.257863739,1.289318693,177.5,300.9391722,154.44304,0,
ID121136_ID120637,701,121136,120637,11.22898271,0.494327677,0.670193486,3.350967428,182.5,301.5445105,155.5215105,0,
ID121938_ID122713,701,121938,122713,3.724870857,0.441016789,0.38599849,1.92999245,202.5,303.0035072,160.8728841,0,
ID121407_ID119864,701,121407,119864,10.37058793,0.200170532,0.644067945,3.220339723,162.5,308.1934318,158.7922944,0,
ID121677_ID120881,701,121677,120881,5.316438759,0.063672347,0.461148079,2.305740393,172.5,301.3737767,155.8990283,0,
ID120117_ID122183,701,120117,122183,6.221900108,NaN,0.498874738,2.494373691,152.5,310.8094062,157.8749269,0,
ID122713_ID122956,701,122713,122956,2.032632497,0.037816477,0.285140842,1.425704211,207.5,302.870936,159.2076276,0,
ID120388_ID122462,701,120388,122462,8.563778032,0.118564607,0.58527867,2.926393349,192.5,302.213745,160.4112226,0,
ID119864_ID121677,701,119864,121677,32.52537291,0.248653127,1.140620409,5.703102043,167.5,304.5282233,158.2978744,0,
ID120637_ID120388,701,120637,120388,3.782514357,0.064530503,0.388973745,1.944868725,187.5,301.7110845,158.1321756,0,
ID122956_ID123200,701,122956,123200,2.956931681,0.191661209,0.343914622,1.71957311,212.5,303.3361178,157.8901609,0,
ID122726_ID122972,704,122726,122972,0.262413772,0.258467768,0.102452676,0.512263382,207.5,380.7801491,165.5609554,0,
ID122972_ID123216,704,122972,123216,1.053072708,0.627053639,0.205238662,1.026193309,212.5,380.5243606,165.5362877,0,
ID121698_ID120901,704,121698,120901,2.005748198,0.178050972,0.28324888,1.416244399,172.5,380.7269563,166.2379535,0,
ID120901_ID121162,704,120901,121162,0.163621016,0.515746451,0.080900189,0.404500947,177.5,381.0822705,165.8210051,0,
ID120155_ID122220,704,120155,122220,1.011166894,NaN,0.201113589,1.005567946,152.5,381.8071539,169.5298988,0,
ID122220_ID121438,704,122220,121438,7.616988812,0.553167686,0.551977855,2.759889275,157.5,380.9229165,169.2394711,0,
ID123662_ID123450,704,123662,123450,8.199496322,0.590453206,0.572695253,2.863476265,222.5,378.4420526,163.0774789,0,
ID120656_ID120412,704,120656,120412,0.127925287,0.598098963,0.071533289,0.357666447,187.5,380.8849463,165.8733501,0,
ID122481_ID121951,704,122481,121951,0.027266911,0.141020506,0.033025391,0.165126953,197.5,379.9617503,167.075717,0,
ID123216_ID123662,704,123216,123662,18.21368878,0.196718036,0.85354997,4.267749849,217.5,379.0195737,163.5957928,0,
ID121162_ID120656,704,121162,120656,0.037388852,0.5215409,0.038672394,0.193361971,182.5,380.9689893,165.8822807,0,
ID120412_ID122481,704,120412,122481,1.948565641,0.269154867,0.279182065,1.395910327,192.5,380.3759971,166.4353057,0,
ID121438_ID119890,704,121438,119890,0.269266074,0.402947124,0.103781708,0.518908541,162.5,379.9359351,168.4088802,0,
ID119890_ID121698,704,119890,121698,2.510761165,0.189409673,0.316907631,1.584538155,167.5,380.1595434,167.4680662,0,
ID121951_ID122726,704,121951,122726,2.881394237,0.463955693,0.339493401,1.697467006,202.5,380.2050308,166.3190444,0,
ID122284_ID121514,706,122284,121514,19.44554762,0.455849556,0.881942121,4.409710605,157.5,392.5285494,194.1233821,0,
ID120796_ID120473,706,120796,120473,4.01051286,0.449052307,0.400525298,2.00262649,187.5,391.5435623,200.0344899,0,
ID121514_ID119960,706,121514,119960,2.416164997,0.065672273,0.310880363,1.554401813,162.5,393.0096572,197.0350971,0,
ID119960_ID121774,706,119960,121774,13.7338391,0.140439173,0.741183894,3.705919468,167.5,392.7784454,199.5216398,0,
ID121236_ID120796,706,121236,120796,1.189888397,0.48930434,0.218164011,1.090820057,182.5,392.2018855,199.604814,0,
ID120984_ID121236,706,120984,121236,2.712211785,0.145952879,0.329375882,1.646879408,177.5,391.8465489,200.0040847,0,
ID121774_ID120984,706,121774,120984,0.382438729,0.426345628,0.123683261,0.618416307,172.5,392.0368509,201.060963,0,
ID120223_ID122284,706,120223,122284,3.688432399,NaN,0.38410584,1.920529198,152.5,391.6773563,192.6055683,0,
ID115450_ID114816,712,115450,114816,5.262655115,0.238177124,0.458809552,2.294047758,92.5,50.37445369,51.9802352,0,
ID114185_ID115450,712,114185,115450,6.512899642,NaN,0.510407666,2.552038331,87.5,48.64064892,50.96863078,0,
ID116989_ID115126,713,116989,115126,25.14161089,NaN,1.002828218,5.014141092,77.5,415.7967131,52.09415933,0,
ID115126_ID114184,713,115126,114184,14.01122982,0.562499869,0.748631547,3.743157734,82.5,414.8446198,52.06297206,0,
ID114822_ID116684,713,114822,116684,8.5409602,0.330288187,0.584498424,2.922492121,97.5,412.2972292,57.96859701,0,
ID115453_ID114822,713,115453,114822,6.84771271,0.041270663,0.523362693,2.616813465,92.5,412.0701296,56.10109638,0,
ID114184_ID115453,713,114184,115453,30.08381011,0.622642071,1.096974204,5.484871021,87.5,414.4280841,52.83045084,0,
ID114199_ID115462,714,114199,115462,1.79347966,0.024859396,0.267841719,1.339208595,87.5,441.1182771,64.82260908,0,
ID117013_ID115147,714,117013,115147,4.904679239,0.466790893,0.442930208,2.214651042,77.5,443.139187,71.13866587,0,
ID114525_ID117013,714,114525,117013,10.23642187,0.56919524,0.639888174,3.199440869,72.5,444.2950399,71.1599978,0,
ID115765_ID117328,714,115765,117328,2.82885454,0.139487372,0.336383979,1.681919897,107.5,443.0723833,61.83546101,0,
ID114831_ID116688,714,114831,116688,3.455778413,0.524724189,0.371794482,1.858972408,97.5,440.5688878,65.4824365,0,
ID115462_ID114831,714,115462,114831,4.352398317,0.450582744,0.417248047,2.086240235,92.5,440.333451,65.02216776,0,
ID112201_ID114525,714,112201,114525,14.25499964,NaN,0.755115876,3.775579378,67.5,444.5169277,71.70382023,0,
ID116688_ID115765,714,116688,115765,8.843197409,0.164147439,0.594750281,2.973751403,102.5,441.8852726,63.68630573,0,
ID115147_ID114199,714,115147,114199,24.29503756,0.081033674,0.98579993,4.928999651,82.5,442.2254854,67.7502763,0,
ID114207_ID115467,715,114207,115467,7.828674955,0.461001906,0.559595388,2.79797694,87.5,453.4431871,72.17245011,0,
ID116696_ID115774,715,116696,115774,1.699292616,0.305787381,0.260713837,1.303569184,102.5,453.8755725,70.41428146,0,
ID117021_ID115151,715,117021,115151,10.77770766,0.119971356,0.656588384,3.282941922,77.5,454.9561088,74.40274605,0,
ID115467_ID114842,715,115467,114842,0.219946297,0.615726834,0.093796865,0.468984325,92.5,453.8161835,71.06871771,0,
ID114532_ID117021,715,114532,117021,0.79435578,NaN,0.178253278,0.891266391,72.5,455.8827589,76.20327642,0,
ID115151_ID114207,715,115151,114207,1.242486403,0.278384953,0.222933748,1.114668741,82.5,453.5207869,73.27560906,0,
ID114842_ID116696,715,114842,116696,0.334675591,0.440451647,0.115702306,0.578511531,97.5,453.5741946,71.07264501,0,
ID115774_ID117338,715,115774,117338,4.860695299,0.19826242,0.440939692,2.20469846,107.5,454.1945612,68.88944468,0,
ID117017_ID115154,716,117017,115154,6.365442621,0.264382081,0.504596576,2.522982882,77.5,418.4000614,74.28804236,0,
ID114211_ID115475,716,114211,115475,0.772694597,0.072078477,0.175806097,0.879030487,87.5,419.9544808,76.12075194,0,
ID115154_ID114211,716,115154,114211,6.928297254,0.469487888,0.526433177,2.632165887,82.5,418.434545,75.28552701,0,
ID115475_ID114846,716,115475,114846,3.914263258,0.518022174,0.395689942,1.978449711,92.5,419.3040076,76.21007211,0,
ID110762_ID112198,716,110762,112198,1.585744339,0.261384844,0.251852682,1.259263411,62.5,420.3235481,71.54635745,0,
ID114531_ID117017,716,114531,117017,4.459341324,0.556373341,0.422343051,2.111715256,72.5,420.1931168,74.67188406,0,
ID116702_ID115780,716,116702,115780,6.504812837,0.344758474,0.510090691,2.550453457,102.5,419.13176,77.48860559,0,
ID114846_ID116702,716,114846,116702,1.756006024,0.288076684,0.265028755,1.325143775,97.5,418.1104071,76.61424375,0,
ID112198_ID114531,716,112198,114531,17.54608051,0.386682858,0.837760837,4.188804186,67.5,420.2559071,73.50667187,0,
ID111057_ID110762,716,111057,110762,1.383845243,NaN,0.235273904,1.176369518,57.5,421.1555868,71.05310961,0,
ID111071_ID110778,717,111071,110778,3.214852999,NaN,0.358600223,1.793001115,57.5,134.4129567,84.73632897,0,
ID115482_ID114855,717,115482,114855,2.102180276,0.422308426,0.289977949,1.449889746,92.5,126.3276775,86.73852663,0,
ID112219_ID114547,717,112219,114547,1.332229692,0.01902994,0.23084451,1.154222549,67.5,131.9644182,87.29295076,0,
ID117037_ID115168,717,117037,115168,4.038615227,0.361197382,0.401926124,2.00963062,77.5,130.8188588,86.89971903,0,
ID110778_ID112219,717,110778,112219,4.58950233,0.089970938,0.428462476,2.142312379,62.5,132.9420907,85.96805464,0,
ID114219_ID115482,717,114219,115482,5.662048284,0.225039691,0.475901178,2.379505891,87.5,126.8138052,85.83478783,0,
ID114855_ID116720,717,114855,116720,9.465892791,0.338216731,0.615333821,3.076669107,97.5,125.9060705,88.30269464,0,
ID115168_ID114219,717,115168,114219,6.276672048,0.150406391,0.501065746,2.505328731,82.5,128.8561818,86.14793533,0,
ID114547_ID117037,717,114547,117037,0.897265604,0.549873388,0.18944821,0.947241048,72.5,131.7366704,87.31178099,0,
ID114858_ID116715,718,114858,116715,4.583621404,0.441383798,0.428187875,2.140939374,97.5,347.7434973,87.62459145,0,
ID116715_ID115787,718,116715,115787,0.798806676,0.03717891,0.178751971,0.893759854,102.5,347.7219001,86.11283751,0,
ID114222_ID115480,718,114222,115480,0.268201827,NaN,0.103576412,0.517882059,87.5,352.0546932,85.97869495,0,
ID115480_ID114858,718,115480,114858,24.58610479,0.17136476,0.991687547,4.958437736,92.5,349.7524096,87.30302337,0,
ID114226_ID115488,719,114226,115488,3.345305884,0.362305457,0.365803548,1.829017738,87.5,125.4126333,88.84999419,0,
ID114861_ID116724,719,114861,116724,5.640310553,0.14141908,0.47498676,2.3749338,97.5,123.9805261,91.21129369,0,
ID116724_ID115804,719,116724,115804,0.519358588,0.133375162,0.144133076,0.720665379,102.5,122.9259395,92.2601929,0,
ID115172_ID114226,719,115172,114226,3.262132021,0.105311531,0.361227464,1.806137321,82.5,126.4650999,88.46220469,0,
ID115804_ID117365,719,115804,117365,0.160022509,0.028987881,0.080005627,0.400028135,107.5,122.7483268,92.790222,0,
ID112221_ID114558,719,112221,114558,1.691957265,0.023184938,0.260150515,1.300752576,67.5,131.3493374,90.56572071,0,
ID116429_ID111076,719,116429,111076,0.363970487,NaN,0.120659933,0.603299666,52.5,134.0671151,86.99057534,0,
ID115488_ID114861,719,115488,114861,0.661168739,0.017723678,0.162624566,0.813122832,92.5,125.0316801,90.11379142,0,
ID110783_ID112221,719,110783,112221,8.282796156,0.220999266,0.575596948,2.877984739,62.5,131.9091059,88.55585559,0,
ID111076_ID110783,719,111076,110783,2.07450442,0.053485214,0.2880628,1.440314001,57.5,133.0560915,87.07105519,0,
ID117042_ID115172,719,117042,115172,4.254194369,0.162680646,0.412513969,2.062569846,77.5,128.2605428,88.97776174,0,
ID114558_ID117042,719,114558,117042,8.542056421,0.445328562,0.584535933,2.922679664,72.5,130.2583023,90.10860475,0,
ID115498_ID114860,720,115498,114860,11.33545568,0.528600031,0.673363369,3.366816847,92.5,274.4052103,91.41526554,0,
ID111102_ID110805,720,111102,110805,0.92444541,0.181482352,0.192296168,0.961480842,57.5,276.0900024,97.56922198,0,
ID114549_ID117054,720,114549,117054,17.75965988,0.611631947,0.84284423,4.214221148,72.5,278.41371,90.73616388,0,
ID110805_ID114549,720,110805,114549,85.1216263,0.139333471,0.922613821,9.226138212,65,277.34333,93.01689596,0,
ID114860_ID116719,720,114860,116719,12.59464255,0.364666099,0.709778629,3.548893144,97.5,273.4552999,89.52120097,0,
ID115179_ID114231,720,115179,114231,3.274914938,0.080739655,0.361934521,1.809672605,82.5,274.1618088,90.55852132,0,
ID116451_ID111102,720,116451,111102,3.190962048,0.595625597,0.357265282,1.786326411,52.5,277.3363442,97.50366991,0,
ID114231_ID115498,720,114231,115498,9.2202884,0.490052033,0.607298556,3.03649278,87.5,273.5996404,91.38983299,0,
ID117054_ID115179,720,117054,115179,11.70711169,0.348626337,0.684313135,3.421565677,77.5,276.2855365,92.00156475,0,
ID116719_ID115792,720,116719,115792,1.151805788,0.353271642,0.21464443,1.073222152,102.5,271.7093393,89.6560338,0,
ID116148_ID116451,720,116148,116451,1.001646052,NaN,0.200164538,1.000822688,47.5,277.7387917,97.43881451,0,
ID115173_ID114233,721,115173,114233,3.644003927,0.341437505,0.381785486,1.908927428,82.5,408.3570882,89.83333651,0,
ID117044_ID115173,721,117044,115173,2.193084146,0.021384835,0.296181306,1.480906529,77.5,409.4825722,89.81410138,0,
ID114555_ID117044,721,114555,117044,0.322810548,NaN,0.113632838,0.568164191,72.5,410.0772992,90.64690977,0,
ID115490_ID114866,721,115490,114866,5.254984049,0.612579671,0.45847504,2.292375198,92.5,407.8823319,90.95833309,0,
ID114233_ID115490,721,114233,115490,0.365496526,0.335887854,0.120912617,0.604563087,87.5,407.4686705,90.22130783,0,
ID114236_ID115500,722,114236,115500,4.873435884,0.470533257,0.441517197,2.207585986,87.5,355.8515435,92.93631762,0,
ID115183_ID114236,722,115183,114236,0.232932792,0.488954664,0.096526223,0.482631114,82.5,356.8007976,92.92420403,0,
ID117055_ID115183,722,117055,115183,2.318181967,NaN,0.304511541,1.522557706,77.5,357.3972974,92.9100834,0,
ID115500_ID114869,722,115500,114869,0.362812765,0.569138124,0.120467882,0.60233941,92.5,355.0680955,93.17985091,0,
ID116730_ID115807,722,116730,115807,39.7016133,0.547839711,1.260184325,6.300921623,102.5,355.5118446,94.4471833,0,
ID114869_ID116730,722,114869,116730,7.460248761,0.611742479,0.546269119,2.731345595,97.5,354.0022777,93.18464963,0,
ID115807_ID117368,722,115807,117368,10.43689857,0.598263793,0.646123783,3.230618914,107.5,356.8304894,95.30308597,0,
ID117058_ID115184,723,117058,115184,0.033884855,0.007515213,0.036815679,0.184078395,77.5,445.3271937,92.93845595,0,
ID112226_ID114563,723,112226,114563,4.016208067,0.202942738,0.400809584,2.00404792,67.5,446.7253105,91.35449303,0,
ID113106_ID112534,723,113106,112534,3.141160544,NaN,0.35446639,1.772331951,37.5,452.9478173,86.53409435,0,
ID114246_ID115503,723,114246,115503,1.040096068,0.468040408,0.203970201,1.019851003,87.5,443.3575994,95.56849492,0,
ID116421_ID111078,723,116421,111078,8.979281061,0.162225236,0.599308971,2.996544854,52.5,448.3754881,85.56644395,0,
ID116119_ID116421,723,116119,116421,3.223421182,0.244307245,0.359077773,1.795388866,47.5,450.0153896,84.078512,0,
ID115184_ID114246,723,115184,114246,12.44290238,0.019276919,0.705489968,3.527449842,82.5,444.3842301,94.53632111,0,
ID110785_ID112226,723,110785,112226,10.78441555,0.240551191,0.656792678,3.283963391,62.5,447.0812379,89.05004879,0,
ID111078_ID110785,723,111078,110785,1.140966371,0.089358084,0.213632055,1.068160274,57.5,447.1665781,87.15134026,0,
ID114563_ID117058,723,114563,117058,1.047660773,0.026403997,0.204710603,1.023553014,72.5,445.6957445,92.46023298,0,
ID112534_ID116119,723,112534,116119,6.291760483,0.066208765,0.501667638,2.508338192,42.5,451.5709483,84.93266503,0,
ID115193_ID114249,724,115193,114249,0.012567948,0.539048282,0.022421372,0.112106861,82.5,263.7846453,97.68755093,0,
ID117069_ID115193,724,117069,115193,11.08525939,0.595823838,0.665890664,3.329453318,77.5,264.9429025,98.81207485,0,
ID114249_ID115505,724,114249,115505,1.750369948,0.178917147,0.264603095,1.323015475,87.5,264.389435,97.33916018,0,
ID115505_ID114875,724,115505,114875,3.544569615,0.352083409,0.376540548,1.882702742,92.5,265.3036644,97.84232448,0,
ID112243_ID114575,724,112243,114575,0.917690125,0.146939043,0.191592288,0.957961442,67.5,265.5425464,98.38974581,0,
ID114575_ID117069,724,114575,117069,2.231191323,0.263329308,0.298743457,1.493717284,72.5,265.700967,99.36031601,0,
ID114875_ID116740,724,114875,116740,15.608198,0.028785292,0.79014424,3.9507212,97.5,266.1585722,100.6240305,0,
ID110807_ID112243,724,110807,112243,10.58050688,0.094451457,0.650553822,3.252769109,62.5,267.4400583,97.73392677,0,
ID111103_ID110807,724,111103,110807,4.774673045,NaN,0.437020505,2.185102525,57.5,270.0861221,97.77832239,0,
ID115199_ID114254,726,115199,114254,4.048535417,0.150081262,0.402419454,2.012097268,82.5,197.2743713,102.1105622,0,
ID115511_ID114882,726,115511,114882,4.548605582,0.123251832,0.426549204,2.132746019,92.5,195.1355203,102.8802757,0,
ID112248_ID114576,726,112248,114576,5.540688844,NaN,0.470773357,2.353866785,67.5,201.171641,102.1657215,0,
ID114882_ID116742,726,114882,116742,0.746569248,0.064873921,0.172808478,0.864042388,97.5,193.7163042,103.3080162,0,
ID117071_ID115199,726,117071,115199,1.35758261,0.20411391,0.233030694,1.16515347,77.5,198.7497283,101.9310826,0,
ID114254_ID115511,726,114254,115511,0.057154985,0.084862771,0.047814218,0.239071088,87.5,196.2626001,102.5816566,0,
ID116742_ID115819,726,116742,115819,0.166367467,0.125781611,0.081576336,0.407881682,102.5,193.2595153,103.7106037,0,
ID114576_ID117071,726,114576,117071,2.163400532,0.315701353,0.294170055,1.470850275,72.5,199.8753756,101.6836729,0,
ID115819_ID117379,726,115819,117379,5.206093593,0.347169867,0.456337314,2.281686568,107.5,192.2242856,103.2690621,0,
ID115219_ID114274,729,115219,114274,0.142009724,0.249542059,0.075368355,0.376841776,82.5,98.05970426,111.6347695,0,
ID114594_ID117094,729,114594,117094,1.343188995,0.294659169,0.231792062,1.158960308,72.5,99.46023335,111.5796692,0,
ID114274_ID115534,729,114274,115534,2.676121389,0.512873569,0.327177101,1.635885506,87.5,97.68310212,112.186502,0,
ID115534_ID114898,729,115534,114898,2.330462749,0.5059183,0.305317065,1.526585323,92.5,97.20412465,112.1723981,0,
ID112265_ID114594,729,112265,114594,0.319799124,0.022886653,0.113101569,0.565507846,67.5,99.51800624,110.9131036,0,
ID111115_ID110821,729,111115,110821,2.291157097,0.041212414,0.302731372,1.513656862,57.5,101.3407868,110.6171902,0,
ID116471_ID111115,729,116471,111115,1.656377289,NaN,0.257400644,1.28700322,52.5,102.7322067,110.682524,0,
ID117094_ID115219,729,117094,115219,2.566112164,0.42174301,0.320381783,1.601908913,77.5,98.87115771,111.9730062,0,
ID110821_ID112265,729,110821,112265,0.748596537,0.094461022,0.173042947,0.865214734,62.5,100.1823678,110.6508719,0,
ID117114_ID115243,730,117114,115243,2.738056034,0.007853642,0.330941447,1.654707235,77.5,307.1500013,127.8172147,0,
ID114293_ID115546,730,114293,115546,31.31310796,0.155158858,1.119162329,5.595811645,87.5,302.4533942,122.4149775,0,
ID110851_ID112288,730,110851,112288,16.72549756,0.571815918,0.817936368,4.089681841,62.5,308.9856336,131.3364819,0,
ID114920_ID116780,730,114920,116780,15.16161817,0.037055023,0.778758452,3.89379226,97.5,306.1640991,122.6892344,0,
ID115546_ID114920,730,115546,114920,20.47811711,0.605608552,0.905055073,4.525275363,92.5,302.033441,121.9771553,0,
ID112288_ID117114,730,112288,117114,1.208687804,0.004670488,0.109940339,1.099403385,70,307.8343898,129.0118663,0,
ID115243_ID114293,730,115243,114293,16.3110961,0.022168063,0.807739961,4.038699803,82.5,305.8947812,125.2662073,0,
ID111146_ID110851,730,111146,110851,2.383485596,NaN,0.308770827,1.543854137,57.5,309.3587732,132.6038509,0,
ID114915_ID116776,731,114915,116776,4.090948347,0.270481214,0.404521858,2.022609292,97.5,18.89763147,120.181287,0,
ID115548_ID114915,731,115548,114915,5.089572741,0.170468058,0.451201629,2.256008143,92.5,17.52931935,121.1389721,0,
ID114292_ID115548,731,114292,115548,1.472493065,NaN,0.24269265,1.213463252,87.5,16.60528728,122.4380685,0,
ID115238_ID114295,732,115238,114295,6.906366557,0.117658472,0.525599336,2.627996681,82.5,265.0581572,124.632773,0,
ID114295_ID115551,732,114295,115551,7.664516368,0.583132317,0.553697259,2.768486295,87.5,265.1540364,124.929745,0,
ID117109_ID115238,732,117109,115238,18.25515566,0.127663153,0.854521051,4.272605255,77.5,268.3230616,125.1815633,0,
ID114613_ID117109,732,114613,117109,13.43745429,NaN,0.733142668,3.665713339,72.5,272.0760872,125.5380595,0,
ID114619_ID117113,733,114619,117113,4.081561063,0.33940354,0.404057474,2.020287371,72.5,252.0317542,128.6962735,0,
ID110846_ID112290,733,110846,112290,5.390532028,0.547222319,0.464350386,2.321751931,62.5,252.3616764,130.6826592,0,
ID114303_ID115558,733,114303,115558,1.283018253,0.576490152,0.226540791,1.132703956,87.5,246.2730631,127.5401048,0,
ID117113_ID115242,733,117113,115242,8.400720918,0.082957921,0.579679943,2.898399717,77.5,249.9229976,127.5329841,0,
ID111143_ID110846,733,111143,110846,5.066220414,0.621714113,0.450165321,2.250826607,57.5,252.4836322,130.2373955,0,
ID112290_ID114619,733,112290,114619,4.185598824,0.491356305,0.409174722,2.045873609,67.5,251.9861932,130.0396103,0,
ID115242_ID114303,733,115242,114303,8.26188789,0.121007233,0.574869999,2.874349994,82.5,247.1691967,127.4419598,0,
ID116501_ID111143,733,116501,111143,2.316447588,NaN,0.304397608,1.521988038,52.5,252.1371958,130.1202754,0,
ID114627_ID117122,734,114627,117122,3.128716331,0.017235639,0.353763556,1.768817778,72.5,452.0516895,133.9743987,0,
ID114307_ID115566,734,114307,115566,0.817355543,0.240125457,0.180815435,0.904077177,87.5,450.69979,133.1142092,0,
ID110850_ID112299,734,110850,112299,9.40359483,0.506702839,0.613305628,3.066528139,62.5,453.8819258,134.1582078,0,
ID116507_ID111148,734,116507,111148,8.296880387,NaN,0.576086118,2.88043059,52.5,454.9985305,134.3356712,0,
ID115253_ID114307,734,115253,114307,0.356807034,0.335509533,0.119466654,0.597333269,82.5,450.856462,132.5086684,0,
ID114932_ID116793,734,114932,116793,1.211764873,0.464671506,0.220160385,1.100801923,97.5,450.3348811,132.559287,0,
ID117122_ID115253,734,117122,115253,1.004088312,0.023098507,0.200408414,1.002042071,77.5,451.3341717,132.7917405,0,
ID111148_ID110850,734,111148,110850,0.645368365,0.398071258,0.160669644,0.803348221,57.5,454.5043196,133.1027859,0,
ID115566_ID114932,734,115566,114932,1.95303907,0.597892125,0.279502348,1.397511742,92.5,450.7540762,132.8588295,0,
ID112299_ID114627,734,112299,114627,0.466299525,0.383894926,0.136572256,0.682861278,67.5,452.7055536,135.0102091,0,
ID114309_ID115563,735,114309,115563,2.353325757,0.380750086,0.306811066,1.534055331,87.5,317.1975028,134.1961127,0,
ID117119_ID115250,735,117119,115250,15.26497946,0.024137505,0.781408458,3.90704229,77.5,321.3477065,130.9442939,0,
ID111151_ID110849,735,111151,110849,5.727773292,0.625677898,0.478655337,2.393276685,57.5,325.2931492,133.7936764,0,
ID116203_ID116504,735,116203,116504,2.075597663,NaN,0.288138693,1.440693466,47.5,326.1321794,132.8226013,0,
ID110849_ID112293,735,110849,112293,1.177423159,0.260791886,0.217018263,1.085091314,62.5,325.9403707,132.5092373,0,
ID112293_ID114622,735,112293,114622,4.389113924,0.456771676,0.419004245,2.095021223,67.5,325.6638122,131.7531882,0,
ID115250_ID114309,735,115250,114309,18.23369108,0.254799162,0.854018526,4.270092632,82.5,318.587336,132.7316545,0,
ID115563_ID114930,735,115563,114930,3.956048828,0.158490378,0.397796371,1.988981857,92.5,316.5703117,132.6944124,0,
ID116504_ID111151,735,116504,111151,4.655977375,0.287905368,0.431554278,2.157771391,52.5,325.2962286,133.9123409,0,
ID114622_ID117119,735,114622,117119,2.43636741,0.142142675,0.312177348,1.560886738,72.5,324.0725694,131.1101392,0,
ID117123_ID115255,736,117123,115255,3.936716022,0.286212782,0.396823186,1.98411593,77.5,162.1977654,135.5124692,0,
ID114316_ID115570,736,114316,115570,5.368969791,0.256421926,0.46342075,2.317103751,87.5,165.6621646,139.124236,0,
ID114625_ID117123,736,114625,117123,4.045235561,0.023651615,0.402255419,2.011277097,72.5,162.6087531,134.0617868,0,
ID115255_ID114316,736,115255,114316,12.89202847,0.023925463,0.71810942,3.590547099,82.5,163.5863462,137.9240253,0,
ID112294_ID114625,736,112294,114625,3.408126654,NaN,0.369222245,1.846111225,67.5,164.2713927,133.0909502,0,
ID114940_ID116803,737,114940,116803,1.853281619,0.40484481,0.272270573,1.361352863,97.5,102.5966106,140.8301634,0,
ID114642_ID117141,737,114642,117141,0.436946621,0.431110337,0.132203876,0.66101938,72.5,108.1232645,150.7836022,0,
ID117141_ID115272,737,117141,115272,3.032041691,0.413708216,0.348255176,1.74127588,77.5,108.5769057,150.1617638,0,
ID111171_ID110868,737,111171,110868,30.70130871,0.397191548,1.108175234,5.540876168,57.5,114.5883309,148.7527566,0,
ID112633_ID116230,737,112633,116230,2.513619569,NaN,0.317087973,1.585439866,42.5,114.6083018,152.7360495,0,
ID114322_ID115576,737,114322,115576,7.557952482,0.256206264,0.549834611,2.749173054,87.5,107.1282399,145.296338,0,
ID110868_ID112320,737,110868,112320,9.138940547,0.121627259,0.604613614,3.023068069,62.5,110.5393051,149.4154155,0,
ID115576_ID114940,737,115576,114940,30.49301096,0.16608234,1.104409543,5.522047714,92.5,104.3771265,142.6384298,0,
ID116230_ID111171,737,116230,111171,19.02821288,0.117358251,0.436213398,4.362133983,50,116.377264,150.8402802,0,
ID112320_ID114642,737,112320,114642,2.016978584,0.06267742,0.284040742,1.420203712,67.5,108.5683619,150.3882949,0,
ID116803_ID115878,737,116803,115878,15.13445075,0.46518626,0.778060428,3.890302141,102.5,101.7736812,139.5054784,0,
ID115272_ID114322,737,115272,114322,14.07784232,0.065384978,0.750409017,3.752045085,82.5,108.6302136,147.4473061,0,
ID114961_ID116821,738,114961,116821,1.819920077,0.5268158,0.269808827,1.349044135,97.5,110.6262408,153.5901979,0,
ID115900_ID117455,738,115900,117455,8.850022825,0.010097482,0.594979758,2.974898792,107.5,107.8286769,153.8173076,0,
ID114334_ID115591,738,114334,115591,6.069389796,0.455725447,0.492722632,2.463613159,87.5,110.0841324,153.7723052,0,
ID115275_ID114334,738,115275,114334,5.521941805,NaN,0.469976246,2.349881232,82.5,109.8598895,152.7896983,0,
ID115591_ID114961,738,115591,114961,1.790428834,0.466733144,0.267613814,1.338069069,92.5,110.9516662,153.501368,0,
ID116821_ID115900,738,116821,115900,1.807806446,0.339989491,0.268909386,1.34454693,102.5,109.9577878,154.1761133,0,
ID114336_ID115593,739,114336,115593,0.757086484,0.149483287,0.174021434,0.870107168,87.5,194.5701377,155.6035826,0,
ID115278_ID114336,739,115278,114336,0.003214186,0.481560007,0.011338758,0.05669379,82.5,195.003698,155.4614873,0,
ID117147_ID115278,739,117147,115278,4.481996991,0.545435581,0.423414548,2.117072741,77.5,194.0035752,155.7380551,0,
ID114647_ID117147,739,114647,117147,4.452910961,NaN,0.422038432,2.110192162,72.5,193.7939409,155.3570767,0,
ID112327_ID114651,740,112327,114651,4.445217369,0.047579435,0.421673683,2.108368414,67.5,174.8672983,156.0439659,0,
ID116529_ID111178,740,116529,111178,0.221460961,NaN,0.094119278,0.470596389,52.5,177.3893932,154.4910011,0,
ID117148_ID115283,740,117148,115283,1.711252486,0.480093572,0.261629699,1.308148496,77.5,174.5347469,157.2042376,0,
ID111178_ID110877,740,111178,110877,1.555758332,0.150249964,0.249460084,1.247300418,57.5,176.6806306,154.0954614,0,
ID115283_ID114338,740,115283,114338,3.639917843,0.305934148,0.381571374,1.907856872,82.5,173.4436034,157.6497751,0,
ID114338_ID115595,740,114338,115595,2.551234634,0.082827762,0.319451695,1.597258474,87.5,171.8560526,156.9999023,0,
ID114651_ID117148,740,114651,117148,0.313677988,0.562851282,0.112013925,0.560069627,72.5,174.4580615,156.7245409,0,
ID110877_ID112327,740,110877,112327,2.030040284,0.292704791,0.284958964,1.424794822,62.5,175.7980718,154.5566298,0,
ID117160_ID115294,741,117160,115294,5.161868778,0.063437406,0.454394929,2.271974643,77.5,5.179505032,162.7096374,0,
ID113214_ID112649,741,113214,112649,6.447456654,NaN,0.50783685,2.53918425,37.5,10.82793627,163.0615054,0,
ID115294_ID114347,741,115294,114347,0.70250963,0.140761714,0.167631695,0.838158475,82.5,3.699937986,162.6560705,0,
ID116240_ID116541,741,116240,116541,0.059008316,0.391617394,0.048583255,0.242916273,47.5,11.06030671,160.490215,0,
ID112338_ID114669,741,112338,114669,13.14255699,0.220598377,0.725053294,3.625266472,67.5,10.24309184,163.8295389,0,
ID114347_ID115610,741,114347,115610,2.695342418,0.189364032,0.328349961,1.641749804,87.5,3.213866145,163.663635,0,
ID112649_ID116240,741,112649,116240,4.74734416,0.285475422,0.435768019,2.178840095,42.5,11.54156681,161.422968,0,
ID114669_ID117160,741,114669,117160,26.31956492,0.472027992,1.026051946,5.130259732,72.5,8.491317224,164.271512,0,
ID110884_ID112338,741,110884,112338,8.759233235,0.483702413,0.591920036,2.959600182,62.5,10.90451519,161.0987799,0,
ID111186_ID110884,741,111186,110884,1.824301424,0.433055123,0.270133406,1.350667029,57.5,11.34213983,160.1211355,0,
ID116541_ID111186,741,116541,111186,0.299962125,0.347221437,0.109537596,0.547687981,52.5,10.81938412,160.3461586,0,
ID115301_ID114354,743,115301,114354,0.589608003,0.581092384,0.153571873,0.767859364,82.5,380.6719899,165.7437248,0,
ID114668_ID117168,743,114668,117168,0.280040653,0.596977104,0.105837735,0.529188674,72.5,380.654118,165.3076206,0,
ID115615_ID114980,743,115615,114980,1.186328455,0.605632211,0.217837412,1.089187062,92.5,380.8980045,165.9097792,0,
ID115918_ID117478,743,115918,117478,0.963917748,0.270433658,0.196358626,0.981793129,107.5,379.4455134,162.964592,0,
ID117168_ID115301,743,117168,115301,0.782657072,0.463648204,0.176935816,0.884679079,77.5,380.6441632,165.6338947,0,
ID114980_ID116838,743,114980,116838,0.184147918,0.469540804,0.085824919,0.429124595,97.5,380.9312538,165.4882667,0,
ID116838_ID115918,743,116838,115918,7.541842443,0.254581837,0.549248302,2.746241512,102.5,379.9238059,164.4444808,0,
ID114354_ID115615,743,114354,115615,0.897119587,0.514771994,0.189432794,0.94716397,87.5,380.8175699,165.9532282,0,
ID112347_ID114668,743,112347,114668,0.917063903,NaN,0.191526907,0.957634535,67.5,380.8677963,165.3653948,0,
ID114670_ID117166,744,114670,117166,4.570916941,0.309205416,0.427594057,2.137970285,72.5,218.1224952,165.4314065,0,
ID114362_ID115628,744,114362,115628,0.907471599,0.117534884,0.190522608,0.952613038,87.5,217.4659498,169.2375769,0,
ID112344_ID114670,744,112344,114670,0.692421571,NaN,0.166423745,0.832118724,67.5,219.2571254,165.2067302,0,
ID117166_ID115305,744,117166,115305,4.87552231,0.408121161,0.441611699,2.208058493,77.5,217.3929322,166.3036244,0,
ID114993_ID116861,744,114993,116861,2.228371776,0.316393295,0.298554637,1.492773183,97.5,215.7515951,170.123246,0,
ID115628_ID114993,744,115628,114993,3.126928416,0.411746688,0.353662461,1.768312307,92.5,216.7426271,169.5384913,0,
ID115305_ID114362,744,115305,114362,2.190870991,0.113975782,0.296031822,1.48015911,82.5,217.5173914,168.0719564,0,
ID117192_ID115321,745,117192,115321,1.145278128,0.080412555,0.214035336,1.070176681,77.5,180.5250155,172.2287728,0,
ID114374_ID115632,745,114374,115632,3.216514128,0.181904321,0.358692856,1.793464281,87.5,178.1031883,171.2258549,0,
ID112373_ID114698,745,112373,114698,0.976808817,0.03571784,0.197667278,0.988336389,67.5,181.5256026,173.8295316,0,
ID114698_ID117192,745,114698,117192,1.325053286,0.26782557,0.230221918,1.151109589,72.5,181.2583898,173.0328699,0,
ID110927_ID112373,745,110927,112373,6.462524365,NaN,0.508429911,2.542149556,62.5,180.6288492,175.3434457,0,
ID115321_ID114374,745,115321,114374,2.406681273,0.223588501,0.310269642,1.551348211,82.5,179.4807521,171.8278937,0,
ID114696_ID117200,746,114696,117200,1.914006255,0.449979015,0.27669523,1.383476149,72.5,75.96952605,174.0809705,0,
ID110908_ID112368,746,110908,112368,11.70212177,0.199546677,0.684167283,3.420836414,62.5,76.45964507,173.1005794,0,
ID114392_ID115651,746,114392,115651,0.527070062,0.476351209,0.145199182,0.725995911,87.5,75.47469551,176.4590637,0,
ID111204_ID110908,746,111204,110908,8.907774781,NaN,0.59691791,2.98458955,57.5,78.57013451,171.2387993,0,
ID115336_ID114392,746,115336,114392,0.791751086,0.333144753,0.177960792,0.889803959,82.5,75.37411305,176.1667758,0,
ID115651_ID115021,746,115651,115021,1.937463473,0.621005465,0.278385594,1.39192797,92.5,75.76087415,176.287874,0,
ID117200_ID115336,746,117200,115336,2.352810921,0.057514743,0.306777504,1.533887519,77.5,75.24173791,175.3277685,0,
ID112368_ID114696,746,112368,114696,2.550685315,0.575996352,0.319417302,1.597086508,67.5,75.60573787,173.5425129,0,
ID115342_ID114400,748,115342,114400,3.136018488,0.480740636,0.354176142,1.77088071,82.5,68.8048036,178.1250609,0,
ID115029_ID116880,748,115029,116880,8.20429454,0.587890051,0.572862795,2.864313974,97.5,70.45858727,176.7063242,0,
ID115970_ID117518,748,115970,117518,3.913609357,0.499039241,0.39565689,1.978284448,107.5,72.38325659,175.1913374,0,
ID117216_ID115342,748,117216,115342,4.806255096,0.197450405,0.438463458,2.192317289,77.5,68.48801946,178.7951107,0,
ID114400_ID115653,748,114400,115653,1.084428636,0.292895826,0.208271807,1.041359033,87.5,69.86449307,177.9518085,0,
ID114724_ID117216,748,114724,117216,14.68222291,NaN,0.766347778,3.831738889,72.5,70.91348781,179.9368056,0,
ID115653_ID115029,748,115653,115029,0.351993947,0.560818741,0.118658155,0.593290777,92.5,69.88009391,177.6922414,0,
ID116880_ID115970,748,116880,115970,3.271477458,0.248650568,0.361744521,1.808722604,102.5,72.12180461,175.7388421,0,
ID117213_ID115348,750,117213,115348,0.486190228,0.449136093,0.139454685,0.697273424,77.5,296.9055804,178.6918142,0,
ID115039_ID116896,750,115039,116896,0.570322851,0.330891255,0.151039445,0.755197227,97.5,297.2137534,178.9374916,0,
ID114409_ID115664,750,114409,115664,0.634127235,0.414883392,0.159264212,0.796321062,87.5,296.81673,179.4469503,0,
ID112393_ID114718,750,112393,114718,0.106171997,NaN,0.065168089,0.325840446,67.5,296.8302404,179.2556879,0,
ID115664_ID115039,750,115664,115039,0.004107867,0.061939413,0.012818529,0.064092644,92.5,297.2242686,179.313623,0,
ID115348_ID114409,750,115348,114409,0.635616395,0.222411248,0.159451108,0.797255539,82.5,296.5065673,179.1861044,0,
ID114718_ID117213,750,114718,117213,0.746504019,0.438203857,0.172800928,0.864004641,72.5,297.0786878,178.9918155,0,
ID115058_ID116916,751,115058,116916,1.613732687,0.525180407,0.254065557,1.270327787,97.5,392.6950846,190.4192281,0,
ID114423_ID115681,751,114423,115681,3.5948195,0.096167062,0.379200185,1.896000923,87.5,391.8793231,189.3565627,0,
ID117234_ID115371,751,117234,115371,9.231693225,0.136302575,0.607674032,3.038370159,77.5,390.5747434,186.6282913,0,
ID115681_ID115058,751,115681,115058,0.100744557,0.442581308,0.063480566,0.317402831,92.5,392.4998546,189.9554181,0,
ID116004_ID117570,751,116004,117570,2.241336792,0.21926023,0.299421896,1.497109479,107.5,392.8451806,194.7349549,0,
ID112404_ID114733,751,112404,114733,1.895512382,NaN,0.275355217,1.376776083,67.5,395.3911586,184.2223985,0,
ID116916_ID116004,751,116916,116004,10.86811803,0.012377369,0.659336577,3.296682883,102.5,393.1431697,192.6574434,0,
ID115371_ID114423,751,115371,114423,3.256114492,0.355627893,0.360894139,1.804470696,82.5,390.4833236,188.2249326,0,
ID114733_ID117234,751,114733,117234,22.45348916,0.570272861,0.947702256,4.738511281,72.5,393.7816984,184.8318017,0,
ID117252_ID115388,752,117252,115388,9.620017714,0.314695296,0.620323068,3.10161534,77.5,126.5850864,197.096863,0,
ID114755_ID117252,752,114755,117252,4.37817293,0.031080055,0.418481681,2.092408404,72.5,128.3444697,196.4680377,0,
ID116925_ID116006,752,116925,116006,4.961048653,0.064746214,0.445468232,2.227341162,102.5,125.7554663,196.7275156,0,
ID115068_ID116925,752,115068,116925,1.280522344,0.548717297,0.226320334,1.131601672,97.5,127.4144137,196.7827895,0,
ID112430_ID114755,752,112430,114755,5.520997784,0.275103411,0.469936072,2.349680358,67.5,130.2280001,197.6323953,0,
ID116006_ID117565,752,116006,117565,19.65069021,0.286665619,0.886581981,4.432909904,107.5,124.6629379,194.3535243,0,
ID115692_ID115068,752,115692,115068,7.947821478,0.513588698,0.563837618,2.819188088,92.5,126.7916528,197.4527416,0,
ID111274_ID110970,752,111274,110970,5.004412106,NaN,0.447410867,2.237054337,57.5,132.1431815,199.1616934,0,
ID115388_ID114437,752,115388,114437,1.257549131,0.463897183,0.224280996,1.121404981,82.5,126.2243889,198.2824138,0,
ID110970_ID112430,752,110970,112430,0.383900288,0.299644467,0.123919375,0.619596876,62.5,131.1826485,198.4727039,0,
ID114437_ID115692,752,114437,115692,1.366480338,0.606449203,0.2337931,1.168965499,87.5,126.1968851,198.2213926,0,
ID114446_ID115701,753,114446,115701,0.500187379,0.399508788,0.141447853,0.707239266,87.5,173.0001832,201.3017929,0,
ID110978_ID112433,753,110978,112433,1.5943988,NaN,0.252539011,1.262695054,62.5,176.741725,200.4578602,0,
ID114760_ID117262,753,114760,117262,1.567548433,0.398173634,0.250403549,1.252017745,72.5,172.4179056,200.2034636,0,
ID112433_ID114760,753,112433,114760,17.65681596,0.183385343,0.840400285,4.202001423,67.5,174.3012594,199.7718538,0,
ID115393_ID114446,753,115393,114446,0.995532519,0.451229875,0.199552752,0.997763759,82.5,173.0163436,200.8246884,0,
ID117262_ID115393,753,117262,115393,0.124692563,0.52345992,0.070623668,0.353118342,77.5,172.6611208,200.6188478,0,
ID115093_ID114152,754,115093,114152,7.254994222,0.213705012,0.53870193,2.693509648,82.5,48.57527017,18.65014427,0,
ID115409_ID114778,754,115409,114778,0.085951257,0.316297081,0.05863489,0.293174449,92.5,49.46371784,17.52627347,0,
ID114461_ID116952,754,114461,116952,22.11149992,0.077800707,0.940457334,4.70228667,72.5,56.28629293,19.77722651,0,
ID114778_ID115711,754,114778,115711,5.06463971,0.171212144,0.225047544,2.250475441,100,50.57780083,17.52627347,0,
ID116952_ID115093,754,116952,115093,27.06931488,0.12001291,1.040563595,5.202817975,77.5,51.58864385,20.34540546,0,
ID115711_ID117273,754,115711,117273,12.70969247,0.026127207,0.713013113,3.565065564,107.5,53.47598345,17.37969462,0,
ID114152_ID115409,754,114152,115409,1.787300504,0.381806479,0.267379917,1.336899586,87.5,48.7968349,17.37969462,0,
ID112131_ID114461,754,112131,114461,3.655969838,NaN,0.382411811,1.912059057,67.5,59.06615079,18.08196532,0,
ID115418_ID114781,755,115418,114781,2.243634746,0.35716754,0.299575349,1.497876746,92.5,450.5502282,21.04987158,0,
ID115095_ID114158,755,115095,114158,1.512360356,NaN,0.245956123,1.229780613,82.5,452.5062656,20.43986281,0,
ID114158_ID115418,755,114158,115418,6.471519518,0.55338298,0.508783629,2.543918143,87.5,451.853278,20.77730043,0,
ID114781_ID116645,755,114781,116645,7.610202113,0.226235749,0.551731895,2.758659477,97.5,448.7770739,20.60412802,0,
ID116962_ID115105,757,116962,115105,13.00715121,NaN,0.721308567,3.606542834,77.5,21.14197479,32.0770903,0,
ID115105_ID114169,757,115105,114169,7.33826109,0.544968868,0.541784499,2.708922496,82.5,20.7192861,32.74106715,0,
ID115426_ID114791,757,115426,114791,2.959777306,0.334198625,0.344080067,1.720400333,92.5,24.84501473,33.24426243,0,
ID114169_ID115426,757,114169,115426,7.60668858,0.080408018,0.551604517,2.758022585,87.5,23.39721654,32.68912065,0,
ID114482_ID116968,758,114482,116968,9.955985325,0.501043735,0.631062131,3.155310654,72.5,125.6196507,34.6747884,0,
ID116968_ID115107,758,116968,115107,4.507170959,0.339168705,0.424601976,2.123009882,77.5,124.296719,33.4715007,0,
ID115425_ID114787,758,115425,114787,2.620244918,0.12423525,0.323743412,1.618717059,92.5,122.5134654,30.06089347,0,
ID114170_ID115425,758,114170,115425,6.336036128,0.26672454,0.503429682,2.517148412,87.5,121.7751743,31.89138458,0,
ID115107_ID114170,758,115107,114170,3.331201673,0.141517826,0.365031597,1.825157986,82.5,122.4441857,33.47535131,0,
ID112152_ID114482,758,112152,114482,8.559792232,NaN,0.585142452,2.925712261,67.5,124.8490085,35.24294171,0,
ID114787_ID116654,758,114787,116654,2.075292756,0.404515481,0.288117529,1.440587643,97.5,123.3238081,30.15150843,0,
ID116654_ID115727,758,116654,115727,4.192348274,0.522132084,0.409504494,2.047522472,102.5,123.7532135,29.81874173,0,
ID116653_ID115726,760,116653,115726,9.20443503,0.264498308,0.606776237,3.033881183,102.5,40.27185894,29.49262376,0,
ID115429_ID114790,760,115429,114790,0.629085102,NaN,0.158629771,0.793148853,92.5,38.79319348,33.91011782,0,
ID115726_ID117284,760,115726,117284,3.511198657,0.210354847,0.374763854,1.87381927,107.5,41.87901565,28.07632191,0,
ID114790_ID116653,760,114790,116653,14.26999093,0.2492016,0.75551283,3.777564152,97.5,38.99758423,31.87025392,0,
ID114823_ID116675,762,114823,116675,24.11492339,0.367658023,0.982138959,4.910694797,97.5,370.0784717,55.12171185,0,
ID115454_ID114823,762,115454,114823,6.861519323,0.229536166,0.523890039,2.619450195,92.5,371.7200961,56.95179236,0,
ID116996_ID115131,762,116996,115131,6.044168008,NaN,0.491697794,2.458488968,77.5,375.0573251,56.91198044,0,
ID115131_ID115454,762,115131,115454,1.543738711,0.089260615,0.124247282,1.242472821,85,373.373895,56.76621942,0,
ID115463_ID114832,764,115463,114832,5.647103771,NaN,0.475272712,2.37636356,92.5,379.8487949,66.1144409,0,
ID116689_ID115770,764,116689,115770,2.524408687,0.136541384,0.317767757,1.588838786,102.5,378.5758883,66.47696023,0,
ID114832_ID116689,764,114832,116689,2.85415669,0.597130115,0.337884992,1.689424958,97.5,380.1174482,66.37930765,0,
ID114834_ID116693,765,114834,116693,7.872704259,0.373730843,0.561166794,2.805833968,97.5,107.5425274,68.16877687,0,
ID115464_ID114834,765,115464,114834,7.099239208,NaN,0.532887951,2.664439755,92.5,107.5555915,66.54218031,0,
ID116699_ID115777,766,116699,115777,2.489644891,0.073933313,0.315572172,1.577860859,102.5,58.48670284,72.56137986,0,
ID115777_ID117342,766,115777,117342,1.471555838,0.571490593,0.242615403,1.213077013,107.5,58.61933636,72.7938646,0,
ID115470_ID114838,766,115470,114838,21.98282857,NaN,0.937716984,4.688584921,92.5,61.09285978,71.34926683,0,
ID114838_ID116699,766,114838,116699,9.113643235,0.439583349,0.603776225,3.018881123,97.5,59.39558237,70.48880678,0,
ID116773_ID115843,767,116773,115843,18.33390892,0.219883363,0.856362281,4.281811407,102.5,79.22614676,116.12024,0,
ID114909_ID116773,767,114909,116773,29.36573121,0.317759847,1.083803141,5.419015705,97.5,83.24514848,117.1405368,0,
ID115545_ID114909,767,115545,114909,9.937333684,NaN,0.630470735,3.152353674,92.5,86.21438889,118.0655326,0,
ID114914_ID116772,768,114914,116772,16.15034699,0.442924467,0.803749886,4.018749431,97.5,174.3934063,117.5632717,0,
ID115538_ID114914,768,115538,114914,16.13027121,NaN,0.803250178,4.01625089,92.5,175.9407989,116.6513828,0,
ID114919_ID116777,769,114919,116777,24.79877428,0.162185515,0.995967355,4.979836773,97.5,41.88324797,120.9674249,0,
ID112282_ID114609,769,112282,114609,5.356377785,0.168584553,0.462876994,2.314384969,67.5,47.92997039,123.0588302,0,
ID115246_ID114302,769,115246,114302,1.274738988,0.270791504,0.225808679,1.129043395,82.5,47.23734758,127.9888782,0,
ID117108_ID115246,769,117108,115246,7.321282156,0.242723737,0.541157358,2.705786791,77.5,45.84423383,127.2561669,0,
ID114302_ID114919,769,114302,114919,49.37050952,0.15693857,0.702641513,7.026415125,90,46.01282994,124.6471026,0,
ID110844_ID112282,769,110844,112282,27.08307725,NaN,1.040828079,5.204140395,62.5,49.48008168,126.1754765,0,
ID116777_ID115852,769,116777,115852,4.132589541,0.399602353,0.406575432,2.032877158,102.5,40.10674225,119.5604374,0,
ID114609_ID117108,769,114609,117108,18.06294735,0.320621408,0.850010526,4.250052629,72.5,45.93368825,124.3668089,0,
ID115552_ID114924,770,115552,114924,0.543440451,NaN,0.147436827,0.737184137,92.5,245.9988131,126.1285292,0,
ID116785_ID115863,770,116785,115863,4.519437008,0.254465934,0.425179351,2.125896754,102.5,243.092969,125.7154085,0,
ID114924_ID116785,770,114924,116785,6.962050522,0.364026679,0.527713957,2.638569787,97.5,244.8053115,126.5888959,0,
ID115863_ID117423,770,115863,117423,7.106101284,0.627955591,0.533145432,2.665727159,107.5,243.1917484,125.9666086,0,
ID123089_ID123550,781,123089,123550,6.034818181,0.456795239,0.491317339,2.456586693,217.5,439.8627472,69.86472996,0,
ID120530_ID120282,781,120530,120282,2.127597276,0.252558189,0.291725712,1.45862856,187.5,437.0237067,70.53063761,0,
ID124161_ID123962,781,124161,123962,6.761844619,0.086921765,0.520070942,2.60035471,237.5,443.7068663,67.1665426,0,
ID122599_ID122850,781,122599,122850,0.675375189,0.424009939,0.164362427,0.821812137,207.5,440.2515658,70.67137331,0,
ID122850_ID123089,781,122850,123089,1.270947445,0.610010756,0.22547261,1.127363049,212.5,440.4095096,70.65310939,0,
ID123550_ID123332,781,123550,123332,8.15317076,0.367625978,0.571075153,2.855375765,222.5,438.4524444,70.65944292,0,
ID121034_ID120530,781,121034,120530,1.981036134,0.073168105,0.281498571,1.407492854,182.5,436.5878768,71.60227385,0,
ID120745_ID121034,781,120745,121034,5.652378697,0.264070665,0.475494635,2.377473175,177.5,434.8135644,72.1702392,0,
ID124348_ID124161,781,124348,124161,22.99634345,0.191164373,0.959090057,4.795450287,232.5,440.3542789,68.52852978,0,
ID123332_ID124348,781,123332,124348,5.278636694,0.596430923,0.459505678,2.297528388,227.5,438.2063338,70.90199453,0,
ID120282_ID122355,781,120282,122355,32.05909218,0.470166797,1.13241498,5.662074901,192.5,439.2725121,71.29568114,0,
ID121302_ID121580,781,121302,121580,7.930201279,0.012136884,0.281606131,2.816061306,165,432.6365334,67.87764661,0,
ID121580_ID120745,781,121580,120745,11.98858691,0.145574209,0.692490777,3.462453886,172.5,432.9294934,70.79889459,0,
ID121830_ID122599,781,121830,122599,7.858133939,0.407093187,0.560647267,2.803236333,202.5,440.4767878,71.88846807,0,
ID122060_ID121302,781,122060,121302,0.949424689,NaN,0.194876852,0.974384261,157.5,433.144998,66.05467081,0,
ID122355_ID121830,781,122355,121830,2.106091354,0.446612976,0.290247574,1.45123787,197.5,441.010107,73.02649232,0,
ID119792_ID121607,784,119792,121607,3.051753369,0.620706029,0.349385367,1.746926836,167.5,255.5567459,98.7143773,0,
ID121607_ID120800,784,121607,120800,1.696227568,0.470050545,0.260478603,1.302393016,172.5,255.4733801,98.09757942,0,
ID120800_ID121066,784,120800,121066,1.145430939,0.350976133,0.214049615,1.070248074,177.5,254.8825292,97.61411578,0,
ID122098_ID121334,784,122098,121334,7.310591704,NaN,0.540762118,2.703810589,157.5,257.0257671,98.58515606,0,
ID121066_ID120563,784,121066,120563,0.440450228,0.190032928,0.132732849,0.663664243,182.5,254.693852,96.86085344,0,
ID121334_ID119792,784,121334,119792,1.022367474,0.158169813,0.202224378,1.011121889,162.5,255.3327509,99.00732467,0,
ID119799_ID121616,785,119799,121616,0.846846256,0.599338468,0.1840485,0.920242498,167.5,263.1258837,104.1680732,0,
ID121616_ID120819,785,121616,120819,18.41813278,0.012731218,0.858327042,4.29163521,172.5,260.68012,105.0653792,0,
ID120323_ID122396,785,120323,122396,0.236919316,0.624987922,0.097348717,0.486743583,192.5,258.8552736,106.3594501,0,
ID121342_ID119799,785,121342,119799,0.29118923,0.621624852,0.107923905,0.539619523,162.5,263.3219251,104.1483696,0,
ID122105_ID121342,785,122105,121342,15.61939548,NaN,0.790427618,3.95213809,157.5,264.8900742,103.475446,0,
ID120819_ID121083,785,120819,121083,14.81964482,0.23709034,0.769925836,3.84962918,177.5,258.6307777,107.7513843,0,
ID121083_ID120575,785,121083,120575,23.83425299,0.534849703,0.976406739,4.882033695,182.5,259.7359372,107.5217154,0,
ID120575_ID120323,785,120575,120323,6.25903488,0.502687151,0.500361265,2.501806323,187.5,259.7595199,105.9149925,0,
ID120564_ID120314,786,120564,120314,4.797989094,0.066585965,0.438086252,2.190431258,187.5,302.2862256,97.99642083,0,
ID122891_ID123122,786,122891,123122,5.318641791,0.033031944,0.461243614,2.306218071,212.5,296.7053557,98.37135627,0,
ID123122_ID123593,786,123122,123593,6.179005327,0.536143873,0.497152103,2.485760513,217.5,296.5326839,98.89795462,0,
ID121339_ID119794,786,121339,119794,3.192659674,0.099878068,0.357360304,1.786801521,162.5,307.5248844,102.1352361,0,
ID122386_ID121865,786,122386,121865,4.259944792,0.292526895,0.412792674,2.06396337,197.5,301.5258207,99.09850564,0,
ID121865_ID122637,786,121865,122637,2.407966788,0.2436674,0.310352496,1.551762478,202.5,300.0416002,99.22842327,0,
ID122107_ID121339,786,122107,121339,11.68207027,NaN,0.683580874,3.417904369,157.5,309.8456036,103.1420062,0,
ID120802_ID121072,786,120802,121072,8.672620551,0.44575784,0.588986266,2.944931332,177.5,304.4358453,99.8403485,0,
ID123366_ID124383,786,123366,124383,3.430774166,0.294883892,0.370446982,1.852234911,227.5,300.9365728,97.81813206,0,
ID120314_ID122386,786,120314,122386,2.5163735,0.598344188,0.317261627,1.586308135,192.5,302.0055944,97.81763988,0,
ID122637_ID122891,786,122637,122891,2.532063463,0.108149625,0.318249177,1.591245884,207.5,298.6171926,98.71409099,0,
ID119794_ID121610,786,119794,121610,4.257230973,0.04345305,0.412661167,2.063305836,167.5,306.2693636,100.6908805,0,
ID124383_ID124197,786,124383,124197,8.648686407,0.539246548,0.588172982,2.940864908,232.5,301.0668298,97.07990289,0,
ID123593_ID123366,786,123593,123366,13.98874879,0.288238057,0.748030716,3.740153579,222.5,298.8653578,98.44921454,0,
ID124197_ID123989,786,124197,123989,9.482833074,0.090757156,0.61588418,3.079420899,237.5,300.6159273,94.18173482,0,
ID121072_ID120564,786,121072,120564,5.338189648,0.452388252,0.462090452,2.310452261,182.5,303.2888273,99.97640274,0,
ID121610_ID120802,786,121610,120802,1.744200665,0.054974425,0.264136379,1.320681894,172.5,305.4541855,99.22555458,0,
ID122910_ID123155,788,122910,123155,13.05403236,0.216964778,0.722607289,3.613036446,212.5,66.09048023,117.8456468,0,
ID120337_ID122402,788,120337,122402,9.170022884,0.164963694,0.605640913,3.028204564,192.5,62.5372604,117.2199819,0,
ID121627_ID120836,788,121627,120836,56.52142125,0.012073834,1.503614595,7.518072974,172.5,54.30645629,117.9899583,0,
ID122658_ID122910,788,122658,122910,2.234532893,0.267665824,0.298967081,1.494835407,207.5,64.27034021,116.5150359,0,
ID121091_ID120587,788,121091,120587,5.886887412,0.324532678,0.485258175,2.426290875,182.5,59.21201632,119.024031,0,
ID121877_ID122658,788,121877,122658,0.777449312,0.195785587,0.176346172,0.881730861,202.5,63.36499043,116.2232106,0,
ID120587_ID120337,788,120587,120337,4.163021347,0.188530799,0.408069668,2.04034834,187.5,61.20099011,119.1289916,0,
ID122118_ID121355,788,122118,121355,0.640648504,NaN,0.160081042,0.800405212,157.5,45.49361129,112.7141525,0,
ID119810_ID121627,788,119810,121627,16.70974636,0.094159209,0.817551133,4.087755663,167.5,49.7033299,114.4605037,0,
ID121355_ID119810,788,121355,119810,5.288845794,0.078196693,0.459949814,2.299749072,162.5,47.00968543,112.9007073,0,
ID120836_ID121091,788,120836,121091,3.698433886,0.355099357,0.384626254,1.923131271,177.5,57.73673309,119.3385403,0,
ID122402_ID121877,788,122402,121877,0.058747885,0.298151525,0.048475926,0.24237963,197.5,63.07928033,115.7907342,0,
ID122133_ID121365,790,122133,121365,6.052054951,NaN,0.492018494,2.460092468,157.5,190.7612041,119.918322,0,
ID119815_ID121628,790,119815,121628,2.600332778,0.459065632,0.322510947,1.612554736,167.5,190.5927541,116.8223612,0,
ID121365_ID119815,790,121365,119815,5.405065802,0.019791428,0.464975948,2.324879739,162.5,191.0730376,117.5491957,0,
ID121882_ID122659,791,121882,122659,2.836507823,0.478022509,0.336838705,1.684193523,202.5,190.6059642,118.335566,0,
ID122405_ID121882,791,122405,121882,6.020299565,0.539017011,0.490725975,2.453629875,197.5,189.7855037,118.1585867,0,
ID124015_ID123820,791,124015,123820,1.054699832,0.57444134,0.20539716,1.026985799,242.5,198.7409227,114.3794758,0,
ID121366_ID119822,791,121366,119822,2.406973984,0.404764734,0.31028851,1.551442549,162.5,192.2960071,119.466673,0,
ID121095_ID120586,791,121095,120586,2.152921031,0.071371274,0.293456711,1.467283555,182.5,189.8153393,119.287082,0,
ID120339_ID122405,791,120339,122405,3.328822396,0.437148394,0.364901214,1.824506069,192.5,189.2318508,118.0496731,0,
ID121637_ID120840,791,121637,120840,1.993683188,0.083695095,0.282395693,1.411978466,172.5,190.2624627,120.6153573,0,
ID120840_ID121095,791,120840,121095,0.719933048,0.437484398,0.169697737,0.848488685,177.5,189.7190324,120.4238354,0,
ID124400_ID124214,791,124400,124214,1.775607912,0.040839587,0.266503877,1.332519385,232.5,194.9609273,114.5732098,0,
ID120586_ID120339,791,120586,120339,0.322868738,0.459451881,0.11364308,0.568215398,187.5,189.5782579,118.7524376,0,
ID123605_ID123387,791,123605,123387,3.65793719,0.060350027,0.382514689,1.912573447,222.5,191.0223013,115.9949614,0,
ID123144_ID123605,791,123144,123605,0.262047334,0.527001843,0.102381118,0.511905591,217.5,190.2522604,115.0706002,0,
ID123387_ID124400,791,123387,124400,10.56146243,0.270234336,0.649968074,3.24984037,227.5,193.0748057,115.8565902,0,
ID122132_ID121366,791,122132,121366,2.21307318,NaN,0.297528028,1.487640138,157.5,192.9978043,119.8634114,0,
ID124214_ID124015,791,124214,124015,14.37330191,0.172347964,0.758242756,3.791213778,237.5,197.3339806,114.34843,0,
ID122659_ID122911,791,122659,122911,0.654451646,0.241080514,0.161796372,0.808981858,207.5,190.3774844,117.3040836,0,
ID122911_ID123144,791,122911,123144,5.142050121,0.221639211,0.45352178,2.267608899,212.5,190.0823038,115.97317,0,
ID119822_ID121637,791,119822,121637,0.79146526,0.052034562,0.177928667,0.889643333,167.5,191.2690002,120.1083556,0,
ID121410_ID119861,794,121410,119861,22.19988953,0.012288052,0.942335174,4.711675872,162.5,39.65800433,158.8681825,0,
ID122468_ID121948,794,122468,121948,24.80582492,0.112868706,0.996108928,4.980544641,197.5,40.83471729,165.2333436,0,
ID120641_ID120395,794,120641,120395,0.583628123,0.137938537,0.152791115,0.763955577,187.5,37.58674301,160.9111637,0,
ID121948_ID122729,794,121948,122729,0.965087139,0.387799435,0.196477697,0.982388487,202.5,42.56376289,166.8372678,0,
ID122190_ID121410,794,122190,121410,1.453454282,NaN,0.241118583,1.205592917,157.5,41.97684259,160.704251,0,
ID120890_ID121146,794,120890,121146,13.88907285,0.524282607,0.745360929,3.726804643,177.5,41.11595285,160.1455326,0,
ID122729_ID122977,794,122729,122977,24.94045219,0.02398627,0.998808334,4.994041669,207.5,40.01880299,168.3977126,0,
ID119861_ID120890,794,119861,120890,33.73225724,0.295219915,0.580794776,5.807947765,170,40.38484456,158.7384902,0,
ID121146_ID120641,794,121146,120641,2.208127418,0.092838535,0.297195385,1.485976924,182.5,38.60905725,160.610015,0,
ID122977_ID123217,794,122977,123217,8.476034962,0.47798171,0.582272615,2.911363076,212.5,38.27932675,168.2653746,0,
ID120395_ID122468,794,120395,122468,11.75798357,0.439613541,0.685798325,3.428991626,192.5,37.96259921,162.3860755,0,
ID122246_ID121480,795,122246,121480,11.06839468,NaN,0.66538394,3.326919698,157.5,453.2462853,177.5312115,0,
ID121480_ID119940,795,121480,119940,22.55095466,0.127223093,0.949756909,4.748784545,162.5,453.8031814,181.3324043,0,
ID121750_ID120947,795,121750,120947,20.58682338,0.410268647,0.907454095,4.537270476,172.5,448.4367913,181.8794705,0,
ID119940_ID121750,795,119940,121750,36.81812738,0.283314754,1.213558855,6.067794276,167.5,450.4999462,183.8111226,0,
ID121370_ID119826,797,121370,119826,3.48593556,NaN,0.373413206,1.86706603,162.5,387.5185314,120.745548,0,
ID121892_ID122673,797,121892,122673,8.556164289,0.186043824,0.585018437,2.925092185,202.5,379.3089409,125.3059322,0,
ID120843_ID120602,797,120843,120602,4.274924726,0.177814313,0.206758911,2.06758911,180,381.829189,122.7272879,0,
ID120602_ID120344,797,120602,120344,12.25364479,0.521568592,0.700104129,3.500520646,187.5,380.8298895,122.8617571,0,
ID122413_ID121892,797,122413,121892,13.58214444,0.597863738,0.737079221,3.685396103,197.5,379.4343925,122.3495401,0,
ID119826_ID121640,797,119826,121640,10.49147207,0.160350705,0.647810839,3.239054193,167.5,385.1771915,121.0851796,0,
ID120344_ID122413,797,120344,122413,3.16387835,0.351587842,0.355745884,1.77872942,192.5,379.7319361,121.4231282,0,
ID122673_ID122925,797,122673,122925,0.848089485,0.429303562,0.184183548,0.92091774,207.5,379.5264078,126.5591176,0,
ID121640_ID120843,797,121640,120843,6.578789853,0.111627117,0.512983035,2.564915175,172.5,382.4005441,121.3704116,0,
ID119832_ID121646,798,119832,121646,5.159187377,NaN,0.454276893,2.271384463,167.5,447.1019382,126.2705842,0,
ID121646_ID120850,798,121646,120850,5.246363874,0.492908944,0.458098848,2.290494242,172.5,446.6303611,126.8634466,0,
ID120853_ID121113,799,120853,121113,13.52845936,0.539328498,0.735621081,3.678105403,177.5,348.2206982,130.0129136,0,
ID121113_ID120612,799,121113,120612,5.90131181,0.129112864,0.485852315,2.429261577,182.5,350.2418614,132.0963808,0,
ID120357_ID122433,799,120357,122433,30.06007128,0.300373064,1.096541313,5.482706565,192.5,353.0979048,135.8904394,0,
ID119834_ID121648,799,119834,121648,9.302319218,NaN,0.609994073,3.049970363,167.5,346.8009229,129.1173698,0,
ID121648_ID120853,799,121648,120853,2.82712459,0.622557094,0.336281108,1.68140554,172.5,347.4855141,129.142691,0,
ID120612_ID120357,799,120612,120357,4.574334272,0.244171864,0.427753867,2.138769336,187.5,351.7603618,133.1935132,0,
ID119845_ID121666,800,119845,121666,11.30544958,NaN,0.672471548,3.362357741,167.5,133.2294829,144.4179774,0,
ID121666_ID120869,800,121666,120869,3.876738245,0.39024392,0.393788687,1.968943434,172.5,131.7490871,145.0302464,0,
ID120869_ID121128,800,120869,121128,5.725563731,0.310039945,0.478563004,2.392815022,177.5,132.1378571,143.5143478,0,
ID120623_ID120372,800,120623,120372,8.01407335,0.302864755,0.566182774,2.830913872,187.5,131.522331,143.7208424,0,
ID122683_ID122932,800,122683,122932,14.19845692,0.054272809,0.753616797,3.768083985,207.5,129.5958798,133.9392271,0,
ID122438_ID121908,800,122438,121908,3.542568007,0.278742423,0.376434218,1.882171089,197.5,132.2556618,139.6997112,0,
ID120372_ID122438,800,120372,122438,17.37646282,0.437214031,0.833701693,4.168508464,192.5,131.4802153,142.006116,0,
ID121908_ID122683,800,121908,122683,12.9487065,0.076293157,0.719686223,3.598431117,202.5,131.1376515,137.2469808,0,
ID121128_ID120623,800,121128,120623,1.154360467,0.47329123,0.214882337,1.074411684,182.5,133.0142877,143.3309575,0,
ID122745_ID122982,801,122745,122982,2.059303211,0.467119233,0.28700545,1.435027251,207.5,169.2494266,170.6737262,0,
ID120648_ID120404,801,120648,120404,0.760262191,0.212985414,0.174386031,0.871930153,187.5,167.8363484,162.8044558,0,
ID120887_ID121143,801,120887,121143,5.372768145,0.341696326,0.463584648,2.31792324,177.5,168.2497409,159.2541391,0,
ID119857_ID121678,801,119857,121678,3.002650777,0.488428069,0.34656317,1.732815852,167.5,167.9906618,156.9639442,0,
ID122470_ID122745,801,122470,122745,47.45791252,0.10293618,0.688897035,6.888970353,200,169.7989146,167.7318019,0,
ID121678_ID120887,801,121678,120887,1.303113529,0.069529423,0.228307996,1.141539981,172.5,167.4995969,158.2925405,0,
ID120404_ID122470,801,120404,122470,4.411787809,0.102393885,0.420085125,2.100425626,192.5,168.9419876,163.7365905,0,
ID121405_ID119857,801,121405,119857,1.224623055,NaN,0.221325376,1.106626882,162.5,167.7378291,156.4547952,0,
ID121143_ID120648,801,121143,120648,10.05848834,0.340568583,0.634302399,3.171511996,182.5,168.4649009,161.0783022,0,
ID122452_ID121932,802,122452,121932,3.086231584,0.04369556,0.351353474,1.756767368,197.5,284.6113746,158.5542227,0,
ID120880_ID121137,802,120880,121137,1.545436696,0.130445951,0.248631188,1.243155942,177.5,277.2049411,154.6128477,0,
ID122710_ID122955,802,122710,122955,1.014965219,0.583668675,0.201490964,1.007454822,207.5,286.5528009,158.4124163,0,
ID121932_ID122710,802,121932,122710,4.049722407,0.247332719,0.402478442,2.01239221,202.5,286.1378793,158.7371803,0,
ID121137_ID120633,802,121137,120633,20.43974108,0.380914478,0.904206637,4.521033187,182.5,279.3231199,154.9111151,0,
ID121679_ID120880,802,121679,120880,9.778547243,0.055254142,0.625413375,3.127066875,172.5,276.1024617,156.3905623,0,
ID123661_ID123446,802,123661,123446,3.005616254,0.427536557,0.346734264,1.733671322,222.5,283.3834189,161.2198117,0,
ID119863_ID121679,802,119863,121679,4.592151861,NaN,0.428586134,2.142930671,167.5,274.5764179,158.5088998,0,
ID122955_ID123206,802,122955,123206,7.588578064,0.074872605,0.550947477,2.754737386,212.5,284.9267911,159.3060091,0,
ID124459_ID124260,802,124459,124260,0.493501561,0.360591905,0.140499332,0.702496662,232.5,283.4123473,163.0338376,0,
ID120383_ID122452,802,120383,122452,9.762966416,0.305344769,0.62491492,3.124574598,192.5,283.1520878,156.6146057,0,
ID123206_ID123661,802,123206,123661,2.025924113,0.255078988,0.284669922,1.42334961,217.5,284.0062822,160.7644435,0,
ID124260_ID124067,802,124260,124067,18.53882847,0.554834004,0.861134797,4.305673985,237.5,284.7364637,161.7715468,0,
ID123446_ID124459,802,123446,124459,5.14413366,0.477669531,0.453613653,2.268068266,227.5,283.1454975,161.9591734,0,
ID120633_ID120383,802,120633,120383,1.138407085,0.188086132,0.213392323,1.066961614,187.5,281.8513241,155.562561,0,
ID124067_ID123872,802,124067,123872,11.20176332,0.433262813,0.669380708,3.346903542,242.5,286.5554329,162.0626745,0,
ID123659_ID123443,804,123659,123443,1.260473164,0.092898142,0.224541592,1.12270796,222.5,331.6779509,159.5989871,0,
ID124257_ID124068,804,124257,124068,2.772727994,0.442463976,0.333030208,1.665151042,237.5,332.7147476,160.0735639,0,
ID123443_ID124455,804,123443,124455,0.196650064,0.239099575,0.088690488,0.443452438,227.5,331.7374009,160.2712915,0,
ID122954_ID123202,804,122954,123202,11.46766009,0.333690584,0.677278675,3.386393374,212.5,328.2850962,158.0263438,0,
ID120401_ID122463,804,120401,122463,2.046345646,0.322623402,0.286101076,1.430505381,192.5,326.5516665,162.2306423,0,
ID121426_ID119876,804,121426,119876,1.654575517,NaN,0.257260609,1.286303043,162.5,325.0778404,164.9632238,0,
ID119876_ID121695,804,119876,121695,5.703085062,0.432506485,0.477622657,2.388113285,167.5,324.0955427,165.0965158,0,
ID121695_ID120897,804,121695,120897,18.75367432,0.592102141,0.866110254,4.330551272,172.5,324.5569163,164.1937708,0,
ID120897_ID121156,804,120897,121156,2.274551317,0.52442523,0.301632314,1.508161569,177.5,325.2244797,162.7878503,0,
ID122721_ID122954,804,122721,122954,8.102419052,0.100592005,0.569294969,2.846474847,207.5,326.932203,159.636399,0,
ID121942_ID122721,804,121942,122721,5.190653686,0.478312509,0.455660123,2.278300614,202.5,326.9511638,162.1191215,0,
ID121156_ID120654,804,121156,120654,3.768196507,0.437194224,0.388236861,1.941184305,182.5,325.3263427,163.5975073,0,
ID124455_ID124257,804,124455,124257,2.199192145,0.603846722,0.296593469,1.482967345,232.5,332.0418142,159.8470997,0,
ID122463_ID121942,804,122463,121942,2.340730082,0.519426643,0.305988894,1.52994447,197.5,326.293077,162.5369603,0,
ID120654_ID120401,804,120654,120401,3.413536277,0.314069719,0.369515157,1.847575784,187.5,326.6472637,163.3707836,0,
ID123202_ID123659,804,123202,123659,3.877873432,0.168093521,0.393846337,1.969231686,217.5,330.7116508,158.4417638,0,
ID124068_ID123869,804,124068,123869,3.570797868,0.309885256,0.377931098,1.889655489,242.5,332.0157404,161.1369965,0,
ID121967_ID122754,806,121967,122754,0.022820438,0.017215927,0.03021287,0.151064351,202.5,156.1831052,176.1052714,0,
ID123699_ID123472,806,123699,123472,0.004323372,0.449907408,0.01315047,0.06575235,222.5,161.2737047,179.5166171,0,
ID121190_ID120706,806,121190,120706,0.089457596,0.340836733,0.059818925,0.299094627,182.5,156.3014785,175.5560163,0,
ID120435_ID122502,806,120435,122502,0.035347895,0.040361064,0.037602072,0.18801036,192.5,156.1461054,175.9223042,0,
ID123002_ID123246,806,123002,123246,0.016128992,0.284423519,0.025399993,0.126999967,212.5,160.6534239,179.6450048,0,
ID120706_ID120435,806,120706,120435,0.13059988,0.414308573,0.072277211,0.361386054,187.5,156.3337682,175.7234264,0,
ID120933_ID121190,806,120933,121190,0.013052828,0.041454161,0.022849795,0.114248973,177.5,156.1514864,175.5853036,0,
ID121726_ID120933,806,121726,120933,0.121229019,0.018301588,0.069635916,0.348179578,172.5,156.1751431,175.8143772,0,
ID119927_ID121726,806,119927,121726,13.3429352,0.006110634,0.730559654,3.652798269,167.5,156.3158582,177.8092442,0,
ID123246_ID123699,806,123246,123699,0.485446185,0.478171382,0.139347936,0.696739682,217.5,160.9540264,179.5932162,0,
ID122754_ID123002,806,122754,123002,31.56904716,0.047064924,1.123726785,5.618633923,207.5,158.457422,177.8767513,0,
ID121487_ID119927,806,121487,119927,0.777848674,NaN,0.176391459,0.881957297,162.5,156.4439445,180.0728352,0,
ID122502_ID121967,806,122502,121967,0.008134107,0.331029885,0.018037857,0.090189287,197.5,156.1043614,176.0140299,0,
ID121502_ID119947,807,121502,119947,0.061614,NaN,0.049644335,0.248221676,162.5,263.7004728,188.9513686,0,
ID119947_ID121754,807,119947,121754,3.857593023,0.264685718,0.392815123,1.964075615,167.5,264.6324538,188.537969,0,
ID121754_ID120964,807,121754,120964,6.596020505,0.552733784,0.513654378,2.568271891,172.5,264.2907059,188.1475178,0,
ID119953_ID121765,808,119953,121765,6.836161329,NaN,0.522921077,2.614605387,167.5,125.4000474,195.3220533,0,
ID120784_ID120470,808,120784,120470,13.82795209,0.5702429,0.743719089,3.718595446,187.5,126.4383171,197.4439182,0,
ID120976_ID121233,808,120976,121233,0.345055264,0.185536306,0.11748281,0.587414048,177.5,126.6993022,196.4990351,0,
ID121233_ID120784,808,121233,120784,1.246915363,0.23972706,0.223330729,1.116653645,182.5,127.4174497,196.5379696,0,
ID120470_ID122540,808,120470,122540,0.438692728,0.273817788,0.132467766,0.662338832,192.5,124.6881231,198.3100595,0,
ID121765_ID120976,808,121765,120976,3.44627871,0.448324134,0.371283111,1.856415554,172.5,125.5820042,196.3363832,0,
ID121297_ID119750,811,121297,119750,0.671186135,NaN,0.163851901,0.819259504,162.5,163.4892945,59.95747467,0,
ID120275_ID122342,811,120275,122342,1.554502515,0.074230145,0.24935938,1.246796902,192.5,169.3448143,62.04373732,0,
ID121023_ID120520,811,121023,120520,0.468984507,0.181820868,0.136964887,0.684824435,182.5,170.0467476,60.5473546,0,
ID120520_ID120275,811,120520,120275,1.093222881,0.356393596,0.209114598,1.045572992,187.5,169.9648812,61.10305897,0,
ID121570_ID120728,811,121570,120728,6.474175584,0.003647504,0.508888026,2.544440132,172.5,164.8826376,61.06235415,0,
ID123540_ID123318,811,123540,123318,1.644008664,0.065737167,0.256437802,1.282189012,222.5,170.5157786,57.84354364,0,
ID119750_ID121570,811,119750,121570,0.596143385,0.46902394,0.154420644,0.772103222,167.5,163.4307845,60.26121499,0,
ID122587_ID122836,811,122587,122836,4.492809201,0.259599455,0.423924956,2.119624778,207.5,172.9118478,60.41303005,0,
ID122836_ID123540,811,122836,123540,15.65882631,0.301508631,0.395712349,3.957123489,215,172.1696197,59.84144312,0,
ID120728_ID121023,811,120728,121023,15.85585022,0.167082017,0.796388102,3.981940509,177.5,167.8791392,61.01689412,0,
ID121817_ID122587,811,121817,122587,9.43038936,0.2069489,0.614178781,3.070893903,202.5,170.8444266,60.1241669,0,
ID122342_ID121817,811,122342,121817,3.835814019,0.578383919,0.391704686,1.958523428,197.5,169.254113,61.64842816,0,
ID123318_ID124337,811,123318,124337,6.08888073,0.026673365,0.49351315,2.46756575,227.5,169.5691528,56.22953717,0,
ID120730_ID121020,813,120730,121020,33.55716558,0.448605538,1.15857094,5.7928547,177.5,318.7751939,60.96272425,0,
ID119756_ID121571,813,119756,121571,8.740013723,0.008881065,0.591270284,2.956351421,167.5,319.2930724,64.10036814,0,
ID121571_ID120730,813,121571,120730,4.079930603,0.52526609,0.403976762,2.019883809,172.5,319.1811316,63.3294139,0,
ID121304_ID119756,813,121304,119756,15.46568048,NaN,0.786528588,3.932642939,162.5,317.5717789,67.08298094,0,
ID121579_ID120741,815,121579,120741,4.881937523,0.590076131,0.44190214,2.209510698,172.5,191.3425031,68.46123512,0,
ID120741_ID121033,815,120741,121033,9.862778683,0.052299928,0.628101224,3.140506119,177.5,189.7229424,70.56236389,0,
ID121826_ID122597,815,121826,122597,22.20919619,0.400624635,0.942532677,4.712663386,202.5,187.1460367,69.53361248,0,
ID119760_ID121579,815,119760,121579,2.225406725,0.182425929,0.298355943,1.491779717,167.5,191.5146431,68.10180691,0,
ID122847_ID123084,815,122847,123084,8.904800682,0.21980318,0.596818253,2.984091266,212.5,187.303011,67.30734564,0,
ID123084_ID123546,815,123084,123546,7.190562446,0.214499671,0.536304482,2.681522412,217.5,185.8488957,65.35246196,0,
ID120529_ID120283,815,120529,120283,16.13719603,0.477097978,0.803422579,4.017112897,187.5,188.4456104,70.31314119,0,
ID122349_ID121826,815,122349,121826,0.427904819,0.399344394,0.130828868,0.654144341,197.5,184.9211198,69.28220572,0,
ID121303_ID119760,815,121303,119760,0.99023283,NaN,0.199020886,0.995104432,162.5,190.417791,68.33658795,0,
ID122597_ID122847,815,122597,122847,4.481313257,0.556866027,0.423382251,2.116911254,207.5,188.5028685,69.1355513,0,
ID121033_ID120529,815,121033,120529,5.641882122,0.59719917,0.475052929,2.375264643,182.5,189.6728725,70.99704783,0,
ID120283_ID122349,815,120283,122349,4.360062765,0.189605566,0.417615266,2.088076331,192.5,185.7506477,69.75834073,0,
ID121036_ID120534,816,121036,120534,2.30777041,0.469004587,0.303826951,1.519134757,182.5,367.3929225,75.64312701,0,
ID120288_ID122358,816,120288,122358,0.634014622,0.563369357,0.15925007,0.796250351,192.5,369.249177,76.40252803,0,
ID121829_ID122602,816,121829,122602,2.916484055,0.377751139,0.341554333,1.707771664,202.5,372.2369535,73.37435885,0,
ID124167_ID123972,816,124167,123972,1.199513306,0.203934302,0.21904459,1.095222948,237.5,373.3342422,80.59070009,0,
ID122851_ID123093,816,122851,123093,14.2286874,0.581297883,0.754418648,3.772093238,212.5,371.5846444,73.3881253,0,
ID120751_ID121036,816,120751,121036,12.10131069,0.306963444,0.695738764,3.47869382,177.5,366.6485795,74.54730637,0,
ID121582_ID120751,816,121582,120751,0.296235946,0.520073755,0.108855123,0.544275616,172.5,365.3015377,73.39886462,0,
ID123093_ID123557,816,123093,123557,11.11766641,0.104948943,0.666863297,3.334316483,217.5,372.2865374,76.74766118,0,
ID123334_ID124354,816,123334,124354,2.600286869,0.391569738,0.3225081,1.612540502,227.5,375.08427,77.29394849,0,
ID124354_ID124167,816,124354,124167,8.077088797,0.204376723,0.568404391,2.842021956,232.5,374.2380007,79.068421,0,
ID122602_ID122851,816,122602,122851,9.534919563,0.611019456,0.617573301,3.087866507,207.5,371.7403061,72.88511073,0,
ID122358_ID121829,816,122358,121829,22.79640916,0.475502031,0.954911706,4.77455853,197.5,370.3051558,74.56675792,0,
ID119764_ID121582,816,119764,121582,2.300050518,NaN,0.303318349,1.516591744,167.5,364.7753733,73.53483319,0,
ID120534_ID120288,816,120534,120288,9.183880115,0.545257528,0.606098346,3.030491728,187.5,368.1492906,76.08429702,0,
ID123557_ID123334,816,123557,123334,11.15089622,0.450048907,0.667859153,3.339295767,222.5,373.536889,77.45869934,0,
ID123972_ID123776,816,123972,123776,6.874825258,0.520700539,0.52439776,2.621988798,242.5,373.8657304,79.88135371,0,
ID123357_ID124374,820,123357,124374,1.585535786,0.136192851,0.25183612,1.259180601,227.5,406.823367,93.87840112,0,
ID121859_ID122632,820,121859,122632,1.972531404,0.305281303,0.280893674,1.404468371,202.5,403.6252611,95.36441994,0,
ID120316_ID122385,820,120316,122385,25.01365337,0.33947699,1.00027303,5.00136515,192.5,405.2493909,98.79405289,0,
ID124374_ID124192,820,124374,124192,13.92472103,0.305810774,0.746316851,3.731584253,232.5,408.7666224,93.43190033,0,
ID122887_ID123120,820,122887,123120,0.970849132,0.086777533,0.197063353,0.985316767,212.5,404.0950917,96.50896301,0,
ID119796_ID121609,820,119796,121609,10.83445859,NaN,0.658314776,3.291573878,167.5,410.892389,100.780186,0,
ID121609_ID120804,820,121609,120804,1.001108438,0.097542477,0.200110813,1.000554066,172.5,411.3804527,98.73680856,0,
ID120804_ID121069,820,120804,121069,20.2164381,0.507042493,0.899253871,4.496269353,177.5,409.5585046,99.10632077,0,
ID120566_ID120316,820,120566,120316,4.287182528,0.356914959,0.414110252,2.070551262,187.5,406.8608079,100.8126771,0,
ID122632_ID122887,820,122632,122887,1.156267699,0.473178837,0.215059778,1.075298888,207.5,403.385707,95.79536678,0,
ID123585_ID123357,820,123585,123357,12.51726997,0.471659564,0.707595081,3.537975405,222.5,405.4467106,95.71175624,0,
ID123120_ID123585,820,123120,123585,0.039680327,0.431397862,0.039839843,0.199199214,217.5,404.2555051,96.92442787,0,
ID122385_ID121859,820,122385,121859,1.405765556,0.005146051,0.237129969,1.185649845,197.5,404.4546013,95.8045518,0,
ID124003_ID123808,820,124003,123808,2.618697289,0.41543334,0.323647789,1.618238947,242.5,412.4522326,96.94173984,0,
ID121069_ID120566,820,121069,120566,0.418417742,0.364375238,0.129370436,0.646852179,182.5,407.6338126,100.1517756,0,
ID124192_ID124003,820,124192,124003,17.03353638,0.232231796,0.825434101,4.127170506,237.5,411.2623707,95.57145896,0,
ID121076_ID120573,821,121076,120573,2.679043043,0.541761359,0.32735565,1.636778251,182.5,173.7336263,103.5840318,0,
ID119802_ID121615,821,119802,121615,1.672371134,0.176966396,0.258640378,1.293201892,167.5,170.956833,104.1363355,0,
ID121615_ID120815,821,121615,120815,3.054950426,0.14414607,0.34956833,1.747841648,172.5,172.2872532,103.6255267,0,
ID120815_ID121076,821,120815,121076,1.448149564,0.111053715,0.240678172,1.203390861,177.5,173.6499534,103.2224291,0,
ID121344_ID119802,821,121344,119802,2.820474253,NaN,0.335885353,1.679426763,162.5,170.5801743,105.4283037,0,
ID120747_ID120535,823,120747,120535,33.05385495,0.211259914,0.574924821,5.749248207,180,384.5017709,74.66263557,0,
ID121583_ID120747,823,121583,120747,1.093865561,NaN,0.209176056,1.045880281,172.5,386.759699,73.2884856,0,
ID120535_ID120287,823,120535,120287,1.286385708,0.522125209,0.22683789,1.13418945,187.5,382.5149031,76.01390988,0,
ID121042_ID120545,825,121042,120545,14.30224264,0.040621861,0.756366119,3.781830594,182.5,373.6410311,86.30357724,0,
ID121591_ID120764,825,121591,120764,2.086793198,NaN,0.288914742,1.444573708,172.5,371.5795839,83.43953691,0,
ID120764_ID121042,825,120764,121042,5.559065548,0.563100766,0.471553414,2.357767068,177.5,371.6578526,83.97999742,0,
ID121599_ID120789,826,121599,120789,0.811379243,NaN,0.180153184,0.90076592,172.5,381.4893736,92.76028792,0,
ID121058_ID120299,826,121058,120299,52.70098759,0.144189531,0.725954459,7.259544585,185,384.3084286,91.10629151,0,
ID121848_ID122631,826,121848,122631,15.85253829,0.156486727,0.796304924,3.981524619,202.5,385.206132,93.80141247,0,
ID122880_ID123119,826,122880,123119,11.1293088,0.503144242,0.667212374,3.33606187,212.5,385.7490918,95.30453861,0,
ID123119_ID123580,826,123119,123580,3.842076104,0.328920562,0.39202429,1.960121451,217.5,387.5891169,95.64521354,0,
ID122372_ID121848,826,122372,121848,3.282408566,0.133289187,0.362348372,1.81174186,197.5,386.3085658,91.32627988,0,
ID120789_ID121058,826,120789,121058,0.093512001,0.433321325,0.061159464,0.305797321,177.5,381.1781405,92.98847164,0,
ID122631_ID122880,826,122631,122880,2.58174375,0.549642401,0.321356111,1.606780554,207.5,384.6783246,94.97426992,0,
ID123580_ID123360,826,123580,123360,8.447913261,0.183424527,0.581305884,2.906529419,222.5,389.6423417,94.87774785,0,
ID120299_ID122372,826,120299,122372,2.276592005,0.47354069,0.301767593,1.508837965,192.5,387.2733056,90.08798495,0,
ID121090_ID120585,828,121090,120585,0.042085785,0.012065384,0.04102964,0.205148202,182.5,192.3690779,117.3127817,0,
ID124395_ID124212,828,124395,124212,1.192118596,0.486822328,0.218368367,1.091841836,232.5,193.4760499,112.7680942,0,
ID122906_ID123141,828,122906,123141,1.874657731,0.522754381,0.273836282,1.369181409,212.5,193.2990894,114.6923502,0,
ID124212_ID124013,828,124212,124013,14.53173219,0.310975374,0.762410183,3.812050916,237.5,195.3494788,113.4421527,0,
ID121631_ID120830,828,121631,120830,0.525345057,NaN,0.144961382,0.72480691,172.5,191.7609792,118.2162308,0,
ID120830_ID121090,828,120830,121090,1.246865193,0.417184425,0.223326236,1.11663118,177.5,191.8586449,117.732335,0,
ID123379_ID124395,828,123379,124395,0.522242417,0.206470911,0.144532684,0.722663419,227.5,193.255559,112.4850033,0,
ID122651_ID122906,828,122651,122906,13.70165318,0.432439071,0.740314884,3.701574419,207.5,192.0692545,114.2537279,0,
ID123141_ID123600,828,123141,123600,5.353972184,0.065026467,0.462773041,2.313865204,217.5,192.216149,113.2310298,0,
ID120585_ID120335,828,120585,120335,0.262747165,0.57095735,0.102517738,0.512588689,187.5,192.2143584,117.355671,0,
ID122401_ID121875,828,122401,121875,0.258256928,0.2335355,0.101637971,0.508189854,197.5,190.7674125,115.292532,0,
ID121875_ID122651,828,121875,122651,4.420166996,0.320417451,0.420483864,2.10241932,202.5,190.5327064,114.2447697,0,
ID123600_ID123379,828,123600,123379,2.643036229,0.509972426,0.325148349,1.625741747,222.5,192.2136935,112.5690895,0,
ID120335_ID122401,828,120335,122401,5.671434131,0.321391847,0.47629546,2.3814773,192.5,191.5026526,116.3784543,0,
ID120356_ID122426,829,120356,122426,0.687812344,0.256040313,0.165868905,0.829344527,192.5,24.15653992,132.5925775,0,
ID121643_ID120844,829,121643,120844,0.983983184,NaN,0.198391853,0.991959265,172.5,13.47194048,123.033358,0,
ID121109_ID120610,829,121109,120610,7.859363594,0.048531774,0.56069113,2.803455652,182.5,21.80157006,128.6520981,0,
ID122929_ID123164,829,122929,123164,1.632611297,0.309519121,0.255547357,1.277736787,212.5,24.90312079,129.023977,0,
ID122677_ID122929,829,122677,122929,2.125286707,0.060855736,0.291567262,1.45783631,207.5,24.32303154,129.814279,0,
ID123164_ID123621,829,123164,123621,1.331398349,0.118696802,0.230772472,1.153862361,217.5,25.98265605,128.5918719,0,
ID120610_ID120356,829,120610,120356,11.71931729,0.152701228,0.684669768,3.423348841,187.5,23.78434217,130.7568246,0,
ID122426_ID122677,829,122426,122677,5.672058277,0.250305975,0.238160834,2.381608338,200,24.10959704,131.7010842,0,
ID120844_ID121109,829,120844,121109,83.99651047,0.590771889,1.832992204,9.164961018,177.5,16.82099235,125.3920035,0,
ID120872_ID121132,832,120872,121132,24.37694652,0.233801325,0.987460309,4.937301543,177.5,215.9996805,147.7630652,0,
ID120630_ID120380,832,120630,120380,4.516751468,0.48676057,0.425053007,2.125265035,187.5,219.8905009,149.6319261,0,
ID120380_ID122447,832,120380,122447,8.542160874,0.363420929,0.584539507,2.922697534,192.5,218.4166804,149.0528581,0,
ID121659_ID120872,832,121659,120872,32.53105245,NaN,1.140719991,5.703599955,172.5,214.1880809,143.7070333,0,
ID121132_ID120630,832,121132,120630,6.434435736,0.108982085,0.507323792,2.536618958,182.5,219.4115807,148.9534026,0,
ID122447_ID121919,832,122447,121919,1.866471757,0.386561111,0.273237754,1.36618877,197.5,218.4095108,147.6762514,0,
ID121129_ID120625,833,121129,120625,2.510169309,0.436078116,0.316870277,1.584351384,182.5,414.6666808,144.1056448,0,
ID121922_ID122699,833,121922,122699,0.471652775,0.444966345,0.137353962,0.686769812,202.5,411.9412952,150.0974283,0,
ID121667_ID120873,833,121667,120873,1.60119428,NaN,0.253076611,1.265383057,172.5,415.235461,146.1919503,0,
ID120625_ID120377,833,120625,120377,11.35607121,0.120398246,0.673975407,3.369877033,187.5,413.648052,146.2572051,0,
ID120873_ID121129,833,120873,121129,9.874240642,0.527371212,0.62846609,3.142330448,177.5,415.4314144,145.1477996,0,
ID120377_ID121922,833,120377,121922,7.562638035,0.038138084,0.27500251,2.750025097,195,412.4124696,148.9964966,0,
ID122694_ID122945,834,122694,122945,1.158812826,0.446596174,0.215296338,1.076481689,207.5,252.0008389,144.6142561,0,
ID123191_ID123651,834,123191,123651,7.564003982,0.170538253,0.550054688,2.750273438,217.5,251.7682767,149.3832282,0,
ID123428_ID124445,834,123428,124445,2.770387727,0.548127951,0.332889635,1.664448175,227.5,252.0983012,150.4919761,0,
ID124252_ID124059,834,124252,124059,51.90201819,0.345162207,1.440861106,7.204305532,237.5,254.946541,154.2312816,0,
ID122945_ID123191,834,122945,123191,10.68768538,0.153033541,0.653840512,3.269202561,212.5,251.6611864,146.6429045,0,
ID120375_ID122443,834,120375,122443,0.619554576,0.115617179,0.157423578,0.787117892,192.5,253.8279754,146.0752329,0,
ID121914_ID122694,834,121914,122694,0.322829494,0.288392221,0.113636173,0.568180864,202.5,251.6487325,144.372591,0,
ID121668_ID120874,834,121668,120874,6.280087825,NaN,0.501202068,2.50601034,172.5,254.1041438,147.4882512,0,
ID120874_ID121130,834,120874,121130,17.41656301,0.510996257,0.834663118,4.173315589,177.5,253.4514159,146.4190777,0,
ID120624_ID120375,834,120624,120375,1.257266545,0.115951842,0.224255795,1.121278977,187.5,253.6629566,145.1743676,0,
ID124445_ID124252,834,124445,124252,8.597851122,0.027971299,0.586441851,2.932209256,232.5,251.5943039,152.7290445,0,
ID123651_ID123428,834,123651,123428,0.793879167,0.545433308,0.178199794,0.890998972,222.5,252.3929341,150.1433259,0,
ID121130_ID120624,834,121130,120624,0.105035174,0.515799649,0.064818261,0.324091305,182.5,253.6131861,144.4742917,0,
ID122443_ID121914,834,122443,121914,9.51427913,0.542692143,0.616904502,3.084522512,197.5,252.7694614,145.5196864,0,
ID124059_ID123861,834,124059,123861,12.862323,0.479472218,0.717281618,3.586408092,242.5,257.2099124,155.4823058,0,
ID120968_ID121225,838,120968,121225,9.069992441,0.158517986,0.602328563,3.011642814,177.5,119.5308341,189.4406268,0,
ID120767_ID120463,838,120767,120463,1.199917801,0.251325186,0.219081519,1.095407596,187.5,119.9607933,190.5094865,0,
ID121225_ID120767,838,121225,120767,1.18362974,0.542615762,0.217589498,1.087947489,182.5,120.4990251,189.8092475,0,
ID121756_ID120968,838,121756,120968,7.32560396,NaN,0.541317059,2.706585295,172.5,116.9622078,190.0424294,0,
ID121102_ID120601,841,121102,120601,1.206781286,0.247384708,0.219707195,1.098535974,182.5,95.28710148,123.0421024,0,
ID121356_ID119812,841,121356,119812,2.633593439,NaN,0.324567,1.622835001,162.5,92.96855791,113.793748,0,
ID120845_ID121102,841,120845,121102,0.14813927,0.245423455,0.076977729,0.384888646,177.5,95.01035653,122.4664103,0,
ID119812_ID120845,841,119812,120845,65.70523745,0.047399339,0.810587672,8.105876723,170,94.13804428,118.4380063,0,
ID121495_ID119937,844,121495,119937,4.696944558,NaN,0.433448708,2.167243539,162.5,114.8609357,184.1654491,0,
ID120950_ID121212,844,120950,121212,15.63379592,0.581242218,0.790791905,3.953959524,177.5,117.3469226,182.5990709,0,
ID119937_ID120950,844,119937,120950,20.06331936,0.126596133,0.447920968,4.479209681,170,116.8857462,182.2821015,0,
ID119773_ID120769,847,119773,120769,22.45070345,0.116036897,0.473821733,4.738217328,170,282.649982,87.8444586,0,
ID120547_ID120297,847,120547,120297,2.044452335,0.527485679,0.285968693,1.429843465,187.5,283.5590549,89.31403138,0,
ID120297_ID122370,847,120297,122370,10.26866804,0.041700633,0.64089525,3.204476251,192.5,281.2915924,89.73619935,0,
ID121313_ID119773,847,121313,119773,21.05366824,NaN,0.917685529,4.588427644,162.5,284.0629195,84.20893431,0,
ID121046_ID120547,847,121046,120547,4.926237239,0.202652744,0.443902568,2.219512838,182.5,283.2811802,88.78857028,0,
ID120769_ID121046,847,120769,121046,3.312298933,0.612003301,0.363994447,1.819972234,177.5,281.5126318,88.76631089,0,
ID122370_ID121846,847,122370,121846,3.199571753,0.558447958,0.357746936,1.788734679,197.5,280.6282892,90.22017366,0,
ID121846_ID122617,847,121846,122617,26.27229054,0.093976396,1.025130051,5.125650256,202.5,283.9085828,89.38649234,0,
ID122664_ID122919,848,122664,122919,1.578142318,0.43104891,0.251248269,1.256241346,207.5,91.1108978,120.9005603,0,
ID120846_ID121105,848,120846,121105,2.162249622,NaN,0.294091797,1.470458983,177.5,92.20484113,123.4072097,0,
ID120603_ID120347,848,120603,120347,1.176682651,0.444095701,0.216950008,1.084750041,187.5,92.2631552,123.8982861,0,
ID121888_ID122664,848,121888,122664,3.625327579,0.287450176,0.38080586,1.904029301,202.5,91.53309634,121.5808232,0,
ID123614_ID124406,848,123614,124406,30.9589057,0.052006902,0.556407276,5.564072762,225,94.30305431,119.8752845,0,
ID122415_ID121888,848,122415,121888,0.260510024,0.529126156,0.102080365,0.510401826,197.5,91.12835035,122.5148138,0,
ID123156_ID123614,848,123156,123614,1.637584754,0.418311861,0.255936301,1.279681505,217.5,90.95178736,119.9621825,0,
ID120347_ID122415,848,120347,122415,2.980508973,0.250238021,0.345283013,1.726415064,192.5,91.62223296,122.9377053,0,
ID122919_ID123156,848,122919,123156,2.124983238,0.37516427,0.291546445,1.457732224,212.5,90.45066195,120.4369978,0,
ID121105_ID120603,848,121105,120603,0.844160138,0.364516924,0.183756376,0.918781878,182.5,91.85198525,124.0845573,0,
ID124406_ID124218,848,124406,124218,1.690061625,0.322220527,0.26000474,1.300023702,232.5,96.96043748,118.8981358,0,
ID124218_ID124019,848,124218,124019,5.665010204,0.244042306,0.476025638,2.380128191,237.5,97.89366815,117.6737178,0,
ID124240_ID124050,849,124240,124050,14.59082888,0.016452079,0.76395887,3.819794351,237.5,213.953473,140.6492237,0,
ID122940_ID123175,849,122940,123175,1.364521702,0.589802006,0.233625487,1.168127434,212.5,207.9911267,137.3909265,0,
ID123175_ID123629,849,123175,123629,6.993489674,0.146843254,0.528904138,2.644520689,217.5,208.5171076,135.6706164,0,
ID120855_ID121115,849,120855,121115,21.23397719,NaN,0.921606797,4.608033983,177.5,209.8213526,133.4365971,0,
ID121901_ID122684,849,121901,122684,22.92654938,0.081051233,0.957633529,4.788167643,202.5,210.348276,134.9739895,0,
ID123629_ID123407,849,123629,123407,9.223503162,0.111977242,0.607404418,3.037022088,222.5,210.5058399,133.7993105,0,
ID124425_ID124240,849,124425,124240,4.996694943,0.057469687,0.447065764,2.235328822,232.5,213.4507294,137.6661143,0,
ID120611_ID120358,849,120611,120358,2.486109714,0.424200758,0.315348044,1.576740218,187.5,213.9314208,133.799668,0,
ID122684_ID122940,849,122684,122940,5.232380546,0.259899488,0.457487947,2.287439736,207.5,208.0882601,136.8177959,0,
ID120358_ID122425,849,120358,122425,5.101603259,0.569407072,0.45173458,2.258672898,192.5,214.2884614,133.5437926,0,
ID124050_ID123853,849,124050,123853,6.287574911,0.223417755,0.501500744,2.507503721,242.5,215.5406694,142.8399917,0,
ID122425_ID121901,849,122425,121901,7.505947329,0.534775118,0.54793968,2.739698401,197.5,213.6833887,133.388764,0,
ID121115_ID120611,849,121115,120611,4.641271273,0.132907076,0.430872198,2.154360989,182.5,213.0422996,133.4783292,0,
ID123407_ID124425,849,123407,124425,14.28583707,0.332657418,0.755932194,3.779660972,227.5,212.5822823,134.8169706,0,
ID120615_ID120360,850,120615,120360,1.428964364,0.099716126,0.239078595,1.195392975,187.5,101.519776,135.8948679,0,
ID122680_ID122931,850,122680,122931,3.613623743,0.183432026,0.380190675,1.900953377,207.5,101.1408499,132.0645052,0,
ID121117_ID120615,850,121117,120615,1.331405057,0.552699736,0.230773054,1.153865268,182.5,100.4754332,135.4419396,0,
ID120360_ID122430,850,120360,122430,4.797453909,0.557755969,0.438061818,2.19030909,192.5,101.033633,136.197798,0,
ID122430_ID121903,850,122430,121903,1.059616241,0.397960904,0.205875326,1.029376628,197.5,100.0755024,135.9018329,0,
ID121903_ID122680,850,121903,122680,7.880462936,0.053093354,0.561443245,2.807216225,202.5,100.8612494,134.1663645,0,
ID120859_ID121117,850,120859,121117,1.329039526,NaN,0.230567953,1.152839766,177.5,100.5739083,135.24886,0,
ID122931_ID123169,850,122931,123169,5.74135193,0.518206845,0.479222367,2.396111836,212.5,101.7417147,131.8726984,0,
ID120392_ID122456,851,120392,122456,0.297055262,0.397177704,0.109005552,0.545027762,192.5,25.63668785,160.006211,0,
ID122456_ID121939,851,122456,121939,4.248326248,0.252513488,0.412229366,2.061146828,197.5,26.01805754,161.0838489,0,
ID121939_ID122722,851,121939,122722,10.42540948,0.265673486,0.645768054,3.228840269,202.5,27.73269036,162.3196829,0,
ID122722_ID122968,851,122722,122968,3.116662558,0.038067566,0.353081439,1.765407193,207.5,30.17057972,162.8104481,0,
ID120895_ID121147,851,120895,121147,4.673314332,NaN,0.432356997,2.161784987,177.5,25.29171793,162.0651164,0,
ID121147_ID120645,851,121147,120645,0.326913879,0.573561565,0.114352766,0.571763831,182.5,25.92302084,161.5586416,0,
ID122968_ID123214,851,122968,123214,0.300060542,0.416763598,0.109555564,0.547777821,212.5,30.80497881,163.2734798,0,
ID123214_ID123664,851,123214,123664,0.155754534,0.219400605,0.078931498,0.394657489,217.5,30.41737263,163.3876462,0,
ID120645_ID120392,851,120645,120392,3.602558486,0.479701597,0.379608139,1.898040697,187.5,25.57456593,160.8793969,0,
ID121215_ID120757,853,121215,120757,16.17027348,0.138374472,0.804245572,4.021227858,182.5,351.1898258,184.7578737,0,
ID123010_ID123245,853,123010,123245,10.2651764,0.197989022,0.640786279,3.203931397,212.5,356.6843914,179.9632424,0,
ID120459_ID122527,853,120459,122527,6.149267057,0.307856534,0.495954315,2.479771574,192.5,356.5300006,184.9663522,0,
ID120960_ID121215,853,120960,121215,4.129177077,NaN,0.406407533,2.032037666,177.5,348.3703476,185.2789942,0,
ID123690_ID123464,853,123690,123464,6.178290014,0.260433162,0.497123325,2.485616626,222.5,358.9849764,176.133652,0,
ID122773_ID123010,853,122773,123010,0.470356999,0.019168805,0.137165156,0.685825779,207.5,355.8013017,181.5465665,0,
ID122527_ID121988,853,122527,121988,1.454462188,0.504177391,0.241202171,1.206010857,197.5,357.1320346,185.5338869,0,
ID123245_ID123690,853,123245,123690,5.267146305,0.046296654,0.459005286,2.295026428,217.5,358.5743219,177.9910019,0,
ID121988_ID122773,853,121988,122773,11.3371661,0.132356309,0.67341417,3.367070849,202.5,356.5936988,183.4102458,0,
ID123464_ID124474,853,123464,124474,2.648350113,0.340595234,0.325475044,1.627375222,227.5,359.2814383,174.7726919,0,
ID120757_ID120459,853,120757,120459,9.337430188,0.078182883,0.611144179,3.055720895,187.5,354.6358814,184.3312427,0,
ID121224_ID120774,855,121224,120774,27.43510304,0.385407994,1.047570581,5.237852903,182.5,307.6422476,191.5590514,0,
ID120971_ID121224,855,120971,121224,6.076017019,NaN,0.492991563,2.464957813,177.5,310.0019562,190.8119606,0,
ID123948_ID123753,856,123948,123753,1.349918359,0.238915019,0.232371974,1.16185987,242.5,445.7361705,48.99668017,0,
ID122580_ID122831,856,122580,122831,8.163368837,0.170822215,0.571432195,2.857160975,207.5,441.6708717,52.60063625,0,
ID123536_ID123312,856,123536,123312,26.01337313,0.09557059,1.020066138,5.100330688,222.5,444.0611237,52.36030338,0,
ID123312_ID124335,856,123312,124335,9.376999837,0.383423083,0.612437747,3.062188733,227.5,445.1621765,50.12768676,0,
ID122334_ID121807,856,122334,121807,6.310106635,0.376631207,0.502398513,2.511992563,197.5,437.521436,52.94215662,0,
ID123073_ID123536,856,123073,123536,0.819282957,0.552732806,0.181028501,0.905142506,217.5,441.5633851,53.94749195,0,
ID121017_ID120512,856,121017,120512,1.287131491,0.595875402,0.226903635,1.134518176,182.5,435.894644,52.75729068,0,
ID120265_ID122334,856,120265,122334,1.56117554,0.448251748,0.249894021,1.249470103,192.5,436.373152,52.53349857,0,
ID120707_ID121017,856,120707,121017,4.497423906,NaN,0.424142613,2.120713065,177.5,435.7964527,52.25799456,0,
ID124148_ID123948,856,124148,123948,3.367591436,0.391304877,0.367019969,1.835099844,237.5,445.1311003,50.09438177,0,
ID120512_ID120265,856,120512,120265,0.313593107,0.179202604,0.111998769,0.559993845,187.5,436.2210745,52.05580909,0,
ID122831_ID123073,856,122831,123073,4.023292243,0.423157372,0.401162922,2.005814608,212.5,442.1390812,53.75906539,0,
ID124335_ID124148,856,124335,124148,2.445134292,0.507040996,0.312738504,1.563692518,232.5,444.2025258,49.86827718,0,
ID121807_ID122580,856,121807,122580,3.130182161,0.051260731,0.353846416,1.769232082,202.5,439.5661412,52.36873517,0,
ID121016_ID120515,857,121016,120515,3.35632201,0.054286622,0.36640535,1.832026749,182.5,326.9020878,53.4304897,0,
ID120515_ID120268,857,120515,120268,0.136310413,0.095090399,0.07384048,0.369202401,187.5,325.8748372,53.77487029,0,
ID120711_ID121016,857,120711,121016,0.38819547,NaN,0.124610669,0.623053344,177.5,327.9888462,52.87829841,0,
ID121810_ID122582,857,121810,122582,5.671326133,0.54918082,0.476290925,2.381454625,202.5,328.9736574,53.98690838,0,
ID120268_ID122336,857,120268,122336,7.479711019,0.615141124,0.546981207,2.734906035,192.5,327.0448523,53.95178371,0,
ID122336_ID121810,857,122336,121810,0.51772663,0.371477327,0.143906446,0.71953223,197.5,328.2501708,54.46988338,0,
ID120536_ID122357,859,120536,122357,4.585872648,0.266437004,0.214146507,2.14146507,190,241.7463985,77.06923453,0,
ID121832_ID122603,859,121832,122603,1.613166686,0.24531873,0.254020998,1.27010499,202.5,243.9098647,75.33077427,0,
ID122603_ID122853,859,122603,122853,3.036115965,0.422254031,0.34848908,1.742445398,207.5,244.5350904,74.88127495,0,
ID122357_ID121832,859,122357,121832,8.144152903,0.375843821,0.570759245,2.853796227,197.5,242.1898034,75.63454427,0,
ID121037_ID120536,859,121037,120536,0.696140121,0.613464957,0.166870024,0.834350119,182.5,242.1353136,77.68217379,0,
ID120756_ID121037,859,120756,121037,2.62677937,NaN,0.324146841,1.620734207,177.5,242.5285455,77.72498143,0,
ID120554_ID122374,860,120554,122374,1.455605338,0.04757105,0.12064847,1.206484703,190,268.5610586,92.19885219,0,
ID123571_ID123346,860,123571,123346,9.09541671,0.255087954,0.603172171,3.015860857,222.5,271.7062951,90.18508323,0,
ID122374_ID121852,860,122374,121852,4.026873751,0.468160654,0.401341438,2.006707191,197.5,268.5996157,92.92440988,0,
ID122875_ID123571,860,122875,123571,1.730223372,0.302641708,0.131537955,1.315379554,215,271.0733516,91.88306789,0,
ID123346_ID124364,860,123346,124364,16.66321718,0.125112,0.816412082,4.082060408,227.5,274.676324,88.57002213,0,
ID121852_ID122620,860,121852,122620,7.149216647,0.386089705,0.534760382,2.673801909,202.5,269.9032557,92.53666199,0,
ID120783_ID121057,860,120783,121057,2.877907005,NaN,0.339287902,1.696439508,177.5,269.262677,92.70301334,0,
ID121057_ID120554,860,121057,120554,1.220034414,0.546899965,0.220910336,1.10455168,182.5,269.632101,92.53665119,0,
ID122620_ID122875,860,122620,122875,1.865603976,0.388580074,0.273174228,1.365871142,207.5,270.9959468,91.90751295,0,
ID124364_ID124178,860,124364,124178,2.502715969,0.092582354,0.316399492,1.581997462,232.5,277.2684658,87.58952934,0,
ID120317_ID122389,862,120317,122389,2.103927087,0.425180425,0.290098403,1.450492015,192.5,20.63048354,101.8148255,0,
ID122867_ID123102,862,122867,123102,1.455238338,0.057889366,0.24126652,1.206332599,212.5,14.57426535,87.6110499,0,
ID121863_ID122621,862,121863,122621,72.51980413,0.074841658,1.703171208,8.515856042,202.5,18.33250922,95.46835554,0,
ID120568_ID120317,862,120568,120317,2.410656214,0.383622266,0.310525762,1.552628808,187.5,20.05817824,102.2705152,0,
ID121075_ID120568,862,121075,120568,7.216655002,0.099881894,0.537276651,2.686383257,182.5,18.83494524,102.7184947,0,
ID122621_ID122867,862,122621,122867,15.52352109,0.057972994,0.787997997,3.939989985,207.5,15.45820941,90.00707689,0,
ID120808_ID121075,862,120808,121075,11.24393654,NaN,0.670639591,3.353197957,177.5,16.29692686,101.2598974,0,
ID122389_ID121863,862,122389,121863,9.957637455,0.444793391,0.631114489,3.155572445,197.5,20.96706971,100.5854671,0,
ID122643_ID122894,863,122643,122894,16.05226322,0.048346009,0.801305515,4.006527577,207.5,176.5713729,102.6813236,0,
ID124006_ID123812,863,124006,123812,6.12747335,0.465454147,0.495074675,2.475373376,242.5,182.6080011,101.0011712,0,
ID121869_ID122643,863,121869,122643,6.698771303,0.273478312,0.517639693,2.588198467,202.5,174.0313394,104.7477418,0,
ID123127_ID123592,863,123127,123592,5.366236008,0.514499375,0.463302752,2.316513762,217.5,178.9409694,100.8975081,0,
ID123592_ID123371,863,123592,123371,3.5020671,0.527263245,0.374276214,1.871381068,222.5,179.0568518,100.3434672,0,
ID122894_ID123127,863,122894,123127,3.15590014,0.211599908,0.355297067,1.776485334,212.5,178.8523434,101.5214941,0,
ID120572_ID120321,863,120572,120321,2.160882281,0.119251656,0.293998795,1.469993973,187.5,173.3341935,105.0291073,0,
ID122393_ID121869,863,122393,121869,0.167582088,0.269322966,0.081873583,0.409367913,197.5,172.9855227,105.6020665,0,
ID121074_ID120572,863,121074,120572,6.230372648,NaN,0.499214289,2.496071443,182.5,174.0172442,103.2544846,0,
ID123371_ID124385,863,123371,124385,3.422940986,0.230592445,0.370023836,1.850119181,227.5,180.5762903,99.98988068,0,
ID124385_ID124006,863,124385,124006,8.055184699,0.211251827,0.283816573,2.838165728,235,181.5894616,100.6893732,0,
ID120321_ID122393,863,120321,122393,0.084643981,0.294492385,0.058187277,0.290936387,192.5,173.1969587,105.7798016,0,
ID122905_ID123143,864,122905,123143,0.322211699,0.587611306,0.113527389,0.567636943,212.5,93.13459498,114.6895592,0,
ID122653_ID122905,864,122653,122905,0.01785972,0.020071357,0.026728053,0.133640263,207.5,93.11897856,114.4713223,0,
ID122404_ID121878,864,122404,121878,0.821167572,0.046662045,0.181236594,0.906182968,197.5,92.84362968,116.0558981,0,
ID121878_ID122653,864,121878,122653,3.76938938,0.542105613,0.388298307,1.941491535,202.5,92.82458714,115.4659197,0,
ID120329_ID122404,864,120329,122404,3.518447118,NaN,0.375150483,1.875752414,192.5,93.58721899,114.8902054,0,
ID122400_ID121881,865,122400,121881,18.06758324,0.200723947,0.850119597,4.250597986,197.5,167.6937619,116.9591808,0,
ID121881_ID122668,865,121881,122668,24.27004368,0.051676355,0.985292722,4.926463608,202.5,170.1351859,120.7992983,0,
ID120328_ID122400,865,120328,122400,8.450204609,NaN,0.581384713,2.906923564,192.5,166.7439153,113.9514524,0,
ID122668_ID122923,865,122668,122923,1.277691544,0.147681015,0.226070037,1.130350187,207.5,171.0366952,123.5621475,0,
ID123162_ID123618,865,123162,123618,13.20883823,0.434468668,0.726879309,3.634396543,217.5,169.2954045,124.9927519,0,
ID122923_ID123162,865,122923,123162,4.192416128,0.041475031,0.409507808,2.047539042,212.5,170.7878985,125.1235736,0,
ID120330_ID122399,866,120330,122399,12.4768585,0.548895211,0.706451937,3.532259687,192.5,82.16008487,114.8030421,0,
ID121086_ID120582,866,121086,120582,9.683813493,NaN,0.622376526,3.111882628,182.5,85.49424838,114.5889718,0,
ID120582_ID120330,866,120582,120330,11.35499401,0.014969288,0.67394344,3.369717201,187.5,82.37347558,115.4543516,0,
ID122655_ID122907,867,122655,122907,0.585403423,0.224396754,0.153023321,0.765116607,207.5,210.7851383,115.6665606,0,
ID122907_ID123145,867,122907,123145,1.267524129,0.219191925,0.225168748,1.125843741,212.5,211.3406999,115.0736891,0,
ID120333_ID122406,867,120333,122406,2.561839855,NaN,0.32011497,1.600574852,192.5,208.9075183,117.0656114,0,
ID121880_ID122655,867,121880,122655,2.693511669,0.312753494,0.32823843,1.641192149,202.5,209.9830645,116.3365075,0,
ID122406_ID121880,867,122406,121880,0.950473226,0.511702912,0.194984433,0.974922164,197.5,209.3834142,117.0828579,0,
ID124028_ID123829,870,124028,123829,5.161337194,0.007914042,0.454371531,2.271857653,242.5,307.0148051,121.9920031,0,
ID123159_ID123617,870,123159,123617,3.122853558,0.276213928,0.353431949,1.767159743,217.5,301.8297344,122.8389433,0,
ID122916_ID123159,870,122916,123159,4.955700349,0.60047203,0.445228047,2.226140236,212.5,301.8203863,121.292818,0,
ID122416_ID121891,870,122416,121891,0.766080809,0.373377858,0.175052085,0.875260424,197.5,301.2420841,123.5092665,0,
ID122666_ID122916,870,122666,122916,3.619064626,0.272042215,0.380476786,1.902383932,207.5,301.8323278,121.077056,0,
ID123617_ID123397,870,123617,123397,3.645952934,0.498518995,0.381887572,1.909437858,222.5,302.1538768,123.3318988,0,
ID124226_ID124028,870,124226,124028,1.044239067,0.2575941,0.204376033,1.021880163,237.5,305.4891005,122.611272,0,
ID123397_ID124413,870,123397,124413,5.931934953,0.143713759,0.487111279,2.435556395,227.5,304.1202281,123.8594211,0,
ID124413_ID124226,870,124413,124226,3.017706547,0.444438118,0.347430945,1.737154727,232.5,305.0760796,123.6565461,0,
ID120345_ID122416,870,120345,122416,4.161656962,NaN,0.408002792,2.040013961,192.5,300.529541,122.8282974,0,
ID121891_ID122666,870,121891,122666,6.564531233,0.628092061,0.512426823,2.562134117,202.5,301.7311149,122.8220727,0,
ID121097_ID120598,871,121097,120598,10.55421266,NaN,0.649744955,3.248724774,182.5,391.970656,121.376499,0,
ID120346_ID122408,871,120346,122408,33.8423553,0.337424351,1.163483654,5.817418268,192.5,387.0961166,121.0576202,0,
ID122408_ID122663,871,122408,122663,4.768810735,0.153096428,0.218376069,2.183760686,200,384.2342125,119.7479485,0,
ID122663_ID122922,871,122663,122922,11.8011085,0.316050303,0.68705483,3.435274152,207.5,384.6135473,121.7387072,0,
ID120598_ID120346,871,120598,120346,3.776597878,0.155326321,0.388669416,1.943347081,187.5,389.7584537,122.3462772,0,
ID122927_ID123166,872,122927,123166,2.41685018,0.527294431,0.31092444,1.554622198,212.5,176.9297036,128.7645517,0,
ID121894_ID122674,872,121894,122674,9.753136233,0.563059754,0.624600232,3.123001158,202.5,173.7069882,126.1264529,0,
ID123405_ID124422,872,123405,124422,6.103939193,0.188532409,0.494123029,2.470615145,227.5,179.9704943,132.7297989,0,
ID120351_ID122419,872,120351,122419,5.289432159,NaN,0.459975311,2.299876553,192.5,177.6905343,125.8545386,0,
ID122674_ID122927,872,122674,122927,11.07585453,0.047872759,0.665608129,3.328040644,207.5,176.4054128,127.8510763,0,
ID124422_ID124235,872,124422,124235,8.207310252,0.418281425,0.572968071,2.864840354,232.5,180.8037772,133.7895809,0,
ID123626_ID123405,872,123626,123405,0.06557805,0.457215461,0.051216423,0.256082116,222.5,178.7341969,133.1768348,0,
ID122419_ID121894,872,122419,121894,18.30207445,0.042402282,0.855618477,4.278092384,197.5,174.4216322,125.7077477,0,
ID123166_ID123626,872,123166,123626,28.18838816,0.449136774,1.061854758,5.309273789,217.5,177.4269781,130.9612459,0,
ID124235_ID124044,872,124235,124044,19.39154777,0.030192591,0.880716703,4.403583515,237.5,179.5813711,137.2015421,0,
ID120607_ID120353,873,120607,120353,1.287246907,0.594020772,0.226913808,1.13456904,187.5,312.3988394,126.6397056,0,
ID121106_ID120607,873,121106,120607,8.636625178,NaN,0.587762713,2.938813566,182.5,313.1804962,126.1629548,0,
ID120353_ID122420,873,120353,122420,0.650481745,0.542686094,0.161304897,0.806524485,192.5,312.4118232,126.378869,0,
ID121902_ID122682,874,121902,122682,1.258710795,0.035628738,0.224384562,1.121922811,202.5,378.9981905,134.3800496,0,
ID122682_ID122936,874,122682,122936,9.680556913,0.575265734,0.622271867,3.111359335,207.5,379.9645949,134.7214785,0,
ID120355_ID122428,874,120355,122428,27.46479303,0.166978656,1.048137263,5.240686313,192.5,382.7373686,133.7908162,0,
ID121111_ID120609,874,121111,120609,0.102188522,NaN,0.063933879,0.319669395,182.5,383.7068778,129.1388796,0,
ID120609_ID120355,874,120609,120355,7.5757292,0.552358551,0.550480852,2.752404258,187.5,384.011225,130.329792,0,
ID122428_ID121902,874,122428,121902,4.465956999,0.301718312,0.42265622,2.113281098,197.5,380.2982575,135.3327832,0,
ID124236_ID124037,875,124236,124037,5.132493552,0.565722522,0.453100146,2.265500729,237.5,60.70709902,135.5541337,0,
ID123635_ID123417,875,123635,123417,0.538861984,0.24433343,0.146814439,0.734072193,222.5,60.02412981,138.3144481,0,
ID120367_ID122436,875,120367,122436,0.145573248,0.083040439,0.076308125,0.381540624,192.5,49.42237836,140.3334927,0,
ID121913_ID122696,875,121913,122696,4.095605177,0.076022732,0.404752032,2.023760158,202.5,56.43893843,145.1395406,0,
ID122696_ID122943,875,122696,122943,7.007515709,0.42372002,0.529434253,2.647171266,207.5,57.02837434,144.1230349,0,
ID120618_ID120367,875,120618,120367,0.799876551,NaN,0.178871636,0.894358179,187.5,49.96088922,140.0133537,0,
ID122436_ID121913,875,122436,121913,59.05483523,0.453951891,1.536942878,7.684714388,197.5,52.34757278,142.6356807,0,
ID124424_ID124236,875,124424,124236,17.15265499,0.510349506,0.828315278,4.141576389,232.5,61.72911897,135.8057204,0,
ID122943_ID123635,875,122943,123635,30.60092235,0.088005707,0.553181004,5.531810043,215,58.15177484,140.544646,0,
ID123417_ID124424,875,123417,124424,19.41475021,0.183354081,0.881243444,4.406217222,227.5,62.08587581,137.0023834,0,
ID124037_ID123839,875,124037,123839,5.151465743,0.088099458,0.453936812,2.269684062,242.5,62.49535555,134.2507968,0,
ID122686_ID122937,876,122686,122937,0.077007123,0.242986611,0.055500315,0.277501573,207.5,313.6752428,136.3081337,0,
ID123174_ID123632,876,123174,123632,0.383963492,0.550839449,0.123929575,0.619647877,217.5,313.9517165,136.3450888,0,
ID123632_ID123414,876,123632,123414,1.775850432,0.369663048,0.266522077,1.332610383,222.5,313.9617116,136.9983408,0,
ID121907_ID122686,876,121907,122686,6.610910663,0.184105877,0.514233825,2.571169124,202.5,314.3940761,137.4393058,0,
ID122439_ID121907,876,122439,121907,4.429441089,0.243564352,0.420924748,2.104623741,197.5,314.9179065,139.4699954,0,
ID123414_ID124430,876,123414,124430,1.304726798,0.402465887,0.228449276,1.142246382,227.5,313.7041526,137.6136264,0,
ID122937_ID123174,876,122937,123174,0.264852335,0.2390368,0.102927612,0.514638062,212.5,314.0013029,136.235027,0,
ID120369_ID122439,876,120369,122439,0.098955898,NaN,0.062914513,0.314572565,192.5,314.7790863,140.5778138,0,
ID121917_ID122949,877,121917,122949,14.52542463,0.310214976,0.381122351,3.811223508,205,176.0036379,147.8428148,0,
ID123424_ID124441,877,123424,124441,4.185648634,0.49533321,0.409177156,2.045885782,227.5,179.0009108,145.7614904,0,
ID120379_ID122445,877,120379,122445,15.16829076,NaN,0.778929798,3.894648991,192.5,174.2979441,148.1477758,0,
ID122445_ID121917,877,122445,121917,0.881895103,0.203466944,0.18781854,0.939092702,197.5,175.7246362,146.4336186,0,
ID122949_ID123190,877,122949,123190,5.171554041,0.399859406,0.454821022,2.274105108,212.5,177.2809001,149.0643787,0,
ID123190_ID123647,877,123190,123647,1.010413293,0.157064987,0.201038632,1.005193162,217.5,178.2993952,147.9170288,0,
ID123647_ID123424,877,123647,123424,6.04791872,0.036913699,0.491850332,2.459251658,222.5,178.3741033,146.192494,0,
ID123205_ID123655,880,123205,123655,8.679525343,0.040334632,0.589220683,2.946103417,217.5,204.8365143,158.2088081,0,
ID124061_ID123863,880,124061,123863,5.777536001,0.231490575,0.480730111,2.403650557,242.5,206.2649524,157.0107534,0,
ID123655_ID123435,880,123655,123435,2.328236572,0.240045423,0.305171203,1.525856013,222.5,205.0527122,156.3328599,0,
ID124450_ID124254,880,124450,124254,0.523227869,0.355505077,0.144668983,0.723344917,232.5,203.8988639,156.7940121,0,
ID124254_ID124061,880,124254,124061,3.431500708,0.358740113,0.370486205,1.852431026,237.5,204.6430377,156.2584924,0,
ID121150_ID120646,880,121150,120646,0.08519959,NaN,0.058377937,0.291889687,182.5,199.62323,161.6906819,0,
ID122964_ID123205,880,122964,123205,4.837258078,0.439202527,0.43987535,2.199376748,212.5,205.3079575,160.7249701,0,
ID123435_ID124450,880,123435,124450,4.128398278,0.625007507,0.406369205,2.031846027,227.5,204.8602611,156.4977278,0,
ID121941_ID122720,880,121941,122720,3.782362254,0.01953693,0.388965924,1.944829621,202.5,203.4979695,161.6957418,0,
ID122720_ID122964,880,122720,122964,1.619169766,0.230049393,0.254493204,1.272466018,207.5,204.8439818,161.4864503,0,
ID120398_ID122466,880,120398,122466,1.02062771,0.252868671,0.202052242,1.010261209,192.5,201.7739821,162.1713358,0,
ID120646_ID120398,880,120646,120398,3.433377475,0.098546406,0.370587505,1.852937526,187.5,200.6799743,161.7252278,0,
ID122466_ID121941,880,122466,121941,0.729008134,0.345745329,0.170763946,0.853819732,197.5,202.3172669,162.4441352,0,
ID122460_ID121934,881,122460,121934,0.774422092,0.143981361,0.17600251,0.880012552,197.5,202.9074172,161.0276925,0,
ID121934_ID122711,881,121934,122711,2.391859475,0.106524655,0.309312753,1.546563764,202.5,203.1857423,159.8873683,0,
ID124447_ID124058,881,124447,124058,75.0816331,0.121010546,0.866496585,8.664965846,235,209.0400312,154.3853431,0,
ID120400_ID122460,881,120400,122460,0.638733195,NaN,0.159841571,0.799207855,192.5,203.2447019,161.7375706,0,
ID122711_ID122963,881,122711,122963,6.82881776,0.568617439,0.522640135,2.613200673,207.5,203.3362434,160.4799399,0,
ID124058_ID123860,881,124058,123860,11.31165503,0.122063382,0.67265608,3.363280398,242.5,214.7951896,153.7394258,0,
ID123201_ID123653,881,123201,123653,4.942723382,0.174385806,0.444644729,2.223223646,217.5,203.5270986,156.9188617,0,
ID122963_ID123201,881,122963,123201,16.64414601,0.60473247,0.815944753,4.079723766,212.5,203.6690829,159.7988268,0,
ID123653_ID123433,881,123653,123433,3.471615889,0.302081138,0.372645456,1.863227278,222.5,203.6030105,155.4279471,0,
ID123433_ID124447,881,123433,124447,0.845246818,0.322624458,0.183874611,0.919373057,227.5,204.6006414,155.2095284,0,
ID123232_ID123683,883,123232,123683,0.010664913,0.523773694,0.020654213,0.103271066,217.5,155.6625923,174.7707808,0,
ID120413_ID122478,883,120413,122478,1.244933507,NaN,0.223153177,1.115765884,192.5,149.4998219,166.9552862,0,
ID122747_ID122993,883,122747,122993,7.32919799,0.072851423,0.541449831,2.707249156,207.5,153.4930611,173.8557314,0,
ID123683_ID123461,883,123683,123461,0.016683129,0.054937545,0.025832637,0.129163186,222.5,155.5602691,174.7179948,0,
ID123461_ID124472,883,123461,124472,0.063679373,0.244224768,0.050469545,0.252347723,227.5,155.5379405,174.5593277,0,
ID122993_ID123232,883,122993,123232,4.225916074,0.323826496,0.411140661,2.055703304,212.5,154.7040221,174.9905891,0,
ID122478_ID122747,883,122478,122747,45.01395794,0.157407659,0.670924421,6.709244215,200,151.6370171,169.5981713,0,
ID124083_ID123887,883,124083,123887,0.010418303,0.564433932,0.020414017,0.102070087,242.5,155.6806901,174.828527,0,
ID124472_ID124274,883,124472,124274,0.051738706,0.565767808,0.045492288,0.227461438,232.5,155.5762759,174.5505272,0,
ID124274_ID124083,883,124274,124083,0.05703096,0.110616506,0.047762311,0.238811557,237.5,155.6526892,174.7613928,0,
ID121180_ID120691,884,121180,120691,1.698803182,NaN,0.260676288,1.303381442,182.5,420.4644301,171.0821411,0,
ID120415_ID122488,884,120415,122488,5.190150075,0.568099138,0.455638018,2.278190088,192.5,419.5162184,168.3234216,0,
ID120691_ID120415,884,120691,120415,13.72399418,0.221920425,0.740918192,3.70459096,187.5,419.3753162,169.1472216,0,
ID124273_ID124082,886,124273,124082,0.152364625,0.203674042,0.078067823,0.390339115,237.5,80.57017926,174.6935426,0,
ID124082_ID123883,886,124082,123883,4.873680533,0.220659258,0.441528279,2.207641396,242.5,81.65887922,174.1783579,0,
ID122484_ID121956,886,122484,121956,1.802700641,0.042462051,0.268529376,1.342646879,197.5,79.41524944,168.8337372,0,
ID120680_ID120420,886,120680,120420,1.022919987,NaN,0.202279014,1.01139507,187.5,77.25471735,169.3205411,0,
ID121956_ID122731,886,121956,122731,2.652335473,0.10427786,0.325719847,1.628599236,202.5,80.80273335,168.4640169,0,
ID122981_ID123224,886,122981,123224,5.302807237,0.029772764,0.4605565,2.302782499,212.5,79.89630681,171.241014,0,
ID123224_ID123678,886,123224,123678,1.084021471,0.186297848,0.208232704,1.041163518,217.5,79.45222393,172.6952289,0,
ID124469_ID124273,886,124469,124273,3.305435683,0.419252612,0.363617144,1.818085719,232.5,80.36746141,173.6887757,0,
ID120420_ID122484,886,120420,122484,1.213303425,0.089803979,0.220300107,1.101500533,192.5,78.20293832,168.9183687,0,
ID122731_ID122981,886,122731,122981,5.823812943,0.498419187,0.482651549,2.413257745,207.5,81.0206611,169.1757402,0,
ID123678_ID123458,886,123678,123458,0.044229411,0.242332117,0.042061579,0.210307896,222.5,79.55469809,173.2520422,0,
ID123458_ID124469,886,123458,124469,1.030483956,0.597486921,0.203025511,1.015127557,227.5,79.90492375,173.0506929,0,
ID120693_ID120425,887,120693,120425,14.47680814,NaN,0.760968019,3.804840094,187.5,119.511444,172.0689215,0,
ID120425_ID122494,887,120425,122494,4.329853201,0.417228825,0.416165986,2.080829931,192.5,118.263416,170.9766126,0,
ID120437_ID122508,889,120437,122508,0.933968079,NaN,0.193284048,0.966420239,192.5,363.238766,177.4514015,0,
ID121986_ID122777,889,121986,122777,1.457569684,0.242806759,0.241459701,1.207298507,202.5,366.1276084,182.9371948,0,
ID122508_ID121986,889,122508,121986,30.59854286,0.079100386,1.106318993,5.531594965,197.5,364.3887876,180.4559248,0,
ID122777_ID123009,889,122777,123009,32.27816553,0.05450801,1.136277528,5.681387641,207.5,369.4087144,181.9516707,0,
ID121971_ID122753,890,121971,122753,3.771226337,0.444935369,0.388392911,1.941964556,202.5,435.613154,175.9090987,0,
ID120444_ID122509,890,120444,122509,2.374153118,0.088317435,0.308165742,1.540828712,192.5,437.5021143,178.4336879,0,
ID121209_ID120742,890,121209,120742,1.869872322,NaN,0.27348655,1.367432748,182.5,435.8833669,182.106683,0,
ID122509_ID121971,890,122509,121971,14.08476306,0.412193082,0.750593447,3.752967234,197.5,436.4352289,177.1627378,0,
ID120742_ID120444,890,120742,120444,9.905173791,0.268121977,0.629449721,3.147248607,187.5,436.1266007,180.269414,0,
ID122523_ID121979,891,122523,121979,3.993944389,0.542588997,0.399697105,1.998485524,197.5,314.6503082,181.2282931,0,
ID121979_ID122762,891,121979,122762,5.224029766,0.05772587,0.45712273,2.285613652,202.5,314.1412275,179.1704447,0,
ID122762_ID122998,891,122762,122998,3.148350078,0.255744837,0.354871812,1.774359061,207.5,312.8364511,178.1832679,0,
ID122998_ID123244,891,122998,123244,5.290421275,0.011573715,0.460018316,2.30009158,212.5,310.8141504,178.4223724,0,
ID120452_ID122523,891,120452,122523,1.471525804,NaN,0.242612927,1.213064633,192.5,314.9409647,181.6518551,0,
ID123244_ID123691,891,123244,123691,0.383778654,0.355902805,0.123899742,0.619498712,217.5,309.6962009,178.2770624,0,
ID120471_ID122537,893,120471,122537,16.59394258,0.488866298,0.814713264,4.073566322,192.5,323.3887148,197.6547722,0,
ID120790_ID120471,893,120790,120471,0.809318279,NaN,0.179924237,0.899621187,187.5,323.5468076,199.3639089,0,
ID122537_ID121995,893,122537,121995,24.81978481,0.075716952,0.996389177,4.981945886,197.5,321.3751102,193.6889887,0,
ID124318_ID124128,894,124318,124128,3.485137832,0.081321659,0.373370477,1.866852386,232.5,426.2523928,18.52624174,0,
ID122813_ID123055,894,122813,123055,3.76219895,0.532563784,0.387927774,1.939638871,212.5,421.6352966,22.80136221,0,
ID122561_ID122813,894,122561,122813,8.85293705,0.435093918,0.595077711,2.975388555,207.5,422.0038301,22.12546904,0,
ID120245_ID122312,894,120245,122312,2.797859435,0.583893621,0.334536063,1.672680315,192.5,420.0438404,20.67830179,0,
ID120993_ID120490,894,120993,120490,13.1822486,NaN,0.72614733,3.630736648,182.5,419.0551829,19.0910671,0,
ID123055_ID123516,894,123055,123516,0.716142726,0.278059747,0.169250433,0.846252164,217.5,422.6916784,22.41280547,0,
ID123293_ID124318,894,123293,124318,12.26526704,0.190295016,0.700436065,3.502180327,227.5,424.838196,20.74888512,0,
ID121785_ID122561,894,121785,122561,0.821548184,0.126814131,0.181278591,0.906392953,202.5,422.9471425,21.25242462,0,
ID120490_ID120245,894,120490,120245,1.377862637,0.40386885,0.234764788,1.173823938,187.5,420.0744444,20.38607413,0,
ID122312_ID121785,894,122312,121785,8.84690025,0.450234104,0.594874785,2.974373926,197.5,421.0760129,21.20830922,0,
ID123928_ID123737,894,123928,123737,9.333962553,0.017321937,0.611030688,3.055153442,242.5,430.2950232,17.71439215,0,
ID123516_ID123293,894,123516,123293,0.856405614,0.290377236,0.185084371,0.925421857,222.5,423.2395005,22.03933516,0,
ID124128_ID123928,894,124128,123928,5.030511577,0.25124485,0.448576039,2.242880197,237.5,427.6501486,17.61907058,0,
ID120247_ID122315,895,120247,122315,6.663219863,0.387090213,0.516264268,2.58132134,192.5,210.8141874,24.75053108,0,
ID120492_ID120247,895,120492,120247,1.832137528,NaN,0.27071295,1.353564749,187.5,209.8448243,24.0014316,0,
ID122815_ID123058,895,122815,123058,10.35264917,0.478781024,0.643510658,3.217553289,212.5,200.3342954,25.44693334,0,
ID121790_ID122565,895,121790,122565,40.32005828,0.326946301,1.269961547,6.349807735,202.5,207.3960366,24.5684786,0,
ID123058_ID123518,895,123058,123518,9.086912907,0.589513979,0.602890136,3.014450681,217.5,200.6523195,25.43396726,0,
ID122565_ID122815,895,122565,122815,27.16346922,0.155729027,1.042371704,5.211858519,207.5,202.0556278,24.92939984,0,
ID122315_ID121790,895,122315,121790,8.089984022,0.624706893,0.568857944,2.844289722,197.5,210.7905919,24.61888807,0,
ID120250_ID122317,896,120250,122317,6.970893652,NaN,0.528049,2.640244998,192.5,42.22402788,28.36299246,0,
ID122317_ID121792,896,122317,121792,1.643932416,0.217833621,0.256431856,1.282159279,197.5,43.23575934,26.97946065,0,
ID121792_ID122564,896,121792,122564,5.242206646,0.088931357,0.457917313,2.289586567,202.5,42.54657671,25.37582809,0,
ID124324_ID124136,897,124324,124136,2.300460365,0.054987351,0.303345372,1.516726859,232.5,102.3119385,27.13353629,0,
ID123525_ID123300,897,123525,123300,3.305789933,0.056350981,0.363636628,1.818183141,222.5,99.7551597,31.81681124,0,
ID123300_ID124324,897,123300,124324,18.2698459,0.265406351,0.854864806,4.274324028,227.5,101.2831218,29.81753724,0,
ID122569_ID122819,897,122569,122819,1.134569013,0.273952974,0.213032299,1.065161496,207.5,95.01755361,31.49971421,0,
ID123934_ID123742,897,123934,123742,3.107006226,0.430965235,0.35253404,1.762670198,242.5,104.0527991,25.8156986,0,
ID124136_ID123934,897,124136,123934,3.196498966,0.208830416,0.357575109,1.787875545,237.5,103.6138467,26.53288881,0,
ID122319_ID121795,897,122319,121795,0.83393822,0.237306425,0.182640436,0.913202179,197.5,88.46988237,32.03338494,0,
ID120254_ID122319,897,120254,122319,7.946665784,0.332135137,0.563796622,2.818983112,192.5,88.44621245,33.66957383,0,
ID121795_ID122569,897,121795,122569,36.67948653,0.134643797,1.211271836,6.056359181,202.5,91.86397512,31.89025861,0,
ID120498_ID120254,897,120498,120254,4.27870116,NaN,0.413700431,2.068502154,187.5,87.76961621,35.19825477,0,
ID123061_ID123525,897,123061,123525,4.85486076,0.057921996,0.440674971,2.203374857,217.5,97.80582731,31.4114073,0,
ID122819_ID123061,897,122819,123061,2.62540551,0.274147747,0.324062063,1.620310313,212.5,95.95500794,31.01736307,0,
ID122825_ID123069,898,122825,123069,14.95149281,0.465840291,0.773343205,3.866716025,212.5,214.8281758,45.20797102,0,
ID123309_ID124333,898,123309,124333,3.009123383,0.558772677,0.3469365,1.734682502,227.5,215.2508399,46.78726003,0,
ID121011_ID120507,898,121011,120507,20.71863694,NaN,0.910354589,4.551772944,182.5,207.5360874,46.82506556,0,
ID120507_ID120262,898,120507,120262,0.431170335,0.432848376,0.131327124,0.656635618,187.5,209.3877309,47.83657581,0,
ID124333_ID124145,898,124333,124145,9.216215513,0.4332142,0.60716441,3.035822049,232.5,214.8273269,45.60383259,0,
ID122578_ID122825,898,122578,122825,16.33875218,0.117871201,0.808424447,4.042122237,207.5,213.4430987,44.48041869,0,
ID121804_ID122578,898,121804,122578,1.16755397,0.341925853,0.216106823,1.080534113,202.5,211.2694975,45.69180048,0,
ID123946_ID123749,898,123946,123749,18.52305412,0.060112543,0.860768357,4.303841786,242.5,220.0396514,43.78586703,0,
ID123069_ID123534,898,123069,123534,1.526537519,0.077442398,0.247106254,1.23553127,217.5,214.2745689,47.66253882,0,
ID124145_ID123946,898,124145,123946,7.457049933,0.27309962,0.546151991,2.730759955,237.5,216.5871234,44.21947748,0,
ID120262_ID122331,898,120262,122331,3.719960249,0.384325795,0.385743969,1.928719847,192.5,210.2926535,47.8721887,0,
ID123534_ID123309,898,123534,123309,7.286818744,0.553102209,0.539882163,2.699410814,222.5,215.0204066,47.35268518,0,
ID122331_ID121804,898,122331,121804,6.570908255,0.427283781,0.512675658,2.563378289,197.5,210.9577285,46.97467294,0,
ID120521_ID120273,900,120521,120273,3.449638765,NaN,0.371464064,1.857320318,187.5,353.609374,59.95427456,0,
ID124343_ID124156,900,124343,124156,4.631934923,0.186458972,0.43043861,2.15219305,232.5,356.0346044,60.32556515,0,
ID123083_ID123323,900,123083,123323,10.96604852,0.118701249,0.331150246,3.311502457,220,357.9492599,62.0240034,0,
ID121820_ID122592,900,121820,122592,0.829555877,0.072181046,0.182159916,0.910799581,202.5,355.3484127,64.10914201,0,
ID122341_ID121820,900,122341,121820,3.701731215,0.012358861,0.384797672,1.923988361,197.5,354.6588913,62.89377379,0,
ID122842_ID123083,900,122842,123083,2.300877653,0.142356861,0.303372883,1.516864415,212.5,355.9059853,62.31064733,0,
ID122592_ID122842,900,122592,122842,2.278831701,0.499906724,0.301915995,1.509579975,207.5,355.5726528,63.68932168,0,
ID123323_ID124343,900,123323,124343,11.20708042,0.607934476,0.669539556,3.347697779,227.5,357.9752936,61.85543813,0,
ID120273_ID122341,900,120273,122341,9.079016585,0.559578418,0.60262813,3.013140651,192.5,353.6114139,60.65970367,0,
ID124156_ID123957,900,124156,123957,2.858525996,0.533071023,0.33814352,1.690717598,237.5,356.2967916,59.89319165,0,
ID123957_ID123762,900,123957,123762,7.933108915,0.290652315,0.563315504,2.816577518,242.5,357.9947484,59.58649966,0,
ID122339_ID121814,901,122339,121814,5.050666891,0.07681008,0.449473776,2.247368882,197.5,365.1044061,59.3128562,0,
ID121814_ID122585,901,121814,122585,0.493963188,0.216936018,0.14056503,0.702825148,202.5,363.7948347,59.11248233,0,
ID122835_ID123077,901,122835,123077,8.687853822,0.376564404,0.58950331,2.947516552,212.5,365.7097083,58.87615956,0,
ID120274_ID122339,901,120274,122339,1.612132477,NaN,0.253939558,1.26969779,192.5,366.8306968,59.40466315,0,
ID122585_ID122835,901,122585,122835,4.092214881,0.579796538,0.404584472,2.022922362,207.5,364.3400136,59.51155974,0,
ID120285_ID122351,902,120285,122351,11.63098916,NaN,0.682084721,3.410423605,192.5,261.9770263,70.77394073,0,
ID122351_ID121823,902,122351,121823,24.31936317,0.023126032,0.986293327,4.931466635,197.5,259.2518376,67.62529413,0,
ID121041_ID120538,904,121041,120538,3.854487369,NaN,0.392656968,1.963284842,182.5,43.58092021,81.13825813,0,
ID120538_ID120289,904,120538,120289,1.144466175,0.151752655,0.213959452,1.069797259,187.5,42.40012298,80.35241905,0,
ID122359_ID121835,904,122359,121835,2.178833029,0.601216405,0.295217413,1.476087067,197.5,42.2404712,78.81133457,0,
ID121835_ID122604,904,121835,122604,15.28179564,0.446462445,0.781838747,3.909193733,202.5,43.70051591,78.13233805,0,
ID122604_ID122854,904,122604,122854,3.862787907,0.179391518,0.393079529,1.965397646,207.5,44.92589338,75.74870802,0,
ID120289_ID122359,904,120289,122359,3.23615259,0.095793106,0.359786191,1.798930957,192.5,42.14216893,78.98034739,0,
ID122612_ID122863,905,122612,122863,1.131491137,0.037443941,0.212743144,1.063715722,207.5,49.03198347,86.90270517,0,
ID122863_ID123103,905,122863,123103,1.692049285,0.328690402,0.26015759,1.300787948,212.5,49.78940266,87.18902631,0,
ID122364_ID121840,905,122364,121840,9.690492942,0.507126428,0.622591132,3.11295566,197.5,49.90452669,84.03056801,0,
ID123568_ID123342,905,123568,123342,11.5588905,0.549402499,0.679967367,3.399836835,222.5,50.73255858,86.22188774,0,
ID123342_ID124359,905,123342,124359,1.875816004,0.032561419,0.273920865,1.369604324,227.5,50.34581041,83.87528804,0,
ID124359_ID124172,905,124359,124172,0.050332035,0.515005339,0.044869604,0.224348022,232.5,50.24089524,83.29142054,0,
ID121840_ID122612,905,121840,122612,1.711419113,0.183199513,0.261642436,1.308212182,202.5,48.82411902,85.74031779,0,
ID121049_ID120550,905,121049,120550,2.765132917,NaN,0.332573776,1.662868881,182.5,50.29263066,91.34840788,0,
ID123103_ID123568,905,123103,123568,1.176581982,0.282491895,0.216940728,1.084703638,217.5,50.6650642,87.43724547,0,
ID120295_ID122364,905,120295,122364,6.621851871,0.021239005,0.514659183,2.573295916,192.5,50.76865819,84.22856541,0,
ID120550_ID120295,905,120550,120295,42.87772085,0.513744501,1.309621638,6.548108189,187.5,50.12953591,88.73900485,0,
ID120546_ID120298,906,120546,120298,6.874014326,0.035814963,0.524366831,2.621834153,187.5,294.3519617,89.01603572,0,
ID120298_ID122366,906,120298,122366,12.57152638,0.528909815,0.709126967,3.545634835,192.5,294.131847,88.16319836,0,
ID121045_ID120546,906,121045,120546,2.062420718,NaN,0.287222612,1.436113059,182.5,296.019736,87.87360077,0,
ID122874_ID123114,907,122874,123114,5.879174513,0.127964149,0.484940182,2.424700912,212.5,236.4012275,93.19423024,0,
ID123353_ID124371,907,123353,124371,2.941938946,0.177549717,0.343041627,1.715208135,227.5,238.6597743,93.10601448,0,
ID124371_ID124183,907,124371,124183,2.62415384,0.11476783,0.323984805,1.619924023,232.5,239.8943025,92.08906297,0,
ID121845_ID122616,907,121845,122616,1.73060955,0.40770604,0.263105268,1.31552634,202.5,230.9511091,89.48415713,0,
ID120556_ID120305,907,120556,120305,0.384036887,NaN,0.12394142,0.619707098,187.5,230.8171467,92.35462982,0,
ID124183_ID123983,907,124183,123983,1.744404477,0.289686315,0.264151811,1.320759053,237.5,239.8411556,90.98457664,0,
ID122616_ID122874,907,122616,122874,37.20798375,0.480106028,1.219966946,6.099834732,207.5,233.3645696,90.45874164,0,
ID120305_ID122368,907,120305,122368,17.02981121,0.055924073,0.825343837,4.126719183,192.5,231.909851,90.25976124,0,
ID122368_ID121845,907,122368,121845,5.967599233,0.566005074,0.488573402,2.442867011,197.5,232.0295528,89.29167545,0,
ID123983_ID123788,907,123983,123788,25.66768168,0.447791751,1.013265645,5.066328225,242.5,241.8255139,90.06668034,0,
ID123114_ID123583,907,123114,123583,4.414720202,0.056207106,0.420224711,2.101123557,217.5,236.9454771,95.36785175,0,
ID123583_ID123353,907,123583,123353,9.480153447,0.554880283,0.615797156,3.078985782,222.5,237.4591369,94.9310084,0,
ID120312_ID122383,908,120312,122383,13.21224433,0.10663379,0.726973021,3.634865105,192.5,266.9324569,95.48851872,0,
ID121860_ID122624,908,121860,122624,8.45385292,0.46153376,0.581510204,2.907551018,202.5,269.4264482,94.42802373,0,
ID122624_ID122884,908,122624,122884,5.090042536,0.600416051,0.451222452,2.256112261,207.5,269.1703068,94.1590399,0,
ID120561_ID120312,908,120561,120312,10.95708436,0.079667703,0.662029738,3.310148691,187.5,263.6207936,94.98237827,0,
ID121050_ID120561,908,121050,120561,14.91586466,NaN,0.772421249,3.862106247,182.5,260.8129449,92.86676028,0,
ID122383_ID121860,908,122383,121860,1.575370563,0.102819814,0.251027533,1.255137667,197.5,269.3154837,95.55445512,0,
ID120315_ID122388,909,120315,122388,0.405599657,NaN,0.127373413,0.636867064,192.5,353.7397733,100.3937174,0,
ID121862_ID122627,909,121862,122627,19.19472663,0.072544524,0.876235736,4.38117868,202.5,353.1875391,95.94645684,0,
ID122388_ID121862,909,122388,121862,5.905019504,0.395650882,0.486004918,2.430024589,197.5,353.6247273,99.27220966,0,
ID122627_ID122881,909,122627,122881,24.74943616,0.347260991,0.994976103,4.974880517,207.5,355.6377304,94.16120419,0,
ID120777_ID122533,915,120777,122533,5.476073663,0.054549319,0.234010121,2.340101208,190,400.1425748,193.4288372,0,
ID122782_ID123019,915,122782,123019,1.515815823,0.132954911,0.246236945,1.231184723,207.5,403.5747606,187.4081241,0,
ID123261_ID123716,915,123261,123716,24.91253177,0.141475946,0.998249103,4.991245513,217.5,403.4600948,191.0558011,0,
ID123490_ID124500,915,123490,124500,0.618981584,0.308175038,0.157350765,0.786753827,227.5,401.6352857,192.5859979,0,
ID122533_ID121996,915,122533,121996,7.047474236,0.072725899,0.530941588,2.654707938,197.5,402.2369384,192.1452614,0,
ID123019_ID123261,915,123019,123261,3.830774087,0.450822661,0.391447268,1.957236339,212.5,404.1998456,187.838479,0,
ID124295_ID124107,915,124295,124107,5.443361204,0.12999873,0.46662024,2.333101199,237.5,403.3062898,192.9449477,0,
ID123716_ID123490,915,123716,123490,1.033962013,0.45273387,0.203367845,1.016839227,222.5,402.2179883,192.8786757,0,
ID124107_ID123907,915,124107,123907,9.148842851,0.428879389,0.604941083,3.024705416,242.5,404.111665,191.9034768,0,
ID124500_ID124295,915,124500,124295,0.967155451,0.594200571,0.196688124,0.983440619,232.5,401.7529175,192.6240711,0,
ID121235_ID120777,915,121235,120777,8.448802681,NaN,0.581336484,2.906682418,182.5,398.8765355,195.6164734,0,
ID121996_ID122782,915,121996,122782,14.02556767,0.251205498,0.749014491,3.745072453,202.5,403.3485008,189.7848153,0,
ID123123_ID123591,916,123123,123591,2.860794439,0.146270543,0.338277663,1.691388317,217.5,321.5117911,98.59403985,0,
ID123367_ID124384,916,123367,124384,2.549815704,0.438237701,0.319362847,1.596814236,227.5,325.1895941,98.00059925,0,
ID122630_ID122888,916,122630,122888,5.311141304,0.264002672,0.460918271,2.304591353,207.5,321.3140453,96.20112419,0,
ID124004_ID123810,916,124004,123810,7.602565883,0.247046836,0.551455017,2.757275083,242.5,326.1371425,97.54932303,0,
ID124384_ID124204,916,124384,124204,1.458249519,0.0404564,0.241516005,1.207580026,232.5,324.9795962,99.37987424,0,
ID122381_ID121857,916,122381,121857,0.395094046,NaN,0.125713014,0.628565069,197.5,321.2372928,94.55046818,0,
ID121857_ID122630,916,121857,122630,0.52211988,0.066859587,0.144515726,0.722578632,202.5,321.742981,94.98417897,0,
ID124204_ID124004,916,124204,124004,3.869230982,0.576271949,0.393407218,1.967036091,237.5,324.8266748,98.97887869,0,
ID122888_ID123123,916,122888,123123,0.922312554,0.161579156,0.19207421,0.96037105,212.5,320.7433146,97.61439535,0,
ID123591_ID123367,916,123591,123367,12.92683822,0.240291515,0.719078249,3.595391247,222.5,323.7141097,98.15318345,0,
ID124378_ID124191,917,124378,124191,3.763978993,0.413738636,0.388019535,1.940097676,232.5,314.5117452,94.04573689,0,
ID122622_ID122873,917,122622,122873,3.607809692,0.451530493,0.379884703,1.899423516,207.5,311.9838925,91.56019021,0,
ID123577_ID123352,917,123577,123352,1.806634229,0.106977446,0.268822189,1.344110944,222.5,312.089668,93.3849943,0,
ID122380_ID121849,917,122380,121849,3.517256998,NaN,0.37508703,1.875435149,197.5,309.6598515,93.50889029,0,
ID123111_ID123577,917,123111,123577,3.564255346,0.388725811,0.377584711,1.887923554,217.5,310.534829,93.25549269,0,
ID122873_ID123111,917,122873,123111,7.066347804,0.332127281,0.531652059,2.658260297,212.5,310.467241,91.93675884,0,
ID124191_ID123995,917,124191,123995,3.06715637,0.352534217,0.350265977,1.751329886,237.5,315.6108498,93.62647793,0,
ID121849_ID122622,917,121849,122622,10.59957103,0.339433245,0.651139648,3.255698241,202.5,311.0508284,92.40906373,0,
ID123995_ID123802,917,123995,123802,7.048177049,0.114617639,0.530968061,2.654840306,242.5,317.6712529,94.11320026,0,
ID123352_ID124378,917,123352,124378,4.897517638,0.223060891,0.442606717,2.213033583,227.5,313.4448038,94.08777876,0,
ID124427_ID124243,919,124427,124243,10.48688982,0.280920148,0.647669355,3.238346773,232.5,252.0942454,137.9941374,0,
ID124042_ID123846,919,124042,123846,9.252959942,0.288131048,0.608373568,3.041867838,242.5,250.7896232,139.5119473,0,
ID121889_ID122675,919,121889,122675,35.14393366,0.069602429,1.185646383,5.928231917,202.5,249.9320539,125.3009084,0,
ID122675_ID123168,919,122675,123168,14.5478159,0.039220467,0.381415992,3.814159921,210,251.5055326,129.8169092,0,
ID123628_ID123412,919,123628,123412,11.70208346,0.095970009,0.684166163,3.420830814,222.5,249.4553706,135.7715555,0,
ID123168_ID123628,919,123168,123628,9.27425154,0.154138788,0.609073117,3.045365584,217.5,250.73744,132.9043343,0,
ID124243_ID124042,919,124243,124042,1.760030047,0.566403023,0.265332248,1.32666124,237.5,252.4305884,138.9442027,0,
ID123412_ID124427,919,123412,124427,5.26567617,0.428298914,0.458941224,2.294706119,227.5,250.1915806,137.0283871,0,
ID122412_ID121889,919,122412,121889,12.08093489,NaN,0.695152786,3.475763929,197.5,247.2517326,121.5184424,0,
ID122670_ID122914,920,122670,122914,35.48675349,0.376244921,1.191415183,5.957075917,207.5,41.46531289,122.2517061,0,
ID122914_ID123157,920,122914,123157,1.36575438,0.244473475,0.233730989,1.168654945,212.5,38.99561381,120.1775407,0,
ID122422_ID121895,920,122422,121895,9.866604507,NaN,0.628223034,3.141115169,197.5,36.76301731,127.2532594,0,
ID121895_ID122670,920,121895,122670,31.26963011,2.75E-04,1.118385088,5.591925438,202.5,40.80135324,125.592436,0,
ID123401_ID124416,921,123401,124416,3.93994599,0.157269643,0.396985944,1.984929719,227.5,436.2941039,127.5142305,0,
ID124416_ID124228,921,124416,124228,10.11567908,0.256550639,0.636103107,3.180515537,232.5,437.4444514,125.7571566,0,
ID121899_ID122681,921,121899,122681,6.333036585,0.193060934,0.503310504,2.51655252,202.5,437.9040535,132.6142546,0,
ID122933_ID123172,921,122933,123172,14.77604549,0.201527706,0.768792442,3.843962212,212.5,435.3242114,132.5585696,0,
ID123172_ID123623,921,123172,123623,0.731958677,0.536065573,0.171109167,0.855545836,217.5,433.7744988,132.6124104,0,
ID122424_ID121899,921,122424,121899,5.721205105,NaN,0.478380815,2.391904075,197.5,437.8376692,130.4412014,0,
ID123623_ID123401,921,123623,123401,20.84861568,0.079641007,0.913205687,4.566028436,222.5,435.3229959,130.422045,0,
ID122681_ID122933,921,122681,122933,3.78854088,0.584099701,0.389283489,1.946417447,207.5,437.8647416,132.9875301,0,
ID124417_ID124230,922,124417,124230,0.472232266,0.220716295,0.137438316,0.687191579,232.5,27.65497647,128.0577474,0,
ID124230_ID124033,922,124230,124033,7.966596929,0.405903653,0.564503213,2.822516064,237.5,26.35872354,128.0596711,0,
ID121900_ID122679,922,121900,122679,4.320554842,0.217125366,0.415718888,2.078594439,202.5,24.28270905,132.251397,0,
ID122427_ID121900,922,122427,121900,0.186725862,NaN,0.086423576,0.432117879,197.5,24.52982672,133.3806419,0,
ID122930_ID123165,922,122930,123165,5.807570995,0.065601126,0.481978049,2.409890245,212.5,26.22824753,129.6299836,0,
ID123165_ID123622,922,123165,123622,1.079641471,0.074354965,0.207811595,1.039057973,217.5,27.48984853,128.4912818,0,
ID122679_ID122930,922,122679,122930,1.898731996,0.220523795,0.275588969,1.377944845,207.5,24.8302052,130.8725144,0,
ID124033_ID123835,922,124033,123835,11.39023267,0.57484248,0.674988375,3.374941877,242.5,26.46353657,128.5439763,0,
ID123400_ID124417,922,123400,124417,0.061209405,0.523929556,0.049481069,0.247405346,227.5,27.45996249,127.6922102,0,
ID123622_ID123400,922,123622,123400,0.725532404,0.37978625,0.17035638,0.851781899,222.5,27.64608634,127.9581148,0,
ID122685_ID122934,923,122685,122934,15.74466191,0.093987092,0.793590875,3.967954374,207.5,436.904763,135.3380314,0,
ID122429_ID121904,923,122429,121904,3.65423552,NaN,0.382321096,1.911605482,197.5,432.7253392,135.8680048,0,
ID123409_ID124428,923,123409,124428,4.084573674,0.587198156,0.404206565,2.021032824,227.5,440.2451443,136.1474658,0,
ID124242_ID124043,923,124242,124043,0.565672485,0.268946096,0.150422403,0.752112017,237.5,438.027264,138.7511653,0,
ID123633_ID123409,923,123633,123409,2.433561564,0.300237276,0.311997536,1.559987681,222.5,440.0374403,135.9396167,0,
ID123177_ID123633,923,123177,123633,2.834571151,0.362170976,0.336723694,1.68361847,217.5,439.2033203,136.7837824,0,
ID124043_ID123848,923,124043,123848,3.445979144,0.426201444,0.371266974,1.856334869,242.5,437.6571487,139.45472,0,
ID122934_ID123177,923,122934,123177,5.280547239,0.425231272,0.459588827,2.297944133,212.5,438.5512468,135.7143665,0,
ID121904_ID122685,923,121904,122685,1.963971666,0.009022529,0.280283547,1.401417734,202.5,434.3724329,136.0404866,0,
ID124428_ID124242,923,124428,124242,7.904559177,0.214110949,0.562300958,2.811504789,232.5,439.3943662,138.0543336,0,
ID123675_ID124470,925,123675,124470,0.61126347,0.17504264,0.07818334,0.781833403,225,81.82971852,172.6389527,0,
ID122479_ID121950,925,122479,121950,0.672810962,NaN,0.16405011,0.820250549,197.5,80.68827469,167.1834365,0,
ID123227_ID123675,925,123227,123675,0.036910434,0.308832042,0.038424177,0.192120884,217.5,81.86960525,172.2555023,0,
ID122727_ID122974,925,122727,122974,6.501404691,0.517949152,0.509957045,2.549785225,207.5,81.75514888,166.9922631,0,
ID121950_ID122727,925,121950,122727,1.551707954,0.202166004,0.24913514,1.245675702,202.5,81.17973997,166.4179621,0,
ID124470_ID124272,925,124470,124272,1.593575938,0.027603645,0.252473835,1.262369177,232.5,82.06151057,173.6320643,0,
ID122974_ID123227,925,122974,123227,16.70650691,0.087053932,0.817471881,4.087359406,212.5,82.09269458,170.2191963,0,
ID124286_ID124095,926,124286,124095,7.543939343,0.433021157,0.549324652,2.746623262,237.5,373.4840637,181.2368132,0,
ID122518_ID121982,926,122518,121982,8.719972379,NaN,0.590591987,2.952959935,197.5,370.5118394,180.8957742,0,
ID124487_ID124286,926,124487,124286,3.946101951,0.441473521,0.397295958,1.986479789,232.5,372.4038813,181.6589242,0,
ID121982_ID122774,926,121982,122774,2.399696644,0.006060237,0.309819086,1.549095428,202.5,372.5836977,181.7752506,0,
ID124095_ID123898,926,124095,123898,5.846404399,0.474871877,0.483586782,2.417933911,242.5,374.4541512,181.109329,0,
ID123015_ID123703,926,123015,123703,9.158114519,0.242947873,0.302623768,3.026237684,215,374.2718353,182.2587446,0,
ID123703_ID123476,926,123703,123476,0.312177774,0.385556002,0.111745742,0.558728712,222.5,375.2314447,181.1857627,0,
ID122774_ID123015,926,122774,123015,1.307843437,0.277930757,0.228721965,1.143609827,207.5,373.1887092,182.6240278,0,
ID123476_ID124487,926,123476,124487,9.805335932,0.097223448,0.626269461,3.131347303,227.5,373.4321922,180.9298043,0,
ID122789_ID123031,927,122789,123031,1.845368043,0.096501992,0.271688648,1.358443242,207.5,55.31089976,198.2457326,0,
ID122539_ID121999,927,122539,121999,6.484651031,NaN,0.509299559,2.546497797,197.5,53.17338542,196.9894017,0,
ID121999_ID122789,927,121999,122789,1.266382946,0.284465781,0.225067363,1.125336814,202.5,54.61419104,197.2610377,0,
ID122792_ID123040,928,122792,123040,8.579227384,0.097437582,0.585806363,2.929031817,207.5,405.5825198,200.9554501,0,
ID122541_ID122000,928,122541,122000,2.448655435,NaN,0.312963604,1.56481802,197.5,403.5203275,198.2864333,0,
ID122000_ID122792,928,122000,122792,7.824911837,0.571316243,0.559460878,2.797304388,202.5,403.6508601,198.958006,0,
ID122311_ID121791,929,122311,121791,23.65394006,NaN,0.972706329,4.863531644,197.5,437.4321619,22.65510121,0,
ID122571_ID123067,930,122571,123067,54.50475241,0.071670969,0.73827334,7.382733397,210,330.7362002,38.79656123,0,
ID123531_ID123307,930,123531,123307,2.966584652,0.327876492,0.344475523,1.722377616,222.5,327.2648308,41.99174718,0,
ID123067_ID123531,930,123067,123531,0.423993464,0.152788887,0.130229561,0.651147805,217.5,327.5863299,41.15159688,0,
ID121797_ID122571,930,121797,122571,9.621747868,0.23707004,0.620378848,3.101894239,202.5,333.8002846,34.88808903,0,
ID122321_ID121797,930,122321,121797,13.54813812,NaN,0.736155911,3.680779553,197.5,335.8310412,32.9349347,0,
ID122327_ID121799,931,122327,121799,8.750707244,NaN,0.591631887,2.958159435,197.5,112.8111259,42.53143555,0,
ID123065_ID123530,931,123065,123530,1.583276067,0.592942402,0.251656597,1.258282984,217.5,116.2066494,40.15710343,0,
ID121799_ID122573,931,121799,122573,15.31050677,0.221212007,0.782572853,3.912864266,202.5,114.9435431,40.51600621,0,
ID122823_ID123065,931,122823,123065,0.598293699,0.314013852,0.154698895,0.773494473,212.5,115.9894864,40.0185825,0,
ID124142_ID123940,931,124142,123940,2.039811708,0.329324634,0.285643954,1.428219769,237.5,119.2514395,39.42707889,0,
ID124329_ID124142,931,124329,124142,3.940757595,0.472785095,0.39702683,1.985134151,232.5,118.5503344,38.48039811,0,
ID123530_ID123303,931,123530,123303,6.786385042,0.39097415,0.521013821,2.605069105,222.5,117.1966773,39.45131244,0,
ID123940_ID123745,931,123940,123745,5.338241552,0.275334604,0.462092699,2.310463493,242.5,120.1137396,38.23576332,0,
ID123303_ID124329,931,123303,124329,1.261718785,0.067638535,0.224652513,1.123262563,227.5,118.163193,37.88348389,0,
ID122573_ID122823,931,122573,122823,0.54094925,0.574660768,0.147098504,0.735492522,207.5,116.5064715,40.1517889,0,
ID122572_ID122822,932,122572,122822,4.543614122,0.168494172,0.4263151,2.131575502,207.5,349.9653253,37.61257347,0,
ID123528_ID123306,932,123528,123306,7.559301343,0.234537432,0.549883673,2.749418364,222.5,352.1183388,40.13617182,0,
ID121800_ID122572,932,121800,122572,8.512112086,0.048304601,0.583510483,2.917552414,202.5,351.3724783,39.44385569,0,
ID123064_ID123528,932,123064,123528,10.84718706,0.405862639,0.658701361,3.293506803,217.5,349.8404724,39.05534128,0,
ID124143_ID123941,932,124143,123941,0.723983081,0.214479432,0.170174391,0.850871953,237.5,355.3266575,39.55593045,0,
ID122329_ID121800,932,122329,121800,32.97258396,NaN,1.148435178,5.742175891,197.5,351.9865798,43.70149261,0,
ID124331_ID124143,932,124331,124143,5.481389436,0.296223934,0.468247346,2.341236732,232.5,355.0826093,40.95875395,0,
ID123941_ID123744,932,123941,123744,6.323316881,0.16434272,0.502924125,2.514620624,242.5,355.3083158,37.97795888,0,
ID123306_ID124331,932,123306,124331,3.794638275,0.148200244,0.389596626,1.94798313,227.5,353.6707681,41.68671748,0,
ID122822_ID123064,932,122822,123064,4.7097975,0.324121087,0.434041357,2.170206787,212.5,348.5968549,38.18308376,0,
ID123081_ID123543,933,123081,123543,1.89529767,0.266267624,0.275339621,1.376698104,217.5,453.4382607,60.07505549,0,
ID122344_ID121821,933,122344,121821,0.464552416,NaN,0.136316164,0.681580821,197.5,449.3572606,65.26783674,0,
ID122594_ID122841,933,122594,122841,5.180815931,0.213070954,0.455228116,2.276140578,207.5,451.6788516,63.39610369,0,
ID122841_ID123081,933,122841,123081,6.029424744,0.04109793,0.49109774,2.455488698,212.5,452.3109739,61.12923205,0,
ID121821_ID122594,933,121821,122594,3.691206791,0.003419152,0.384250272,1.921251361,202.5,450.5860081,64.83915523,0,
ID122356_ID121831,934,122356,121831,8.976701199,NaN,0.59922287,2.99611435,197.5,323.7005378,73.89279581,0,
ID122601_ID122849,934,122601,122849,9.278154324,0.323249721,0.609201258,3.046006291,207.5,325.2947672,72.41450706,0,
ID121831_ID122601,934,121831,122601,7.311714957,0.586441064,0.54080366,2.704018298,202.5,323.6694752,73.56288623,0,
ID122849_ID123090,934,122849,123090,5.447400753,0.433395938,0.466793348,2.333966742,212.5,324.5309131,71.36473211,0,
ID123090_ID123555,934,123090,123555,1.743742068,0.542962525,0.264101652,1.320508261,217.5,324.1097176,71.83120016,0,
ID122858_ID123097,936,122858,123097,0.840881928,0.330619451,0.183399229,0.916996144,212.5,326.4651349,82.39275145,0,
ID124361_ID124175,936,124361,124175,0.068890886,0.070117009,0.052494147,0.262470733,232.5,323.9605535,84.0089059,0,
ID124175_ID123973,936,124175,123973,4.39212066,0.449877214,0.419147738,2.095738691,237.5,324.8280247,83.57289173,0,
ID122608_ID122858,936,122608,122858,4.504644008,0.440663691,0.424482933,2.122414664,207.5,325.38142,82.67901167,0,
ID123973_ID123783,936,123973,123783,7.998394551,0.184461786,0.565628661,2.828143305,242.5,327.0373521,83.49279725,0,
ID122362_ID121837,936,122362,121837,2.322917027,NaN,0.304822376,1.524111881,197.5,325.1949384,80.6797719,0,
ID121837_ID122608,936,121837,122608,7.165386539,0.325659301,0.535364793,2.676823965,202.5,324.4939769,82.00774007,0,
ID123097_ID123563,936,123097,123563,0.656227368,0.376940506,0.162015724,0.810078618,217.5,326.9711185,82.45252105,0,
ID123339_ID124361,936,123339,124361,11.24690418,0.346876324,0.670728087,3.353640437,227.5,324.7160504,82.37442797,0,
ID123563_ID123339,936,123563,123339,4.699335582,0.322049919,0.433559019,2.167795097,222.5,326.3386331,81.50161605,0,
ID122636_ID122889,938,122636,122889,27.14543802,0.564206785,1.042025681,5.210128407,207.5,74.8212359,97.95667761,0,
ID121864_ID122636,938,121864,122636,7.770612208,NaN,0.557516357,2.787581785,202.5,73.58135296,98.50421252,0,
ID122889_ID123125,938,122889,123125,2.485640384,0.185631744,0.315318276,1.576591381,212.5,77.9415149,98.32145631,0,
ID124007_ID123815,939,124007,123815,22.88812018,0.454792935,0.956830605,4.784153026,242.5,448.9739244,104.0830819,0,
ID122646_ID122899,939,122646,122899,0.252143544,0.349546693,0.100427794,0.502138969,207.5,447.5514172,106.6979572,0,
ID124390_ID124205,939,124390,124205,1.575152447,0.211692988,0.251010155,1.255050775,232.5,447.6104816,102.7706355,0,
ID121871_ID122646,939,121871,122646,0.738962941,NaN,0.171925907,0.859629537,202.5,447.1259176,106.8674798,0,
ID123374_ID124390,939,123374,124390,5.286251921,0.312145349,0.459837011,2.299185056,227.5,448.0043799,104.2764474,0,
ID123131_ID123594,939,123131,123594,10.86524673,0.091311567,0.659249474,3.296247371,217.5,449.4956601,104.5932991,0,
ID123594_ID123374,939,123594,123374,7.196184841,0.623355712,0.536514113,2.682570566,222.5,449.7708966,104.4527441,0,
ID122899_ID123131,939,122899,123131,1.219225857,0.104062121,0.220837122,1.104185608,212.5,447.836003,105.9717385,0,
ID124205_ID124007,939,124205,124007,0.132407312,0.393281428,0.072775631,0.363878155,237.5,447.6980484,102.1951139,0,
ID122654_ID122904,940,122654,122904,2.756255428,0.47372907,0.332039481,1.660197406,207.5,267.8828628,114.4414559,0,
ID122904_ID123147,940,122904,123147,1.869501078,0.470971688,0.273459399,1.367296997,212.5,267.4032037,114.7948382,0,
ID123611_ID123389,940,123611,123389,2.493751504,0.168808707,0.315832329,1.579161646,222.5,275.7370063,117.4449216,0,
ID123147_ID123611,940,123147,123611,59.80811834,0.155955803,1.546714173,7.733570866,217.5,271.3832159,116.6219563,0,
ID124405_ID124223,940,124405,124223,12.95870243,0.300506193,0.719963956,3.599819778,232.5,275.5055499,119.9830027,0,
ID124223_ID124030,940,124223,124030,5.929544448,7.30E-05,0.487013119,2.435065594,237.5,277.149003,122.5136196,0,
ID123389_ID124405,940,123389,124405,5.617917032,0.604231013,0.474042911,2.370214554,227.5,275.4731156,117.7617174,0,
ID124030_ID123832,940,124030,123832,0.481496703,0.037935635,0.138779927,0.693899634,242.5,277.943142,123.8559298,0,
ID121876_ID122654,940,121876,122654,3.757366926,NaN,0.387678574,1.938392872,202.5,267.8038586,115.127248,0,
ID123152_ID123609,941,123152,123609,2.890827249,0.259190922,0.340048658,1.700243291,217.5,18.36552328,117.5104999,0,
ID123609_ID123384,941,123609,123384,0.380533116,0.329229758,0.123374733,0.616873663,222.5,18.73059487,116.7073287,0,
ID121887_ID122667,941,121887,122667,2.113621735,NaN,0.290766005,1.453830023,202.5,18.53801446,122.0649603,0,
ID122667_ID122917,941,122667,122917,3.518804813,0.434995656,0.375169552,1.875847758,207.5,19.15144447,121.5578367,0,
ID122917_ID123152,941,122917,123152,8.282172278,0.108540514,0.57557527,2.877876349,212.5,18.47254222,119.3667801,0,
ID123384_ID124401,941,123384,124401,1.891419949,0.348644121,0.275057808,1.375289042,227.5,19.02605653,116.0686489,0,
ID122693_ID122944,942,122693,122944,0.368920737,0.023669933,0.121477691,0.607388456,207.5,179.5184325,142.6812876,0,
ID121909_ID122693,942,121909,122693,4.679051712,NaN,0.432622316,2.163111581,202.5,179.1307799,141.353113,0,
ID122944_ID123182,942,122944,123182,3.094442736,0.380615875,0.351820564,1.759102821,212.5,178.7513706,143.0025198,0,
ID122703_ID122950,944,122703,122950,24.70090889,0.118128975,0.994000179,4.970000895,207.5,165.8790544,152.6964461,0,
ID121920_ID122703,944,121920,122703,20.87999172,NaN,0.913892591,4.569462957,202.5,169.6938728,150.1917028,0,
ID123255_ID123698,946,123255,123698,21.57902833,0.614141642,0.929064655,4.645323275,217.5,350.1974864,180.4783509,0,
ID122761_ID123006,946,122761,123006,9.143041242,0.226499203,0.604749245,3.023746227,207.5,351.2555914,179.0417548,0,
ID123006_ID123255,946,123006,123255,7.357480809,0.118607174,0.542493532,2.712467661,212.5,349.4611342,181.1167782,0,
ID124291_ID124102,946,124291,124102,18.97115943,0.174911381,0.871117889,4.355589446,237.5,355.8288323,186.8912094,0,
ID123473_ID124491,946,123473,124491,13.2858519,0.330668863,0.728995251,3.644976255,227.5,353.1632911,181.3018715,0,
ID124102_ID123904,946,124102,123904,2.823650316,0.121583945,0.336074415,1.680372077,242.5,358.3869663,188.2726989,0,
ID123698_ID123473,946,123698,123473,3.031417836,0.175201204,0.348219347,1.741096734,222.5,352.935005,179.3613651,0,
ID121972_ID122761,946,121972,122761,0.204927154,NaN,0.090537761,0.452688805,202.5,351.7443589,177.4962575,0,
ID124491_ID124291,946,124491,124291,11.52314867,0.141976272,0.678915272,3.39457636,232.5,353.1592352,184.6025343,0,
ID121993_ID122783,948,121993,122783,4.016178982,NaN,0.400808133,2.004040664,202.5,22.74471912,190.748197,0,
ID122783_ID123022,948,122783,123022,13.42064239,0.616547875,0.732683899,3.663419493,207.5,23.5732745,190.8389494,0,
ID123289_ID124316,949,123289,124316,0.39447043,0.43827832,0.125613762,0.62806881,227.5,98.8735009,18.41883074,0,
ID122811_ID123052,949,122811,123052,0.483622077,0.318630073,0.139085884,0.695429419,212.5,97.50929117,19.39913892,0,
ID123513_ID123289,949,123513,123289,0.078649846,0.519591093,0.05608916,0.280445798,222.5,99.05711531,18.60145496,0,
ID122560_ID122811,949,122560,122811,1.828826149,0.508719066,0.270468198,1.352340988,207.5,97.8878223,20.05053404,0,
ID124131_ID123930,949,124131,123930,0.240316854,0.455164903,0.098044246,0.49022123,237.5,95.1581269,20.02975577,0,
ID121781_ID122560,949,121781,122560,10.91617446,NaN,0.660792689,3.303963447,202.5,97.8035099,18.89607135,0,
ID123052_ID123513,949,123052,123513,2.450911974,0.114948381,0.313107775,1.565538877,217.5,98.4201555,18.79842306,0,
ID124316_ID124131,949,124316,124131,17.98082814,0.33579343,0.848076132,4.24038066,232.5,96.8530242,19.02524338,0,
ID124130_ID123924,951,124130,123924,7.206215721,0.304230776,0.536887911,2.684439554,237.5,46.50244986,18.71274794,0,
ID123517_ID123291,951,123517,123291,5.044924814,0.193905184,0.449218201,2.246091007,222.5,47.26915339,22.24035963,0,
ID121788_ID122563,951,121788,122563,22.12967281,NaN,0.940843724,4.704218618,202.5,46.3611548,23.4111719,0,
ID124319_ID124130,951,124319,124130,2.908476799,0.514732787,0.341085139,1.705425694,232.5,45.81813804,20.18718957,0,
ID122563_ID122814,951,122563,122814,15.43919652,0.562198089,0.78585486,3.929274299,207.5,46.07764351,24.16631575,0,
ID122814_ID123057,951,122814,123057,7.698424638,0.5114519,0.554920702,2.77460351,212.5,46.86118504,24.95614031,0,
ID123291_ID124319,951,123291,124319,4.578751961,0.175698767,0.42796037,2.139801851,227.5,45.96210959,20.74654631,0,
ID123057_ID123517,951,123057,123517,9.262320926,0.560574275,0.608681228,3.043406139,217.5,46.63616968,24.50080371,0,
ID124338_ID124154,954,124338,124154,2.070928894,0.554841129,0.287814447,1.439072234,232.5,262.2033806,57.80193888,0,
ID123951_ID123757,954,123951,123757,0.63986722,0.354924326,0.159983402,0.799917008,242.5,263.3899805,54.10538491,0,
ID121812_ID122584,954,121812,122584,0.286905171,NaN,0.107127059,0.535635297,202.5,259.1520951,56.47497682,0,
ID122584_ID122833,954,122584,122833,1.981134205,0.448143107,0.281505538,1.407527692,207.5,258.7529159,56.05832071,0,
ID123075_ID123541,954,123075,123541,10.39514919,0.096326585,0.644830185,3.224150926,217.5,260.7382166,57.20261961,0,
ID123319_ID124338,954,123319,124338,1.142496831,0.483375656,0.213775287,1.068876434,227.5,262.4929762,57.84338839,0,
ID123541_ID123319,954,123541,123319,1.021793139,0.384638343,0.202167568,1.01083784,222.5,262.1248773,57.81005242,0,
ID124154_ID123951,954,124154,123951,13.10930077,0.261425203,0.724135368,3.620676838,237.5,262.7463115,55.75761315,0,
ID122833_ID123075,954,122833,123075,2.160294504,0.59142093,0.293958807,1.469794034,212.5,258.8265874,55.94388714,0,
ID121834_ID122607,956,121834,122607,13.54282551,NaN,0.736011563,3.680057814,202.5,261.8696299,79.4120979,0,
ID123335_ID124356,956,123335,124356,2.127513263,0.291210001,0.291719952,1.458599761,227.5,271.0639507,79.01621794,0,
ID124166_ID123966,956,124166,123966,83.61530004,0.181365719,1.82882804,9.144140202,237.5,273.9642663,74.5962543,0,
ID123094_ID123560,956,123094,123560,17.62440065,0.574550608,0.839628505,4.198142524,217.5,266.5086655,78.4497747,0,
ID123966_ID123771,956,123966,123771,13.99365748,0.194051077,0.748161947,3.740809736,242.5,278.7124219,71.20183081,0,
ID124356_ID124166,956,124356,124166,2.38785858,0.569948164,0.309053949,1.545269743,232.5,271.2520405,78.89723703,0,
ID123560_ID123335,956,123560,123335,27.81904271,0.45838578,1.05487521,5.27437605,222.5,268.2764295,79.41217251,0,
ID122856_ID123094,956,122856,123094,22.91900519,0.131907019,0.957475957,4.787379784,212.5,265.8395159,78.44796984,0,
ID122607_ID122856,956,122607,122856,3.437775986,0.278654098,0.37082481,1.854124048,207.5,263.6312885,80.73277481,0,
ID123099_ID123562,957,123099,123562,10.5815217,0.289498764,0.65058502,3.252925099,217.5,399.1804591,82.5397031,0,
ID121839_ID122609,957,121839,122609,3.166836245,NaN,0.355912138,1.779560689,202.5,397.3117347,84.69285436,0,
ID123974_ID123781,957,123974,123781,3.029931993,0.617296891,0.348133997,1.740669984,242.5,399.9839324,82.82497421,0,
ID123562_ID123336,957,123562,123336,0.039845614,0.011497068,0.039922732,0.199613662,222.5,398.9002557,80.83648385,0,
ID123336_ID124357,957,123336,124357,1.342779303,0.143366413,0.231756709,1.158783545,227.5,399.2203458,80.26168873,0,
ID124357_ID124170,957,124357,124170,5.406781872,0.606208005,0.465049755,2.325248776,232.5,398.9965562,80.80785991,0,
ID122609_ID122862,957,122609,122862,0.348018028,0.613192111,0.117986106,0.589930528,207.5,397.9036453,84.62251707,0,
ID124170_ID123974,957,124170,123974,7.310667209,0.30422611,0.54076491,2.703824552,237.5,399.5964443,82.53284058,0,
ID122862_ID123099,957,122862,123099,3.659503249,0.616644464,0.382596563,1.912982815,212.5,398.5331758,84.41692232,0,
ID122871_ID123100,958,122871,123100,43.03265469,0.596813464,1.31198559,6.559927948,212.5,447.8772312,86.72806124,0,
ID123978_ID123784,958,123978,123784,14.60890441,0.39599038,0.76443193,3.822159652,242.5,446.9775138,84.3597869,0,
ID123100_ID123566,958,123100,123566,10.39601915,0.19985996,0.644857167,3.224285835,217.5,444.1201349,84.50059308,0,
ID123566_ID123341,958,123566,123341,10.1728795,0.564274805,0.637899036,3.18949518,222.5,443.9484971,84.01869647,0,
ID123341_ID124362,958,123341,124362,6.181643716,0.496736214,0.497258231,2.486291157,227.5,444.8370523,84.42082304,0,
ID122615_ID122871,958,122615,122871,2.349507475,0.424457279,0.306562064,1.532810319,207.5,449.4504474,88.70422357,0,
ID124176_ID123978,958,124176,123978,0.103393387,0.352938989,0.064309684,0.321548421,237.5,445.214387,84.92986322,0,
ID121851_ID122615,958,121851,122615,24.13125318,NaN,0.982471438,4.912357191,202.5,448.5138328,90.64595494,0,
ID124362_ID124176,958,124362,124176,1.25070538,0.492655858,0.22366988,1.1183494,232.5,444.8067614,85.30097072,0,
ID122626_ID122878,959,122626,122878,3.875107877,0.552734172,0.393705874,1.968529369,207.5,309.8193653,93.10085834,0,
ID123992_ID123799,959,123992,123799,8.071369357,0.145976214,0.56820311,2.84101555,242.5,315.9303547,93.12639678,0,
ID122878_ID123110,959,122878,123110,1.060856129,0.032173408,0.205995741,1.029978703,212.5,308.406974,92.61113959,0,
ID124367_ID124189,959,124367,124189,1.244713646,0.026992708,0.223133471,1.115667355,232.5,312.6146991,92.13445719,0,
ID123573_ID123349,959,123573,123349,2.532166372,0.110192034,0.318255644,1.59127822,222.5,310.2160599,92.08281388,0,
ID124189_ID123992,959,124189,123992,3.071834604,0.169775156,0.350533,1.752665001,237.5,313.8383516,92.61184528,0,
ID121853_ID122626,959,121853,122626,14.33221514,NaN,0.757158244,3.785791218,202.5,308.8373265,93.45321659,0,
ID123110_ID123573,959,123110,123573,2.663424579,0.511739817,0.326400035,1.632000177,217.5,308.6705023,92.21121074,0,
ID123349_ID124367,959,123349,124367,1.138623373,0.042738626,0.213412593,1.067062966,227.5,311.529889,92.22854232,0,
ID120622_ID120364,961,120622,120364,30.62674332,NaN,1.106828683,5.534143414,187.5,289.6441813,140.7485486,0,
ID124010_ID123817,962,124010,123817,7.675985564,0.015955823,0.554111381,2.770556905,242.5,436.9226316,108.290006,0,
ID124209_ID124010,962,124209,124010,5.748124399,0.050575908,0.479504928,2.39752464,237.5,435.4950289,110.4414366,0,
ID123139_ID123601,962,123139,123601,6.034545163,NaN,0.491306225,2.456531124,217.5,427.3723593,113.1880055,0,
ID123601_ID123382,962,123601,123382,3.858709011,0.07424681,0.392871939,1.964359695,222.5,429.5146038,113.5520126,0,
ID124396_ID124209,962,124396,124209,2.71989118,0.049992188,0.329841852,1.649209259,232.5,434.1537815,111.9354889,0,
ID123382_ID124396,962,123382,124396,11.64833311,0.162833417,0.682593088,3.412965442,227.5,431.9730154,113.1857683,0,
ID124011_ID123819,963,124011,123819,2.706766441,0.140947724,0.329045069,1.645225347,242.5,218.1011854,110.0672119,0,
ID123142_ID123602,963,123142,123602,2.469820189,NaN,0.314313232,1.571566158,217.5,213.8546845,113.9449479,0,
ID123380_ID124397,963,123380,124397,0.840872736,0.144430027,0.183398226,0.916991132,227.5,215.4771362,112.7545573,0,
ID123602_ID123380,963,123602,123380,0.814624554,0.144196536,0.180513108,0.90256554,222.5,214.8204944,113.2960575,0,
ID124397_ID124210,963,124397,124210,0.985984725,0.069833191,0.198593527,0.992967635,232.5,216.2965082,112.2928829,0,
ID124210_ID124011,963,124210,124011,2.872631421,0.095532805,0.338976779,1.694883896,237.5,217.0220545,111.2040611,0,
ID123151_ID123603,964,123151,123603,10.29541871,NaN,0.641729498,3.20864749,217.5,446.6069236,115.7045267,0,
ID123381_ID124399,964,123381,124399,1.898450511,0.593372611,0.27556854,1.377842702,227.5,447.0400097,114.0048926,0,
ID123603_ID123381,964,123603,123381,0.661512777,0.020511709,0.162666871,0.813334357,222.5,446.9442731,113.7237634,0,
ID124399_ID124211,964,124399,124211,5.241635966,0.590837154,0.457892388,2.289461938,232.5,447.2142216,113.5520909,0,
ID124211_ID124016,964,124211,124016,7.21365443,0.605489418,0.537164944,2.685824721,237.5,447.3475943,113.7557948,0,
ID124016_ID123826,964,124016,123826,8.553692188,0.094844964,0.584933917,2.924669586,242.5,448.053923,116.3896307,0,
ID123616_ID123396,965,123616,123396,0.281819005,0.088220931,0.106173256,0.530866278,222.5,19.86595521,122.2173895,0,
ID122662_ID122920,965,122662,122920,3.705037374,NaN,0.384969473,1.924847364,207.5,21.06618477,121.2255219,0,
ID123160_ID123616,965,123160,123616,0.471968665,0.385240142,0.137399951,0.686999756,217.5,19.96734991,122.8031061,0,
ID124407_ID124220,965,124407,124220,3.074577006,0.381469534,0.350689436,1.753447178,232.5,20.10986878,120.0984791,0,
ID124220_ID124021,965,124220,124021,1.523176835,0.441105382,0.246834101,1.234170505,237.5,19.73320564,119.4935293,0,
ID122920_ID123160,965,122920,123160,2.044711274,0.191152028,0.285986802,1.42993401,212.5,20.6275533,122.6534897,0,
ID123396_ID124407,965,123396,124407,3.856729126,0.100198195,0.392771136,1.963855678,227.5,20.42379196,121.1308046,0,
ID124021_ID123824,965,124021,123824,11.76321612,0.003221074,0.685950906,3.429754528,242.5,21.54362853,118.0237866,0,
ID122676_ID122928,966,122676,122928,10.34179926,NaN,0.643173359,3.215866797,207.5,394.6496058,128.6154484,0,
ID123627_ID123408,966,123627,123408,0.177444745,0.24697526,0.084248382,0.421241908,222.5,391.0322576,133.606575,0,
ID124229_ID124032,966,124229,124032,0.581583814,0.078793195,0.152523285,0.762616427,237.5,387.6938293,126.6127365,0,
ID124032_ID123836,966,124032,123836,15.25968881,0.583735043,0.781273033,3.906365166,242.5,388.3447135,128.0563413,0,
ID123408_ID124418,966,123408,124418,17.94404332,0.546407783,0.847208199,4.236040996,227.5,390.0825009,131.930293,0,
ID123167_ID123627,966,123167,123627,20.78543077,0.194762987,0.911820833,4.559104163,217.5,391.4585614,131.288059,0,
ID122928_ID123167,966,122928,123167,1.093010796,0.049458716,0.209094313,1.045471566,212.5,392.5528479,128.9191217,0,
ID124418_ID124229,966,124418,124229,11.47454217,0.050648343,0.677481872,3.38740936,232.5,388.4492891,128.5195692,0,
ID123171_ID123625,967,123171,123625,0.58788379,NaN,0.15334716,0.766735802,217.5,356.2508238,132.7304827,0,
ID124036_ID123840,967,124036,123840,4.619333079,0.525021895,0.429852676,2.14926338,242.5,358.9541937,134.9649405,0,
ID123404_ID124423,967,123404,124423,1.811126982,0.214711135,0.269156236,1.345781179,227.5,358.6163509,132.140526,0,
ID123625_ID123404,967,123625,123404,2.714198712,0.072078875,0.329496508,1.647482538,222.5,357.3310635,132.2308631,0,
ID124234_ID124036,967,124234,124036,0.228446212,0.213853752,0.095592094,0.477960471,237.5,359.78517,134.6914643,0,
ID124423_ID124234,967,124423,124234,4.686542141,0.175322818,0.432968458,2.16484229,232.5,359.3787465,133.5459106,0,
ID123189_ID123645,970,123189,123645,3.929043489,NaN,0.396436299,1.982181497,217.5,202.6835476,146.5760007,0,
ID124045_ID123843,970,124045,123843,2.574614644,0.082633197,0.320912115,1.604560577,242.5,202.3440458,138.8459703,0,
ID124437_ID124245,970,124437,124245,5.002153672,0.422971859,0.4473099,2.236549501,232.5,203.6555058,142.0579402,0,
ID123645_ID123421,970,123645,123421,4.196291896,0.030098649,0.409697054,2.048485269,222.5,202.8568624,144.573856,0,
ID123421_ID124437,970,123421,124437,3.869995725,0.215199576,0.393446094,1.967230471,227.5,203.7408478,143.0933373,0,
ID124245_ID124045,970,124245,124045,3.618930435,0.154206443,0.380469733,1.902348663,237.5,202.4584431,140.5585975,0,
ID123192_ID123646,971,123192,123646,2.507582628,0.159419808,0.31670697,1.583534852,217.5,25.7059028,147.9230995,0,
ID123425_ID124440,971,123425,124440,14.37430764,0.571897607,0.758269283,3.791346415,227.5,25.16213076,146.6148772,0,
ID123646_ID123425,971,123646,123425,2.182168381,0.396789756,0.295443286,1.47721643,222.5,26.19132603,147.2395758,0,
ID122697_ID122947,971,122697,122947,14.19316665,NaN,0.753476387,3.767381936,207.5,26.31321643,147.8565101,0,
ID124051_ID123852,971,124051,123852,1.64867909,0.239469484,0.256801798,1.284008991,242.5,22.21061875,143.3955355,0,
ID124248_ID124051,971,124248,124051,6.832694545,0.413057986,0.522788468,2.613942338,237.5,22.67796022,144.9811513,0,
ID124440_ID124248,971,124440,124248,0.81650492,0.157007563,0.180721324,0.903606618,232.5,22.98328264,146.1030238,0,
ID122947_ID123192,971,122947,123192,2.634482491,0.529692187,0.324621779,1.623108897,212.5,26.6859069,149.0290533,0,
ID124255_ID124063,973,124255,124063,3.521580327,0.488042952,0.375317483,1.876587415,237.5,312.7212195,158.4554658,0,
ID122967_ID123213,973,122967,123213,11.67022703,NaN,0.68323428,3.4161714,212.5,307.0090008,162.9339953,0,
ID123658_ID123434,973,123658,123434,14.46955979,0.017902821,0.760777491,3.803887457,222.5,311.2477451,157.2082288,0,
ID124063_ID123862,973,124063,123862,1.987296793,0.479963274,0.281943029,1.409715146,242.5,312.1026992,158.5949133,0,
ID123213_ID123658,973,123213,123658,20.80874991,0.263160916,0.912332174,4.561660872,217.5,309.5469097,161.0250367,0,
ID123434_ID124453,973,123434,124453,20.78354577,0.590719309,0.911779486,4.558897429,227.5,310.7153671,157.3171157,0,
ID124453_ID124255,973,124453,124255,17.01348618,0.519366389,0.824948148,4.124740741,232.5,311.2477764,158.3775919,0,
ID123669_ID123449,974,123669,123449,22.52347235,0.602999268,0.94917801,4.745890049,222.5,243.9834166,164.3801443,0,
ID124064_ID123867,974,124064,123867,1.336737155,0.289185877,0.231234699,1.156173497,242.5,248.197556,159.4157487,0,
ID123449_ID124460,974,123449,124460,4.740867251,0.479735657,0.435470653,2.177353267,227.5,245.7108968,164.5432147,0,
ID123215_ID123669,974,123215,123669,2.230601643,NaN,0.298703977,1.493519884,217.5,242.4787999,165.0196504,0,
ID124261_ID124064,974,124261,124064,15.95919415,0.115540511,0.798979202,3.994896012,237.5,248.158902,161.5628647,0,
ID124460_ID124261,974,124460,124261,9.811573693,0.551839383,0.626468633,3.132343163,232.5,246.3977168,164.4924162,0,
ID124277_ID124088,975,124277,124088,4.148018669,0.583383609,0.407333704,2.036668522,237.5,313.4595534,176.5136273,0,
ID123223_ID123677,975,123223,123677,7.775486743,NaN,0.557691196,2.788455978,217.5,314.2409004,171.9763561,0,
ID123460_ID124480,975,123460,124480,6.184256852,0.005419107,0.497363322,2.48681661,227.5,313.7545702,175.454644,0,
ID124088_ID123892,975,124088,123892,9.212676307,0.015400271,0.607047817,3.035239086,242.5,315.7770274,177.538916,0,
ID123677_ID123460,975,123677,123460,2.998473292,0.2744982,0.346322006,1.731610029,222.5,314.8465929,173.6503499,0,
ID124480_ID124277,975,124480,124277,0.507587484,0.3405405,0.142490348,0.712451742,232.5,312.8236088,176.2851613,0,
ID122734_ID122984,976,122734,122984,16.95595528,NaN,0.823552191,4.117760955,207.5,137.1517981,170.2444028,0,
ID124267_ID124072,976,124267,124072,6.754558028,0.209341522,0.519790651,2.598953256,237.5,144.597681,170.6310349,0,
ID122984_ID123228,976,122984,123228,0.545471731,0.239357194,0.147712116,0.738560581,212.5,137.8591766,172.3492849,0,
ID124072_ID123873,976,124072,123873,2.47106808,0.240649613,0.314392626,1.571963129,242.5,144.4911056,168.8906156,0,
ID123679_ID123455,976,123679,123455,10.76822157,0.188802234,0.65629937,3.281496848,222.5,141.2689529,172.5727526,0,
ID124468_ID124267,976,124468,124267,0.884536732,0.286190749,0.188099626,0.94049813,232.5,144.9689993,172.1748913,0,
ID123455_ID124468,976,123455,124468,5.186937089,0.199647626,0.455496963,2.277484816,227.5,143.6789879,172.1199299,0,
ID123228_ID123679,976,123228,123679,5.954750749,0.38612675,0.48804716,2.440235798,217.5,138.7595267,173.0543503,0,
ID123684_ID123462,977,123684,123462,1.166165958,0.600054635,0.215978328,1.079891642,222.5,227.7085174,174.6964059,0,
ID123233_ID123684,977,123233,123684,0.403552495,0.067814895,0.127051564,0.635257818,217.5,227.5064236,174.8059608,0,
ID122991_ID123233,977,122991,123233,1.004079992,0.448234095,0.200407584,1.002037919,212.5,228.2600272,174.5158847,0,
ID122760_ID122991,977,122760,122991,12.53684736,NaN,0.708148215,3.540741074,207.5,228.3975085,176.0206089,0,
ID123707_ID124495,979,123707,124495,8.511237476,0.130570688,0.291740252,2.917402522,225,379.9172537,185.6168911,0,
ID124495_ID124293,979,124495,124293,6.421119801,0.294945239,0.506798571,2.533992857,232.5,381.1057411,187.2524793,0,
ID123016_ID123256,979,123016,123256,0.109702873,NaN,0.066242848,0.331214241,212.5,377.6453874,183.5571912,0,
ID123256_ID123707,979,123256,123707,5.390242463,0.201557984,0.464337914,2.321689571,217.5,378.8777295,183.805249,0,
ID124293_ID124103,979,124293,124103,25.99107527,0.006987955,1.019628859,5.098144297,237.5,384.8947977,187.7013518,0,
ID124103_ID123906,979,124103,123906,13.52148166,0.092505503,0.735431347,3.677156735,242.5,388.9785247,188.9622134,0,
ID123260_ID123710,980,123260,123710,3.125111367,0.072911194,0.35355969,1.767798452,217.5,212.2846783,188.0858858,0,
ID123026_ID123260,980,123026,123260,21.45020429,NaN,0.926287305,4.631436526,212.5,212.1222646,191.2390023,0,
ID123710_ID123482,980,123710,123482,0.372569274,0.257078836,0.122076906,0.61038453,222.5,212.8644474,187.2551116,0,
ID122784_ID123023,981,122784,123023,0.766351336,NaN,0.17508299,0.875414951,207.5,309.8634015,192.0004057,0,
ID123264_ID123717,981,123264,123717,0.171853367,0.083495652,0.082910402,0.414552008,217.5,308.777491,193.7056259,0,
ID123023_ID123264,981,123023,123264,4.932638455,0.549891011,0.44419088,2.220954402,212.5,309.5419229,192.6508369,0,
ID123492_ID124502,981,123492,124502,3.938658498,0.406453738,0.396921075,1.984605376,227.5,307.9466857,194.5647266,0,
ID123717_ID123492,981,123717,123492,0.878972452,0.33063685,0.187507061,0.937535307,222.5,308.2820861,193.741517,0,
ID124296_ID124108,981,124296,124108,3.028142884,0.606353326,0.348031199,1.740155994,237.5,308.2189899,194.7647588,0,
ID124502_ID124296,981,124502,124296,2.768257267,0.541408273,0.332761612,1.663808062,232.5,308.3198807,194.7644736,0,
ID122788_ID123030,982,122788,123030,2.697014155,NaN,0.328451772,1.642258858,207.5,446.2340811,196.7421436,0,
ID123495_ID124503,982,123495,124503,3.291423067,0.590576909,0.362845591,1.814227954,227.5,448.4692903,197.3698462,0,
ID124503_ID124297,982,124503,124297,9.090686281,0.301501698,0.603015299,3.015076497,232.5,447.2844203,196.0043469,0,
ID123719_ID123495,982,123719,123495,1.951462269,0.24693198,0.279389496,1.396947482,222.5,448.284345,197.5482332,0,
ID124297_ID124106,982,124297,124106,7.06018784,0.234759807,0.53142028,2.657101398,237.5,445.7722691,194.1877794,0,
ID123267_ID123719,982,123267,123719,2.969835047,0.623034471,0.344664187,1.723320936,217.5,449.1733922,196.6333841,0,
ID123030_ID123267,982,123030,123267,11.26195458,0.223850669,0.671176715,3.355883577,212.5,448.3956252,196.8831898,0,
ID123034_ID123269,983,123034,123269,3.933503738,0.566323687,0.396661253,1.983306264,212.5,453.0198011,200.6427611,0,
ID124111_ID123911,983,124111,123911,3.169504991,0.124820318,0.356062073,1.780310364,242.5,447.4822956,198.0246102,0,
ID122794_ID123034,983,122794,123034,0.994705275,NaN,0.199469825,0.997349124,207.5,453.4525593,200.9635161,0,
ID124505_ID124303,983,124505,124303,6.901067409,0.248928271,0.525397655,2.626988277,232.5,449.4831911,199.4818861,0,
ID123269_ID123720,983,123269,123720,2.024543431,0.198336799,0.284572903,1.422864516,217.5,451.9283021,199.6081844,0,
ID123720_ID124505,983,123720,124505,2.487849126,0.102947556,0.157729171,1.577291706,225,451.0176618,198.6716836,0,
ID124303_ID124111,983,124303,124111,4.075625947,0.447604784,0.403763592,2.018817958,237.5,448.4358057,199.5609681,0,
ID123527_ID123305,985,123527,123305,11.00187431,0.101082822,0.663381468,3.316907342,222.5,311.8783457,38.254003,0,
ID123305_ID124328,985,123305,124328,24.06493327,0.557458983,0.981120447,4.905602233,227.5,312.9440899,38.23201179,0,
ID123063_ID123527,985,123063,123527,10.18351014,NaN,0.63823225,3.191161252,217.5,314.2934899,36.23060699,0,
ID124139_ID123938,985,124139,123938,4.420520202,0.25845365,0.420500664,2.102503318,237.5,319.068444,34.36701335,0,
ID124328_ID124139,985,124328,124139,19.30477252,0.034103353,0.878743934,4.393719668,232.5,316.5715398,35.35023138,0,
ID123079_ID123545,987,123079,123545,7.495709906,0.466622462,0.547565883,2.737829415,217.5,318.3921681,60.8146525,0,
ID122837_ID123079,987,122837,123079,2.275197416,NaN,0.301675151,1.508375754,212.5,317.5738473,60.22549677,0,
ID124152_ID123955,987,124152,123955,8.303741993,0.62591669,0.576324283,2.881621417,237.5,327.0096044,57.97836416,0,
ID124342_ID124152,987,124342,124152,7.205139005,0.273993302,0.5368478,2.684238999,232.5,327.0416762,57.88354729,0,
ID123320_ID124342,987,123320,124342,16.96103168,0.112383598,0.823675462,4.118377311,227.5,324.7811066,59.30972351,0,
ID123545_ID123320,987,123545,123320,21.84931372,0.361174004,0.93486499,4.674324949,222.5,320.8091,60.74882993,0,
ID124350_ID123969,989,124350,123969,32.2303325,0.060705623,0.567717646,5.677176455,235,144.5959277,75.63324587,0,
ID122845_ID123087,989,122845,123087,4.353052533,0.127767983,0.417279404,2.086397022,212.5,140.4199386,67.08724025,0,
ID123551_ID123331,989,123551,123331,2.321908634,0.189546669,0.304756206,1.523781032,222.5,143.7531973,70.06745856,0,
ID123087_ID123551,989,123087,123551,10.07067464,0.190361667,0.634686526,3.173432628,217.5,142.1163072,68.71483548,0,
ID122590_ID122845,989,122590,122845,8.517725267,NaN,0.583702844,2.918514222,207.5,140.7762103,64.73459811,0,
ID123331_ID124350,989,123331,124350,5.114364824,0.049783699,0.452299229,2.261496147,227.5,144.4447087,71.81410923,0,
ID123969_ID123775,989,123969,123775,0.848373683,0.518317735,0.184214406,0.921072029,242.5,144.0401572,78.02737159,0,
ID123344_ID124177,991,123344,124177,12.29716843,0.185337747,0.350673187,3.506731873,230,297.107826,86.3484796,0,
ID124177_ID123977,991,124177,123977,4.852209161,0.465157319,0.440554612,2.202773062,237.5,297.9274343,85.36417982,0,
ID123101_ID123565,991,123101,123565,3.67929915,0.503140516,0.383629986,1.918149929,217.5,296.4331809,83.9248221,0,
ID123565_ID123344,991,123565,123344,11.29290657,0.426807166,0.672098403,3.360492014,222.5,295.5283649,85.02187657,0,
ID123977_ID123787,991,123977,123787,23.52910791,0.620734018,0.970136236,4.85068118,242.5,298.9534269,86.20324749,0,
ID122861_ID123101,991,122861,123101,0.127021095,NaN,0.071280038,0.356400189,212.5,297.146489,84.33194718,0,
ID123578_ID123363,993,123578,123363,5.570923842,0.496328804,0.472056092,2.360280458,222.5,273.0681686,94.90135661,0,
ID123363_ID124375,993,123363,124375,3.480027816,0.535410155,0.373096653,1.865483266,227.5,273.5930396,94.76344482,0,
ID123112_ID123578,993,123112,123578,0.265145212,0.468902709,0.102984506,0.514922531,217.5,272.3662776,94.20401586,0,
ID122886_ID123112,993,122886,123112,4.082517888,NaN,0.404104832,2.020524162,212.5,271.9455614,94.94320031,0,
ID124375_ID124190,993,124375,124190,1.816692403,0.270135858,0.269569464,1.347847322,232.5,273.6722559,93.50153942,0,
ID124190_ID123991,993,124190,123991,7.106675995,0.132743683,0.533166991,2.665834953,237.5,275.5175797,93.01083362,0,
ID123993_ID123794,994,123993,123794,1.788988987,0.447005658,0.267506186,1.337530929,242.5,92.89315033,93.22104052,0,
ID123579_ID123355,994,123579,123355,1.001714436,0.046504329,0.20017137,1.000856851,222.5,91.30515089,94.06583375,0,
ID123117_ID123579,994,123117,123579,1.833841133,NaN,0.270838781,1.354193905,217.5,90.39939546,94.80606058,0,
ID123355_ID124372,994,123355,124372,0.303448758,0.118317474,0.110172366,0.550861832,227.5,91.84568781,93.55306699,0,
ID124372_ID124187,994,124372,124187,0.750916937,0.078262262,0.173310927,0.866554636,232.5,91.97577584,92.86947143,0,
ID124187_ID123993,994,124187,123993,2.205627567,0.541335292,0.297027108,1.485135538,237.5,92.27967063,93.12089272,0,
ID124382_ID124201,995,124382,124201,3.929399848,0.422531285,0.396454277,1.982271386,232.5,46.21004598,97.68505485,0,
ID123364_ID124382,995,123364,124382,2.759080389,0.211037573,0.332209596,1.661047979,227.5,45.5525428,97.05995477,0,
ID123581_ID123364,995,123581,123364,3.934250979,0.35825707,0.396698928,1.983494638,222.5,46.86144995,96.18112635,0,
ID124201_ID124001,995,124201,124001,0.922786495,0.222147265,0.192123553,0.960617767,237.5,47.34173681,97.08918762,0,
ID124001_ID123811,995,124001,123811,5.612119595,0.403865,0.473798252,2.368991261,242.5,48.34491074,97.45518236,0,
ID123116_ID123581,995,123116,123581,0.318991821,NaN,0.112958722,0.564793609,217.5,47.75359651,95.80049478,0,
ID123118_ID123587,996,123118,123587,8.817970705,0.327506335,0.593901362,2.969506812,217.5,344.7134596,96.36375154,0,
ID123587_ID123368,996,123587,123368,0.757881377,0.321753214,0.174112765,0.870563827,222.5,345.8488818,97.39123038,0,
ID123368_ID124381,996,123368,124381,0.477255763,0.527587599,0.1381674,0.690837002,227.5,345.9343783,97.58643903,0,
ID122892_ID123118,996,122892,123118,9.03840811,NaN,0.601278907,3.006394537,212.5,342.8162609,97.11678699,0,
ID124198_ID123994,996,124198,123994,7.315591647,0.018154885,0.540947008,2.704735042,237.5,349.5903957,94.68959949,0,
ID124381_ID124198,996,124381,124198,8.833147981,0.013416695,0.594412247,2.972061234,232.5,347.4071326,96.49883082,0,
ID123994_ID123796,996,123994,123796,15.71842049,0.111252408,0.792929265,3.964646326,242.5,352.5386526,93.41696773,0,
ID123126_ID123586,997,123126,123586,2.378882107,0.166225712,0.308472502,1.542362508,217.5,117.2751414,97.9933623,0,
ID124386_ID124202,997,124386,124202,5.208377878,0.385842306,0.456437416,2.282187082,232.5,118.8283887,99.26191051,0,
ID123369_ID124386,997,123369,124386,1.11008238,0.016187478,0.210720894,1.05360447,227.5,117.7638066,99.41855717,0,
ID123586_ID123369,997,123586,123369,2.942858909,0.581589893,0.343095258,1.715476292,222.5,117.4702717,98.0665842,0,
ID124002_ID123806,997,124002,123806,14.2843468,0.114225562,0.755892765,3.779463825,242.5,123.2010065,96.75734449,0,
ID122893_ID123126,997,122893,123126,5.781216002,0.139861608,0.480883188,2.404415938,212.5,116.3081695,99.52790681,0,
ID124202_ID124002,997,124202,124002,4.752082637,0.026526193,0.435985442,2.179927209,237.5,120.5493297,97.84977345,0,
ID122640_ID122893,997,122640,122893,2.07039953,NaN,0.287777659,1.438888297,207.5,114.6608246,100.2848653,0,
ID122638_ID122896,998,122638,122896,7.496351031,NaN,0.5475893,2.737946499,207.5,80.01294048,100.6910889,0,
ID123358_ID124376,998,123358,124376,0.420604012,0.107244279,0.129707982,0.648539908,227.5,89.46284843,94.70742287,0,
ID124376_ID124196,998,124376,124196,2.94063105,0.176997658,0.342965366,1.714826828,232.5,90.38572397,95.29117438,0,
ID122896_ID123129,998,122896,123129,11.52597058,0.047948109,0.678998397,3.394991986,212.5,82.68158804,102.1569092,0,
ID123588_ID123358,998,123588,123358,26.23733393,0.160190227,1.02444783,5.122239152,222.5,87.06337895,96.23545802,0,
ID123129_ID123588,998,123129,123588,26.31131484,0.364319118,1.025891122,5.129455609,217.5,84.61752773,100.2726286,0,
ID122650_ID122903,999,122650,122903,4.591358211,NaN,0.428549097,2.142745484,207.5,366.695534,112.9676712,0,
ID123597_ID123376,999,123597,123376,19.59525567,0.528884907,0.885330575,4.426652875,222.5,362.2584029,106.297345,0,
ID123133_ID123597,999,123133,123597,1.071385963,0.144774788,0.207015551,1.035077757,217.5,360.6400385,107.0280597,0,
ID123376_ID124388,999,123376,124388,27.35836093,0.400266978,1.04610441,5.230522052,227.5,362.6676748,103.7013515,0,
ID122903_ID123133,999,122903,123133,69.40437915,0.379868893,1.666185814,8.330929069,212.5,363.6148056,110.4921807,0,
ID124009_ID123816,1000,124009,123816,14.28695271,0.441739618,0.755961711,3.779808555,242.5,113.1764671,107.9792428,0,
ID123377_ID124393,1000,123377,124393,11.38432312,0.268036733,0.674813252,3.37406626,227.5,104.1471202,110.2128586,0,
ID123135_ID123598,1000,123135,123598,3.545444139,NaN,0.376586996,1.88293498,217.5,102.3918511,109.5831141,0,
ID124393_ID124208,1000,124393,124208,9.325895505,0.06886723,0.610766584,3.05383292,232.5,107.1136093,109.1051602,0,
ID124208_ID124009,1000,124208,124009,30.3564394,0.064793914,1.101933562,5.509667812,237.5,111.3417425,109.2416723,0,
ID123598_ID123377,1000,123598,123377,3.187434883,0.429270837,0.357067774,1.785338871,222.5,102.0743656,110.4001438,0,
ID123570_ID123348,1003,123570,123348,9.01287172,0.432882935,0.600428904,3.00214452,222.5,109.4354661,90.69363351,0,
ID122614_ID122868,1003,122614,122868,2.184919923,NaN,0.295629493,1.478147463,207.5,107.8284752,88.09818229,0,
ID122868_ID123570,1003,122868,123570,9.822407009,0.153483871,0.313407195,3.134071953,215,109.1215004,89.2869584,0,
ID122965_ID123207,1007,122965,123207,5.582312393,NaN,0.472538354,2.362691769,212.5,281.7506251,161.0434638,0,
ID124454_ID124259,1007,124454,124259,3.369649993,0.427141338,0.367132128,1.835660642,232.5,286.8373973,160.7809842,0,
ID123207_ID123441,1007,123207,123441,9.12546229,0.231606319,0.302083801,3.020838011,220,282.1953613,160.0143835,0,
ID124069_ID123871,1007,124069,123871,2.22072925,0.341919965,0.298042229,1.490211143,242.5,288.8927667,162.4325338,0,
ID124259_ID124069,1007,124259,124069,7.877759098,0.436641272,0.561346919,2.806734597,237.5,287.652948,161.5969973,0,
ID123441_ID124454,1007,123441,124454,14.45703646,0.080275564,0.760448196,3.802240978,227.5,285.5346253,159.8369395,0,
ID122827_ID123072,1008,122827,123072,25.42721658,NaN,1.008508137,5.042540687,212.5,295.4775614,50.19086683,0,
ID123359_ID124379,1009,123359,124379,0.544342585,0.061552865,0.147559152,0.737795761,227.5,311.9718364,95.24266661,0,
ID123106_ID123359,1009,123106,123359,30.15937415,0.09602652,0.549175511,5.491755107,220,310.272547,92.65055338,0,
ID122872_ID123106,1009,122872,123106,0.389743643,NaN,0.124858903,0.624294516,212.5,308.3731496,90.4117266,0,
ID124379_ID124195,1009,124379,124195,4.400005975,0.30411749,0.419523824,2.09761912,232.5,313.0978692,95.32617053,0,
ID124000_ID123807,1009,124000,123807,7.463291077,0.11479528,0.546380493,2.731902465,242.5,316.9916775,96.1264336,0,
ID124195_ID124000,1009,124195,124000,3.362108156,0.171489374,0.366721047,1.833605234,237.5,314.8690124,95.57517179,0,
ID123650_ID123431,1010,123650,123431,25.76366693,NaN,1.015158449,5.075792247,222.5,65.55907349,151.7068693,0,
ID123708_ID123480,1011,123708,123480,25.35819776,NaN,1.007138476,5.035692382,222.5,433.7784637,185.1635917,0,
ID123480_ID124496,1011,123480,124496,7.661246238,0.305982269,0.553579127,2.767895633,227.5,430.9194158,185.7682074,0,
ID123519_ID123294,1013,123519,123294,4.333426873,NaN,0.416337693,2.081688467,222.5,288.8171473,24.90773412,0,
ID123294_ID124134,1013,123294,124134,3.972841623,0.215402864,0.199319884,1.993198842,230,288.5936022,23.96749167,0,
ID124134_ID123932,1013,124134,123932,1.892558582,0.172329979,0.275140588,1.375702941,237.5,287.0699713,24.16163442,0,
ID124137_ID123935,1014,124137,123935,13.90574084,0.556143219,0.745808041,3.729040204,237.5,292.600477,27.84796706,0,
ID123297_ID124326,1014,123297,124326,3.2659943,0.295053063,0.361441243,1.807206214,227.5,292.5305292,30.87521314,0,
ID124326_ID124137,1014,124326,124137,26.43958785,0.47604857,1.028388795,5.141943976,232.5,292.3302152,28.86952001,0,
ID123521_ID123297,1014,123521,123297,15.52469304,NaN,0.788027742,3.940138708,222.5,292.27876,28.6449916,0,
ID124327_ID124140,1015,124327,124140,9.638487227,0.272515953,0.620918263,3.104591314,232.5,231.708242,34.35593673,0,
ID123301_ID124327,1015,123301,124327,2.16381861,0.242321515,0.294198478,1.470992389,227.5,230.6529487,32.83641399,0,
ID123526_ID123301,1015,123526,123301,9.31093809,NaN,0.610276596,3.05138298,222.5,232.4350043,32.14224897,0,
ID124140_ID123936,1015,124140,123936,2.544395248,0.50923436,0.319023212,1.595116061,237.5,232.701178,34.45498912,0,
ID123321_ID124341,1016,123321,124341,1.115186843,0.066113304,0.211204815,1.056024073,227.5,190.6013318,59.54488911,0,
ID123544_ID123321,1016,123544,123321,14.50602081,NaN,0.761735408,3.808677042,222.5,188.331992,60.35578143,0,
ID124341_ID124151,1016,124341,124151,26.62138029,0.020227428,1.031918219,5.159591097,232.5,193.298552,58.0055549,0,
ID123554_ID123328,1017,123554,123328,10.80351975,NaN,0.657374163,3.286870815,222.5,330.397373,70.0917908,0,
ID124351_ID124164,1017,124351,124164,4.771377365,0.216421895,0.436869654,2.18434827,232.5,332.5578147,73.41473411,0,
ID124164_ID123968,1017,124164,123968,5.171101647,0.194653171,0.454801128,2.274005639,237.5,334.5227596,73.56270982,0,
ID123968_ID123773,1017,123968,123773,0.621903452,0.596827091,0.157721711,0.788608554,242.5,335.2352066,73.32794905,0,
ID123328_ID124351,1017,123328,124351,11.28693761,0.407816264,0.671920757,3.359603787,227.5,331.7802729,71.14920784,0,
ID123987_ID123795,1018,123987,123795,1.113122727,0.07829321,0.211009263,1.055046315,242.5,163.6404116,92.45529278,0,
ID123582_ID123362,1018,123582,123362,4.787022754,NaN,0.437585318,2.187926588,222.5,161.2656182,95.87203932,0,
ID123362_ID124373,1018,123362,124373,24.89813862,0.445522043,0.997960693,4.989803465,227.5,160.0957704,94.22288638,0,
ID124182_ID123987,1018,124182,123987,23.52788386,0.29635058,0.970111001,4.850555006,237.5,160.8228898,91.6891122,0,
ID124373_ID124182,1018,124373,124182,3.469381901,0.269071572,0.372525537,1.862627687,232.5,158.1819421,92.10914113,0,
ID123386_ID124404,1019,123386,124404,25.01534103,0.542732714,1.000306774,5.001533868,227.5,296.618585,117.1561099,0,
ID123608_ID123386,1019,123608,123386,6.10909906,NaN,0.494331834,2.471659171,222.5,295.4297768,116.2934604,0,
ID124404_ID124219,1019,124404,124219,1.599757287,0.095584703,0.252963024,1.26481512,232.5,299.4912133,118.2562825,0,
ID124219_ID124024,1019,124219,124024,3.355520192,0.172007644,0.366361581,1.831807903,237.5,299.9193829,119.6021176,0,
ID124221_ID124025,1020,124221,124025,0.706028986,0.452492304,0.168051062,0.84025531,237.5,440.1564778,120.5644325,0,
ID124409_ID124221,1020,124409,124221,1.323140869,0.572078922,0.230055721,1.150278605,232.5,440.4510005,120.8995642,0,
ID124025_ID123828,1020,124025,123828,3.451161213,0.295599739,0.371546025,1.857730124,242.5,439.215871,120.0881137,0,
ID123610_ID123393,1020,123610,123393,13.38618145,NaN,0.731742617,3.658713087,222.5,441.0890806,118.0912127,0,
ID123393_ID124409,1020,123393,124409,3.690285298,0.161003441,0.384202306,1.92101153,227.5,440.2169275,120.5292784,0,
ID124241_ID124041,1022,124241,124041,12.10501189,0.306354464,0.695845152,3.47922576,237.5,320.3822731,138.5781701,0,
ID124426_ID124241,1022,124426,124241,5.336191888,0.445655426,0.462003978,2.310019889,232.5,318.4657606,137.6594426,0,
ID123630_ID123413,1022,123630,123413,8.022580349,NaN,0.566483198,2.832415992,222.5,318.243325,136.1222337,0,
ID124041_ID123847,1022,124041,123847,3.781303332,0.273131691,0.388911472,1.944557361,242.5,322.4249247,139.2769065,0,
ID123413_ID124426,1022,123413,124426,1.345850547,0.580395742,0.232021598,1.160107989,227.5,318.7862548,136.7940376,0,
ID123643_ID123419,1024,123643,123419,25.55102455,NaN,1.010960426,5.054802128,222.5,349.1944016,141.6840219,0,
ID124052_ID123856,1024,124052,123856,1.162345324,0.513878358,0.21562424,1.078121201,242.5,344.8401359,144.0259241,0,
ID124431_ID124052,1024,124431,124052,47.41716537,0.244095106,0.68860123,6.886012298,235,343.4997936,141.3374936,0,
ID123419_ID124431,1024,123419,124431,27.73788226,0.018383711,1.053335317,5.266676586,227.5,344.5749106,139.3954981,0,
ID124434_ID124238,1027,124434,124238,12.33385027,NaN,0.702391636,3.511958182,232.5,385.7385823,138.785905,0,
ID124238_ID124048,1027,124238,124048,20.31654268,0.556148039,0.901477514,4.507387568,237.5,386.0885539,139.5827665,0,
ID124048_ID123854,1027,124048,123854,2.060984268,0.113795176,0.287122571,1.435612854,242.5,385.3901664,142.3813977,0,
ID123422_ID124444,1028,123422,124444,15.24869034,NaN,0.78099143,3.904957149,227.5,439.8641955,145.4646432,0,
ID124444_ID124250,1028,124444,124250,0.540051945,0.368307217,0.146976453,0.734882266,232.5,439.625796,147.3372379,0,
ID124057_ID123857,1028,124057,123857,0.160828642,0.161995488,0.080206893,0.401034465,242.5,442.7153287,148.6961342,0,
ID124250_ID124057,1028,124250,124057,8.373762972,0.092286814,0.578749098,2.893745492,237.5,441.2584384,148.0548801,0,
ID123432_ID124449,1029,123432,124449,6.983448948,NaN,0.528524321,2.642621605,227.5,343.8934849,155.2033123,0,
ID124449_ID124251,1029,124449,124251,23.65027008,0.566199109,0.972630867,4.863154334,232.5,343.5731424,154.0043396,0,
ID124271_ID124078,1031,124271,124078,2.526647505,0.020296724,0.317908635,1.589543175,237.5,117.5007354,172.2127209,0,
ID123466_ID124475,1031,123466,124475,2.6008582,NaN,0.322543529,1.612717644,227.5,113.684605,175.9451055,0,
ID124078_ID123879,1031,124078,123879,8.327106809,0.21317631,0.577134536,2.885672679,242.5,119.4544532,172.1362843,0,
ID124475_ID124271,1031,124475,124271,14.29028293,0.072112017,0.756049811,3.780249056,232.5,115.6567612,174.1602754,0,
ID124483_ID124287,1032,124483,124287,13.47034597,0.09180806,0.734039399,3.670196994,232.5,418.0434318,181.0148988,0,
ID124287_ID124097,1032,124287,124097,4.669122472,0.300800544,0.432163047,2.160815233,237.5,417.1676665,183.023023,0,
ID124097_ID123900,1032,124097,123900,9.323177513,0.379459039,0.610677575,3.053387875,242.5,416.8300817,184.548165,0,
ID123468_ID124483,1032,123468,124483,10.13769282,NaN,0.636794875,3.183974374,227.5,417.005688,177.8426542,0,
ID124284_ID124089,1033,124284,124089,10.70880036,0.258283008,0.654486069,3.272430344,237.5,32.12746306,179.6847103,0,
ID124089_ID123895,1033,124089,123895,9.394319066,0.519687192,0.613003069,3.065015345,242.5,32.50550013,178.9168573,0,
ID123481_ID124490,1033,123481,124490,13.72702226,NaN,0.740999926,3.704999631,227.5,32.55884851,184.3391038,0,
ID124490_ID124284,1033,124490,124284,3.664797007,0.154038558,0.382873191,1.914365954,232.5,32.69830676,181.717272,0,
ID124504_ID124298,1034,124504,124298,0.545993957,0.419350749,0.147782808,0.738914039,232.5,268.0459098,196.8790551,0,
ID124109_ID123909,1034,124109,123909,2.055062325,0.310277215,0.286709771,1.433548857,242.5,269.2203487,195.9187064,0,
ID124298_ID124109,1034,124298,124109,2.776336277,0.60497918,0.333246832,1.66623416,237.5,268.4991577,196.7618634,0,
ID123491_ID124504,1034,123491,124504,19.85607713,NaN,0.891203167,4.456015836,227.5,267.212205,194.9872463,0,
ID124112_ID123910,1035,124112,123910,5.337303084,0.502044994,0.462052079,2.310260393,242.5,195.4767282,198.1643623,0,
ID123498_ID124506,1035,123498,124506,8.852441843,NaN,0.595061067,2.975305336,227.5,190.3347077,199.7566909,0,
ID124506_ID124299,1035,124506,124299,27.35628299,0.443960418,1.046064682,5.230323411,232.5,192.0502935,198.5708537,0,
ID124299_ID124112,1035,124299,124112,2.342580256,0.077513287,0.306109801,1.530549005,237.5,195.3740792,198.8588267,0,
ID124157_ID123958,1037,124157,123958,2.267662836,0.39525465,0.30117522,1.505876102,237.5,363.359024,60.14397331,0,
ID124339_ID124157,1037,124339,124157,15.75940747,NaN,0.793962404,3.969812019,232.5,364.7321964,58.94308855,0,
ID123958_ID123764,1037,123958,123764,0.312185628,0.389687364,0.111747148,0.558735741,242.5,363.9875049,60.45195431,0,
ID124360_ID124171,1039,124360,124171,2.978874561,0.167892319,0.345188329,1.725941645,232.5,216.7258999,83.05956047,0,
ID123338_ID124360,1039,123338,124360,8.74466318,NaN,0.591427533,2.957137667,227.5,218.7239832,82.25775966,0,
ID123354_ID124366,1040,123354,124366,2.73627604,NaN,0.330833858,1.65416929,227.5,275.707455,92.84332723,0,
ID124366_ID124185,1040,124366,124185,1.900612777,0.263376572,0.275725427,1.378627135,232.5,276.362475,91.83506504,0,
ID124185_ID123984,1040,124185,123984,1.655995505,0.074837611,0.257370978,1.286854889,237.5,277.5435332,91.26944985,0,
ID123984_ID123789,1040,123984,123789,2.502457008,0.025043245,0.316383123,1.581915613,242.5,278.6298628,90.33704434,0,
ID124370_ID124188,1041,124370,124188,4.416876828,NaN,0.42032734,2.101636702,232.5,236.5067622,92.50371806,0,
ID123986_ID123803,1041,123986,123803,10.59499141,0.609303882,0.650998968,3.254994841,242.5,237.9169074,93.05726375,0,
ID124188_ID123986,1041,124188,123986,0.506243231,0.383258178,0.142301543,0.711507717,237.5,237.3152172,91.93453042,0,
ID124392_ID124207,1042,124392,124207,31.71210412,0.150635907,1.126270023,5.631350115,232.5,115.8420742,106.6781767,0,
ID123373_ID124392,1042,123373,124392,6.56749551,NaN,0.512542506,2.56271253,227.5,112.0666952,105.9163085,0,
ID124481_ID124092,1046,124481,124092,24.52573265,0.085390306,0.495234618,4.952346176,235,163.6640367,178.4385599,0,
ID123470_ID124481,1046,123470,124481,0.014537075,NaN,0.024113959,0.120569793,227.5,166.0581664,177.6643683,0,
ID124092_ID123894,1046,124092,123894,1.1773585,0.562722367,0.217012304,1.085061519,242.5,161.8646594,179.2413267,0,
ID123976_ID123780,1049,123976,123780,11.79136915,0.143621885,0.686771262,3.433856309,242.5,134.6340369,83.32920778,0,
ID124174_ID123976,1049,124174,123976,28.36918386,NaN,1.065254596,5.326272981,237.5,130.5870515,84.06986221,0,
ID124181_ID123981,1050,124181,123981,7.522689692,NaN,0.548550442,2.742752211,237.5,136.8040663,89.49385087,0,
ID123981_ID123791,1050,123981,123791,3.008303469,0.32962365,0.346889231,1.734446156,242.5,138.0666376,90.4184746,0,
ID124217_ID124020,1053,124217,124020,12.28147303,NaN,0.700898652,3.504493262,237.5,196.5145872,117.4459323,0,
ID124020_ID123825,1053,124020,123825,2.863194798,0.024100019,0.33841955,1.692097751,242.5,199.1086934,117.4300308,0,
ID124144_ID123945,1058,124144,123945,10.82554948,NaN,0.658044056,3.290220279,237.5,193.0611694,42.31183664,0,
ID123945_ID123751,1058,123945,123751,12.07118185,0.094121627,0.694872128,3.474360639,242.5,193.2379867,45.59623696,0,
ID124158_ID123960,1060,124158,123960,9.030103225,NaN,0.601002603,3.005013016,237.5,252.3195691,63.27584701,0,
ID123960_ID123766,1060,123960,123766,22.14153944,0.240238789,0.941095945,4.705479725,242.5,255.3425403,64.37519274,0,
ID123937_ID123746,1061,123937,123746,21.86049451,NaN,0.935104155,4.675520775,242.5,265.1565678,35.49717243,0,
ID124012_ID123823,1067,124012,123823,26.81523988,NaN,1.035668671,5.178343353,242.5,178.3183766,114.9967644,0,
ID118480_ID119080,1075,118480,119080,20.04542614,NaN,0.895442374,4.477211871,127.5,139.8069406,182.0061627,0,
ID115410_ID114775,1077,115410,114775,19.85889449,NaN,0.891266391,4.456331954,92.5,137.7006574,17.37969462,0,
ID110813_ID112251,1080,110813,112251,4.629966306,0.103394294,0.43034713,2.15173565,62.5,438.3345366,104.0221489,0,
ID115207_ID114261,1080,115207,114261,1.72416984,0.392135548,0.262615296,1.313076479,82.5,437.7077875,105.5055029,0,
ID114583_ID117078,1080,114583,117078,0.899281518,0.597585298,0.18966091,0.948304549,72.5,438.3855184,104.58418,0,
ID112251_ID114583,1080,112251,114583,3.348389058,0.558212882,0.365972079,1.829860393,67.5,438.0520606,104.2787055,0,
ID111111_ID110813,1080,111111,110813,1.148808096,NaN,0.214364931,1.071824657,57.5,439.7753468,104.6314179,0,
ID117078_ID115207,1080,117078,115207,1.487162217,0.468039901,0.243898521,1.219492606,77.5,438.1587446,104.9622137,0,
ID116474_ID111121,1081,116474,111121,2.729395059,0.317322184,0.330417618,1.65208809,52.5,232.3701663,112.3510291,0,
ID112266_ID114596,1081,112266,114596,2.281421105,0.616505349,0.302087478,1.510437389,67.5,231.2367417,112.4169682,0,
ID116179_ID116474,1081,116179,116474,10.30181319,0.068432146,0.641928756,3.209643779,47.5,233.7997923,113.4336389,0,
ID111121_ID110827,1081,111121,110827,0.29589735,0.226785785,0.108792895,0.543964475,57.5,231.4174342,112.5478572,0,
ID112588_ID116179,1081,112588,116179,2.578975336,0.294173231,0.321183769,1.605918845,42.5,234.5708244,115.6816434,0,
ID117099_ID115225,1081,117099,115225,0.601966722,0.161494525,0.155173029,0.775865144,77.5,229.2907547,114.4163421,0,
ID110827_ID112266,1081,110827,112266,0.603789354,0.452132311,0.155407767,0.777038837,62.5,231.5851807,112.2983005,0,
ID114596_ID117099,1081,114596,117099,3.562298933,0.167961711,0.377481069,1.887405344,72.5,230.0848134,113.4588887,0,
ID113152_ID112588,1081,113152,112588,3.433327567,NaN,0.370584812,1.852924059,37.5,235.5789309,116.4786554,0,
ID111120_ID110824,1082,111120,110824,11.57102531,0.145485205,0.680324196,3.401620982,57.5,354.3133056,111.3567419,0,
ID110824_ID112260,1082,110824,112260,9.552095529,0.128802229,0.618129292,3.090646458,62.5,352.5712479,108.8171181,0,
ID116475_ID111120,1082,116475,111120,12.40390563,NaN,0.704383578,3.521917891,52.5,357.4106044,112.2918464,0,
ID117101_ID115234,1083,117101,115234,1.499918064,0.352475207,0.244942284,1.224711421,77.5,18.80245132,119.3360771,0,
ID111126_ID110833,1083,111126,110833,7.554965135,NaN,0.549725937,2.748629683,57.5,22.38646269,116.3169101,0,
ID110833_ID112273,1083,110833,112273,1.684423029,0.26007223,0.259570648,1.297853239,62.5,21.41203131,117.6722095,0,
ID115234_ID114286,1083,115234,114286,0.730354809,0.464025553,0.170921597,0.854607986,82.5,19.12851498,119.643955,0,
ID112273_ID114605,1083,112273,114605,2.406783775,0.389540511,0.31027625,1.551381248,67.5,21.07118196,118.404398,0,
ID114605_ID117101,1083,114605,117101,6.925272994,0.425671835,0.526318269,2.631591343,72.5,20.07784213,118.9203414,0,
ID116498_ID111140,1084,116498,111140,21.00794791,NaN,0.91668856,4.583442801,52.5,381.0609089,127.6989982,0,
ID114604_ID117103,1084,114604,117103,17.18927498,0.206864256,0.829199011,4.145995053,72.5,372.7764498,118.7544968,0,
ID111140_ID110840,1084,111140,110840,1.465161243,0.019428877,0.24208769,1.210438451,57.5,379.6585059,125.1667163,0,
ID110840_ID114604,1084,110840,114604,57.42550425,0.005085278,0.757796175,7.577961748,65,377.0826018,121.6075332,0,
ID112608_ID116206,1085,112608,116206,0.958941468,0.560538378,0.195851114,0.979255568,42.5,349.0861768,134.6959946,0,
ID113174_ID112608,1085,113174,112608,24.16040053,NaN,0.983064607,4.915323034,37.5,347.0847877,134.762993,0,
ID111147_ID110852,1085,111147,110852,11.36294361,0.427259627,0.674179312,3.370896559,57.5,345.5768505,133.4729325,0,
ID116206_ID116506,1085,116206,116506,2.344194687,0.080068303,0.306215263,1.531076317,47.5,348.0923594,133.9690203,0,
ID110852_ID112301,1085,110852,112301,16.69424763,0.115354702,0.817171894,4.085859472,62.5,343.7624768,136.5542953,0,
ID116506_ID111147,1085,116506,111147,5.169329829,0.001263289,0.454723205,2.273616025,52.5,346.7444927,132.6265817,0,
ID116512_ID111157,1086,116512,111157,2.589360449,0.029416002,0.321829797,1.609148983,52.5,436.2654097,139.4596531,0,
ID111157_ID110855,1086,111157,110855,5.032573556,0.302677354,0.448667964,2.243339822,57.5,435.2080316,138.515726,0,
ID116210_ID116512,1086,116210,116512,4.411594653,NaN,0.420075929,2.100379645,47.5,438.1062236,139.2771446,0,
ID110855_ID112304,1086,110855,112304,12.64255844,0.419008797,0.711127512,3.555637558,62.5,433.6579284,138.6557137,0,
ID110859_ID112307,1087,110859,112307,0.518705461,0.055781916,0.144042419,0.720212095,62.5,298.7122325,141.1194952,0,
ID112307_ID114631,1087,112307,114631,12.98763148,0.181864015,0.720767132,3.603835662,67.5,296.6986197,140.7743276,0,
ID114631_ID117128,1087,114631,117128,6.954040923,0.018645191,0.527410312,2.637051559,72.5,293.7690748,139.7092918,0,
ID111156_ID110859,1087,111156,110859,2.911510556,0.322056841,0.341262981,1.706314905,57.5,299.5537371,140.2591851,0,
ID112612_ID116207,1087,112612,116207,2.651208775,0.346546165,0.325650658,1.628253289,42.5,296.0167397,137.3645184,0,
ID116207_ID111156,1087,116207,111156,17.5154575,0.10338026,0.418514725,4.185147249,50,298.4351989,138.3318408,0,
ID113180_ID112612,1087,113180,112612,8.674226559,NaN,0.589040799,2.945203993,37.5,296.0224629,138.9280846,0,
ID114662_ID117163,1089,114662,117163,9.633765649,0.161579033,0.62076616,3.103830802,72.5,229.047988,163.6213464,0,
ID111188_ID110887,1089,111188,110887,0.818796716,NaN,0.180974774,0.904873868,57.5,237.1953205,161.4579422,0,
ID112340_ID114662,1089,112340,114662,6.299504926,0.042627615,0.501976291,2.509881456,67.5,231.3629658,162.4742591,0,
ID110887_ID112340,1089,110887,112340,17.93629248,0.017445791,0.847025206,4.235126029,62.5,234.6824716,161.9901121,0,
ID112349_ID114674,1090,112349,114674,0.858517949,0.083111596,0.185312487,0.926562437,67.5,34.23954579,167.3638713,0,
ID110896_ID112349,1090,110896,112349,11.03374658,0.119344249,0.664341677,3.321708383,62.5,35.91640086,168.6165227,0,
ID111201_ID110896,1090,111201,110896,2.954694983,NaN,0.343784525,1.718922623,57.5,38.18908308,169.4493087,0,
ID110931_ID112385,1092,110931,112385,0.342963122,0.11303023,0.117126107,0.585630534,62.5,242.8494668,177.7641614,0,
ID116576_ID111229,1092,116576,111229,10.48878471,0.027667303,0.647727866,3.238639329,52.5,242.2763596,176.3827972,0,
ID111229_ID110931,1092,111229,110931,0.973256389,0.388950961,0.197307515,0.986537576,57.5,243.4617909,177.3191111,0,
ID113253_ID112691,1092,113253,112691,3.674469929,NaN,0.383378139,1.916890693,37.5,239.5647743,176.8789359,0,
ID112385_ID114706,1092,112385,114706,6.207129809,0.366787408,0.498282242,2.491411208,67.5,242.5563556,176.5971783,0,
ID112691_ID116270,1092,112691,116270,0.283199387,0.202607802,0.106432962,0.532164812,42.5,239.4676034,175.76093,0,
ID116270_ID116576,1092,116270,116576,1.310489017,0.213666746,0.228953185,1.144765923,47.5,240.2022318,175.6872072,0,
ID114706_ID115340,1092,114706,115340,4.454222668,0.249491989,0.211050294,2.110502942,75,243.1885722,176.1880308,0,
ID115340_ID114394,1092,115340,114394,2.616122325,0.249466862,0.323488629,1.617443144,82.5,244.5963867,176.7608794,0,
ID112391_ID114716,1093,112391,114716,0.045982891,0.572426973,0.042887243,0.214436216,67.5,160.5349515,179.1513615,0,
ID114716_ID117217,1093,114716,117217,0.170756979,0.372486044,0.082645503,0.413227515,72.5,160.570086,179.3518906,0,
ID111239_ID110936,1093,111239,110936,0.273321645,0.610273465,0.104560345,0.522801726,57.5,162.4436731,178.6987963,0,
ID116284_ID111239,1093,116284,111239,15.06329988,0.285360886,0.388114672,3.881146723,50,160.7765506,178.9096272,0,
ID112701_ID116284,1093,112701,116284,0.024641599,0.223822379,0.031395286,0.156976428,42.5,158.9263282,179.1474993,0,
ID113265_ID112701,1093,113265,112701,17.80028639,NaN,0.843807712,4.219038562,37.5,160.6229342,180.4598631,0,
ID117217_ID115347,1093,117217,115347,3.909124218,0.465057832,0.395430106,1.97715053,77.5,161.4090513,179.1613292,0,
ID110936_ID112391,1093,110936,112391,3.250960736,0.002840668,0.360608416,1.803042078,62.5,161.3085542,178.9514721,0,
ID110960_ID112411,1095,110960,112411,18.85888814,0.550153556,0.868536427,4.342682137,62.5,302.2036949,189.7285083,0,
ID117233_ID115362,1095,117233,115362,16.12169136,0.497685344,0.803036521,4.015182606,77.5,302.1498058,185.5358287,0,
ID112411_ID114737,1095,112411,114737,0.573012516,0.139779544,0.15139518,0.756975902,67.5,301.7790881,187.2921205,0,
ID111258_ID110960,1095,111258,110960,18.64683028,0.292710419,0.863639515,4.318197573,57.5,301.4581268,190.1174751,0,
ID116605_ID111258,1095,116605,111258,11.86943651,NaN,0.689040972,3.445204858,52.5,298.6666827,189.3217879,0,
ID114737_ID117233,1095,114737,117233,5.458964973,0.260365962,0.467288561,2.336442803,72.5,301.040102,186.1980968,0,
ID116309_ID116611,1096,116309,116611,3.617181865,0.067770516,0.380377805,1.901889025,47.5,259.9127371,191.9672286,0,
ID111268_ID110957,1096,111268,110957,8.190775915,0.541548908,0.572390633,2.861953164,57.5,258.0884204,191.5792468,0,
ID116611_ID111268,1096,116611,111268,3.96142285,0.121714569,0.398066469,1.990332347,52.5,258.0780752,192.2528105,0,
ID112724_ID116309,1096,112724,116309,1.450141089,NaN,0.240843608,1.20421804,42.5,261.4441661,192.0070253,0,
ID111273_ID110971,1097,111273,110971,0.584921297,0.619409926,0.152960295,0.764801476,57.5,176.5954336,198.8360826,0,
ID116318_ID116622,1097,116318,116622,0.462451552,NaN,0.136007581,0.680037905,47.5,177.6026183,197.8324209,0,
ID112431_ID114758,1097,112431,114758,11.93007183,0.002549637,0.690798721,3.453993606,67.5,174.6709768,198.2572097,0,
ID116622_ID111273,1097,116622,111273,2.2656204,0.110379858,0.301039559,1.505197794,52.5,176.8964745,198.6193062,0,
ID114758_ID117256,1097,114758,117256,1.313361619,0.177688584,0.229203981,1.146019904,72.5,172.5403772,198.3968951,0,
ID117256_ID115391,1097,117256,115391,1.345416954,0.248294303,0.23198422,1.159921098,77.5,172.3525279,199.3157839,0,
ID110971_ID112431,1097,110971,112431,0.260682135,0.453991527,0.10211408,0.510570402,62.5,176.632155,198.5455675,0,
ID112429_ID117255,1098,112429,117255,1.727503802,0.167186358,0.131434539,1.314345389,70,52.57773729,198.4094015,0,
ID116623_ID111278,1098,116623,111278,10.91333053,0.237251312,0.660706607,3.303533037,52.5,49.78719446,199.8264798,0,
ID117255_ID115390,1098,117255,115390,1.191477764,0.355625109,0.218309667,1.091548333,77.5,53.17413671,198.8852078,0,
ID116319_ID116623,1098,116319,116623,2.314097687,0.433436638,0.304243172,1.521215858,47.5,51.70106877,199.0606239,0,
ID111278_ID110974,1098,111278,110974,14.48686311,0.539510603,0.761232241,3.806161204,57.5,50.38197967,200.3913417,0,
ID115390_ID114436,1098,115390,114436,12.46305651,0.444555765,0.706061088,3.530305441,82.5,51.83401514,198.2154119,0,
ID110974_ID112429,1098,110974,112429,1.981414287,0.297646394,0.281525437,1.407627183,62.5,52.06595664,199.1656927,0,
ID112736_ID116319,1098,112736,116319,9.1886677,NaN,0.606256306,3.031281528,42.5,51.06687527,200.1462227,0,
ID112454_ID116032,1099,112454,116032,2.553882807,0.563932196,0.319617447,1.598087234,42.5,405.2430788,18.16203924,0,
ID112136_ID114460,1099,112136,114460,0.344928975,0.175858378,0.117461309,0.587306543,67.5,408.4228405,17.57094702,0,
ID110996_ID110696,1099,110996,110696,7.149202016,0.123706346,0.534759835,2.673799173,57.5,409.5369066,17.37969462,0,
ID116341_ID110996,1099,116341,110996,5.527193164,0.293172712,0.470199667,2.350998334,52.5,407.2422918,18.06129552,0,
ID110696_ID112136,1099,110696,112136,5.110882974,0.594315854,0.452145241,2.260726205,62.5,409.7597401,17.57094702,0,
ID113015_ID112454,1099,113015,112454,1.233169064,NaN,0.222096291,1.110481456,37.5,405.1264565,18.46440396,0,
ID116032_ID116341,1099,116032,116341,3.307939622,0.524586031,0.363754842,1.818774209,47.5,405.6825756,18.06129552,0,
ID112464_ID116045,1100,112464,116045,5.552626309,0.219724277,0.471280227,2.356401135,42.5,302.3030442,25.72443684,0,
ID113032_ID112464,1100,113032,112464,17.35833845,NaN,0.833266787,4.166333934,37.5,303.9836775,27.99067689,0,
ID111005_ID110702,1100,111005,110702,0.273199736,0.025199436,0.104537024,0.522685121,57.5,303.8734601,24.51169216,0,
ID110702_ID112146,1100,110702,112146,4.34683253,0.507457392,0.416981176,2.08490588,62.5,304.0260562,25.33834014,0,
ID114469_ID116955,1100,114469,116955,3.894170999,0.004399283,0.39467308,1.973365399,72.5,301.1691029,23.45888169,0,
ID116045_ID116351,1100,116045,116351,3.27330631,0.59877401,0.36184562,1.809228098,47.5,302.0545622,25.53385282,0,
ID116351_ID111005,1100,116351,111005,1.343438055,0.182572435,0.23181355,1.159067752,52.5,303.3415792,25.16113401,0,
ID112146_ID114469,1100,112146,114469,9.632579552,0.475359215,0.620727945,3.103639726,67.5,302.9512213,25.26645141,0,
ID112149_ID114474,1103,112149,114474,13.79361691,0.174688399,0.742795178,3.71397589,67.5,420.3804255,31.12205595,0,
ID115100_ID114162,1103,115100,114162,5.684727524,0.13783337,0.476853333,2.384266664,82.5,417.1609326,27.31520861,0,
ID110710_ID112149,1103,110710,112149,2.182201967,0.318893467,0.29544556,1.477227798,62.5,418.0795285,30.44272928,0,
ID114474_ID116961,1103,114474,116961,12.16815405,0.611114131,0.697657625,3.488288126,72.5,420.4922602,31.27755127,0,
ID111009_ID110710,1103,111009,110710,0.256055733,0.093158126,0.1012039,0.506019499,57.5,417.83861,29.70606354,0,
ID116354_ID111009,1103,116354,111009,7.46543347,NaN,0.546458909,2.732294543,52.5,419.392719,29.34168964,0,
ID116961_ID115100,1103,116961,115100,11.16997221,0.211254633,0.668430167,3.342150836,77.5,417.8734471,29.91923957,0,
ID116067_ID116372,1104,116067,116372,4.526926621,NaN,0.425531509,2.127657543,47.5,294.5995182,43.80885791,0,
ID116372_ID111030,1104,116372,111030,34.02430928,0.224579426,1.166607205,5.833036026,52.5,297.2824248,46.07318792,0,
ID111030_ID110737,1104,111030,110737,14.83551032,0.040403863,0.770337856,3.851689281,57.5,301.8187196,47.69862766,0,
ID110737_ID112171,1104,110737,112171,2.942414705,0.601907393,0.343069364,1.715346818,62.5,302.8927854,47.82565075,0,
ID116384_ID111035,1105,116384,111035,2.977068218,NaN,0.345083655,1.725418273,52.5,450.5431776,52.65727262,0,
ID111035_ID110745,1105,111035,110745,0.638981582,0.426743878,0.159872647,0.799363235,57.5,449.8113336,52.63740107,0,
ID112177_ID114502,1105,112177,114502,2.49834951,0.405994398,0.316123363,1.580616813,67.5,452.3920002,53.56053941,0,
ID110745_ID112177,1105,110745,112177,8.201432092,0.20762773,0.572762851,2.863814256,62.5,451.105871,53.69359212,0,
ID111034_ID110736,1106,111034,110736,6.601694049,NaN,0.51387524,2.569376198,57.5,161.4876964,49.56482977,0,
ID110736_ID114498,1106,110736,114498,2.55344797,0.201907797,0.159795118,1.597951179,65,160.905857,48.53502449,0,
ID114498_ID116988,1106,114498,116988,10.22288429,0.03691145,0.63946491,3.197324552,72.5,158.7359432,49.53340245,0,
ID111039_ID110747,1107,111039,110747,5.415723454,0.435346872,0.465434139,2.327170697,57.5,236.8021272,54.48814868,0,
ID116386_ID111039,1107,116386,111039,1.134943504,0.104334041,0.213067454,1.065337272,52.5,237.0842896,53.56508237,0,
ID110747_ID112184,1107,110747,112184,6.133801013,0.238767161,0.495330234,2.476651169,62.5,235.9487626,56.28256434,0,
ID114503_ID116991,1107,114503,116991,1.125850017,0.253654324,0.21221216,1.061060798,72.5,233.1020746,54.07856221,0,
ID116080_ID116386,1107,116080,116386,1.170677485,0.552053204,0.216395701,1.081978505,47.5,238.1068751,53.73944003,0,
ID116991_ID115123,1107,116991,115123,8.125596563,0.079555397,0.570108641,2.850543205,77.5,233.6075925,52.2207303,0,
ID112184_ID114503,1107,112184,114503,10.06234091,0.282028241,0.634423862,3.172119309,67.5,233.8578088,55.73001722,0,
ID112499_ID116080,1107,112499,116080,12.962804,NaN,0.720077885,3.600389423,42.5,237.0416721,54.50810516,0,
ID111069_ID110774,1108,111069,110774,0.516887265,0.62294799,0.143789744,0.718948722,57.5,384.1565369,82.58128533,0,
ID116424_ID111069,1108,116424,111069,8.144470836,0.484072172,0.570770386,2.85385193,52.5,384.3546523,83.63036734,0,
ID114539_ID117031,1108,114539,117031,19.18704751,0.370650604,0.876060443,4.380302217,72.5,380.2658983,82.15150019,0,
ID117031_ID115161,1108,117031,115161,12.74754647,0.566598727,0.714074127,3.570370635,77.5,379.5631616,82.35039366,0,
ID110774_ID114539,1108,110774,114539,16.53781316,0.25341339,0.406667102,4.066671017,65,382.7354138,81.55964642,0,
ID116117_ID116424,1108,116117,116424,5.946021242,NaN,0.487689296,2.438446481,47.5,385.2437703,83.9753679,0,
ID110769_ID112208,1109,110769,112208,2.937981162,0.416957616,0.342810803,1.714054014,62.5,292.0277074,78.72962216,0,
ID114536_ID117025,1109,114536,117025,0.138810451,0.070645858,0.074514549,0.372572745,72.5,289.1917637,78.64277833,0,
ID117025_ID115157,1109,117025,115157,2.292849839,0.21702245,0.302843183,1.514215916,77.5,288.8008145,77.87678126,0,
ID116413_ID111068,1109,116413,111068,1.34290167,NaN,0.231767269,1.158836343,52.5,291.9947848,79.20723638,0,
ID112208_ID114536,1109,112208,114536,3.535091903,0.106751761,0.376036802,1.880184008,67.5,290.3040848,78.54355338,0,
ID115157_ID114210,1109,115157,114210,31.22163495,0.327019186,1.117526464,5.58763232,82.5,291.3217674,76.55330505,0,
ID111068_ID110769,1109,111068,110769,1.369117841,0.479571517,0.234018618,1.170093091,57.5,292.3626749,79.41630772,0,
ID112543_ID116137,1110,112543,116137,7.978056918,NaN,0.564909087,2.824545436,42.5,170.433141,89.93036473,0,
ID116137_ID116437,1110,116137,116437,5.260912427,0.120466114,0.45873358,2.293667898,47.5,168.030575,90.38494806,0,
ID116437_ID111085,1110,116437,111085,3.151059565,0.031756241,0.355024482,1.775122409,52.5,166.0494491,89.95101804,0,
ID111085_ID110790,1110,111085,110790,4.072469929,0.101777912,0.403607231,2.018036156,57.5,164.2147436,89.88850851,0,
ID111089_ID110799,1111,111089,110799,17.32816904,0.195603904,0.832542348,4.162711742,57.5,157.8105249,92.4909165,0,
ID116428_ID111089,1111,116428,111089,20.99695424,0.043650656,0.916448673,4.582243363,52.5,158.0812799,88.63914699,0,
ID112241_ID114566,1111,112241,114566,24.73144605,0.46579543,0.994614419,4.973072094,67.5,158.4536153,95.33034841,0,
ID116121_ID116428,1111,116121,116428,9.112747658,NaN,0.603746558,3.01873279,47.5,156.3366154,85.2871653,0,
ID110799_ID112241,1111,110799,112241,7.791452597,0.114465101,0.558263472,2.791317359,62.5,156.6444198,95.62205258,0,
ID114566_ID117064,1111,114566,117064,10.94298893,0.530026912,0.661603777,3.308018883,72.5,159.7385858,95.20594723,0,
ID110794_ID112225,1112,110794,112225,14.46631553,0.501311438,0.760692199,3.803460993,62.5,409.3270459,90.59731835,0,
ID116447_ID111091,1112,116447,111091,5.889078326,NaN,0.485348466,2.426742328,52.5,410.149336,92.6231549,0,
ID112225_ID114553,1112,112225,114553,1.923870681,0.546751989,0.277407331,1.387036654,67.5,408.0976546,90.19146505,0,
ID111091_ID110794,1112,111091,110794,1.472803824,0.204465509,0.242718258,1.213591292,57.5,410.6948839,91.10308877,0,
ID110798_ID112239,1113,110798,112239,6.135419232,0.157628167,0.495395569,2.476977843,62.5,239.6383761,94.75536721,0,
ID111090_ID110798,1113,111090,110798,20.29580594,0.049143718,0.901017335,4.505086675,57.5,237.4479827,92.35860903,0,
ID114568_ID117060,1113,114568,117060,4.893245515,0.154883869,0.442413631,2.212068153,72.5,237.8190578,94.43376022,0,
ID116440_ID111090,1113,116440,111090,1.124316105,NaN,0.212067546,1.060337731,52.5,235.0305404,91.00667814,0,
ID115189_ID114244,1113,115189,114244,0.556923369,0.377664977,0.149254597,0.746272986,82.5,236.1188692,95.65369356,0,
ID117060_ID115189,1113,117060,115189,2.545548036,0.310581597,0.319095474,1.595477369,77.5,236.587149,95.04504106,0,
ID112239_ID114568,1113,112239,114568,2.844079684,0.545896566,0.337287989,1.686439944,67.5,239.413699,95.28510586,0,
ID110802_ID112237,1114,110802,112237,4.516391546,0.53490901,0.425036071,2.125180356,62.5,347.4043682,94.92631431,0,
ID116453_ID111099,1114,116453,111099,23.32188024,0.062926106,0.965854652,4.829273262,52.5,349.6267036,96.80108534,0,
ID111099_ID110802,1114,111099,110802,0.36326786,0.568902886,0.120543413,0.602717065,57.5,348.1168341,95.30108919,0,
ID117050_ID115170,1114,117050,115170,8.659777475,0.20390052,0.588549997,2.942749985,77.5,341.7873006,89.68103375,0,
ID112237_ID114562,1114,112237,114562,7.688889593,0.012823252,0.554576941,2.772884706,67.5,345.5163718,93.36837463,0,
ID114562_ID117050,1114,114562,117050,8.304147299,0.049253228,0.576338349,2.881691743,72.5,343.188301,91.80213564,0,
ID112567_ID116156,1114,112567,116156,12.48810908,0.506087838,0.706770375,3.533851876,42.5,354.2348813,101.8279087,0,
ID113137_ID112567,1114,113137,112567,7.134948318,NaN,0.534226481,2.671132404,37.5,354.663707,102.7533853,0,
ID116156_ID116453,1114,116156,116453,9.212688961,0.170281256,0.607048234,3.03524117,47.5,351.9039101,99.95024434,0,
ID110803_ID112242,1115,110803,112242,0.79435578,0.352058435,0.178253278,0.891266391,62.5,0.891266391,97.14803661,0,
ID112557_ID116145,1115,112557,116145,4.236419116,NaN,0.411651266,2.058256329,42.5,6.366224195,95.11594776,0,
ID116449_ID111100,1115,116449,111100,8.149019288,0.319059476,0.570929743,2.854648715,52.5,4.989670291,96.20985314,0,
ID111100_ID110803,1115,111100,110803,21.25945266,0.413240818,0.92215948,4.6107974,57.5,3.155396894,97.13665706,0,
ID116145_ID116449,1115,116145,116449,0.93200846,0.165677308,0.193081171,0.965405853,47.5,5.02352879,94.71474353,0,
ID110722_ID112158,1117,110722,112158,4.610641181,NaN,0.429448073,2.147240364,62.5,362.4774577,38.28271169,0,
ID114484_ID116973,1117,114484,116973,0.887618058,0.079709578,0.188426968,0.942134841,72.5,366.4442444,38.15630691,0,
ID112158_ID114484,1117,112158,114484,17.07707758,0.461269714,0.826488417,4.132442084,67.5,363.9632832,37.795619,0,
ID110734_ID112169,1118,110734,112169,24.90669585,NaN,0.998132173,4.990660863,62.5,430.5244376,46.23540373,0,
ID114493_ID116982,1118,114493,116982,7.122046917,0.483914709,0.533743269,2.668716343,72.5,426.4207996,44.83222702,0,
ID112169_ID114493,1118,112169,114493,9.674565226,0.094787801,0.622079263,3.110396313,67.5,426.5990051,45.85821256,0,
ID116072_ID116376,1119,116072,116376,2.399052954,NaN,0.30977753,1.548887651,47.5,111.6170781,46.595961,0,
ID110744_ID112173,1119,110744,112173,2.996706822,0.623268484,0.346219978,1.731099888,62.5,109.0996563,50.61611155,0,
ID116376_ID110744,1119,116376,110744,27.40303096,0.113827462,0.523479044,5.234790441,55,110.2498696,49.29421311,0,
ID112211_ID114541,1121,112211,114541,0.335023743,0.194394661,0.115762471,0.578812356,67.5,244.6110805,82.27358507,0,
ID110773_ID112211,1121,110773,112211,29.49644793,NaN,1.086212648,5.431063241,62.5,247.4781325,82.62550668,0,
ID110772_ID112212,1122,110772,112212,8.130503757,NaN,0.570280764,2.851403822,62.5,178.1094576,83.17720982,0,
ID114545_ID117033,1122,114545,117033,7.01139211,0.336789608,0.529580668,2.647903342,72.5,174.8985839,85.37047584,0,
ID112212_ID114545,1122,112212,114545,6.729251746,0.263400537,0.518816027,2.594080135,67.5,176.4206308,84.51563635,0,
ID110775_ID112215,1123,110775,112215,5.366330065,NaN,0.463306813,2.316534063,62.5,424.2340301,83.57056034,0,
ID117030_ID115164,1123,117030,115164,13.96423879,0.573233707,0.747375108,3.736875538,77.5,421.9332985,84.13085577,0,
ID112215_ID117030,1123,112215,117030,0.394861744,0.308566651,0.062838025,0.628380254,70,423.494298,83.97848207,0,
ID117074_ID115195,1124,117074,115195,27.50844116,0.178013307,1.048969802,5.244849012,77.5,239.1857404,100.9396385,0,
ID116459_ID110815,1124,116459,110815,12.39310964,0.261260635,0.352038487,3.520384871,55,239.3362513,103.9747814,0,
ID116163_ID116459,1124,116163,116459,0.660344986,NaN,0.162523227,0.812616137,47.5,239.9678227,102.6982143,0,
ID115195_ID114247,1124,115195,114247,3.268218866,0.099563575,0.361564316,1.80782158,82.5,238.3765803,97.59226868,0,
ID112254_ID117074,1124,112254,117074,1.401129995,0.048792115,0.118369337,1.18369337,70,239.0619503,103.9671284,0,
ID110815_ID112254,1124,110815,112254,1.167416139,0.56566423,0.216094066,1.080470332,62.5,238.4915187,104.9060622,0,
ID116485_ID110834,1125,116485,110834,1.418148351,0.018527366,0.119086034,1.190860341,55,209.2239038,118.855,0,
ID110834_ID112274,1125,110834,112274,11.98560022,0.030154919,0.692404512,3.462022562,62.5,206.9824856,118.2508578,0,
ID112274_ID114603,1125,112274,114603,1.716002096,0.101949625,0.261992526,1.309962632,67.5,204.6888458,117.871521,0,
ID116185_ID116485,1125,116185,116485,9.288092777,NaN,0.609527449,3.047637245,47.5,211.3354808,118.8924377,0,
ID110841_ID112283,1126,110841,112283,2.515078105,NaN,0.317179956,1.585899778,62.5,82.95461911,125.6915696,0,
ID112283_ID114610,1126,112283,114610,23.82225187,0.155049948,0.976160886,4.880804429,67.5,85.32769176,123.7635763,0,
ID114610_ID117106,1126,114610,117106,1.630521654,0.591341057,0.255383763,1.276918813,72.5,86.86255616,122.791826,0,
ID112359_ID114694,1128,112359,114694,5.648313387,0.59773132,0.475323611,2.376618057,67.5,355.111198,171.2806696,0,
ID114694_ID117196,1128,114694,117196,4.989776137,0.071775501,0.446756136,2.233780682,72.5,356.4891214,173.0823806,0,
ID117196_ID115317,1128,117196,115317,14.3897172,0.50865137,0.758675614,3.793378072,77.5,356.8691328,171.9870647,0,
ID110918_ID112359,1128,110918,112359,11.21599069,NaN,0.669805664,3.349028321,62.5,355.0999326,171.812383,0,
ID115386_ID114444,1132,115386,114444,21.54863597,NaN,0.928410167,4.642050837,82.5,391.4257632,199.037021,0,
ID117006_ID115143,1133,117006,115143,4.550006357,0.308162525,0.426614878,2.133074391,77.5,298.318097,65.70628984,0,
ID114520_ID117006,1133,114520,117006,7.020422484,0.031221673,0.529921597,2.649607987,72.5,300.0377258,65.56415394,0,
ID115143_ID114197,1133,115143,114197,8.59842243,0.618105545,0.586461335,2.932306674,82.5,298.6082561,65.42419511,0,
ID112193_ID114520,1133,112193,114520,8.524345741,NaN,0.583929644,2.919648222,67.5,302.2217296,67.27799344,0,
ID116335_ID110991,1134,116335,110991,0.198588945,0.439123905,0.089126639,0.445633195,52.5,296.5688916,17.37969462,0,
ID116035_ID116335,1134,116035,116335,4.058030814,0.628318531,0.402891093,2.014455463,47.5,296.2025264,18.19662335,0,
ID112448_ID116035,1134,112448,116035,4.058030814,0.451725178,0.402891093,2.014455463,42.5,296.2025264,18.19662335,0,
ID113016_ID112448,1134,113016,112448,6.088304431,NaN,0.493489794,2.467448972,37.5,297.1066608,18.57254034,0,
ID112156_ID114483,1135,112156,114483,1.953581147,0.617901418,0.279541134,1.397705672,67.5,226.6549372,36.26766387,0,
ID116065_ID116375,1135,116065,116375,13.26751211,0.52668153,0.728491925,3.642459624,47.5,224.648373,44.47784524,0,
ID112487_ID116065,1135,112487,116065,13.04979327,0.089115399,0.722489952,3.612449761,42.5,225.5464104,44.31922338,0,
ID111025_ID112156,1135,111025,112156,73.51077849,0.090153737,0.857384269,8.573842691,60,225.0549696,39.48052321,0,
ID116375_ID111025,1135,116375,111025,10.83194548,0.523407878,0.658238421,3.291192106,52.5,223.7902234,44.79460285,0,
ID113053_ID112487,1135,113053,112487,6.200630111,NaN,0.498021289,2.490106446,37.5,227.2137391,46.78725254,0,
ID116477_ID111124,1141,116477,111124,4.766913082,0.0032025,0.43666523,2.183326151,52.5,26.53333897,113.4310958,0,
ID116174_ID116477,1141,116174,116477,6.525603849,0.5715975,0.51090523,2.55452615,47.5,28.81161439,112.7823165,0,
ID112582_ID116174,1141,112582,116174,1.562359841,NaN,0.249988787,1.249943935,42.5,29.41245387,112.4241943,0,
ID116491_ID111131,1142,116491,111131,5.216071625,0.484284696,0.456774414,2.283872068,52.5,297.5632169,121.6577876,0,
ID116186_ID116491,1142,116186,116491,30.92108163,NaN,1.112134554,5.560672768,47.5,299.455963,120.8340199,0,
ID116494_ID111136,1143,116494,111136,15.27725861,0.26990584,0.781722677,3.908613387,52.5,175.559033,123.8077002,0,
ID116187_ID116494,1143,116187,116494,35.25845552,NaN,1.187576617,5.937883084,47.5,179.1574372,122.3136462,0,
ID116514_ID111165,1144,116514,111165,14.72858943,0.476807813,0.767556889,3.837784443,52.5,368.338859,142.6068077,0,
ID116216_ID116514,1144,116216,116514,4.433500118,NaN,0.421117566,2.105587832,47.5,369.6931689,142.4620963,0,
ID116282_ID116583,1145,116282,116583,10.64745489,NaN,0.652608761,3.263043807,47.5,162.7868523,178.432339,0,
ID111236_ID112405,1145,111236,112405,45.87577121,0.14235063,0.677316552,6.773165523,60,164.9126463,181.6054919,0,
ID112405_ID114738,1145,112405,114738,7.37750762,0.09519909,0.543231355,2.716156774,67.5,165.549907,186.1971339,0,
ID116583_ID111236,1145,116583,111236,0.264239078,0.064196868,0.102808381,0.514041903,52.5,164.6472574,178.1820354,0,
ID114524_ID117009,1153,114524,117009,3.363164224,0.380183454,0.366778638,1.833893188,72.5,361.8017533,69.59260065,0,
ID112197_ID114524,1153,112197,114524,12.49387942,NaN,0.706933644,3.53466822,67.5,363.3876084,70.22402536,0,
ID114550_ID117057,1154,114550,117057,13.15583097,NaN,0.725419354,3.627096769,72.5,326.5333104,91.42117464,0,
ID117057_ID115187,1154,117057,115187,3.151476565,0.10989686,0.355047972,1.775239861,77.5,325.7449655,93.91133431,0,
ID114623_ID117117,1158,114623,117117,10.09793218,0.279886745,0.635544874,3.177724371,72.5,60.06813484,131.1976694,0,
ID117117_ID115249,1158,117117,115249,6.324293283,0.355949277,0.502962952,2.514814761,77.5,58.43039902,130.4266057,0,
ID112292_ID114623,1158,112292,114623,5.522411554,NaN,0.469996236,2.349981182,67.5,61.81147845,132.4234529,0,
ID112510_ID116096,1162,112510,116096,3.380968904,NaN,0.367748224,1.838741119,42.5,97.29348978,64.099266,0,
ID116096_ID116401,1162,116096,116401,11.84567414,0.255441915,0.688350903,3.441754515,47.5,95.3648836,65.10068113,0,
ID116167_ID116469,1164,116167,116469,13.61069791,0.510525111,0.737853587,3.689267937,47.5,122.7030847,108.4834886,0,
ID113143_ID112575,1164,113143,112575,0.945843823,NaN,0.194509005,0.972545024,37.5,122.6308594,107.9312498,0,
ID112575_ID116167,1164,112575,116167,1.830778911,0.263854733,0.270612558,1.353062789,42.5,123.2951889,107.2858245,0,
ID112637_ID116235,1167,112637,116235,8.463730401,0.332842516,0.581849823,2.909249113,42.5,258.3505919,156.0274849,0,
ID113207_ID112637,1167,113207,112637,23.11214464,NaN,0.961501839,4.807509193,37.5,260.7626027,157.2207373,0,
ID117067_ID115194,1168,117067,115194,0.690296608,0.44399424,0.166168181,0.830840904,77.5,183.3374438,98.12620541,0,
ID112247_ID114582,1168,112247,114582,27.25087188,NaN,1.044047353,5.220236765,67.5,187.4795986,103.1596681,0,
ID114582_ID117067,1168,114582,117067,52.29667796,0.397424754,1.446328842,7.231644208,72.5,184.5173456,101.294559,0,
ID112382_ID114717,1171,112382,114717,33.47256109,NaN,1.157109521,5.785547605,67.5,221.8024867,177.7901296,0,
ID112802_ID111918,1183,112802,111918,28.79345427,NaN,1.07319065,5.365953249,2.5,284.9912751,65.20376018,0,
ID112828_ID111935,1184,112828,111935,25.77640595,NaN,1.015409394,5.077046971,2.5,346.603865,79.65465939,0,
ID112878_ID111984,1189,112878,111984,24.53051293,NaN,0.990565756,4.95282878,2.5,391.9295499,111.596132,0,
ID112913_ID112031,1193,112913,112031,25.9834392,NaN,1.019479067,5.097395335,2.5,258.4078104,145.2623626,0,
ID112976_ID112099,1200,112976,112099,28.33091387,NaN,1.06453584,5.322679201,2.5,264.9157901,184.2265553,0,
ID116828_ID115905,1206,116828,115905,11.28216591,NaN,0.671778711,3.358893555,102.5,441.6176423,158.289976,0,
ID115905_ID117457,1206,115905,117457,8.480511373,0.216616391,0.582426351,2.912131757,107.5,442.2094724,155.6665698,0,
ID116712_ID115786,1207,116712,115786,31.4464118,NaN,1.121542006,5.607710032,102.5,168.318587,85.14138391,0,
ID115793_ID117369,1209,115793,117369,21.31584367,NaN,0.923381691,4.616908454,107.5,398.6283909,92.66570678,0,
