LABEL,TRACK_INDEX,TRACK_ID,NUMBER_SPOTS,NUMBER_GAPS,NUMBER_SPLITS,NUMBER_MERGES,NUMBER_COMPLEX,LONGEST_GAP,TRACK_DURATION,TRACK_START,TRACK_STOP,TRACK_DISPLACEMENT,TRACK_X_LOCATION,TRACK_Y_LOCATION,TRACK_Z_LOCATION,TRACK_MEAN_SPEED,TRACK_MAX_SPEED,TRACK_MIN_SPEED,TRACK_MEDIAN_SPEED,TRACK_STD_SPEED,TRACK_MEAN_QUALITY,TOTAL_DISTANCE_TRAVELED,MAX_DISTANCE_TRAVELED,CONFINEMENT_RATIO,MEAN_STRAIGHT_LINE_SPEED,LINEARITY_OF_FORWARD_PROGRESSION,MEAN_DIRECTIONAL_CHANGE_RATE
Track_2235,3,3,19,0,0,0,0,0,18,0,18,21.04100483,104.8413822,205.8296054,0,2.573209427,6.307054105,1.032255278,2.412290294,1.323374467,26.36495048,46.31776968,21.04100483,0.454275,1.168944713,0.454275,1.165598497
Track_2254,22,22,17,1,0,0,0,1,17,0,17,30.34328642,20.85182441,39.72206525,0,2.665179806,4.86682188,0.750035712,2.512758429,1.050190363,14.75703203,44.99175316,31.03469399,0.67441885,1.784899201,0.669710613,1.358969817
Track_2255,23,23,28,0,0,0,0,0,27,1,28,33.80777232,73.53332623,30.88685689,0,2.132305911,4.443689668,0.540365962,1.918319651,0.986197006,18.26455789,57.5722596,33.80777232,0.587223301,1.252139716,0.587223301,1.54193273
Track_2257,25,25,63,1,0,0,0,1,63,0,63,55.05113336,34.84560117,29.82895848,0,2.13525966,6.728987341,0.287965821,1.846476231,1.277169536,36.65584383,135.1684642,55.05113336,0.407277938,0.873827514,0.40923712,1.391389588
Track_2258,26,26,67,1,0,0,0,1,67,0,67,115.0967598,257.0946136,37.19906517,0,2.364262867,5.03978122,0.408845075,2.261309887,1.077331819,53.32760109,156.6320783,115.258584,0.734822401,1.717862087,0.726595215,0.911595242
Track_2261,29,29,14,0,0,0,0,0,13,0,13,21.70357498,9.77462749,37.87824959,0,2.367097538,3.79285111,0,2.559288983,0.98143514,40.93977567,30.77226799,21.70357498,0.705296567,1.669505768,0.705296567,1.049435971
Track_2265,33,33,28,3,0,0,0,1,30,0,30,64.47710835,260.8317287,48.1487905,0,3.253628131,5.682117186,1.182742798,2.977041513,1.293047467,20.65538767,101.5225852,64.47710835,0.635101127,2.149236945,0.660566254,0.894828543
Track_2266,34,34,47,2,0,0,0,1,48,0,48,71.70282579,109.9042514,52.46982258,0,3.241083237,12.96305062,0.172121662,2.782700213,2.58338854,29.36637799,156.8662285,71.70282579,0.457095364,1.493808871,0.460898027,1.245495828
Track_2268,36,36,21,0,0,0,0,0,20,0,20,39.99199446,43.57253772,54.89924614,0,2.96794462,5.199177659,0.768129623,2.693512065,1.487471902,33.02049714,59.3588924,42.46077181,0.673732154,1.999599723,0.673732154,1.19562021
Track_2269,37,37,18,3,0,0,0,1,20,0,20,32.62281306,82.2813885,48.49205372,0,2.906947686,5.6294914,0.701370458,2.650852675,1.326139902,23.5760067,62.16974476,32.62281306,0.524737767,1.631140653,0.561117994,0.99332889
Track_2273,41,41,47,0,0,0,0,0,46,0,46,120.2133176,283.737031,66.98542576,0,3.053907154,5.279877964,0.809322159,3.102403312,1.129197605,50.38618885,140.4797291,120.2133176,0.855734264,2.613332992,0.855734264,0.633685745
Track_2274,42,42,10,1,0,0,0,1,10,0,10,28.37196292,229.8064141,95.84792165,0,3.995272359,5.791655669,0.924333264,4.76633753,1.715495473,7.207866859,40.48012608,28.37196292,0.700886229,2.837196292,0.710138393,0.976394589
Track_2277,45,45,17,0,0,0,0,0,16,0,16,34.55365384,80.12130374,89.21252732,0,2.932940889,4.837290117,1.314965349,3.087825214,0.957933513,41.08408903,46.92705423,34.55365384,0.736326931,2.159603365,0.736326931,1.238986346
Track_2279,47,47,13,0,0,0,0,0,12,0,12,24.50011109,90.73287648,131.4166197,0,2.665950948,5.502627959,0.520223466,2.670355848,1.461629588,54.47306178,31.99141138,24.50011109,0.765834017,2.041675924,0.765834017,0.88967331
Track_2282,50,50,18,0,0,0,0,0,17,0,17,22.52213597,112.9302533,159.331101,0,2.965165868,5.748718412,1.017306909,3.122066157,1.39775445,24.77669986,50.40781975,22.52213597,0.446798455,1.324831528,0.446798455,1.579311195
Track_2284,52,52,12,1,0,0,0,1,12,1,13,26.42296617,80.07960111,136.8081219,0,3.915918781,6.751914236,0.546524211,3.879685172,2.047223789,19.82389164,43.6216308,26.42296617,0.605730819,2.201913847,0.56229814,0.810194699
Track_2285,53,53,18,0,0,0,0,0,17,0,17,35.67378758,184.9707254,148.0654388,0,3.044542137,5.255443766,1.15556716,3.019685402,1.114670787,28.74625969,51.75721633,35.67378758,0.689252439,2.098458093,0.689252439,1.019310536
Track_2289,57,57,22,0,0,0,0,0,21,0,21,40.19060069,248.7213332,194.8675192,0,2.76861069,4.580044158,0.656390548,2.990845463,1.159939277,31.73783595,58.14082449,42.14732398,0.691262999,1.913838128,0.691262999,1.242894957
Track_2294,62,62,38,0,0,0,0,0,37,0,37,55.80984943,33.10348415,197.2940807,0,2.674418673,8.812658731,0.085165667,2.390563455,1.695795963,42.9798968,98.95349089,56.65433279,0.564000814,1.508374309,0.564000814,1.252428836
Track_2301,69,69,50,3,0,0,0,1,52,0,52,52.59934591,311.8178718,203.1946066,0,2.024650208,4.935567066,0.490493294,1.908247751,0.986439876,32.72467332,106.0089376,55.23184845,0.496178408,1.011525883,0.499605255,1.13896072
Track_2313,81,81,16,0,0,0,0,0,15,3,18,21.30276259,38.48828387,80.44189011,0,3.195533908,6.653476932,1.557496162,2.977218428,1.524442701,20.00985155,47.93300862,21.30276259,0.444427821,1.420184173,0.444427821,0.941637464
Track_2314,82,82,9,0,0,0,0,0,8,4,12,27.78186229,286.6838287,80.34329464,0,3.986890708,5.661139772,1.907915526,4.323112267,1.189619514,30.90937773,31.89512566,27.78186229,0.871037869,3.472732786,0.871037869,0.73733581
Track_2315,83,83,82,3,0,0,0,1,84,2,86,270.9173771,304.4739505,142.8705682,0,3.640961936,8.313342237,0.4655277,3.533598799,1.42243591,43.37316896,307.1346568,270.9173771,0.882080127,3.22520687,0.885811752,0.561115021
Track_2316,84,84,12,0,0,0,0,0,11,2,13,25.38191344,105.1748889,92.22348783,0,2.828061438,6.391894689,1.050502714,2.556185124,1.497485431,20.91017509,31.10867582,25.38191344,0.815911085,2.307446677,0.815911085,0.869113442
Track_2321,89,89,33,2,0,0,0,1,34,13,47,85.18066554,235.1678977,168.6040383,0,3.551962888,7.383374362,0.691765846,3.098839074,1.835981771,21.85909494,119.017173,85.18066554,0.715700629,2.505313692,0.70533217,0.940982521
Track_2322,90,90,13,1,0,0,0,1,13,11,24,46.3746594,379.8392082,148.9524816,0,4.45001041,8.188286057,0.774599867,5.132070392,2.492362725,16.64689864,57.51105092,46.3746594,0.806360841,3.567281492,0.801634415,0.895839256
Track_2323,91,91,19,0,0,0,0,0,18,9,27,45.47378237,433.5797953,149.1179484,0,3.006541725,5.70334753,0.651426991,3.238166067,1.168372441,34.40812688,54.11775105,45.47378237,0.840274799,2.526321243,0.840274799,0.775265148
Track_2325,93,93,9,1,0,0,0,1,9,12,21,24.20087292,151.4827424,172.5437997,0,4.212389775,6.058275958,2.426088504,4.514697698,1.5132908,20.61071332,39.56878969,24.20087292,0.611615193,2.688985881,0.63835163,1.29102437
Track_2328,96,96,8,1,0,0,0,1,8,9,17,29.88705983,53.97056816,162.1775225,0,3.926970663,5.201380386,0.650185559,4.306196955,1.481640873,12.51698434,31.79264815,29.88705983,0.940061982,3.735882479,0.951339544,0.543459876
Track_2329,97,97,16,0,0,0,0,0,15,6,21,43.59918525,189.9960144,172.277121,0,3.186281105,7.14463941,1.099883084,3.108986287,1.523465723,45.68759608,47.79421657,43.59918525,0.912227219,2.90661235,0.912227219,0.61765983
Track_2334,102,102,22,2,0,0,0,1,23,5,28,50.46946586,338.1876273,188.3641842,0,3.323194353,5.589337816,0.685553325,3.345341207,1.348908225,16.80255745,76.97987343,53.03089947,0.655618977,2.194324602,0.660305829,1.03631148
Track_2335,103,103,38,3,0,0,0,1,40,8,48,65.39991249,294.8324419,197.918735,0,2.763879681,5.327968715,0.355125438,2.873667513,1.481231796,17.76481002,111.1410722,65.39991249,0.588440539,1.634997812,0.591558968,1.343661759
Track_2336,104,104,20,0,0,0,0,0,19,10,29,25.7296283,68.27741913,199.9514648,0,2.519931017,5.459698995,0.597294791,2.394087283,1.349952003,17.47652559,47.87868933,29.1942004,0.537392077,1.354190963,0.537392077,1.148644466
Track_2337,105,105,15,0,0,0,0,0,14,11,25,31.12465085,59.73572247,191.3830613,0,3.736195316,6.406540567,0.936018071,4.251475501,1.616945497,8.231493855,52.30673442,31.996111,0.595040987,2.223189346,0.595040987,1.425558327
Track_2343,111,111,10,0,0,0,0,0,9,8,17,20.81097888,435.7769797,209.7987834,0,2.906826507,5.212377998,0.556202203,2.614056389,1.614941779,21.46455688,26.16143857,20.81097888,0.795482971,2.312330987,0.795482971,1.009244391
Track_2346,114,114,15,1,0,0,0,1,15,12,27,34.50705467,116.5165346,32.20283083,0,2.623273759,4.43838628,0.822849653,2.441854888,1.068449779,26.80011695,39.06858129,34.50705467,0.883243095,2.300470311,0.876946336,0.646858119
Track_2347,115,115,38,3,0,0,0,1,40,6,46,56.87460674,94.54662688,35.24320736,0,3.060831389,11.25035719,0.79231802,2.650507142,2.018154777,31.13158291,122.2195855,56.87460674,0.465347731,1.421865168,0.464535607,1.296099843
Track_2350,118,118,35,2,0,0,0,1,36,12,48,61.39904376,43.8000667,33.16583354,0,2.578553332,7.205531223,0.273830091,2.335281357,1.568270338,30.35932142,94.09967002,61.39904376,0.652489469,1.705528993,0.661428628,1.076569966
Track_2351,119,119,14,0,0,0,0,0,13,10,23,33.29690882,16.99651057,36.98682031,0,2.946280221,5.260245453,0.786560133,2.810314182,1.516411502,31.65893636,38.30164287,33.29690882,0.869333698,2.561300678,0.869333698,0.732602028
Track_2353,121,121,20,1,0,0,0,1,20,7,27,48.48673008,199.5088947,48.69034125,0,3.287146932,7.045754595,1.417018176,3.196597272,1.527112933,43.26918192,64.05078868,48.48673008,0.757004419,2.424336504,0.737519969,0.882884119
Track_2354,122,122,20,0,0,0,0,0,19,12,31,40.97712933,63.93929526,43.5371181,0,3.323452884,9.370553014,0.684671074,2.670847798,1.937322522,23.95386686,63.14560479,40.97712933,0.648930824,2.156691017,0.648930824,0.881152583
Track_2355,123,123,23,0,0,0,0,0,22,11,33,42.34172289,18.56605754,51.79059004,0,3.863031884,12.26188454,1.419829307,3.889653649,2.330382433,20.21044899,84.98670144,42.34172289,0.498215864,1.924623768,0.498215864,1.013067345
Track_2356,124,124,19,1,0,0,0,1,19,3,22,43.85003095,19.22652622,65.82239711,0,3.27608075,6.349012448,1.001377126,3.003422999,1.521973003,24.39380786,60.75198628,43.85003095,0.721787609,2.307896366,0.704468706,0.785322967
Track_2357,125,125,18,0,0,0,0,0,17,10,27,42.65632089,72.17451154,52.08985499,0,3.385832413,5.975127535,1.197691163,2.79385569,1.490702056,9.427078485,57.55915103,42.65632089,0.741086693,2.509195346,0.741086693,1.179310415
Track_2358,126,126,9,0,0,0,0,0,8,10,18,20.18471914,424.1543307,55.39450954,0,2.947339106,4.007331004,1.805600193,3.08684172,0.840561194,27.61851999,23.57871285,20.18471914,0.856056871,2.523089892,0.856056871,0.832467512
Track_2359,127,127,15,0,0,0,0,0,14,5,19,21.11770224,429.2958541,55.22551012,0,2.392155044,5.924725176,0.410669335,3.245788153,1.748083483,32.94269161,33.49017062,21.11770224,0.630564188,1.508407303,0.630564188,1.593986876
Track_2362,130,130,24,0,0,0,0,0,23,12,35,74.18059022,79.80190528,70.33418019,0,3.623649784,6.275554202,1.987932032,3.284739994,1.121893511,47.08659871,83.34394502,74.18059022,0.890053743,3.225243053,0.890053743,0.47812748
Track_2364,132,132,18,1,0,0,0,1,18,10,28,52.8599076,278.4671109,94.63834719,0,3.387329538,6.666251712,0.248836883,3.485737214,1.909328206,27.27249612,61.78835097,52.8599076,0.855499569,2.936661534,0.86695478,0.865345432
Track_2365,133,133,18,1,0,0,0,1,18,15,33,66.16942402,348.55298,127.0951155,0,5.312825576,9.438876005,2.917540833,5.538207537,1.534655694,20.07098219,95.70449559,66.16942402,0.69139306,3.676079112,0.691925428,0.789945514
Track_2366,134,134,9,0,0,0,0,0,8,15,23,23.62412981,151.0078649,110.7880668,0,3.168730623,5.207316065,1.984869057,2.33961795,1.376231913,24.45619753,25.34984499,23.62412981,0.931924034,2.953016226,0.931924034,0.376420723
Track_2368,136,136,20,0,0,0,0,0,19,5,24,47.42719391,109.2403726,135.9715478,0,4.113794646,8.556524928,1.544551484,3.897620519,1.861429984,16.78104634,78.16209827,47.42719391,0.606779948,2.496168101,0.606779948,0.96392466
Track_2369,137,137,15,2,0,0,0,1,16,15,31,41.77937812,136.5550915,138.0936837,0,3.759316116,7.343814926,1.504288449,3.703129525,1.592346992,29.54179153,60.69823339,41.77937812,0.688312918,2.611211133,0.694597382,1.161777494
Track_2370,138,138,11,0,0,0,0,0,10,9,19,21.85326469,413.121967,123.5502034,0,2.881534783,4.731187569,1.638717496,2.922471296,1.114379692,36.34248612,28.81534783,21.85326469,0.758389759,2.185326469,0.758389759,1.136001359
Track_2379,147,147,14,1,0,0,0,1,14,17,31,36.85300168,88.61197199,57.31560168,0,3.161404088,5.177207504,0.633631876,3.591818321,1.458667266,27.83127798,44.77507159,37.5264669,0.823069632,2.632357263,0.832654476,1.094334701
Track_2380,148,148,21,5,0,0,0,1,25,13,38,45.38006039,123.2964055,55.67827845,0,3.599828602,8.369892923,0.871571911,3.422233958,1.847316887,17.12339279,90.24451605,45.38006039,0.502856709,1.815202416,0.504246901,1.104799003
Track_2383,151,151,20,0,0,0,0,0,19,20,39,56.31889288,32.03436948,92.06306458,0,3.914059906,6.487076285,1.195415334,4.317263148,1.500284855,28.77341518,74.36713821,56.31889288,0.757308863,2.964152257,0.757308863,1.015053647
Track_2384,152,152,9,0,0,0,0,0,8,18,26,30.07082098,248.5585148,110.2726301,0,4.085228386,6.201551274,0.795987321,4.987664027,1.924925652,15.03361119,32.68182709,30.07082098,0.920108319,3.758852623,0.920108319,0.963108863
Track_2387,155,155,46,1,0,0,0,1,46,20,66,140.7490176,210.7082199,136.9122558,0,3.556074318,7.080538178,0.696559151,3.593069351,1.314441769,42.76259438,163.2295678,140.7490176,0.862276483,3.059761253,0.860432314,0.711426194
Track_2388,156,156,11,0,0,0,0,0,10,16,26,28.09470053,49.72322978,168.0368888,0,3.257710221,4.142829053,1.887129904,3.438373107,0.71672644,31.179752,32.57710221,28.09470053,0.862406372,2.809470053,0.862406372,0.641953702
Track_2391,159,159,25,0,0,0,0,0,24,17,41,58.40152492,414.2769021,200.2490179,0,3.985174995,11.13870132,0.404453364,3.878835156,2.068809592,31.40994539,95.64419988,58.40152492,0.610612301,2.433396872,0.610612301,0.719276127
Track_2393,161,161,31,1,0,0,0,1,31,17,48,55.3116235,44.80624677,186.8606249,0,3.817401777,13.20169557,1.381086795,3.11196871,2.502947032,35.0929415,116.9595047,55.3116235,0.4729126,1.784245919,0.46739799,1.008044696
Track_2404,172,172,76,1,0,0,0,1,76,21,97,109.4549289,50.11938555,197.5191558,0,2.870534782,12.04517593,0.262267235,2.484058896,1.883769018,23.89311285,216.74712,109.4549289,0.504989081,1.440196433,0.501717116,1.34808604
Track_2405,173,173,9,0,0,0,0,0,8,21,29,18.66384859,317.9287062,55.33989756,0,3.534698887,5.11604169,0.862777242,3.519420714,1.247517589,31.21955352,28.27759109,18.66384859,0.660022579,2.332981074,0.660022579,1.784444878
Track_2406,174,174,9,1,0,0,0,1,9,21,30,21.98213937,299.1420579,47.29317314,0,3.426343516,5.58826757,1.449910876,3.114398347,1.441523124,20.95958053,30.82802625,21.98213937,0.713056982,2.44245993,0.71284736,0.89892703
Track_2407,175,175,13,0,0,0,0,0,12,21,33,41.27307229,30.43828871,63.54826052,0,3.981140344,5.781044701,0.457734611,4.116634889,1.440972984,19.02248339,47.77368412,41.27307229,0.863929024,3.439422691,0.863929024,0.710159919
Track_2408,176,176,24,0,0,0,0,0,23,21,44,69.02805723,34.87194421,78.20247883,0,3.358572572,5.987309214,0.750003475,3.645510827,1.547993653,50.7439909,77.24716916,69.02805723,0.89359983,3.001219879,0.89359983,0.718826338
Track_2412,180,180,8,1,0,0,0,1,8,18,26,23.73418266,213.889636,178.5491979,0,4.010857735,7.887122541,1.496861102,3.927139963,2.306180738,21.38261521,33.55293437,23.73418266,0.707365335,2.966772833,0.739685381,1.567947074
Track_2422,190,190,10,0,0,0,0,0,9,23,32,31.57269339,122.7578456,102.1593222,0,3.788096856,5.579570755,0.891758724,3.812921116,1.628979116,27.74352789,34.0928717,31.57269339,0.926079025,3.508077043,0.926079025,0.532386791
Track_2425,193,193,8,1,0,0,0,1,8,22,30,30.95882599,16.63466431,150.8574865,0,4.315741075,7.67724065,1.906075848,3.866162766,2.216466096,21.89282835,34.71128901,30.95882599,0.891895025,3.869853248,0.896683369,0.817589461
Track_2426,194,194,12,1,0,0,0,1,12,23,35,40.57614409,238.9416991,152.0651292,0,3.869260552,7.40857425,1.441323624,3.02427778,2.185785606,22.47722912,44.01393476,40.57614409,0.92189313,3.381345341,0.873899624,0.567509197
Track_2432,200,200,18,1,0,0,0,1,18,23,41,32.91560523,112.5159282,28.49100962,0,2.579699268,5.337930839,0.521450156,2.541217996,1.265715487,28.81637088,47.10338897,33.18348193,0.698794841,1.828644735,0.708859656,1.252124165
Track_2433,201,201,23,2,0,0,0,1,24,22,46,23.48047397,234.0345496,26.70608261,0,2.303394327,4.789271817,0.177313907,2.125032277,1.368902091,18.15836013,57.48418092,23.48047397,0.408468445,0.978353082,0.42474407,1.64918263
Track_2434,202,202,25,0,0,0,0,0,24,23,47,37.41965707,150.0914237,28.82061823,0,2.147045776,4.180731641,0.386408463,2.36693035,1.067436699,42.11007187,51.52909862,37.81663329,0.726184972,1.559152378,0.726184972,1.155025023
Track_2435,203,203,66,5,0,0,0,1,70,22,92,77.2127658,31.83611205,28.51914477,0,2.385665906,12.29519341,0.215722722,2.150441861,1.926152358,23.82057209,164.2746357,77.2127658,0.470022444,1.103039511,0.462361267,1.297579105
Track_2441,209,209,17,0,0,0,0,0,16,24,40,64.14343819,213.9728588,90.37960963,0,4.658271844,7.847404854,2.227449158,4.557956521,1.760274161,19.61144907,74.53234951,64.14343819,0.860612051,4.008964887,0.860612051,0.738099989
Track_2442,210,210,36,0,0,0,0,0,35,24,59,101.5726447,198.6335419,160.2467194,0,3.539315427,9.093005386,0.885050732,3.586282246,1.707788881,28.13220972,123.8760399,101.5726447,0.819953921,2.902075562,0.819953921,1.022865784
Track_2454,222,222,12,2,0,0,0,1,13,6,19,31.15471181,338.9761661,175.282325,0,4.996869798,7.240855317,2.06497253,4.207593925,1.680236662,16.44018348,64.79273793,31.15471181,0.480836477,2.396516293,0.47960351,1.075890649
Track_2461,229,229,11,1,0,0,0,1,11,25,36,20.767214,50.80833078,192.0763333,0,4.187726576,6.962661196,1.802694616,5.231266546,1.98998925,22.27391924,47.24411541,20.767214,0.439572502,1.887928545,0.450824215,1.233834523
Track_2474,242,242,8,1,0,0,0,1,8,26,34,32.80421168,394.6386709,181.827356,0,5.303929488,7.455778653,3.607590167,5.209712543,1.1381487,6.45317632,40.73509658,32.80421168,0.805305853,4.10052646,0.773111043,0.781260562
Track_2480,248,248,23,1,0,0,0,1,23,26,49,43.32955328,214.0876538,27.19770848,0,2.53192012,4.633658746,0.952533773,2.47460131,1.200959656,21.28171728,57.31117894,43.32955328,0.756040167,1.883893621,0.744057289,0.944823028
Track_2481,249,249,30,0,0,0,0,0,29,26,55,76.45054229,51.962305,48.45888439,0,3.050048703,5.847424099,1.119518532,2.893525737,1.307363653,44.26346196,88.45141239,76.45054229,0.864322459,2.636225596,0.864322459,0.716494436
Track_2484,252,252,9,0,0,0,0,0,8,26,34,20.68339066,86.17475034,45.3024735,0,3.078638691,4.57720726,1.128057353,3.141317088,1.17728556,23.97453668,24.62910953,20.68339066,0.839794497,2.585423832,0.839794497,0.687349198
Track_2493,261,261,9,0,0,0,0,0,8,29,37,26.74936346,20.64426264,115.5362874,0,4.001316626,6.027875785,1.566985766,3.961215606,1.61601977,36.75287957,32.01053301,26.74936346,0.835642551,3.343670433,0.835642551,0.905183396
Track_2495,263,263,14,1,0,0,0,1,14,29,43,43.35599933,351.6106264,115.257917,0,5.115858445,8.294896465,2.150471105,4.405767241,1.93592734,18.47218755,73.12466606,43.35599933,0.592905263,3.096857095,0.605344563,0.890382977
Track_2497,265,265,12,0,0,0,0,0,11,29,40,28.54851953,108.0974814,134.2715198,0,3.289202854,7.336169652,0.467637363,3.078318486,2.261781198,42.57172485,36.18123139,28.54851953,0.789042231,2.595319957,0.789042231,0.814033491
Track_2499,267,267,27,1,0,0,0,1,27,28,55,69.01996321,404.721981,193.1661034,0,4.248012259,6.975035716,1.436742917,4.330836569,1.549898904,15.70122931,115.2433924,69.01996321,0.598906035,2.556294934,0.601762607,1.071943349
Track_2500,268,268,19,2,0,0,0,1,20,29,49,47.9384509,25.27833469,188.7580891,0,3.111789045,6.198014864,1.231677083,3.033172078,1.269653861,24.39110031,61.0712929,47.9384509,0.784958835,2.396922545,0.770271542,0.768190832
Track_2506,274,274,14,1,0,0,0,1,14,28,42,47.00347567,65.84021109,46.46435958,0,4.29641308,11.81403152,1.418776098,4.129172021,2.646669719,25.34904541,60.00058887,47.00347567,0.783383573,3.357391119,0.781440485,0.991758291
Track_2521,289,289,9,1,0,0,0,1,9,8,17,22.5334784,12.43461604,62.18354482,0,2.893038039,4.786564902,0.479574178,3.643734811,1.634897415,10.87457938,27.93086921,22.5334784,0.806758939,2.503719822,0.865429278,0.938651128
Track_2528,296,296,8,2,0,0,0,1,9,8,17,33.96413613,406.0509416,186.9706833,0,3.719878237,6.347369407,1.249073574,3.27349899,1.775631037,19.55917287,35.08711123,33.96413613,0.967994655,3.773792903,1.014493664,0.451281796
Track_2533,301,301,10,0,0,0,0,0,9,30,39,32.93498765,226.2872396,75.68596249,0,4.117934155,5.690308741,2.69421735,4.528957214,1.157927702,28.9887641,37.0614074,32.93498765,0.888659929,3.659443072,0.888659929,0.745941434
Track_2539,307,307,12,0,0,0,0,0,11,30,41,31.7824309,108.0472476,189.460383,0,3.260112301,6.574348958,0.741949058,3.216821543,1.641499014,23.49590182,35.86123531,31.7824309,0.886261464,2.8893119,0.886261464,0.627866215
Track_2542,310,310,19,0,0,0,0,0,18,30,48,39.62468585,19.59926155,199.5585851,0,2.773180034,5.640648594,0.610680838,2.363004641,1.425677731,53.39692329,49.91724061,39.62468585,0.793807618,2.201371436,0.793807618,0.951777136
Track_2543,311,311,13,1,0,0,0,1,13,30,43,23.73610219,119.2784892,34.61826373,0,3.403865522,6.105271032,0.868485121,3.127181983,1.813057298,27.67519804,43.97356825,23.73610219,0.539781126,1.825854015,0.536406037,0.877043289
Track_2560,328,328,10,1,0,0,0,1,10,31,41,19.26424256,410.1253356,26.31698239,0,2.847233877,4.836372273,1.18331864,2.522884428,1.342180009,34.16203384,27.68616602,19.26424256,0.695807521,1.926424256,0.676595018,1.114686906
Track_2562,330,330,31,2,0,0,0,1,32,32,64,76.92619206,165.4939845,56.37180293,0,3.299112502,8.79113211,0.295526802,3.135795798,1.710901137,30.73862219,103.2400889,76.92619206,0.74511939,2.403943502,0.728663694,0.691239585
Track_2564,332,332,16,1,0,0,0,1,16,31,47,50.61164613,198.9706197,72.81524911,0,3.582864928,7.127228026,1.245511328,3.062230761,1.924842687,21.41208178,60.15049475,50.61164613,0.841416955,3.163227883,0.882876677,1.014808749
Track_2568,336,336,9,0,0,0,0,0,8,32,40,22.42207645,33.58941702,154.5929653,0,3.242096447,5.487733193,1.211187004,3.142701636,1.34460693,28.33796671,25.93677158,22.42207645,0.864489876,2.802759556,0.864489876,1.124414669
Track_2569,337,337,27,0,0,0,0,0,26,32,58,76.82976122,231.0819216,182.9223072,0,3.139377555,5.797912817,0.457482268,3.055214213,1.30438462,48.95781821,81.62381643,76.82976122,0.941266466,2.954990816,0.941266466,0.393454989
Track_2570,338,338,21,2,0,0,0,1,22,31,53,69.19584866,34.01238656,166.2769325,0,4.533734045,7.582678947,0.820148288,4.977331597,1.776082346,25.16892129,97.90671384,69.19584866,0.706752846,3.145265848,0.693747321,0.932739056
Track_2582,350,350,14,1,0,0,0,1,14,34,48,22.03910199,168.870402,197.4376497,0,2.772227183,11.65811371,0.776353981,1.878592703,2.810162349,12.10936049,37.74046092,22.7565716,0.583964834,1.574221571,0.56785446,0.993230042
Track_2586,354,354,32,1,0,0,0,1,32,35,67,76.18013056,46.98521285,49.70613818,0,3.638087363,7.427779301,0.769561272,3.504903012,1.921763264,17.35769476,115.144733,76.18013056,0.661603259,2.38062908,0.654362813,1.126532662
Track_2595,363,363,31,0,0,0,0,0,30,36,66,69.9725159,88.50820245,40.31677675,0,3.808387669,6.56082139,1.006196783,3.799604853,1.554882008,10.59710855,114.2516301,69.9725159,0.612442167,2.332417197,0.612442167,1.270339311
Track_2596,364,364,9,0,0,0,0,0,8,37,45,30.08376572,48.82237378,117.2576772,0,4.22056863,8.684833416,1.503187068,5.050270562,2.408013552,39.66273499,33.76454904,30.08376572,0.890986747,3.760470715,0.890986747,0.770143869
Track_2599,367,367,14,1,0,0,0,1,14,37,51,38.74601309,41.05630981,140.2146487,0,3.021813394,5.901505685,0.937738409,2.6765145,1.588216262,22.5926046,41.55572115,38.74601309,0.932386974,2.767572363,0.915864748,0.693076913
Track_2615,383,383,13,2,0,0,0,1,14,38,52,28.63211564,190.5031073,43.89328277,0,3.120132025,5.812636703,0.276810952,3.159201042,1.705664151,8.177331044,46.31897212,28.63211564,0.618150929,2.045151117,0.655469416,1.026356751
Track_2618,386,386,13,0,0,0,0,0,12,38,50,44.27039145,379.1794187,174.7058339,0,4.145108731,7.247909887,1.894714223,4.086647646,1.825191567,30.1376016,49.74130478,44.27039145,0.89001267,3.689199288,0.89001267,0.489467064
Track_2619,387,387,12,0,0,0,0,0,11,38,49,29.1509096,417.2554545,201.013319,0,3.234893337,5.254021092,0.973653414,3.704065537,1.36345703,35.47266146,35.58382671,29.1509096,0.819217951,2.650082691,0.819217951,0.764010582
Track_2620,388,388,23,0,0,0,0,0,22,38,60,27.810947,235.9906863,199.7539907,0,2.607159375,6.258137071,0.876025963,2.516743369,1.266832188,34.30530252,57.35750625,27.810947,0.484870226,1.264133954,0.484870226,1.524365853
Track_2634,402,402,13,0,0,0,0,0,12,41,53,23.48347912,119.9699486,40.20997801,0,3.185147832,6.997109153,1.404428949,2.868373498,1.728678933,13.47568956,38.22177398,23.55802219,0.614400554,1.956956593,0.614400554,1.485984715
Track_2638,406,406,18,0,0,0,0,0,17,40,57,39.79980658,228.2396922,77.48077277,0,4.041885456,11.29997143,1.553743999,3.261331104,2.557922792,19.0175933,68.71205276,39.79980658,0.579225987,2.341165093,0.579225987,1.291839187
Track_2639,407,407,13,1,0,0,0,1,13,41,54,51.77189285,312.7037929,76.71793118,0,4.628644482,7.403866871,3.610364614,4.431234047,1.031960291,27.39556551,59.97496783,51.77189285,0.863225021,3.982453296,0.860392997,0.753193825
Track_2643,411,411,18,1,0,0,0,1,18,39,57,35.0458595,286.2645435,176.2877868,0,3.466437177,5.710317599,1.638696163,3.69387318,1.270432772,31.76977632,64.6397496,35.0458595,0.542171956,1.946992195,0.561669546,0.882592498
Track_2647,415,415,15,1,0,0,0,1,15,41,56,19.26543755,318.8669299,194.1631579,0,2.317311263,6.126506768,0.910667876,2.083449771,1.319118088,33.93944372,34.52580745,19.26543755,0.558001071,1.284362503,0.554246865,1.016727475
Track_2649,417,417,15,1,0,0,0,1,15,36,51,38.93578445,297.9066553,195.8295567,0,3.272613311,6.267035243,0.641120115,3.065129488,1.923690147,38.04382725,47.81504427,38.93578445,0.814299872,2.595718963,0.793163969,0.826529371
Track_2651,419,419,13,3,0,0,0,1,15,43,58,43.09016707,410.2810454,119.7188613,0,4.030920415,5.972711603,0.96688897,4.258824483,1.387976372,34.63855149,59.18223494,43.09016707,0.728092934,2.872677805,0.712660512,0.806178798
Track_2654,422,422,42,2,0,0,0,1,43,43,86,90.09807293,123.4066396,180.8655479,0,3.17377332,7.944415075,0.486872404,3.124703439,1.64194306,27.13094613,138.3729954,90.09807293,0.651124684,2.095304022,0.660193344,1.085880299
Track_2655,423,423,66,0,0,0,0,0,65,43,108,155.7821143,80.31339602,190.1042101,0,3.47513233,11.74657471,1.088438965,3.112920904,1.714665169,32.64638782,225.8836015,155.7821143,0.68965659,2.396647913,0.68965659,1.055021054
Track_2656,424,424,34,1,0,0,0,1,34,43,77,46.49894787,25.08643082,195.8204177,0,2.883356747,5.292901006,0.651372613,2.838597465,1.359585066,27.52521391,98.01184008,46.70261135,0.474421742,1.367616114,0.474313876,1.46438804
Track_2658,426,426,30,0,0,0,0,0,29,43,72,43.43049625,22.25029962,203.1321298,0,2.203191118,4.243913206,0.680909611,2.257822418,0.921832078,47.03438911,63.89254242,43.43049625,0.679742809,1.497603319,0.679742809,1.301306402
Track_2660,428,428,15,0,0,0,0,0,14,43,57,32.23634259,126.176636,60.58705635,0,3.128013936,5.650025138,0.419276544,3.056506638,1.417684026,31.98736401,43.7921951,32.23634259,0.736120729,2.302595899,0.736120729,1.199625762
Track_2661,429,429,18,4,0,0,0,1,21,39,60,65.08985006,110.9295662,73.90663384,0,4.18138671,8.527754655,0.544212628,3.862861058,2.194842988,8.043790897,82.30425587,65.08985006,0.790844281,3.09951667,0.741265251,0.9425743
Track_2664,432,432,14,1,0,0,0,1,14,45,59,44.49980727,292.1727457,122.0176348,0,4.233839162,8.193289087,0.917407,3.809633476,2.116811868,7.285230534,58.27119956,44.49980727,0.763667259,3.178557662,0.750750688,0.972301871
Track_2665,433,433,17,1,0,0,0,1,17,45,62,48.58819977,117.621422,128.3769579,0,3.387518942,6.457797892,1.321221548,3.336621219,1.365757223,26.97072944,55.56058012,48.58819977,0.874508503,2.858129398,0.843723518,0.566752421
Track_2666,434,434,13,0,0,0,0,0,12,45,57,45.42350308,153.3405432,133.5157342,0,4.121006296,7.619792026,0.138292673,4.387946174,2.578537593,13.08825361,49.45207555,45.42350308,0.918535826,3.785291923,0.918535826,0.995965901
Track_2668,436,436,21,2,0,0,0,1,22,45,67,52.91169969,65.13991856,116.8718569,0,3.433191397,7.256285972,1.000097452,3.193462021,1.781939735,21.04987444,75.22961354,52.91169969,0.703336056,2.405077259,0.7005369,0.717430214
Track_2678,446,446,14,0,0,0,0,0,13,46,59,20.13669092,396.8599187,29.89349001,0,3.404894674,6.920181786,0.844812783,3.169644033,1.659051367,9.496186018,44.26363077,20.13669092,0.454926326,1.548976224,0.454926326,1.558702179
Track_2679,447,447,11,0,0,0,0,0,10,46,56,29.0237215,135.4812833,31.85703881,0,3.419470114,5.955772894,0.8243531,4.152110278,1.889215215,22.00481103,34.19470114,29.0237215,0.848778335,2.90237215,0.848778335,1.446132127
Track_2680,448,448,34,1,0,0,0,1,34,46,80,28.95316038,37.3982826,26.98174521,0,2.0872098,4.647545644,0.285906902,2.286308189,0.985271625,30.39517685,69.49484811,28.95316038,0.416623119,0.851563541,0.407991348,1.646661324
Track_2682,450,450,19,0,0,0,0,0,18,46,64,37.75144615,136.7589703,40.1671015,0,4.127154619,10.01419153,0.907057072,3.658707174,2.291319547,27.17284609,74.28878314,37.75144615,0.508171551,2.097302564,0.508171551,1.018871195
Track_2683,451,451,38,1,0,0,0,1,38,45,83,70.13353489,61.3149824,57.27229511,0,2.925357723,8.622461619,0.758669521,2.39947632,1.718391286,22.78057615,113.9880063,70.13353489,0.615271178,1.845619339,0.630903812,0.776113946
Track_2686,454,454,20,1,0,0,0,1,20,46,66,20.59675073,404.3465719,81.33580684,0,2.449088791,6.074852672,0.331467432,2.131153008,1.580358232,10.39678159,49.41186288,20.59675073,0.416838175,1.029837536,0.420498244,1.164155362
Track_2689,457,457,34,3,0,0,0,1,36,44,80,111.2088066,271.8463672,115.4620965,0,3.766767007,7.075918606,0.376311438,3.888475536,1.850598804,25.78668907,133.0999062,111.2088066,0.835528813,3.089133518,0.820102096,0.801156295
Track_2703,471,471,31,2,0,0,0,1,32,44,76,101.8078477,228.3054433,66.14401361,0,3.855009095,7.401034231,1.014653456,3.959626403,1.717660039,12.83174438,124.2600248,101.8078477,0.819312952,3.181495241,0.825288647,0.816800802
Track_2707,475,475,27,2,0,0,0,1,28,44,72,71.50563582,174.318749,177.0907647,0,3.31178837,8.006995736,0.510766476,3.751319155,1.890210486,27.57776402,93.85942021,71.67626302,0.761837604,2.553772708,0.771115911,0.899899643
Track_2708,476,476,7,2,0,0,0,1,8,49,57,27.33031925,193.5316295,151.0001447,0,3.366452642,6.508770563,0.752002916,2.804116644,2.049783651,11.53401075,31.69792834,27.33031925,0.862211529,3.416289906,1.014804089,1.167497608
Track_2711,479,479,23,0,0,0,0,0,22,48,70,34.6890865,66.15874392,187.5126862,0,2.408406825,5.587774793,0.65885039,2.33445974,1.186349468,38.25261748,52.98495015,34.6890865,0.654696973,1.576776659,0.654696973,1.333584881
Track_2714,482,482,10,0,0,0,0,0,9,47,56,18.93970423,244.5335317,197.3457255,0,2.441867155,4.358915361,1.0930457,1.971626504,1.146868378,28.2845551,21.97680439,18.93970423,0.861804287,2.104411581,0.861804287,0.738713106
Track_2718,486,486,25,0,0,0,0,0,24,47,71,23.2414181,165.4567482,27.90655711,0,2.012638348,4.765163954,0.193019709,1.544120805,1.193460895,29.54183895,48.30332036,23.2414181,0.481155704,0.968392421,0.481155704,1.66314391
Track_2719,487,487,34,1,0,0,0,1,34,47,81,76.69193671,169.2847483,51.94704136,0,3.324829326,8.411453276,0.225440137,3.185996296,1.598086352,26.17021301,110.9847394,76.69193671,0.691013351,2.255645197,0.678424357,1.094078781
Track_2721,489,489,36,1,0,0,0,1,36,49,85,68.62385156,38.1930348,47.3188365,0,3.458815564,8.659873176,0.228524509,3.441160491,1.943036172,25.6170253,124.1817603,68.62385156,0.55260814,1.906218099,0.551118747,1.163329458
Track_2727,495,495,12,0,0,0,0,0,11,49,60,33.40253756,99.04400407,135.9889886,0,3.477612825,5.541327224,1.905471586,3.618736253,1.217007068,29.56543116,38.25374107,33.40253756,0.873183553,3.036594324,0.873183553,0.688069655
Track_2729,497,497,23,1,0,0,0,1,23,49,72,62.98605025,174.3626342,140.6779667,0,3.120097693,5.674648907,1.079866964,2.993534758,1.439166251,42.5330263,70.75856799,62.98605025,0.890154395,2.738523924,0.877704545,0.474591009
Track_2737,505,505,15,0,0,0,0,0,14,51,65,42.70980712,276.2868023,82.52717526,0,3.441931074,6.542987616,1.24713235,3.331344553,1.605085449,42.6044796,48.18703504,42.70980712,0.886333992,3.050700508,0.886333992,0.62887596
Track_2740,508,508,23,1,0,0,0,1,23,51,74,79.0506172,197.3479782,123.9244387,0,4.015461677,7.066075988,1.678691896,3.617261047,1.729077681,42.8189334,90.79816165,79.0506172,0.870619138,3.436983357,0.855937283,0.578017577
Track_2744,512,512,19,1,0,0,0,1,19,50,69,32.01601757,171.5646417,184.8378613,0,2.934603824,5.618392986,0.598143088,2.928035192,1.404531195,19.89466497,53.42101192,32.01601757,0.599315071,1.685053556,0.574201377,1.306231143
Track_2763,531,531,23,0,0,0,0,0,22,55,77,30.23876154,81.46168739,33.40896235,0,3.195590021,8.755891173,0.32428109,2.7775689,2.179676787,20.24954029,70.30298046,30.23876154,0.43012062,1.374489161,0.43012062,1.281799631
Track_2765,533,533,14,1,0,0,0,1,14,55,69,24.26700571,108.4659571,57.81761624,0,3.198977256,5.833639382,1.247109093,3.141831457,1.454876526,27.19755054,44.72853578,24.26700571,0.542539685,1.733357551,0.541847413,1.32066297
Track_2767,535,535,20,3,0,0,0,1,22,55,77,48.35314568,26.50601668,101.8668838,0,2.977240481,4.961898499,0.860798597,2.974435636,1.337767035,17.97429695,63.31393222,48.35314568,0.763704669,2.197870258,0.73822396,0.743553756
Track_2770,538,538,14,0,0,0,0,0,13,54,67,28.80640873,31.04932778,89.62808188,0,3.71691525,6.35745575,1.389505858,3.864523524,1.890554384,22.18389249,48.31989826,29.10176059,0.596160376,2.215877595,0.596160376,1.759826761
Track_2772,540,540,11,0,0,0,0,0,10,53,63,28.45985171,13.59060794,106.9278488,0,3.384858537,5.674683028,1.091351983,3.761989695,1.378259539,25.04444734,33.84858537,28.45985171,0.840798852,2.845985171,0.840798852,0.843334477
Track_2777,545,545,9,0,0,0,0,0,8,54,62,32.42656361,133.4230088,147.5128949,0,4.366860262,7.369100721,2.83836163,4.419636382,1.418231681,29.16500473,34.9348821,32.42656361,0.928200173,4.053320451,0.928200173,0.578613704
Track_2778,546,546,11,0,0,0,0,0,10,53,63,44.93726312,407.9154415,140.6050641,0,4.822471955,9.700712637,1.873527738,5.182151385,2.279419367,8.427058393,48.22471955,44.93726312,0.931830471,4.493726312,0.931830471,0.39297596
Track_2779,547,547,16,0,0,0,0,0,15,52,67,45.03876207,262.5885001,163.5427798,0,3.765559188,9.106920499,1.182490264,3.497590633,1.955073793,24.04225814,56.48338782,45.03876207,0.797380678,3.002584138,0.797380678,0.973714075
Track_2780,548,548,23,1,0,0,0,1,23,54,77,79.76844669,82.58031432,158.6401689,0,3.971802182,6.825833446,1.985914851,3.841165155,1.279020315,16.62707461,90.50882449,79.76844669,0.881333363,3.468193334,0.873203945,0.581699346
Track_2781,549,549,15,1,0,0,0,1,15,53,68,47.00472539,128.3311127,154.0556713,0,4.050048521,6.875553919,0.980810645,3.542902588,2.102201093,26.32649797,59.69145775,47.00472539,0.787461509,3.13364836,0.773731066,1.04141381
Track_2782,550,550,10,1,0,0,0,1,10,55,65,32.58181671,39.4097382,160.1655842,0,3.758724307,7.068632696,2.033401834,3.532790969,1.704719854,16.29934635,36.55858686,33.43301065,0.891221995,3.258181671,0.866831777,0.515398917
Track_2784,552,552,11,0,0,0,0,0,10,54,64,22.69386295,101.2550183,177.1376144,0,2.919911057,6.173016312,0.384136897,2.730984306,1.751031043,27.87587981,29.19911057,22.69386295,0.777210761,2.269386295,0.777210761,0.991544502
Track_2785,553,553,28,2,0,0,0,1,29,52,81,62.53128423,115.13048,177.4416293,0,3.028724691,5.933712151,0.258321498,2.871215098,1.392355418,32.86345444,88.75214509,62.53128423,0.704560821,2.15625118,0.711933702,0.892433862
Track_2788,556,556,27,2,0,0,0,1,28,55,83,49.42220379,344.8997833,195.4883145,0,3.167486058,10.3838564,0.269638714,3.147345676,2.276778693,11.84777103,83.27923188,49.42220379,0.593451725,1.765078707,0.557249085,1.300895636
Track_2803,571,571,26,3,0,0,0,1,28,54,82,48.63056911,44.31796181,58.94734354,0,3.294225158,6.872293653,0.13810855,3.031170168,1.770805153,24.42568007,95.5701844,49.00377191,0.50884666,1.73680604,0.527227483,1.132727753
Track_2810,578,578,26,1,0,0,0,1,26,56,82,57.5160318,219.3204983,44.0059472,0,3.003399423,6.181046387,0.939599739,3.023744044,1.172987247,29.43049137,77.64080559,57.5160318,0.740796433,2.212155069,0.736550408,1.098314898
Track_2811,579,579,28,2,0,0,0,1,29,56,85,70.02032001,275.8752797,46.6118268,0,3.098318683,5.878532457,0.646711809,2.909521559,1.437644627,29.7067852,88.82049517,70.02032001,0.788335168,2.414493793,0.779291623,0.936335203
Track_2816,584,584,11,1,0,0,0,1,11,57,68,24.22862548,13.0316024,143.0086524,0,3.648169656,6.768114563,0.962416786,3.365453618,1.855195333,34.62414022,39.78994724,24.22862548,0.608913235,2.202602317,0.603755451,0.944740969
Track_2818,586,586,10,1,0,0,0,1,10,57,67,22.99127653,113.0437338,191.4888855,0,3.397590142,6.35497806,1.459138237,3.248183782,1.580952812,24.06245317,36.93328934,22.99127653,0.622508229,2.299127653,0.676693644,1.380891961
Track_2820,588,588,14,0,0,0,0,0,13,56,69,26.67578812,341.2289398,200.8829049,0,3.275018594,9.940783936,1.034577665,2.828020737,2.414778718,17.29559084,42.57524172,27.63511512,0.626556352,2.051983702,0.626556352,1.47032322
Track_2821,589,589,16,1,0,0,0,1,16,56,72,27.58375734,28.09809405,205.8362215,0,2.535295116,7.757798906,0.371341286,2.34427678,1.669278676,14.78706628,40.45343506,27.58375734,0.681864403,1.723984834,0.67999375,1.126191039
Track_2822,590,590,10,2,0,0,0,1,11,56,67,41.12168452,230.5602755,52.96889346,0,4.428960745,11.99626167,1.725815948,3.234243594,3.307078322,7.411407709,45.98669596,41.12168452,0.894208285,3.738334956,0.84406595,0.333990551
Track_2823,591,591,7,2,0,0,0,1,8,56,64,28.23493382,37.31611168,175.8913977,0,3.857041974,6.345348646,2.698788772,2.892519104,1.638392325,8.766716616,32.38011959,28.23493382,0.871983617,3.529366727,0.915044936,0.790422559
Track_2828,596,596,25,0,0,0,0,0,24,58,82,42.96723005,53.14187512,51.41687314,0,3.08302351,12.13442496,0.334063431,3.363781007,2.491059173,18.9505662,73.99256424,42.96723005,0.580696594,1.790301252,0.580696594,1.428416959
Track_2829,597,597,34,1,0,0,0,1,34,58,92,133.8996845,119.75544,103.0310199,0,4.225709111,7.506343582,0.634074107,4.101247424,1.737779963,33.66543646,145.8395406,133.8996845,0.918130186,3.938226014,0.931968082,0.601709618
Track_2831,599,599,36,1,0,0,0,1,36,58,94,107.7213799,97.93229052,99.81322535,0,3.598272617,6.786707162,0.278341284,3.19835559,1.481745547,33.79729626,128.0365475,107.7213799,0.841333057,2.992260552,0.831582504,0.648271292
Track_2835,603,603,13,0,0,0,0,0,12,59,71,24.48177919,75.6366872,67.06629168,0,3.272718539,6.256062441,0.556539705,3.038663476,1.731397485,26.51427397,39.27262247,24.48177919,0.6233803,2.040148265,0.6233803,1.226180525
Track_2836,604,604,16,0,0,0,0,0,15,59,74,50.19939543,195.2157521,100.2746745,0,4.153588693,7.614901912,2.365365303,3.489470504,1.542101913,32.9883244,62.30383039,50.19939543,0.805719249,3.346626362,0.805719249,0.695043625
Track_2839,607,607,10,0,0,0,0,0,9,59,68,24.82494359,37.34735574,147.5899663,0,3.577656311,6.007299624,1.060291394,3.699980709,1.650224597,17.01423798,32.1989068,24.82494359,0.770987156,2.758327066,0.770987156,1.228069775
Track_2843,611,611,10,0,0,0,0,0,9,61,70,20.50935441,82.98679102,41.42379993,0,2.894989409,5.136245466,0.588435164,2.876847872,1.259334576,39.79596748,26.05490468,20.50935441,0.787159065,2.278817156,0.787159065,1.227045914
Track_2847,615,615,28,0,0,0,0,0,27,61,88,67.47857108,417.1200464,67.95175723,0,2.845901349,6.771505327,0.208594693,2.500322276,1.652998402,35.53314614,76.83933642,67.47857108,0.878177431,2.499206336,0.878177431,0.906267011
Track_2849,617,617,14,1,0,0,0,1,14,60,74,27.00224625,88.17832327,102.6402473,0,2.562211437,4.863109364,0.07802385,2.192845314,1.526323918,31.89595597,34.66192053,27.05274415,0.779017603,1.928731875,0.752760622,1.030083412
Track_2850,618,618,11,0,0,0,0,0,10,60,70,30.62336259,134.7731667,134.4171533,0,3.265823651,4.862357655,1.57269454,3.42879402,0.887548187,41.87328954,32.65823651,30.62336259,0.937691861,3.062336259,0.937691861,0.45847487
Track_2853,621,621,10,1,0,0,0,1,10,61,71,24.45890816,333.0013707,168.4372174,0,3.442545907,5.562869679,1.110033978,3.815545482,1.656537008,25.72199001,32.09294714,25.28067357,0.762127207,2.445890816,0.710488947,0.782947424
Track_2866,634,634,10,0,0,0,0,0,9,63,72,21.90805777,14.26843693,142.7720538,0,2.684765518,5.625594341,0.342579916,2.437628914,1.595746868,22.60276575,24.16288966,21.90805777,0.906682027,2.434228641,0.906682027,0.580948007
Track_2868,636,636,32,0,0,0,0,0,31,62,93,32.56285518,66.31427282,200.7838959,0,2.210252191,4.699453849,0.168560797,2.246131591,1.158307376,26.01801649,68.51781792,32.56285518,0.47524653,1.050414683,0.47524653,1.205267674
Track_2869,637,637,18,0,0,0,0,0,17,64,81,21.09475799,16.32429605,182.7111452,0,2.746829924,6.793640342,0.27783916,3.004719297,1.539369298,46.1507016,46.69610872,27.11506979,0.451745522,1.240868117,0.451745522,1.17812815
Track_2870,638,638,14,1,0,0,0,1,14,62,76,25.70797249,55.52491704,184.7926597,0,2.893808148,6.368105339,0.428641714,2.085558522,1.813589712,15.02012416,43.20180847,25.70797249,0.595067045,1.836283749,0.634556147,1.601123675
Track_2875,643,643,12,1,0,0,0,1,12,64,76,31.02535069,175.227596,63.5355996,0,3.541160025,6.033467122,1.588398014,3.212239147,1.355120708,30.52169291,40.54115829,32.97122336,0.765280322,2.585445891,0.730112695,0.77661293
Track_2876,644,644,16,0,0,0,0,0,15,62,77,45.22362503,195.4256328,70.23440361,0,3.685220483,5.321421851,0.209732155,3.514747093,1.404108286,19.37350577,55.27830724,45.22362503,0.818107994,3.014908335,0.818107994,0.875828699
Track_2893,661,661,16,0,0,0,0,0,15,66,81,51.5187061,159.002259,60.9388261,0,4.086785655,12.15523871,0.323241064,3.735198826,3.031133755,14.57045594,61.30178483,51.5187061,0.840411193,3.434580406,0.840411193,0.897366257
Track_2894,662,662,12,1,0,0,0,1,12,67,79,39.75065746,21.63396531,68.3571305,0,3.340697627,6.909812549,0.303869427,3.088823057,2.261753945,34.152614,41.70131806,39.75065746,0.953223047,3.312554788,0.99157576,0.836688033
Track_2895,663,663,30,0,0,0,0,0,29,65,94,94.49320135,224.507085,76.28375872,0,4.237428657,7.904212411,1.41200097,3.996738323,1.6777248,22.08436333,122.885431,94.49320135,0.768953655,3.258386253,0.768953655,0.955829874
Track_2897,665,665,27,0,0,0,0,0,26,65,91,87.20105595,165.462891,83.06683422,0,3.979663922,7.698065541,0.536596348,4.135240035,1.83190236,35.86889739,103.471262,87.20105595,0.842756281,3.353886767,0.842756281,0.794022281
Track_2900,668,668,14,3,0,0,0,1,16,65,81,56.38167412,134.6846578,114.2373093,0,4.028895605,7.743988501,1.103273862,3.907357146,1.643457183,9.276316438,60.8851032,56.38167412,0.926033975,3.523854633,0.874645307,0.496045749
Track_2901,669,669,9,0,0,0,0,0,8,67,75,30.1428234,41.15887474,118.7417581,0,4.280708088,10.72568398,2.01253096,4.064624432,2.751139391,24.57428567,34.2456647,30.1428234,0.880193848,3.767852924,0.880193848,0.973471725
Track_2904,672,672,9,0,0,0,0,0,8,66,74,20.77882164,159.9643619,172.6138712,0,3.456760013,6.025136616,1.320566298,3.305713004,1.512253738,10.16555028,27.6540801,20.77882164,0.751383578,2.597352705,0.751383578,0.874545141
Track_2910,678,678,37,3,0,0,0,1,39,67,106,67.95915834,298.3923835,195.8294301,0,3.039120748,8.887182431,0.808538476,2.996747618,1.725039442,25.04360748,116.8880384,67.95915834,0.581403874,1.742542521,0.573370611,1.0289273
Track_2913,681,681,14,3,0,0,0,1,16,67,83,30.86308256,214.3598757,193.578363,0,3.003669702,4.782595399,0.796385343,3.555178293,1.412465761,10.66909313,47.51798326,30.86308256,0.649503208,1.92894266,0.642195331,0.812743784
Track_2923,691,691,17,0,0,0,0,0,16,68,84,19.17715545,100.9825819,36.18513936,0,2.280660923,4.000459984,0.536166674,2.426573373,1.177840551,45.50880679,36.49057477,20.54118799,0.525537226,1.198572215,0.525537226,1.413538505
Track_2926,694,694,9,0,0,0,0,0,8,68,76,23.74361347,317.3901922,111.2855504,0,3.246052729,4.645646576,1.588929171,3.696424166,0.99188033,29.8837542,25.96842183,23.74361347,0.914326393,2.967951684,0.914326393,0.549864696
Track_2929,697,697,10,0,0,0,0,0,9,68,77,19.68240672,72.47147093,160.858507,0,2.618107166,4.618612951,0.745052938,2.648646098,1.365921603,18.76557264,23.56296449,20.06709139,0.83531114,2.18693408,0.83531114,0.83362277
Track_2930,698,698,15,0,0,0,0,0,14,68,82,28.33648836,66.8928322,186.2873725,0,2.966874794,5.205232424,0.408568019,3.427781377,1.474824449,36.88046309,41.53624711,28.33648836,0.682211089,2.024034883,0.682211089,1.276225301
Track_2931,699,699,12,0,0,0,0,0,11,68,79,20.53085907,35.3907782,189.8738323,0,3.835978779,11.4013588,0.22911949,3.837186687,3.430185769,24.32867384,42.19576656,20.53085907,0.486562059,1.866441734,0.486562059,1.647549271
Track_2935,703,703,9,1,0,0,0,1,9,69,78,28.00449585,401.648164,192.9930269,0,3.58094953,6.371857117,1.533885509,3.522525187,1.421963895,18.41925388,33.13023019,28.00449585,0.845285278,3.111610649,0.868934517,0.655372033
Track_2939,707,707,31,0,0,0,0,0,30,69,99,87.2592182,140.3298827,46.84541874,0,3.804478366,8.60088833,0.576226769,3.539936645,2.003863182,38.15207017,114.134351,87.2592182,0.764530726,2.908640607,0.764530726,0.913562843
Track_2943,711,711,26,1,0,0,0,1,26,69,95,67.08885172,78.53070385,65.52903736,0,3.401092578,7.538375577,0.137816565,3.236870317,1.995742567,24.26033147,91.41451758,67.08885172,0.733897126,2.580340451,0.758679863,0.950932559
Track_2947,715,715,9,0,0,0,0,0,8,69,77,23.16548959,316.2374871,124.2435765,0,3.29514876,4.494269515,1.822287907,3.48941257,0.890074385,20.52536143,26.36119008,23.16548959,0.878772526,2.895686199,0.878772526,0.756747771
Track_2949,717,717,16,2,0,0,0,1,17,70,87,71.32161979,90.42023018,134.2882546,0,4.779800921,7.417196349,0.753987215,4.49224238,1.877610411,9.091153741,84.45604782,71.32161979,0.84448209,4.195389399,0.877733083,0.717140523
Track_2952,720,720,11,0,0,0,0,0,10,69,79,44.50731828,18.56389703,162.0604261,0,4.527704426,8.056027305,1.472192814,4.189686874,2.288067639,18.35856013,45.27704426,44.50731828,0.982999641,4.450731828,0.982999641,0.257504201
Track_2959,727,727,26,1,0,0,0,1,26,72,98,44.3847935,172.4123769,34.19360766,0,3.228814267,11.4931145,0.421421374,2.766645234,2.143124824,27.82431377,84.37770602,44.3847935,0.526025127,1.707107442,0.528710326,1.384673638
Track_2962,730,730,13,2,0,0,0,1,14,71,85,26.31117193,205.0766096,58.00802216,0,3.18033299,7.211078806,0.61525232,3.197024945,1.620558121,21.16426475,42.24924247,26.31117193,0.622760797,1.879369423,0.590934795,0.725123111
Track_2975,743,743,47,1,0,0,0,1,47,72,119,159.9411525,91.96409448,121.2814184,0,4.294446811,10.72370054,1.070155772,4.104479099,1.830767581,39.81567663,203.8098916,159.9411525,0.784756575,3.403003245,0.792419465,0.704937528
Track_2976,744,744,9,1,0,0,0,1,9,71,80,35.64501935,102.8105559,131.7437604,0,4.401169142,6.906031552,2.601467595,4.337099949,1.624188665,26.4932643,37.81082073,35.64501935,0.942720064,3.960557706,0.899887638,0.404492012
Track_2977,745,745,16,0,0,0,0,0,15,71,86,63.26296247,116.0985164,162.8162285,0,4.63558248,8.560856954,2.026307438,4.91569632,2.19869808,29.5780651,69.53373719,63.26296247,0.909816803,4.217530832,0.909816803,0.551862617
Track_2978,746,746,16,0,0,0,0,0,15,72,87,41.28328588,417.598475,208.2332483,0,3.409465882,7.741326805,1.751041914,2.803362617,1.766766131,27.19660962,51.14198823,41.28328588,0.807228802,2.752219059,0.807228802,0.809514856
Track_2979,747,747,12,1,0,0,0,1,12,72,84,21.34172246,364.1171513,195.4133119,0,2.858785426,6.497344318,0.550177559,2.806224541,1.822912981,17.13731428,37.94398401,21.34172246,0.562453391,1.778476871,0.622109255,1.26169153
Track_2986,754,754,29,1,0,0,0,1,29,73,102,68.55797525,51.73810606,69.45525025,0,3.811640261,7.68980053,0.793130059,3.321524317,1.747933116,17.88649518,110.0046687,68.55797525,0.623227869,2.364068112,0.620223303,1.108175338
Track_2988,756,756,9,0,0,0,0,0,8,73,81,24.51687585,13.75565935,120.4038482,0,3.137319358,4.615685932,1.263144406,4.017647898,1.367882442,37.7523116,25.09855486,24.51687585,0.976824203,3.064609481,0.976824203,0.315954699
Track_2991,759,759,11,2,0,0,0,1,12,73,85,35.17073924,404.6440414,178.7488193,0,4.80685656,7.13651459,2.952332365,4.832005991,1.28068637,11.65716436,56.24985585,35.17073924,0.625259189,2.930894937,0.60973214,0.564697284
Track_2994,762,762,14,0,0,0,0,0,13,73,86,56.10376057,330.8589459,177.3215565,0,4.770410526,6.731486528,1.917919835,5.087426461,1.541683081,29.4719286,62.01533684,56.10376057,0.904675576,4.31567389,0.904675576,0.556332243
Track_3003,771,771,25,0,0,0,0,0,24,79,103,26.96417065,11.64738524,27.52960888,0,2.019968463,4.422232022,0.311272088,1.89805499,1.12420305,40.38001411,48.47924312,26.96417065,0.556200322,1.12350711,0.556200322,1.324081657
Track_3004,772,772,14,0,0,0,0,0,13,76,89,42.59124768,151.5245807,35.76652679,0,4.13890979,8.285279677,1.423762883,3.944246292,2.07759036,9.824411869,53.80582727,42.59124768,0.791573141,3.276249821,0.791573141,0.974152066
Track_3005,773,773,30,0,0,0,0,0,29,78,107,69.46051314,297.2547281,36.41016189,0,3.283024417,6.228684336,0.610911848,3.275872012,1.625200554,24.22999867,95.2077081,69.46051314,0.729568168,2.395190108,0.729568168,1.005623875
Track_3007,775,775,35,1,0,0,0,1,35,76,111,60.89759554,99.9618144,44.23130346,0,3.974073606,9.381656152,1.167120892,3.750010407,1.807831897,20.8712301,138.2979566,60.89759554,0.440336192,1.739931301,0.437820603,1.391227369
Track_3009,777,777,21,0,0,0,0,0,20,85,105,43.00760427,218.4807174,43.48024785,0,2.741670764,6.906041305,0.209224199,2.851123101,1.783878917,40.31185157,54.83341529,45.76567492,0.784332036,2.150380214,0.784332036,1.136974685
Track_3010,778,778,15,1,0,0,0,1,15,76,91,24.48872074,121.0353278,41.6495046,0,3.822664204,8.957458686,1.661785016,3.366656184,2.033696424,16.53028412,57.60813875,24.48872074,0.425091337,1.632581382,0.427079465,1.551018493
Track_3011,779,779,25,1,0,0,0,1,25,76,101,89.89228804,48.23739848,54.17263913,0,4.05023602,8.649533072,1.032540472,4.15789272,1.661313788,29.76657244,99.287246,89.89228804,0.905375984,3.595691522,0.887773331,0.431696437
Track_3012,780,780,9,0,0,0,0,0,8,79,87,36.23934413,162.4776387,57.13612298,0,4.77319129,7.637380995,2.735184454,4.387979026,1.651221347,21.06970337,38.18553032,36.23934413,0.949033412,4.529918017,0.949033412,0.413066528
Track_3013,781,781,20,0,0,0,0,0,19,74,93,48.48840937,179.2502104,58.40018029,0,3.646282521,7.202644008,0.26009802,3.464213352,1.734159453,19.06599302,69.27936789,48.48840937,0.699896821,2.552021546,0.699896821,1.237304952
Track_3014,782,782,20,1,0,0,0,1,20,81,101,79.78065948,216.2764295,54.15172034,0,4.40828707,7.99366192,2.017393337,4.383569134,1.5331082,39.19024105,88.21248821,79.78065948,0.904414569,3.989032974,0.904894103,0.528162058
Track_3016,784,784,30,1,0,0,0,1,30,75,105,78.75730103,34.43013399,54.05854252,0,3.235885916,6.855505991,1.336899586,2.714382847,1.525396451,27.12819436,97.51491082,78.75730103,0.807643676,2.625243368,0.811290458,0.872161467
Track_3017,785,785,17,2,0,0,0,1,18,78,96,45.94730587,58.5745381,62.04323235,0,4.545473318,7.27571334,1.903628286,4.716607954,1.786567769,17.49493091,81.16121475,45.94730587,0.56612393,2.552628104,0.561575864,1.199506284
Track_3021,789,789,15,0,0,0,0,0,14,84,98,40.37477929,27.66909631,71.76490045,0,4.420336276,11.13714384,0.993301746,3.968860702,2.544811676,26.81658497,61.88470787,40.37477929,0.652419324,2.883912806,0.652419324,0.681467068
Track_3022,790,790,14,0,0,0,0,0,13,78,91,51.01332389,28.26418851,90.28289023,0,4.173032493,6.470346846,2.43064514,4.006186994,1.275705801,34.0312346,54.24942241,51.01332389,0.940347779,3.924101838,0.940347779,0.414919923
Track_3023,791,791,13,0,0,0,0,0,12,81,93,35.32620494,100.1081248,73.52312317,0,3.563822521,5.750238201,1.167181641,3.753611128,1.537899291,25.93556012,42.76587025,35.32620494,0.826037322,2.943850412,0.826037322,0.806530325
Track_3024,792,792,14,1,0,0,0,1,14,74,88,49.17393024,170.8270007,80.97057807,0,3.740852205,8.54611093,0.936718167,3.453008248,2.2382663,32.47187914,50.93919125,49.17393024,0.96534572,3.512423589,0.938936744,0.303210744
Track_3025,793,793,11,0,0,0,0,0,10,79,89,34.38455081,97.61252989,94.67555544,0,3.760488899,7.501298643,1.604162137,4.158680247,1.801336477,38.25586414,37.60488899,34.38455081,0.914363843,3.438455081,0.914363843,0.646181719
Track_3026,794,794,15,1,0,0,0,1,15,76,91,54.43632457,33.7918158,99.28035562,0,4.295897525,6.594357347,1.679041701,4.735665916,1.62384318,28.11688922,66.7369227,54.43632457,0.815685266,3.629088305,0.844779998,0.755435497
Track_3027,795,795,29,0,0,0,0,0,28,76,104,96.19468334,124.7985115,91.81968071,0,3.957842749,6.672763103,1.434287234,4.200794116,1.639019692,29.59222965,110.819597,96.19468334,0.868029536,3.435524405,0.868029536,0.678493757
Track_3028,796,796,32,1,0,0,0,1,32,78,110,102.2088718,372.615326,95.37553204,0,3.766856173,8.343340631,0.693814933,3.886461611,1.646892729,45.6170024,118.8065653,102.2088718,0.860296496,3.194027243,0.847929174,0.573821617
Track_3030,798,798,17,0,0,0,0,0,16,82,98,68.96769092,157.9314624,102.4809013,0,4.888222568,8.433936884,2.270253943,5.031663928,1.686018299,31.81350702,78.21156108,68.96769092,0.881809415,4.310480683,0.881809415,0.709108468
Track_3034,802,802,16,0,0,0,0,0,15,83,98,54.18329205,32.9885735,119.351064,0,4.649178265,8.902292046,1.779159811,4.411288143,2.229111637,11.47201601,69.73767398,54.18329205,0.776958693,3.61221947,0.776958693,0.806629284
Track_3038,806,806,32,0,0,0,0,0,31,84,115,133.9132467,353.215686,124.196169,0,4.472499656,8.00110701,1.025998957,4.525100374,1.684938364,41.75453225,138.6474894,133.9132467,0.965854105,4.319782151,0.965854105,0.320697567
Track_3039,807,807,13,1,0,0,0,1,13,75,88,45.81053188,254.7102642,130.9615122,0,4.229879495,6.006581684,1.822023245,4.888994215,1.386781251,10.41402113,55.85950294,45.81053188,0.820102748,3.523887068,0.833093962,0.691136946
Track_3044,812,812,9,1,0,0,0,1,9,83,92,37.90908947,261.8850086,144.3716048,0,4.634952763,5.131870129,3.743090075,4.970117059,0.579313894,13.08583207,42.21149223,37.90908947,0.898075085,4.212121052,0.908773243,0.531937738
Track_3047,815,815,24,0,0,0,0,0,23,82,105,63.20344139,94.20777221,149.5787443,0,4.491234457,9.93812623,0.139145938,4.18272506,2.337623496,17.50876562,103.2983925,63.20344139,0.611853097,2.747975712,0.611853097,1.152711433
Track_3048,816,816,20,0,0,0,0,0,19,75,94,84.93023241,42.93320865,153.1270843,0,4.808106706,10.45297709,1.782735908,4.115962604,2.366004083,34.85050111,91.35402741,84.93023241,0.92968241,4.470012232,0.92968241,0.49273763
Track_3049,817,817,11,0,0,0,0,0,10,79,89,34.00112339,67.91745641,178.3913478,0,4.204252135,9.39777845,1.567084848,3.302580496,2.602638438,46.56570257,42.04252135,34.00112339,0.808731786,3.400112339,0.808731786,0.738325321
Track_3051,819,819,15,0,0,0,0,0,14,83,97,43.2790154,116.8725052,170.0640193,0,4.107387162,6.516828619,1.641498446,4.40335339,1.348677118,22.94366894,57.50342027,43.2790154,0.75263376,3.091358243,0.75263376,0.891496572
Track_3052,820,820,30,1,0,0,0,1,30,74,104,110.1058865,115.4914841,183.9724689,0,4.148973623,7.392801152,0.805336294,4.386808169,1.597132956,35.72262739,126.8141959,110.1058865,0.868245749,3.670196218,0.884603411,0.812013144
Track_3053,821,821,10,1,0,0,0,1,10,85,95,25.75128261,407.6769621,196.2643402,0,4.58926659,7.68513608,2.763050471,4.532011299,1.628515601,17.45626588,45.16352771,25.75128261,0.570178724,2.575128261,0.56111978,1.601522583
Track_3054,822,822,64,1,0,0,0,1,64,82,146,163.3342181,139.754035,181.4200646,0,3.265888222,6.261657007,0.252109513,3.235630068,1.398959881,42.48331397,208.7966133,163.3342181,0.78226469,2.552097157,0.781440449,0.747911805
Track_3055,823,823,8,1,0,0,0,1,8,85,93,22.23540539,13.0292367,187.9686173,0,3.643786885,5.415550954,1.746432695,3.936017221,1.428013406,16.83653802,27.25294089,22.23540539,0.815890126,2.779425673,0.762784916,0.631177926
Track_3058,826,826,29,4,0,0,0,1,32,83,115,80.38376612,83.03524673,196.5020642,0,3.417202569,7.035640429,0.687445007,3.620737972,1.743884289,16.7974756,110.7895178,80.38376612,0.725553894,2.511992691,0.735102073,1.12472209
Track_3059,827,827,11,0,0,0,0,0,10,78,88,44.02376434,316.4326011,186.4013678,0,5.073080748,9.693303007,0.018755137,5.312447443,3.08543256,29.65369623,50.73080748,44.02376434,0.867791516,4.402376434,0.867791516,1.220353938
Track_3062,830,830,10,0,0,0,0,0,9,80,89,29.5478817,220.7013227,192.5987351,0,5.238283019,8.07700909,3.402168636,4.489545795,1.78504238,12.15568795,47.14454717,35.93971945,0.62675078,3.283097967,0.62675078,0.848451101
Track_3063,831,831,12,1,0,0,0,1,12,83,95,29.67585976,251.5791847,198.3257223,0,3.276156791,7.225003998,0.702580837,3.620372234,1.964914915,12.70591756,40.13588447,31.48098223,0.739384721,2.472988313,0.75484431,0.879947156
Track_3065,833,833,24,0,0,0,0,0,23,81,104,60.89302451,98.16669846,197.4739019,0,2.88595508,6.313372444,0.822019143,2.332823939,1.635288537,39.66361733,66.37696684,60.89302451,0.917381848,2.647522805,0.917381848,0.54222926
Track_3066,834,834,42,1,0,0,0,1,42,85,127,51.45476395,388.5286568,203.8961373,0,2.165273111,4.879653474,0.362903832,1.857649203,1.282066418,32.13231858,89.3365877,51.45476395,0.575965182,1.225113427,0.565800878,1.271802731
Track_3069,837,837,38,0,0,0,0,0,37,74,111,56.49978875,255.1434841,204.4305052,0,2.44710687,5.194092751,0.553216235,1.99537163,1.37067398,29.71916711,90.5429542,56.49978875,0.624010882,1.527021318,0.624010882,1.320065867
Track_3070,838,838,15,1,0,0,0,1,15,85,100,22.83051858,36.32707258,204.2426925,0,3.030608827,5.595284035,0.545587742,3.049252982,1.671977271,7.107061895,45.6202724,22.83051858,0.500446784,1.522034572,0.502220728,1.302978171
Track_3074,842,842,9,1,0,0,0,1,9,86,95,22.48966133,272.2669983,22.85452515,0,3.243453834,5.289321919,1.836679338,3.044158853,1.067161072,11.81884935,27.78431001,22.48966133,0.80943746,2.498851258,0.770429112,0.971180166
Track_3075,843,843,19,1,0,0,0,1,19,86,105,62.08172114,124.403721,50.22661006,0,3.890216214,8.401995064,1.351342882,4.027153487,1.919237818,32.17415526,72.77079188,62.08172114,0.853113173,3.267459007,0.839917071,0.884068923
Track_3076,844,844,16,1,0,0,0,1,16,86,102,35.24898216,20.81734225,47.47470737,0,3.96834084,8.219056139,2.053975635,3.684448775,1.747752983,11.6897161,62.09488982,35.24898216,0.567663173,2.203061385,0.555159316,1.438728264
Track_3078,846,846,18,1,0,0,0,1,18,82,100,49.44443175,29.76911241,63.75989454,0,4.273127371,10.05202756,1.753344171,3.737232414,1.994251479,20.02792297,76.28977805,49.44443175,0.648113456,2.746912875,0.642834308,0.988818585
Track_3082,850,850,21,1,0,0,0,1,21,86,107,81.9393262,143.787391,82.25430751,0,4.318263733,7.818656757,0.804692263,4.307679044,1.864980227,23.83231379,92.41990182,81.9393262,0.886598282,3.901872676,0.903574426,0.676442254
Track_3083,851,851,8,1,0,0,0,1,8,83,91,33.8709891,14.87880522,131.7843388,0,5.103122896,7.730747286,2.353375941,5.382643541,1.699181674,9.255551577,38.07523621,33.8709891,0.889580537,4.233873637,0.829663271,0.676246278
Track_3085,853,853,10,1,0,0,0,1,10,77,87,46.40200944,353.9303771,134.2657444,0,6.050309111,10.09707142,2.72666954,5.633993962,2.489884289,18.61807375,57.70832958,46.40200944,0.804078194,4.640200944,0.766936178,0.561952669
Track_3101,869,869,23,0,0,0,0,0,22,87,109,67.35685871,112.3731878,100.1785282,0,4.398840584,8.674085676,1.393655098,4.288008154,1.598736556,17.85911479,96.77449285,67.35685871,0.696018721,3.061675396,0.696018721,1.120368712
Track_3102,870,870,9,0,0,0,0,0,8,87,95,37.81834057,66.54016698,100.066697,0,4.992654505,6.589485784,2.895174116,5.194460502,1.307972083,40.65839979,39.94123604,37.81834057,0.94684953,4.727292571,0.94684953,0.382507174
Track_3104,872,872,11,1,0,0,0,1,11,87,98,36.35317204,190.4879309,139.0578595,0,5.202773508,8.574042084,2.103820835,5.476186449,1.961441561,21.1120807,57.16931074,36.48789235,0.635886135,3.304833821,0.635206168,0.916053813
Track_3107,875,875,16,0,0,0,0,0,15,87,102,42.84486188,167.8063005,182.7384644,0,3.559110661,5.632513526,1.723857892,3.755774542,1.253690756,23.53842032,53.38665991,42.84486188,0.802538723,2.856324125,0.802538723,0.716441972
Track_3108,876,876,22,0,0,0,0,0,21,87,108,41.01609723,21.19453778,205.7425311,0,2.556149076,5.408060944,0.402019193,1.982756633,1.697483549,15.22855134,53.67913059,41.01609723,0.764097644,1.953147487,0.764097644,1.302183895
Track_3109,877,877,17,1,0,0,0,1,17,87,104,44.61621333,333.644064,193.3791317,0,3.959251446,7.455454399,1.914167764,3.869558387,1.547253994,11.13932197,65.27065716,44.61621333,0.683556981,2.624483137,0.662873569,1.079527575
Track_3111,879,879,9,1,0,0,0,1,9,76,85,20.24579782,10.45233112,41.80518482,0,3.397072432,5.595111159,1.01121091,3.945903843,1.462106688,15.04938083,29.30249944,20.24579782,0.690923921,2.249533091,0.662197565,1.131766821
Track_3114,882,882,9,0,0,0,0,0,8,77,85,32.04788201,47.50441762,140.9114314,0,4.969964869,6.9789725,3.740349116,4.747883975,1.244419607,25.42669672,39.75971895,32.04788201,0.806038947,4.005985251,0.806038947,0.918274567
Track_3121,889,889,11,1,0,0,0,1,11,74,85,23.07359275,18.50934466,31.65107173,0,3.895254303,7.728833679,1.866413433,4.454777908,1.908889173,21.98616314,43.96365304,23.07359275,0.524833383,2.097599341,0.538501258,1.252192441
Track_3123,891,891,10,0,0,0,0,0,9,75,84,25.62420024,29.91496611,178.6015847,0,3.923339066,6.02600607,0.840167876,3.483600315,1.644343217,29.18779993,35.3100516,25.62420024,0.725691385,2.84713336,0.725691385,0.968101136
Track_3160,928,928,37,1,0,0,0,1,37,88,125,105.1835303,70.51114197,178.3721763,0,4.184169984,7.583724496,0.973444553,4.314020754,1.708378789,33.81996876,152.9139701,109.1182175,0.68786083,2.842798116,0.679417454,0.95081326
Track_3162,930,930,33,0,0,0,0,0,32,88,120,49.50683382,122.5422986,39.24249043,0,3.32385052,11.21243474,0.317927139,2.952028982,2.341828513,21.52911276,106.3632166,59.38387943,0.465450702,1.547088557,0.465450702,1.324038856
Track_3171,939,939,12,1,0,0,0,1,12,88,100,37.80213165,76.46426614,72.29109516,0,4.981110643,7.299599056,2.423473954,5.040501044,1.249455564,36.25972724,59.88853634,37.80213165,0.63120814,3.150177637,0.632424747,0.679079635
Track_3174,942,942,10,0,0,0,0,0,9,88,97,34.3698412,20.4099939,96.28401634,0,4.726150506,10.82414682,1.393069455,4.906260258,2.927680561,20.84692721,42.53535456,34.3698412,0.808029968,3.818871244,0.808029968,1.056408201
Track_3181,949,949,51,2,0,0,0,1,52,89,141,130.8865509,159.7706947,57.37031777,0,4.020770065,12.95413297,0.957599949,3.436412956,2.754948953,31.18341528,209.4191423,131.28402,0.624998028,2.517049056,0.626011688,1.179831242
Track_3190,958,958,15,0,0,0,0,0,14,89,103,69.22984162,423.4494719,133.3368647,0,5.319499179,8.00360919,2.493868034,5.641096768,1.858506927,22.38435688,74.4729885,69.22984162,0.929596663,4.944988687,0.929596663,0.665752725
Track_3192,960,960,23,0,0,0,0,0,22,89,111,73.72558502,35.65855387,150.9845693,0,4.064108035,6.651498557,0.445633195,4.379567489,1.635440456,38.06936845,89.41037677,73.72558502,0.824575264,3.351162956,0.824575264,0.744062115
Track_3194,962,962,11,0,0,0,0,0,10,89,99,44.31215717,394.2450545,184.5962323,0,4.614314909,5.763014023,3.053144459,4.957111534,1.011878138,39.96036452,46.14314909,44.31215717,0.960319312,4.431215717,0.960319312,0.390236353
Track_3205,973,973,12,0,0,0,0,0,11,91,102,33.90723746,15.18090553,44.7649159,0,4.006001103,7.566243634,1.60094358,3.863623871,1.975146773,28.04896084,44.06601213,33.90723746,0.769464624,3.082476133,0.769464624,1.029525186
Track_3207,975,975,17,1,0,0,0,1,17,90,107,42.18974898,350.1770824,39.89382131,0,3.35094661,6.458412973,1.467585488,2.8583135,1.46657446,21.86187065,60.07355873,42.18974898,0.702301476,2.48174994,0.740611603,0.977028091
Track_3208,976,976,10,1,0,0,0,1,10,91,101,32.4005234,150.4955252,41.79692384,0,4.108101394,5.528625006,2.126255154,4.118335544,1.045362945,12.91855593,41.09124809,32.4005234,0.788501808,3.24005234,0.78869824,1.015850213
Track_3211,979,979,26,1,0,0,0,1,26,91,117,69.64877674,237.8244674,56.58135952,0,3.518830875,7.688274693,0.550028013,3.235255622,1.576882503,36.20214073,90.92450083,69.64877674,0.766006699,2.678799105,0.761275321,0.826402408
Track_3213,981,981,26,2,0,0,0,1,27,90,117,76.56182848,107.0218414,68.46610114,0,3.929718903,7.90657699,0.445666834,4.380745079,2.06384321,10.42010859,103.3962471,76.56182848,0.740470091,2.835623277,0.721584253,0.924007629
Track_3214,982,982,9,0,0,0,0,0,8,90,98,29.47319608,132.9309903,76.30785662,0,5.649540438,8.173333905,3.461634572,5.661626954,1.774847393,23.87589131,45.1963235,29.47319608,0.652114902,3.68414951,0.652114902,1.398948543
Track_3215,983,983,12,2,0,0,0,1,13,91,104,39.42135438,103.3601731,67.64882931,0,3.927094807,6.056017958,1.654325256,4.35310764,1.382686578,19.87781298,51.01036962,39.42135438,0.772810601,3.032411875,0.772176895,1.232731378
Track_3220,988,988,11,2,0,0,0,1,12,90,102,40.41991596,60.59012741,118.5255556,0,4.057579979,7.879685145,0.691286887,4.476244113,2.201051277,13.60165345,45.95719888,40.89894491,0.879512175,3.36832633,0.830131839,0.800257408
Track_3222,990,990,23,1,0,0,0,1,23,90,113,57.66692511,71.74099028,151.5828351,0,5.102764311,12.84418812,0.344218237,4.908254021,2.599559822,25.16109979,115.8764107,57.66692511,0.497658883,2.507257613,0.491352816,0.911559879
Track_3228,996,996,14,1,0,0,0,1,14,90,104,43.69674529,47.41618211,182.4247045,0,3.648227481,7.275239112,0.955018983,3.822210785,1.762017631,18.57737838,49.30125441,43.69674529,0.886321166,3.121196092,0.855537685,0.728621321
Track_3239,1007,1007,13,0,0,0,0,0,12,93,105,45.6626498,123.9671746,180.3845667,0,4.683513357,7.482704969,1.325766939,4.888143365,2.064220317,26.75051605,56.20216028,45.6626498,0.812471435,3.805220817,0.812471435,1.098807332
Track_3240,1008,1008,28,2,0,0,0,1,29,93,122,67.01219774,279.9902525,185.4309995,0,3.223874797,7.894662075,0.485634297,2.944930974,1.901161328,29.63935832,90.38470217,67.01219774,0.741410838,2.310765439,0.716766495,1.076287618
Track_3246,1014,1014,13,0,0,0,0,0,12,94,106,31.02726618,279.311259,36.00358119,0,3.107812082,4.771079372,1.891924641,3.263222043,0.825229747,27.89157713,37.29374499,31.02726618,0.831969709,2.585605515,0.831969709,0.60320381
Track_3247,1015,1015,19,0,0,0,0,0,18,92,110,40.1565877,290.5422161,54.914745,0,3.186044658,5.454558156,0.634828857,3.469536773,1.391016559,31.74605515,57.34880384,40.1565877,0.700216657,2.230921539,0.700216657,1.292169105
Track_3248,1016,1016,14,1,0,0,0,1,14,94,108,28.26783966,60.52722997,65.92490586,0,3.422643714,7.812548125,0.549584879,3.140710517,2.213715331,17.97807605,51.12149325,28.26783966,0.552954107,2.019131404,0.589933272,1.143568033
Track_3257,1025,1025,15,2,0,0,0,1,16,94,110,40.79550497,22.36209375,124.4534374,0,4.560608708,11.7766223,1.621766252,4.694296057,2.640631426,13.08170106,70.58884663,40.79550497,0.577931315,2.549719061,0.559074287,1.298407287
Track_3258,1026,1026,25,2,0,0,0,1,26,94,120,84.81987075,49.62375133,133.6538501,0,4.662401359,7.577118791,1.046785115,4.588156217,1.424557426,16.87515554,120.0939796,84.81987075,0.706279125,3.262302721,0.699704395,1.285414872
Track_3264,1032,1032,25,1,0,0,0,1,25,93,118,64.9775239,37.65353943,165.131871,0,3.457677716,7.349340123,0.552522468,3.502101579,1.817925746,12.46443851,83.61118335,64.9775239,0.777139149,2.599100956,0.751689767,0.754195663
Track_3269,1037,1037,12,0,0,0,0,0,11,95,106,28.83426753,276.0009817,59.01926871,0,3.908824772,8.81859536,2.045505926,3.372847237,1.830683429,22.98291278,42.99707249,28.83426753,0.670610017,2.621297048,0.670610017,0.669670806
Track_3270,1038,1038,9,0,0,0,0,0,8,95,103,26.24401828,104.5470696,105.8489629,0,4.670881758,5.956444716,2.571146714,4.971145111,1.213678984,34.69768122,37.36705406,26.24401828,0.702330407,3.280502285,0.702330407,0.9886924
Track_3272,1040,1040,11,0,0,0,0,0,10,95,105,50.18174018,183.104669,127.4344757,0,5.432543967,8.713564849,2.540246517,6.273944619,2.163978443,6.751808903,54.32543967,50.18174018,0.923724511,5.018174018,0.923724511,0.504188176
Track_3274,1042,1042,13,0,0,0,0,0,12,95,107,34.94242485,334.9445198,177.9411784,0,4.357930953,7.936431536,1.697231231,3.899899733,1.821179363,13.68421441,52.29517143,34.94242485,0.668176887,2.911868738,0.668176887,0.923063152
Track_3279,1047,1047,14,0,0,0,0,0,13,96,109,25.00664849,89.94927097,29.51303031,0,3.314996459,9.534513445,1.011594431,2.536382465,2.254499066,24.37633467,43.09495396,26.0758891,0.580268597,1.923588345,0.580268597,1.003226002
Track_3281,1049,1049,19,3,0,0,0,1,21,97,118,66.9920766,217.4332958,51.4755349,0,4.369194105,8.129030738,1.222461686,4.280842268,2.016617271,11.06883358,89.73465256,66.9920766,0.746557486,3.190098886,0.730134393,0.911117932
Track_3283,1051,1051,8,2,0,0,0,1,9,92,101,25.69548764,215.9808971,44.13856311,0,4.01317835,5.259879784,2.825659005,4.084035294,0.951835894,5.717969239,37.375906,25.69548764,0.687488021,2.855054182,0.711419711,0.785773858
Track_3284,1052,1052,13,2,0,0,0,1,14,97,111,54.3010589,51.04920421,54.22603076,0,4.192792026,6.790546855,0.969928438,4.063322106,1.908590249,9.398741539,60.05587714,54.3010589,0.904175603,3.878647064,0.925074995,0.529360168
Track_3286,1054,1054,10,0,0,0,0,0,9,96,105,23.78301653,237.1702074,64.90909091,0,3.353040477,5.413091477,1.18834709,3.518064311,1.494605589,18.59547806,30.17736429,23.78301653,0.788107811,2.642557392,0.788107811,0.913536944
Track_3289,1057,1057,28,0,0,0,0,0,27,97,124,59.66247736,184.6038793,71.72887904,0,3.145047661,6.564838033,0.763098868,2.587290913,1.655813614,27.55705474,84.91628686,59.66247736,0.702603465,2.209721384,0.702603465,1.010572059
Track_3292,1060,1060,9,1,0,0,0,1,9,97,106,32.2480161,125.8091469,93.20963529,0,4.722097594,7.528612131,0.905764053,5.715315913,2.169671849,27.09273921,42.78475966,32.2480161,0.753726709,3.5831129,0.758796876,0.573877267
Track_3293,1061,1061,19,3,0,0,0,1,21,97,118,55.33535717,272.4294211,116.1695967,0,3.55499258,5.673751879,1.338212975,3.635292596,1.220365746,26.80990447,73.87372652,55.33535717,0.74905328,2.635017008,0.741215895,0.870371219
Track_3295,1063,1063,16,1,0,0,0,1,16,97,113,42.72951558,18.96466647,129.3453574,0,3.579635344,5.571736686,1.060691085,3.234051169,1.444324108,23.34882951,56.0020395,42.72951558,0.762999276,2.670594724,0.746052172,1.161851394
Track_3302,1070,1070,9,0,0,0,0,0,8,96,104,26.36913375,48.04982169,189.1116731,0,4.657378412,7.180448029,2.848001996,4.747575643,1.60116227,11.46074359,37.2590273,26.36913375,0.707724696,3.296141719,0.707724696,1.021318339
Track_3306,1074,1074,27,2,0,0,0,1,28,98,126,81.57911308,38.43253268,148.0602455,0,3.945083985,11.36096874,0.578513381,3.816101528,2.147763379,21.56718042,106.9387576,81.57911308,0.762858246,2.913539753,0.738524139,0.586040353
Track_3307,1075,1075,10,0,0,0,0,0,9,98,107,30.7815701,98.96234903,189.6368395,0,4.249665425,6.811258291,1.089540427,4.313775658,1.751843941,24.2562499,38.24698883,30.7815701,0.804810288,3.420174455,0.804810288,0.454641818
Track_3310,1078,1078,14,0,0,0,0,0,13,98,111,33.23501805,296.3697147,34.33839066,0,3.319301774,5.827051684,0.735488135,3.300359384,1.517151869,26.73235403,43.15092306,33.4949857,0.770204104,2.55653985,0.770204104,1.188200814
Track_3311,1079,1079,18,0,0,0,0,0,17,98,115,42.56958156,166.0195744,33.5141334,0,2.904350519,5.401380885,0.532887234,2.763772841,1.44089634,46.84683344,49.37395882,42.56958156,0.862186922,2.504093033,0.862186922,0.666519686
Track_3314,1082,1082,9,1,0,0,0,1,9,98,107,23.45063347,426.1352065,60.78845242,0,2.904024837,5.565835116,0.473233305,3.312089212,1.629299935,16.18685876,27.44477881,23.45063347,0.854466113,2.605625941,0.897246438,0.543603197
Track_3315,1083,1083,13,1,0,0,0,1,13,96,109,51.46988992,309.9306072,124.0481406,0,4.663330778,7.474469821,2.490262385,4.685806693,1.567117489,20.31268347,58.45023172,51.46988992,0.880576319,3.959222302,0.849011681,0.771587073
Track_3322,1090,1090,12,1,0,0,0,1,12,100,112,28.83161562,136.4612298,53.85436089,0,4.440918835,8.330264502,0.838412477,3.951273002,2.130036908,24.37621876,55.39009469,28.83161562,0.520519342,2.402634635,0.541021965,1.283659808
Track_3323,1091,1091,12,0,0,0,0,0,11,100,111,23.39627784,373.1189523,58.07265789,0,2.488556528,4.824601227,0.112253053,2.111380219,1.436744979,30.87834064,27.37412181,23.39627784,0.85468597,2.126934349,0.85468597,0.55552737
Track_3324,1092,1092,13,1,0,0,0,1,13,99,112,31.95216667,21.49399669,59.62560255,0,3.827458786,7.166699985,0.542499563,3.921907328,2.03585464,13.01736828,46.47200499,33.35164737,0.687557308,2.457858975,0.642164714,0.934417136
Track_3326,1094,1094,9,0,0,0,0,0,8,99,107,36.69754257,121.8953758,66.06359832,0,4.761303797,7.416552256,2.060053992,4.682876831,1.851354117,31.60425202,38.09043038,36.69754257,0.96343208,4.587192822,0.96343208,0.442907542
Track_3330,1098,1098,9,0,0,0,0,0,8,99,107,30.37283327,276.8718279,134.8303779,0,4.178715006,6.37619444,1.060057274,4.625825435,1.784665508,28.33779658,33.42972005,30.37283327,0.908557811,3.796604159,0.908557811,1.082771495
Track_3333,1101,1101,17,1,0,0,0,1,17,100,117,63.91970003,297.4157148,142.4502751,0,4.858025168,7.748493724,2.483494111,4.516812619,1.59995594,28.06890207,82.2452153,63.91970003,0.777184421,3.759982354,0.77397342,0.897423846
Track_3336,1104,1104,31,3,0,0,0,1,33,99,132,60.4320818,37.5006123,172.6349378,0,3.521666929,7.126511085,0.171311343,3.563607324,1.668912396,31.16111785,119.1711442,62.09129206,0.507103311,1.831275206,0.520002386,1.438955485
Track_3344,1112,1112,11,0,0,0,0,0,10,102,112,22.28080791,337.3024888,66.06426222,0,3.091219827,5.690749649,1.193241615,3.101921596,1.485400148,36.87959073,30.91219827,22.28080791,0.720777206,2.228080791,0.720777206,1.140087224
Track_3348,1116,1116,13,1,0,0,0,1,13,102,115,53.88749624,230.1648061,101.7694949,0,5.362138119,13.04419393,3.149277085,4.700413452,2.698770759,20.84547784,69.38391659,53.88749624,0.776656881,4.145192018,0.773048349,0.928287112
Track_3350,1118,1118,14,0,0,0,0,0,13,102,115,31.30657093,39.17058692,113.2825619,0,4.173270405,6.289258331,0.998852462,4.927273986,1.844315725,18.69269541,54.25251527,31.30657093,0.577052894,2.408197764,0.577052894,0.663657515
Track_3353,1121,1121,10,0,0,0,0,0,9,102,111,44.42912965,424.4675593,158.9937055,0,5.277278509,8.477194256,1.954266453,5.403290147,2.264079045,17.46058321,47.49550658,44.42912965,0.935438589,4.936569961,0.935438589,0.58819834
Track_3354,1122,1122,20,1,0,0,0,1,20,101,121,41.96825999,104.6895706,179.9407039,0,4.006742719,8.458048742,0.251586022,3.843078818,2.265943645,13.64579787,79.97119048,41.96825999,0.524792238,2.098413,0.523720425,0.909038937
Track_3356,1124,1124,8,1,0,0,0,1,8,102,110,31.36068159,244.9609462,162.4198417,0,4.543732501,5.916896899,1.815179535,4.984040876,1.524225322,29.8525635,33.62130704,31.36068159,0.932762119,3.920085199,0.862745595,0.346688861
Track_3359,1127,1127,10,0,0,0,0,0,9,102,111,32.36303135,180.7323493,195.5219836,0,4.53263335,8.877696086,3.037790421,3.615678054,1.858742635,18.92931676,40.79370015,32.36303135,0.79333405,3.595892372,0.79333405,1.222258593
Track_3360,1128,1128,11,1,0,0,0,1,11,101,112,22.53102153,95.34223505,188.5107301,0,3.886746062,6.381587116,1.70789898,4.413632205,1.616578787,13.3601258,44.56043554,25.64085574,0.505628396,2.048274684,0.526989582,0.886677479
Track_3362,1130,1130,12,0,0,0,0,0,11,101,112,55.75400718,392.4226753,178.5911786,0,5.734353361,9.052685258,2.117208146,5.889981441,2.428161196,11.71131547,63.07788697,55.75400718,0.883891485,5.068546107,0.883891485,0.565571232
Track_3363,1131,1131,38,3,0,0,0,1,40,102,142,58.44502224,209.8240643,169.1504683,0,3.082542286,7.069819163,0.809312097,2.433128434,1.676953623,27.63780546,126.8043887,65.26089705,0.460906936,1.461125556,0.474000166,1.285192856
Track_3364,1132,1132,13,1,0,0,0,1,13,101,114,28.40677671,114.4587168,198.5850876,0,3.342134657,5.972213616,0.786227208,3.497500954,1.865285695,14.23075914,41.79029703,28.40677671,0.679745748,2.18513667,0.653814671,1.337283825
Track_3367,1135,1135,9,1,0,0,0,1,9,101,110,24.24022125,357.7048952,197.6109812,0,3.659673434,5.818596713,2.030784339,3.801705387,1.479236204,8.794565784,33.07909286,24.24022125,0.732795828,2.693357917,0.735955807,1.547251164
Track_3375,1143,1143,9,0,0,0,0,0,8,104,112,28.03530651,251.0783684,140.2074524,0,4.067105732,6.45941869,2.208373275,4.254623988,1.430322543,17.24727885,32.53684585,28.03530651,0.861647949,3.504413313,0.861647949,0.847098105
Track_3377,1145,1145,10,1,0,0,0,1,10,104,114,24.53803856,13.34666847,171.9968987,0,3.308901564,6.698822265,0.364619902,3.496515878,2.172206711,12.70020447,32.25504127,24.53803856,0.760750493,2.453803856,0.741576565,0.990969605
Track_3381,1149,1149,16,2,0,0,0,1,17,103,120,31.73970399,82.75007437,205.2701914,0,2.908463805,6.604507535,0.978194125,2.85265874,1.562558886,6.501865149,47.14692779,31.73970399,0.673208319,1.867041411,0.641933865,1.390572544
Track_3385,1153,1153,23,0,0,0,0,0,22,104,126,44.34050383,192.6517874,46.12459029,0,4.533625365,12.08151629,0.596201625,3.269486137,3.146835239,17.31294943,99.73975802,44.34050383,0.444561975,2.015477447,0.444561975,1.443208376
Track_3387,1155,1155,12,1,0,0,0,1,12,104,116,23.24388547,335.8334035,42.83037309,0,2.330097155,4.326876327,0.683014631,2.142889203,1.206814495,32.14425039,26.5911377,23.24388547,0.874121511,1.936990456,0.831291713,0.483199634
Track_3418,1186,1186,12,0,0,0,0,0,11,105,116,30.53797148,55.41230369,64.46063114,0,4.366846176,9.977398153,1.320139698,3.391934122,2.842470808,13.30681769,48.03530794,30.53797148,0.6357401,2.776179226,0.6357401,1.127725361
Track_3419,1187,1187,21,0,0,0,0,0,20,105,125,34.64981136,99.06979282,55.02442884,0,2.777143692,5.113065819,0.88157953,2.981571981,1.355767569,28.7057377,55.54287384,34.64981136,0.623839009,1.732490568,0.623839009,1.223909504
Track_3423,1191,1191,37,1,0,0,0,1,37,105,142,88.50783445,123.377327,94.29110722,0,3.188409487,7.549514211,0.665292212,3.179744986,1.776799141,30.02570915,116.8989169,88.50783445,0.757131347,2.392103634,0.750249817,1.056807953
Track_3426,1194,1194,61,1,0,0,0,1,61,105,166,130.5497832,259.1627076,91.46560785,0,2.877139485,7.341207641,0.295110153,2.568924714,1.428560076,42.9875483,174.2249024,130.5497832,0.749317586,2.140160381,0.743850061,0.915231576
Track_3430,1198,1198,16,1,0,0,0,1,16,103,119,51.72212052,68.84268664,120.1506645,0,4.65404668,10.5990415,0.413504116,4.182160809,2.406716445,18.8136467,74.66933585,51.72212052,0.692682209,3.232632532,0.694585326,1.192121439
Track_3432,1200,1200,16,0,0,0,0,0,15,107,122,38.37099731,106.3468572,109.6747718,0,3.039290456,6.350103692,0.320828683,2.972731171,1.75629319,31.06488693,45.58935684,38.37099731,0.841665686,2.558066487,0.841665686,0.61390627
Track_3434,1202,1202,12,0,0,0,0,0,11,106,117,40.58070544,169.8526408,130.6466079,0,4.004288821,6.253683869,2.142730543,3.705746084,1.437035501,28.40451225,44.04717703,40.58070544,0.921300936,3.68915504,0.921300936,0.582325794
Track_3435,1203,1203,71,2,0,0,0,1,72,108,180,134.3284729,78.34916479,130.0046465,0,2.508301495,6.785329981,0.141821526,2.322358566,1.322489142,40.22146218,178.7036635,136.1219468,0.751682815,1.865673234,0.743799435,0.971393817
Track_3442,1210,1210,28,0,0,0,0,0,27,105,132,54.44391695,174.9385852,181.8409813,0,2.881803592,5.69093113,0.614722728,2.914002171,1.303465675,48.61703086,77.808697,55.77777897,0.699715058,2.016441369,0.699715058,1.205839616
Track_3443,1211,1211,10,0,0,0,0,0,9,107,116,19.3731232,81.4249062,191.7463895,0,3.487855538,6.193338369,0.604080059,4.152452003,2.364954768,22.4797133,31.39069984,19.3731232,0.617161239,2.152569245,0.617161239,1.279704789
Track_3447,1215,1215,12,0,0,0,0,0,11,109,120,20.47935828,82.3015408,130.2818906,0,3.404893323,5.707709511,0.346244147,3.661805994,1.842624249,17.3740509,37.45382656,21.0263938,0.546789478,1.861759843,0.546789478,1.711010508
Track_3448,1216,1216,26,1,0,0,0,1,26,109,135,82.99421466,358.4706998,136.4407913,0,3.647046015,5.755794357,0.396183332,4.019213187,1.531163877,43.7088272,94.39769207,82.99421466,0.879197498,3.192085179,0.875252236,0.591315871
Track_3451,1219,1219,33,1,0,0,0,1,33,109,142,70.14959645,97.72691244,170.4030398,0,3.392786769,7.979904822,1.38830713,3.215753382,1.674491434,30.8970519,111.3159495,70.91746828,0.630184594,2.125745347,0.626548466,1.353361341
Track_3464,1232,1232,9,1,0,0,0,1,9,109,118,19.7880392,151.8335638,97.4067781,0,2.194538006,4.491428506,0.759946943,2.116060897,1.246813687,19.9150051,20.35955943,19.7880392,0.971928655,2.198671022,1.00188332,0.410318647
Track_3467,1235,1235,26,1,0,0,0,1,26,109,135,46.4361106,211.3425647,89.98683735,0,3.852289523,9.446297405,0.422290096,3.556177711,2.303180578,24.08425366,98.25183654,46.4361106,0.472623334,1.786004254,0.463621502,0.900770837
Track_3471,1239,1239,13,1,0,0,0,1,13,112,125,22.51839603,402.9399768,42.79189469,0,2.978357875,5.762699413,0.949928555,2.917302445,1.402677592,11.33385402,39.43365509,22.51839603,0.571045113,1.73218431,0.581590387,1.102564826
Track_3475,1243,1243,29,0,0,0,0,0,28,112,140,47.24931334,308.071953,62.77270466,0,2.536537231,7.163345028,0.107361438,2.180326255,1.641352425,26.50096913,71.02304248,47.24931334,0.665267379,1.687475476,0.665267379,1.266414784
Track_3477,1245,1245,10,0,0,0,0,0,9,110,119,26.82637847,13.85837401,77.92822253,0,3.857578578,8.181566645,1.282404087,3.572705711,1.978245146,11.77526684,34.7182072,26.82637847,0.772689048,2.980708719,0.772689048,0.706116404
Track_3478,1246,1246,9,0,0,0,0,0,8,112,120,23.66793235,218.6871269,92.09481684,0,3.296183449,6.476439881,0.872195174,3.360228061,1.899562538,21.64029042,26.36946759,23.66793235,0.897550634,2.958491543,0.897550634,0.971757189
Track_3483,1251,1251,13,0,0,0,0,0,12,112,124,24.98109008,239.7389175,136.3429104,0,3.57526237,7.344298044,0.34556211,3.596531002,2.226785227,20.85785279,42.90314844,26.20491591,0.582267059,2.081757507,0.582267059,1.203835705
Track_3489,1257,1257,17,2,0,0,0,1,18,107,125,32.41373765,411.1713023,210.1815895,0,2.502758553,5.065706474,0.61639048,2.163313013,1.277002023,13.75804492,45.01411897,32.41373765,0.720079353,1.800763203,0.719511357,1.089109548
Track_3508,1276,1276,42,1,0,0,0,1,42,110,152,69.52736496,135.9259332,157.9491262,0,2.773254987,10.64681197,0.13615354,2.374238273,2.131449891,27.60764343,116.312411,69.52736496,0.597763939,1.655413451,0.596920752,1.193073137
Track_3510,1278,1278,14,2,0,0,0,1,15,111,126,48.96120076,276.2267675,187.5912293,0,3.68010847,6.398021414,0.933248912,3.565305806,1.734439301,21.46144036,58.82793061,48.96120076,0.832278142,3.264080051,0.886952131,0.612353303
Track_3512,1280,1280,17,1,0,0,0,1,17,113,130,28.2378312,79.12596458,87.74714237,0,3.557000439,8.984514223,0.948716373,2.711587999,2.661879711,25.56716291,58.0074936,32.84791647,0.486796264,1.661048894,0.466980233,1.409244106
Track_3513,1281,1281,13,1,0,0,0,1,13,113,126,46.64223233,212.7373171,119.5358752,0,4.157879809,13.21945416,2.233569266,3.478488537,3.005073433,9.61563092,54.80674562,46.64223233,0.851030869,3.587864025,0.862907104,0.807126196
Track_3517,1285,1285,21,0,0,0,0,0,20,114,134,39.19651314,104.3299241,144.5898116,0,2.844010519,5.344288547,1.0490732,2.857778392,1.084672748,20.03981365,56.88021037,39.19651314,0.689106332,1.959825657,0.689106332,0.991684051
Track_3519,1287,1287,10,0,0,0,0,0,9,113,122,19.58078951,283.2557827,167.2920662,0,2.852350949,5.268986996,1.158334952,2.074385885,1.407825484,22.60399508,25.67115855,19.93813442,0.762754415,2.175643279,0.762754415,1.110919487
Track_3521,1289,1289,19,0,0,0,0,0,18,114,132,39.23094578,26.88010345,169.7795858,0,3.677122888,7.406052211,0.516255167,3.368853984,2.063197272,24.36632545,66.18821198,39.23094578,0.592718017,2.179496988,0.592718017,1.102799072
Track_3522,1290,1290,23,0,0,0,0,0,22,114,136,37.03144367,165.4172127,176.957844,0,2.335318556,4.517484449,0.511408116,2.204720242,1.057324691,44.68843215,51.37700824,37.03144367,0.720778514,1.68324744,0.720778514,1.236814539
Track_3525,1293,1293,32,1,0,0,0,1,32,114,146,33.62253453,406.749666,194.296732,0,2.277389285,4.786975791,0.280831488,2.201680231,1.25800357,38.86272818,72.14452939,34.8209723,0.466044131,1.050704204,0.461363462,1.438652874
Track_3529,1297,1297,13,1,0,0,0,1,13,114,127,26.31363395,14.20565899,71.51663615,0,3.839850702,11.17950448,1.191993304,3.38409637,2.551731583,19.82676081,50.36246879,26.31363395,0.522484989,2.024125689,0.52713656,0.807543483
Track_3530,1298,1298,27,0,0,0,0,0,26,113,139,34.11574772,35.07164295,64.20519777,0,3.137192528,9.277893438,0.863073821,3.118837033,1.757088577,23.11143178,81.56700574,38.13898449,0.418254261,1.312144143,0.418254261,1.343587524
Track_3531,1299,1299,20,0,0,0,0,0,19,113,132,34.55268197,122.0805541,59.04260215,0,3.32545277,6.602591007,0.800047394,3.260656473,1.756884199,26.55503247,63.18360262,34.55268197,0.546861536,1.818562209,0.546861536,1.241722274
Track_3532,1300,1300,33,0,0,0,0,0,32,114,146,56.23315142,196.1437512,54.68065523,0,2.919399522,10.69844027,0.834602339,2.455214496,2.067683221,28.95689587,93.4207847,58.75503594,0.601934051,1.757285982,0.601934051,1.341582939
Track_3549,1317,1317,47,1,0,0,0,1,47,118,165,54.07984656,160.3795946,189.9865977,0,2.539364041,5.60282925,0.379164447,2.662048501,1.11413465,45.88923113,118.3238992,54.07984656,0.457049226,1.150635033,0.453119369,1.291070797
Track_3551,1319,1319,22,2,0,0,0,1,23,118,141,35.74767974,79.20529128,191.1477702,0,3.341644503,5.593511823,0.104865205,3.675247296,1.566659549,13.82820942,78.97996537,38.28572729,0.45261706,1.554246945,0.46511439,1.459691048
Track_3563,1331,1331,36,1,0,0,0,1,36,119,155,34.50905592,172.3645144,41.09254633,0,2.284493304,7.886683769,0.409043414,2.114745518,1.584758056,36.77487013,86.00587386,34.50905592,0.401240687,0.958584887,0.419605032,1.37080641
Track_3565,1333,1333,8,1,0,0,0,1,8,113,121,19.24811817,95.16496776,54.35372346,0,4.153514004,10.67574788,0.71421198,2.423145106,3.532668843,9.213497639,29.78881001,19.50467065,0.646152638,2.406014772,0.579272098,1.306446188
Track_3566,1334,1334,17,0,0,0,0,0,16,117,133,32.85140413,213.7007894,57.84322103,0,3.174396355,7.277462637,0.863775929,2.746601996,1.681940891,20.28641499,50.79034168,32.85140413,0.646804157,2.053212758,0.646804157,1.096848058
Track_3567,1335,1335,15,0,0,0,0,0,14,115,129,28.72135195,314.4906375,62.76571251,0,3.29748304,6.90766797,0.685099029,3.64034305,1.560145137,26.11411804,46.16476257,28.72135195,0.622148807,2.051525139,0.622148807,0.998322101
Track_3569,1337,1337,29,4,0,0,0,1,32,116,148,38.59040099,30.05857202,67.80338356,0,2.835986302,4.992044933,0.454860442,2.91983393,1.3717549,15.90582958,90.09691702,38.59040099,0.428320993,1.205950031,0.425231261,1.044528704
Track_3572,1340,1340,9,2,0,0,0,1,10,117,127,22.14343229,311.2822743,78.41503109,0,3.22416763,4.756070013,1.494938527,3.289366697,1.061467554,19.04388067,32.7207018,22.95871898,0.67674075,2.214343229,0.686795317,1.03694601
Track_3574,1342,1342,25,1,0,0,0,1,25,115,140,35.8277477,17.57104431,84.63190806,0,2.939337139,6.072635552,0.080009006,2.940944143,1.585086912,23.00051092,75.6401857,37.42406943,0.473660229,1.433109908,0.487562277,1.638282353
Track_3576,1344,1344,9,0,0,0,0,0,8,115,123,18.5975041,448.1080049,106.9040096,0,2.402561958,6.20138163,0,2.009673304,2.180419168,44.34278403,19.22049566,18.5975041,0.967587123,2.324688012,0.967587123,0.213809416
Track_3579,1347,1347,13,0,0,0,0,0,12,115,127,21.52837,283.6160565,127.9756864,0,2.981775514,4.494964013,1.005249798,3.513335602,1.234329111,31.53211762,35.78130616,23.04991764,0.601665291,1.794030833,0.601665291,1.113010327
Track_3583,1351,1351,29,0,0,0,0,0,28,118,146,33.50108272,153.5190309,153.0663659,0,2.952005355,7.108929486,0.798670166,2.464315046,1.509579929,34.73532805,82.65614993,34.80826784,0.405306595,1.19646724,0.405306595,1.406984238
Track_3584,1352,1352,12,0,0,0,0,0,11,116,127,21.78257715,173.8673269,155.4454301,0,3.137703002,5.158214763,1.685743231,3.115272095,0.99559648,31.43575652,34.51473302,21.78257715,0.631109536,1.980234287,0.631109536,1.014598688
Track_3586,1354,1354,9,1,0,0,0,1,9,115,124,26.17243086,441.7626362,161.8038851,0,3.526906661,5.463397754,1.814966395,3.742458924,1.386984162,9.148217943,31.95771221,26.17243086,0.818970729,2.908047874,0.824532133,0.631319907
Track_3588,1356,1356,21,0,0,0,0,0,20,116,136,29.66413874,317.9231141,156.4030293,0,2.426322682,4.193525752,0.415605949,2.50654482,1.237442425,37.7616415,48.52645364,29.66413874,0.611298303,1.483206937,0.611298303,1.38967914
Track_3589,1357,1357,10,0,0,0,0,0,9,115,124,23.23421057,171.7991518,169.2806723,0,3.028321487,6.153082881,0.452072883,3.195050989,1.994651957,18.96008382,27.25489338,23.23421057,0.852478498,2.581578953,0.852478498,0.790745124
Track_3590,1358,1358,11,0,0,0,0,0,10,116,126,27.27213907,12.94878703,169.5858462,0,3.569090854,6.422006851,1.419335735,3.212762746,1.751435779,5.897771445,35.69090854,27.27213907,0.764120057,2.727213907,0.764120057,1.272626748
Track_3591,1359,1359,12,0,0,0,0,0,11,118,129,19.69191388,316.5783643,181.3643453,0,3.640612342,8.878522199,0.986162068,3.313545803,2.201979208,17.67167425,40.04673576,19.69191388,0.49172332,1.790173989,0.49172332,1.209704137
Track_3592,1360,1360,20,2,0,0,0,1,21,118,139,41.4969826,200.5686152,174.1859582,0,2.794702909,6.09050772,0.857069646,2.253550698,1.584645425,18.09107203,56.54959352,42.57478429,0.733815754,1.97604679,0.707068642,0.958240246
Track_3593,1361,1361,19,1,0,0,0,1,19,115,134,40.41843754,412.0309256,187.269961,0,4.055688589,10.09015629,0.557798901,3.509708703,2.738858494,12.39207923,77.74136106,41.66348418,0.519909055,2.127286186,0.524519114,1.303682275
Track_3594,1362,1362,20,1,0,0,0,1,20,115,135,37.00040333,32.72737536,181.3757568,0,2.885766424,5.471852166,0.646988628,2.836529346,1.372350777,26.32656786,57.82750149,37.00040333,0.639840947,1.850020166,0.641084514,1.062976173
Track_3595,1363,1363,25,0,0,0,0,0,24,117,141,33.88627312,161.7964197,185.4902542,0,2.688122908,5.977901526,0.38162725,2.525572747,1.464545569,26.39077595,64.51494979,33.88627312,0.525246834,1.411928047,0.525246834,1.23944653
Track_3600,1368,1368,15,0,0,0,0,0,14,122,136,18.85978368,186.4870269,37.71112309,0,2.19684517,3.700403027,0.041075596,2.57882785,1.076165964,34.33756962,30.75583237,18.85978368,0.61320999,1.347127405,0.61320999,1.217143711
Track_3605,1373,1373,46,0,0,0,0,0,45,122,167,62.48963029,76.83508515,71.7055,0,2.655622767,8.038041715,0.208613811,2.524089368,1.571881031,29.91212697,119.5030245,62.48963029,0.522912542,1.388658451,0.522912542,1.361828099
Track_3608,1376,1376,13,0,0,0,0,0,12,120,132,27.31486291,14.03479157,104.8505951,0,3.03872112,5.011905433,0.952412271,2.907549908,1.208809319,29.6469161,36.46465344,27.31486291,0.749077815,2.276238576,0.749077815,0.985130759
Track_3610,1378,1378,33,0,0,0,0,0,32,121,153,43.86020141,233.1928012,107.6575578,0,2.86314231,6.334251231,0.338337591,2.703864815,1.45487452,26.39224864,91.62055393,43.86020141,0.478715742,1.370631294,0.478715742,1.599217058
Track_3616,1384,1384,22,1,0,0,0,1,22,118,140,23.99472684,88.2986591,163.8742472,0,2.032716943,3.985295232,0.504395335,1.999685399,0.981733669,34.56109699,43.94984959,23.99472684,0.545956973,1.090669402,0.536557441,0.997660949
Track_3617,1385,1385,16,0,0,0,0,0,15,121,136,22.9794084,170.5395213,157.5589642,0,2.592951503,4.806535714,0.413604194,2.260534784,1.27609249,29.51780215,38.89427255,22.9794084,0.590817282,1.53196056,0.590817282,1.474896605
Track_3625,1393,1393,26,1,0,0,0,1,26,121,147,21.79640061,255.1529654,200.3966084,0,1.885952165,4.6538783,0.504911082,1.721809565,0.979089401,28.37628621,49.48588581,21.79640061,0.440456915,0.8383231,0.444509206,1.347659204
Track_3628,1396,1396,12,1,0,0,0,1,12,124,136,21.66232492,117.9212195,171.4699428,0,3.795504139,9.347788855,0.651665327,3.377398562,2.801738433,16.34438173,43.39361128,21.66232492,0.499205396,1.805193743,0.475613694,1.213315863
Track_3638,1406,1406,40,0,0,0,0,0,39,124,163,46.29561172,22.51890736,87.59398799,0,2.11452357,5.041264519,0,1.921851311,1.190854521,49.86626208,82.46641924,47.38932844,0.561387437,1.187066967,0.561387437,1.163247387
Track_3642,1410,1410,10,1,0,0,0,1,10,124,134,20.44716927,285.046624,114.3532319,0,2.461041672,4.616354003,0.365504942,2.601569328,1.260960332,6.285008574,23.83010233,20.44716927,0.858039508,2.044716927,0.830833931,1.024981336
Track_3643,1411,1411,14,0,0,0,0,0,13,124,137,23.18370597,89.28228496,112.7053502,0,2.862858978,6.917508831,0.729463538,2.786340935,1.554028702,28.75741516,37.21716672,23.18370597,0.622930438,1.783361998,0.622930438,1.310271768
Track_3647,1415,1415,18,0,0,0,0,0,17,123,140,36.2713786,369.9222649,146.7824761,0,3.738486892,6.538816371,0.537237227,4.02775452,1.71786382,27.31029865,63.55427716,36.2713786,0.570714989,2.133610506,0.570714989,1.038514829
Track_3654,1422,1422,20,2,0,0,0,1,21,125,146,34.71790434,14.28538609,101.9712181,0,3.315919338,6.519751623,1.358976684,3.004321881,1.427164302,11.49638212,71.23603884,34.71790434,0.48736433,1.65323354,0.498574715,1.273841177
Track_3656,1424,1424,61,1,0,0,0,1,61,125,186,71.71687469,36.72133758,117.670279,0,2.307892684,8.707066646,0.171800324,2.07885709,1.430835059,32.00306459,140.1298816,71.71687469,0.511788591,1.17568647,0.509419904,1.332507904
Track_3695,1463,1463,36,1,0,0,0,1,36,128,164,36.59059599,190.8886954,100.522534,0,2.344591107,4.155398822,0.569539229,2.172003648,0.943917268,34.08202533,84.22537673,36.59059599,0.434436715,1.016405444,0.433510748,1.297742856
Track_3702,1470,1470,11,0,0,0,0,0,10,128,138,24.88284478,290.6440295,191.411433,0,3.678248577,6.843797641,2.042437276,3.470872507,1.61583633,11.51437074,36.78248577,24.88284478,0.67648622,2.488284478,0.67648622,1.158456137
Track_3704,1472,1472,26,2,0,0,0,1,27,128,155,39.60821407,124.9410235,192.0360273,0,3.469712692,12.18497104,1.120472495,2.774442191,2.397484365,17.51087763,90.8237768,40.99365564,0.436099615,1.466970891,0.422793188,1.397433086
Track_3714,1482,1482,20,1,0,0,0,1,20,129,149,30.48834099,311.7239832,168.0386355,0,2.894276112,5.736278376,0.688033166,2.678809541,1.568950735,32.24170814,56.24023247,30.48834099,0.542109085,1.52441705,0.526700629,1.178556754
Track_3717,1485,1485,17,1,0,0,0,1,17,129,146,22.13833124,306.3963814,34.83334765,0,2.730701365,4.918591183,0.326362589,3.007146122,1.418005725,14.03689247,48.00891751,23.85448979,0.461129565,1.302254779,0.476893884,1.635270044
Track_3733,1501,1501,10,1,0,0,0,1,10,131,141,18.54953734,373.5495081,31.34871573,0,2.575263239,4.295579616,0.418179382,2.205356167,1.29171711,7.751781368,24.70564791,20.39488306,0.750821732,1.854953734,0.720296747,0.835802375
Track_3742,1510,1510,19,1,0,0,0,1,19,137,156,35.89969487,250.3848313,52.10165347,0,3.954627497,7.584144822,0.778561166,4.133057063,1.792143981,14.42295315,73.8329554,35.89969487,0.486228604,1.889457625,0.47778397,1.549105516
Track_3747,1515,1515,18,0,0,0,0,0,17,134,151,18.64448006,50.4111602,73.69514768,0,2.472455726,5.055601431,0.168649078,2.138505418,1.506614947,25.20363937,42.03174734,18.64448006,0.443580894,1.096734121,0.443580894,1.494040627
Track_3748,1516,1516,17,1,0,0,0,1,17,133,150,21.16956314,7.654909312,76.59629637,0,2.770080295,5.654950909,0.540615228,2.32508125,1.559037239,31.78986695,49.97623563,21.16956314,0.423592591,1.24526842,0.449542355,1.682229388
Track_3750,1518,1518,13,0,0,0,0,0,12,136,148,22.75990399,195.0081071,70.60568664,0,3.831932677,6.81024609,0.526366412,3.928842923,2.003287125,6.3019367,45.98319213,22.75990399,0.494961375,1.896658666,0.494961375,1.361740242
Track_3754,1522,1522,12,0,0,0,0,0,11,133,144,20.38362003,106.2471026,92.62491377,0,3.499135923,5.506893901,1.198668178,3.62615232,1.570744369,22.58289079,38.49049515,20.38362003,0.529575417,1.853056367,0.529575417,1.996131383
Track_3757,1525,1525,15,1,0,0,0,1,15,135,150,25.99774477,247.422229,99.64964253,0,3.037243582,6.026732213,1.211919116,2.821453073,1.303675073,21.606692,46.7232567,25.99774477,0.556419792,1.733182984,0.570643394,1.28260965
Track_3763,1531,1531,14,0,0,0,0,0,13,136,149,18.7584331,325.9144264,101.7281542,0,2.890169576,6.283113112,0.47093782,2.868376045,1.78870099,8.425858123,37.57220449,20.90821647,0.499263574,1.442956392,0.499263574,1.584876393
Track_3764,1532,1532,21,1,0,0,0,1,21,130,151,29.69758724,429.6691289,116.4635149,0,2.648521758,5.684645672,0.377473604,2.373519218,1.278201772,25.05977517,54.84918994,29.69758724,0.541440763,1.414170821,0.533947217,1.317708026
Track_3768,1536,1536,17,0,0,0,0,0,16,137,153,25.88518621,51.61667739,120.0849256,0,2.694422993,4.879448956,0.088524039,2.451653282,1.269935045,26.10054852,43.11076789,25.88518621,0.600434357,1.617824138,0.600434357,1.419352855
Track_3770,1538,1538,33,1,0,0,0,1,33,135,168,36.85462635,68.69280092,123.7193236,0,2.098290749,6.529935206,0.465232284,1.891539603,1.351918534,34.05713359,69.62828967,41.05954977,0.529305352,1.116806859,0.532246001,1.407636867
Track_3777,1545,1545,24,1,0,0,0,1,24,136,160,34.72770642,209.5240308,163.7839824,0,2.956971492,6.635773246,0.344685834,2.791343467,1.695811389,28.44457356,68.94036226,35.16994125,0.503735479,1.446987767,0.489347892,1.210350386
Track_3781,1549,1549,15,1,0,0,0,1,15,133,148,25.86481477,317.1779428,174.1607947,0,2.732499797,5.767005586,0.231243846,2.944386985,1.331758397,36.94013596,41.32276631,25.86481477,0.625921667,1.724320985,0.631041578,1.296297202
Track_3784,1552,1552,12,0,0,0,0,0,11,136,147,21.7526164,310.5485817,186.7579126,0,2.464378247,6.674866873,0.174739704,1.310352385,2.238434154,22.73025997,27.10816072,21.7526164,0.802437931,1.977510582,0.802437931,0.683674618
Track_3788,1556,1556,16,0,0,0,0,0,15,130,145,22.20850771,89.35502659,189.8493336,0,3.246381401,6.211102587,0.748860566,3.27500197,1.95828811,15.72841385,48.69572102,22.20850771,0.456066924,1.480567181,0.456066924,1.851988634
Track_3793,1561,1561,12,0,0,0,0,0,11,132,143,20.37954778,149.587453,201.3086887,0,2.449581993,3.154694733,0.687081866,2.408931742,0.703091685,17.95343598,26.94540193,20.37954778,0.756327474,1.852686162,0.756327474,1.086302701
Track_3822,1590,1590,36,1,0,0,0,1,36,139,175,65.48681978,128.5870168,167.642298,0,2.688094921,4.4952723,1.14720197,2.528951627,0.82150636,32.5920545,95.93897044,65.48681978,0.682588311,1.819078327,0.676716552,1.120562306
Track_3839,1607,1607,15,0,0,0,0,0,14,138,152,32.6577502,164.243681,58.83313586,0,4.928967633,13.10695357,1.002991342,4.125292773,3.644839661,14.93760773,69.00554686,41.6693386,0.473262682,2.332696443,0.473262682,0.970391069
Track_3842,1610,1610,12,1,0,0,0,1,12,139,151,18.95913091,409.3191803,146.8457992,0,2.657887905,7.019683299,0.77192229,2.440265533,1.752517666,11.43118044,31.43632468,18.95913091,0.603096294,1.579927576,0.594429725,1.657780001
Track_3844,1612,1612,16,1,0,0,0,1,16,138,154,42.12203453,181.5181975,145.1057984,0,3.183370803,5.280767166,0.385295418,3.543095075,1.507073313,8.930027187,53.03132921,42.12203453,0.794285852,2.632627158,0.826993562,0.962863298
Track_3845,1613,1613,38,2,0,0,0,1,39,138,177,47.27133481,150.9841764,141.6212373,0,2.177559056,6.763984563,0.566624854,2.166980241,1.239739007,35.80052373,86.07208661,47.27133481,0.54920633,1.212085508,0.55662578,1.600411372
Track_3852,1620,1620,12,2,0,0,0,1,13,138,151,25.40344363,225.3286568,82.41462725,0,3.463546821,11.59670928,0.640684161,2.331362622,3.108419605,16.73998519,45.06761804,25.40344363,0.56367398,1.954111049,0.564193628,1.300629207
Track_3854,1622,1622,63,4,0,0,0,1,66,133,199,77.29937611,32.59680913,97.22743158,0,2.637185839,9.272745257,0.514989253,2.411939356,1.532003718,21.87947754,174.1033094,78.81881747,0.443985679,1.171202668,0.444110783,1.388113482
Track_3861,1629,1629,12,2,0,0,0,1,13,138,151,23.01049759,129.6315208,81.26577701,0,3.834138274,7.480067449,1.245034581,3.262932399,1.706164885,21.82179594,46.65984575,23.01049759,0.493154172,1.770038276,0.461652176,0.836640029
Track_3912,1680,1680,17,1,0,0,0,1,17,143,160,30.36054265,420.981306,96.35031185,0,3.175156582,6.583653763,0.224069269,2.695528629,1.720199698,10.47603327,53.03144566,30.36054265,0.572500755,1.785914274,0.562464946,1.227055407
Track_3919,1687,1687,10,0,0,0,0,0,9,147,156,22.08826664,18.39094507,117.7300539,0,3.876841812,12.05088825,1.55310037,2.993760666,3.191946027,7.940521622,34.89157631,22.08826664,0.633054421,2.454251849,0.633054421,1.120743295
Track_3924,1692,1692,28,1,0,0,0,1,28,144,172,39.59921697,29.50820962,106.2607226,0,3.455436184,10.59158736,0.519509332,3.369390056,2.269960548,22.69464277,94.56349305,39.59921697,0.418757976,1.414257749,0.40928487,1.861618839
Track_3925,1693,1693,18,0,0,0,0,0,17,143,160,34.40162633,240.2368602,139.5261429,0,2.558565634,7.40493895,0.384898194,2.032636408,1.888606704,39.84548855,43.49561578,34.40162633,0.790921699,2.023625078,0.790921699,1.044702263
Track_3926,1694,1694,15,2,0,0,0,1,16,141,157,29.27839977,345.8029306,136.038951,0,3.665505342,6.766738861,1.009621585,3.342209678,1.674435505,10.1231897,57.51158351,29.27839977,0.509087004,1.829899985,0.499221748,1.241084089
Track_3927,1695,1695,32,0,0,0,0,0,31,141,172,39.16175268,121.6982791,140.731501,0,2.725996281,5.990431481,0.339657279,2.535127731,1.522432431,34.80019987,84.50588472,39.16175268,0.463420421,1.263282345,0.463420421,1.543325172
Track_3929,1697,1697,14,0,0,0,0,0,13,146,159,25.68513146,31.33464578,146.628912,0,3.172739757,5.789995741,0.531348512,3.033809384,1.407374981,32.71521711,41.24561684,25.68513146,0.622736025,1.975779343,0.622736025,1.554126631
Track_3935,1703,1703,38,2,0,0,0,1,39,144,183,44.58493812,277.4313943,182.9953786,0,2.764134367,6.2016989,0.644897747,2.414251535,1.486228023,32.23247686,107.9099539,44.58493812,0.413167984,1.143203541,0.413584649,1.450981883
Track_3936,1704,1704,12,1,0,0,0,1,12,144,156,18.50895506,238.2517699,189.1109592,0,3.353440021,6.268009701,1.795696005,3.188027475,1.38555148,28.07719215,39.22242704,18.50895506,0.47189724,1.542412922,0.459949459,1.381913481
Track_3964,1732,1732,25,3,0,0,0,1,27,146,173,50.41183703,235.3197501,35.08352275,0,2.488401254,5.965012234,0.723848386,2.186091813,1.236029647,28.92674101,71.19565592,50.93633671,0.70807462,1.867105075,0.750323153,1.017502251
Track_3974,1742,1742,22,1,0,0,0,1,22,150,172,36.80876631,417.2847935,138.9684142,0,2.730677329,6.994925261,0.352795492,2.421288869,1.614599369,25.46193129,59.67098833,37.66942323,0.616862019,1.673125742,0.612714554,1.176752821
Track_3981,1749,1749,14,1,0,0,0,1,14,150,164,25.72792754,91.36184468,163.2633374,0,3.755185568,12.44297772,0.514478461,2.967120963,3.124196334,22.60589702,51.58404797,26.16549724,0.498757437,1.83770911,0.48937904,1.226343361
Track_3982,1750,1750,20,0,0,0,0,0,19,149,168,28.75285232,175.196491,171.2563831,0,3.09413706,5.71542317,1.615841879,2.371563671,1.378167874,24.71257956,58.78860414,28.75285232,0.489088876,1.513308017,0.489088876,1.093750009
Track_3991,1759,1759,17,3,0,0,0,1,19,152,171,31.23419954,83.65355922,38.65638629,0,2.430154572,5.005619942,0.969996891,2.269139205,1.154113574,20.89855256,48.19086399,31.23419954,0.648135289,1.643905239,0.676461184,1.09827485
Track_3992,1760,1760,26,2,0,0,0,1,27,152,179,36.34226468,137.5911215,34.65168502,0,2.761492501,6.948319402,0.591942112,2.485951152,1.739873486,14.80383046,75.37712884,36.34226468,0.482139148,1.346009803,0.487421133,1.074986236
Track_4002,1770,1770,10,0,0,0,0,0,9,153,162,19.1967695,36.90070802,69.29108089,0,3.303427742,6.445738556,0.864409341,2.583922381,1.962040854,33.40597687,29.73084968,19.1967695,0.645685196,2.132974389,0.645685196,1.389123479
Track_4011,1779,1779,16,0,0,0,0,0,15,153,168,21.2548419,221.1891231,138.6332555,0,3.316308075,6.654710635,1.716372457,3.329238226,1.556514703,22.42022842,49.74462113,24.83510109,0.4272792,1.41698946,0.4272792,1.172351467
Track_4015,1783,1783,25,0,0,0,0,0,24,151,175,37.14062467,149.2380395,163.2831407,0,2.470021251,4.361853765,0.562616105,2.702307336,1.071446172,25.97714043,59.28051003,37.14062467,0.626523366,1.547526028,0.626523366,1.458444451
Track_4037,1805,1805,15,1,0,0,0,1,15,154,169,25.72475795,357.2551164,118.5484006,0,3.025942074,6.348182937,0.300149675,2.73699431,1.88621482,9.785890484,44.50315087,25.72475795,0.578043519,1.714983863,0.566760309,1.006837675
Track_4059,1827,1827,14,0,0,0,0,0,13,156,169,23.78370129,271.3974689,119.2274817,0,3.537140465,9.35763464,0.291238652,3.184927665,2.171439166,23.47004741,45.98282604,23.78370129,0.517230091,1.829515484,0.517230091,1.386731728
Track_4070,1838,1838,24,1,0,0,0,1,24,156,180,32.32994139,168.8618268,35.45717212,0,2.81450267,8.116102641,0.92171442,2.088874473,1.679505522,19.75063427,66.41588135,32.93164307,0.486780281,1.347080891,0.478621287,1.172706151
Track_4075,1843,1843,20,4,0,0,0,1,23,156,179,38.87679505,422.8796987,64.82024944,0,2.661208294,5.990833574,0.682991474,2.866984945,1.50783424,12.41840088,58.95734934,39.51461591,0.659405409,1.690295437,0.635160893,0.914200249
Track_4078,1846,1846,12,0,0,0,0,0,11,156,167,22.37354849,149.3493944,60.14053995,0,2.949201407,4.474375395,0.782825121,3.100532391,1.166262713,29.47055097,32.44121548,22.37354849,0.68966431,2.033958953,0.68966431,1.179223983
Track_4082,1850,1850,39,2,0,0,0,1,40,156,196,46.2976159,268.8832099,75.53412337,0,2.707818504,5.859268461,0.395343357,2.569216005,1.184399194,31.83713373,112.3066562,54.96648852,0.412242849,1.157440397,0.427443861,1.374936926
Track_4085,1853,1853,20,0,0,0,0,0,19,155,174,24.3632931,65.7530642,79.29681029,0,2.697708343,6.010166968,0.054708727,2.383184382,1.592811824,29.31938303,51.25645852,24.3632931,0.475321429,1.282278584,0.475321429,1.65146324
Track_4109,1877,1877,24,2,0,0,0,1,25,158,183,29.09238371,392.2785123,53.7007196,0,2.476828228,5.319987889,0.121437098,2.398151268,1.210108981,13.5732549,64.64990311,29.09238371,0.449998876,1.163695349,0.469832884,1.191442509
Track_4111,1879,1879,14,0,0,0,0,0,13,157,170,24.67758314,256.9059493,46.51482635,0,2.674164409,5.459229413,0.327431872,2.869246941,1.541959452,33.9866551,34.76413732,25.82704948,0.709857487,1.898275626,0.709857487,1.398188442
Track_4114,1882,1882,8,1,0,0,0,1,8,158,166,21.27326693,180.7200991,56.97443674,0,3.563918334,6.289356829,0.851242794,3.076096082,1.892127049,10.96328545,28.02352442,21.27326693,0.759121751,2.659158367,0.746133361,0.973269287
Track_4121,1889,1889,40,1,0,0,0,1,40,159,199,56.68362529,51.70529857,136.606098,0,2.557664121,12.03492679,0.378812479,2.48109703,1.988899856,33.3752807,101.7000827,57.73648467,0.557360661,1.417090632,0.554056579,1.366373221
Track_4124,1892,1892,38,1,0,0,0,1,38,159,197,66.38425343,422.161926,183.9476268,0,2.789476919,6.080237236,0.379055207,2.622847669,1.344122084,30.56802275,104.1473374,67.3950314,0.637407111,1.746954038,0.626265816,1.201825748
Track_4127,1895,1895,16,2,0,0,0,1,17,157,174,30.46482132,42.5910398,183.1527845,0,2.779201152,6.387944553,0.24179267,3.073332115,1.531201862,23.7420314,47.24663984,30.46482132,0.644803978,1.792048313,0.644806984,0.804777039
Track_4135,1903,1903,21,1,0,0,0,1,21,162,183,24.21761875,162.0157877,123.282435,0,2.763149906,5.667757519,0.344484653,2.905527122,1.57274852,16.39027505,59.42295086,24.21761875,0.407546552,1.15321994,0.417356995,1.111351838
Track_4136,1904,1904,37,1,0,0,0,1,37,162,199,54.24792501,209.0282821,143.0503144,0,2.553725708,4.385187782,0.42153633,2.66107706,1.202595525,29.11889986,92.79448331,55.60802195,0.58460291,1.466160135,0.574125925,1.265789255
Track_4139,1907,1907,22,1,0,0,0,1,22,160,182,37.73432121,275.2092262,133.5162929,0,3.205382096,7.614247515,0.014883903,2.613727249,1.898181047,21.61037549,70.83521379,37.73432121,0.532705687,1.715196419,0.535098895,1.647390978
Track_4140,1908,1908,22,0,0,0,0,0,21,163,184,20.09701168,10.27034958,130.8394252,0,2.33141813,4.365619986,0.596364176,2.045310632,1.13799437,24.67047594,48.95978072,21.90293688,0.410480018,0.957000556,0.410480018,1.532135263
Track_4166,1934,1934,16,0,0,0,0,0,15,161,176,30.96423711,214.2000942,67.7817357,0,2.619215395,4.516099972,0.795299778,2.723512949,1.151902454,28.25631249,39.28823092,30.96423711,0.788130094,2.064282474,0.788130094,0.641490241
Track_4173,1941,1941,36,0,0,0,0,0,35,160,195,36.59010496,218.6525607,78.0725484,0,2.435016949,9.921611726,0.397523223,2.12198026,1.710251672,35.85308513,85.22559322,40.53709918,0.429332359,1.04543157,0.429332359,1.145542632
Track_4183,1951,1951,36,0,0,0,0,0,35,164,199,44.7610247,119.5142339,109.9136641,0,2.423053783,5.018929648,0.426278966,2.223203164,1.256070552,40.4901397,84.80688241,44.7610247,0.527799436,1.27888642,0.527799436,1.115769038
Track_4202,1970,1970,22,0,0,0,0,0,21,167,188,23.47119131,134.7880752,54.80034889,0,2.023485916,6.323159477,0.116707528,1.872851216,1.408818324,42.67404988,42.49320423,23.47119131,0.552351646,1.117675777,0.552351646,1.861738058
Track_4209,1977,1977,11,0,0,0,0,0,10,166,176,26.88306076,106.9116818,80.16079238,0,4.334029945,9.579462687,2.173347035,3.369638936,2.499971337,9.908645456,43.34029945,26.88306076,0.620278611,2.688306076,0.620278611,1.278015204
Track_4210,1978,1978,19,1,0,0,0,1,19,167,186,36.32571555,81.31845864,105.0322627,0,3.758933482,11.01085426,1.455259614,3.557175656,2.348777259,22.77684397,70.80389364,36.32571555,0.513046863,1.911879766,0.508622931,1.177341126
Track_4227,1995,1995,17,3,0,0,0,1,19,165,184,25.43093344,122.8184336,182.199136,0,2.600189834,5.661870125,0.299905827,2.479359625,1.303507683,9.610293809,51.51861002,27.55756026,0.493626156,1.338470181,0.514758639,1.334992686
Track_4233,2001,2001,10,2,0,0,0,1,11,165,176,20.53811478,50.31106599,196.3035474,0,4.289885373,8.569315015,2.336781821,3.580260857,2.088318838,8.128764343,44.34097467,22.85426508,0.463185912,1.867101344,0.435233388,1.248818568
Track_4245,2013,2013,10,1,0,0,0,1,10,165,175,28.68161671,12.78071985,155.8946592,0,3.616059089,6.745116716,1.830498912,3.285415137,1.580617577,22.5839952,34.95001996,28.68161671,0.820646647,2.868161671,0.793173341,1.089639964
Track_4254,2022,2022,16,1,0,0,0,1,16,168,184,18.97446688,354.8986973,139.568259,0,2.465087967,4.175088378,1.020896941,2.370834163,0.859670104,18.25720659,39.98140524,19.09870574,0.474582291,1.18590418,0.481079863,1.190231325
Track_4269,2037,2037,15,1,0,0,0,1,15,170,185,25.92085338,157.7506463,135.5619027,0,3.809279352,10.40724692,0.340305308,4.008243383,2.741379426,19.53740765,53.67021624,33.70740088,0.482965324,1.728056892,0.453644044,0.928391647
Track_4270,2038,2038,14,1,0,0,0,1,14,170,184,21.59121775,40.54559507,118.0217087,0,2.483870641,3.958338017,0.917619693,2.593840872,0.930763028,22.50907997,34.78241144,21.59121775,0.62075103,1.542229839,0.620897809,0.933298467
Track_4297,2065,2065,16,2,0,0,0,1,17,171,188,21.40066779,159.6640464,121.2325779,0,2.946606487,7.306971528,0.608693919,2.520281648,1.683656691,21.12764165,50.0817517,21.7521659,0.427314682,1.258862811,0.427224611,1.48420234
Track_4306,2074,2074,29,0,0,0,0,0,28,171,199,37.74036229,28.93451928,148.3998758,0,2.38573709,4.88529594,0.501046522,2.213466049,1.141233301,33.13551304,66.80063852,38.57943309,0.564970083,1.347870082,0.564970083,1.374209266
Track_4309,2077,2077,20,0,0,0,0,0,19,171,190,18.70007348,147.4182298,164.3427056,0,2.420256404,6.156662221,0.291937191,2.832823059,1.457408214,33.74132929,45.98487167,18.70007348,0.406657076,0.984214393,0.406657076,1.669287011
Track_4314,2082,2082,26,1,0,0,0,1,26,172,198,23.81055336,91.26964634,187.1448443,0,2.128409551,3.998820779,0.424164828,2.159782634,1.098975192,43.87277757,55.58021389,23.81055336,0.428399815,0.915790514,0.430269876,1.232177852
Track_4318,2086,2086,20,1,0,0,0,1,20,175,195,22.70779279,145.4381085,187.5494282,0,2.702784546,5.596045363,0.257717629,2.707720903,1.298929985,20.28906691,54.33565764,22.70779279,0.417916959,1.13538964,0.420081446,1.520490003
Track_4322,2090,2090,15,0,0,0,0,0,14,173,187,28.46099527,429.1309703,214.9884042,0,3.118616321,6.262592145,0.463510697,2.830681807,1.654965214,36.9582599,43.66062849,28.46099527,0.651868657,2.032928233,0.651868657,1.201324728
Track_4378,2146,2146,9,2,0,0,0,1,10,176,186,25.70411777,171.6561012,61.57087354,0,2.953223747,5.20322883,0.554024959,3.895487886,1.804031773,16.19603825,29.38304376,25.70411777,0.874794251,2.570411777,0.870374884,0.994154871
Track_4386,2154,2154,11,2,0,0,0,1,12,181,193,32.55841685,18.05825079,85.97961805,0,3.313175529,6.513034988,0.967392167,3.600679054,1.63638765,11.301156,40.0339481,32.55841685,0.813270197,2.713201404,0.818912666,0.947923571
Track_4392,2160,2160,18,2,0,0,0,1,19,179,198,36.45993357,115.1002724,132.5371965,0,3.000697506,5.767084421,0.445953288,2.909122021,1.645383008,17.46897697,59.46747114,36.45993357,0.613107181,1.918943872,0.639499272,1.285898583
Track_4397,2165,2165,9,0,0,0,0,0,8,178,186,25.63887703,28.46464074,165.367934,0,4.75535817,11.70374287,1.450271771,4.788923473,3.390258667,7.569213019,38.04286536,25.63887703,0.673947054,3.204859629,0.673947054,1.59771475
Track_4399,2167,2167,21,0,0,0,0,0,20,178,198,31.98809613,204.9375812,163.1550307,0,2.794781417,6.62222116,0.92956612,2.328556981,1.542891699,29.52964687,55.89562833,32.81157319,0.572282611,1.599404807,0.572282611,1.571418838
Track_4400,2168,2168,13,0,0,0,0,0,12,180,192,30.62433859,428.8932758,175.6822966,0,3.212128164,5.694437851,1.20037042,3.601519197,1.273574481,32.15944305,38.54553797,30.62433859,0.794497631,2.552028216,0.794497631,1.14596218
Track_4405,2173,2173,19,0,0,0,0,0,18,180,198,19.8067478,166.8623563,168.954948,0,2.017309062,4.324029333,0.624715392,2.214774204,0.995428675,31.03155804,36.31156311,19.96061155,0.545466681,1.100374878,0.545466681,1.285418719
Track_4408,2176,2176,17,0,0,0,0,0,16,180,196,29.78842831,73.37428817,186.908622,0,3.073409734,8.543795492,0.961163723,2.659213463,2.082996651,8.575722694,49.17455575,29.78842831,0.605769139,1.861776769,0.605769139,1.282387562
Track_4423,2191,2191,17,0,0,0,0,0,16,182,198,24.63047251,10.25199652,182.0314007,0,3.032696924,7.172149668,0.090340313,2.649012097,1.798077801,19.05750227,48.52315079,24.63047251,0.507602497,1.539404532,0.507602497,0.96613206
Track_4424,2192,2192,16,2,0,0,0,1,17,182,199,23.10671859,17.39133838,181.998951,0,2.355622215,5.204152752,0.159806755,1.924489221,1.567892556,21.47674444,41.17563106,23.10671859,0.561174607,1.359218741,0.577010495,1.373207752
Track_4426,2194,2194,14,0,0,0,0,0,13,182,195,19.90400727,380.1421218,185.4830259,0,2.739213571,5.828470073,0.148120202,2.578376,1.363949044,16.13848642,35.60977643,20.26682428,0.55894783,1.531077482,0.55894783,1.246322044
Track_4453,2221,2221,17,3,0,0,0,1,19,180,199,24.23719778,226.0411083,53.11196368,0,2.686711793,5.966984273,1.336115055,2.444346123,1.062381681,18.09685062,53.90091409,24.23719778,0.449662092,1.275641989,0.474796736,0.982522685
Track_4467,2235,2235,17,0,0,0,0,0,16,183,199,31.68358236,59.23572009,139.7616617,0,2.655818764,6.088429314,0.785509552,2.573658921,1.397117914,22.59013288,42.49310023,31.68358236,0.745617105,1.980223898,0.745617105,1.08042526
Track_4488,2256,2256,16,1,0,0,0,1,16,183,199,24.93968293,59.5122086,190.7682612,0,2.56372341,7.874908659,0.197817088,1.677795184,2.205217144,18.86604652,39.94398748,26.28688436,0.624366382,1.558730183,0.607994676,1.607239735
Track_4496,2264,2264,8,1,0,0,0,1,8,185,193,22.57058783,142.8466197,35.86131277,0,3.447649144,5.311530578,1.479507421,3.535499806,1.46020019,6.768794358,26.6375489,22.57058783,0.847322249,2.821323479,0.81833254,0.584240012
Track_4545,2313,2313,10,1,0,0,0,1,10,189,199,21.649271,111.2984045,110.4598734,0,3.321357558,6.018091589,0.924649955,2.995372191,1.679673655,18.32818513,32.86310213,21.649271,0.658771376,2.1649271,0.651819945,0.964312955
Track_4547,2315,2315,14,1,0,0,0,1,14,185,199,19.27445065,263.6424636,141.2971162,0,2.439599592,6.595787104,0.048225646,1.676615914,1.957670527,28.65414078,38.31058181,19.27445065,0.503110361,1.376746475,0.564332966,1.172539136
Track_4572,2340,2340,9,0,0,0,0,0,8,191,199,18.50399276,426.7676283,176.3782559,0,3.454745994,11.0481888,0.549685177,2.100029424,3.443244274,24.2612844,27.63796795,18.50399276,0.669513504,2.312999095,0.669513504,1.594882288
