LABEL,TRACK_INDEX,TRACK_ID,NUMBER_SPOTS,NUMBER_GAPS,NUMBER_SPLITS,NUMBER_MERGES,NUMBER_COMPLEX,LONGEST_GAP,TRACK_DURATION,TRACK_START,TRACK_STOP,TRACK_DISPLACEMENT,TRACK_X_LOCATION,TRACK_Y_LOCATION,TRACK_Z_LOCATION,TRACK_MEAN_SPEED,TRACK_MAX_SPEED,TRACK_MIN_SPEED,TRACK_MEDIAN_SPEED,TRACK_STD_SPEED,TRACK_MEAN_QUALITY,TOTAL_DISTANCE_TRAVELED,MAX_DISTANCE_TRAVELED,CONFINEMENT_RATIO,MEAN_STRAIGHT_LINE_SPEED,LINEARITY_OF_FORWARD_PROGRESSION,MEAN_DIRECTIONAL_CHANGE_RATE
Track_7386,0,0,26,1,0,0,0,1,26,0,26,31.72867517,270.4121646,129.1477128,0,1.907104178,4.040107622,0.133336775,2.110278773,1.01764153,43.87164021,50.16381039,31.72867517,0.632501298,1.22033366,0.639888305,1.101284265
Track_7392,6,6,13,2,0,0,0,1,14,0,14,20.68842088,347.9360365,115.308489,0,2.541207629,4.549193298,0.545148707,2.485323778,1.255121811,10.88699491,36.7344656,20.68842088,0.56318829,1.477744349,0.581512637,1.108764778
Track_7397,11,11,27,0,0,0,0,0,26,0,26,27.30366561,132.9149329,133.8728153,0,2.377498419,5.706990631,0.288189743,2.128443306,1.44511619,33.17434249,61.81495889,27.30366561,0.441699972,1.050140985,0.441699972,1.617053457
Track_7398,12,12,18,1,0,0,0,1,18,0,18,17.36157036,220.311788,126.8004317,0,2.327639108,5.56975526,0.584860938,2.323984378,1.373095743,20.66024348,41.89384922,17.36157036,0.414418123,0.964531687,0.414381973,1.364269668
Track_7400,14,14,32,0,0,0,0,0,31,0,31,26.6282585,120.1215298,135.2330754,0,2.230515383,5.05743079,0.516687692,2.462783468,1.123198244,33.01393947,69.14597688,26.6282585,0.385102065,0.858976081,0.385102065,1.43407046
Track_7403,17,17,12,0,0,0,0,0,11,0,11,12.88913221,286.781089,123.3972242,0,2.493279832,4.249140373,1.09976975,2.273840497,1.134480716,21.73940063,27.42607816,12.88913221,0.469958998,1.171739292,0.469958998,1.196416368
Track_7406,20,20,28,2,0,0,0,1,29,0,29,42.44925138,150.0559346,122.6055289,0,2.694540189,5.142391813,0.603387946,2.347766647,1.508040139,30.78297671,77.77353703,46.89867261,0.545805849,1.463767289,0.543234536,1.264853128
Track_7408,22,22,39,0,0,0,0,0,38,0,38,46.33202405,382.4993399,116.2979013,0,2.36378465,5.036461356,0.408346966,2.103139757,1.031614037,31.59844455,89.8238167,46.33202405,0.515810013,1.219263791,0.515810013,1.467660746
Track_7409,23,23,17,1,0,0,0,1,17,0,17,19.87679112,373.3245877,137.2041738,0,2.877005591,8.579217865,0.610521541,2.350850121,1.915374677,26.4908783,47.44882798,19.87679112,0.418910055,1.169223007,0.406402758,1.698645769
Track_7411,25,25,10,0,0,0,0,0,9,0,9,19.1689514,254.1379471,138.3998273,0,3.074303442,5.594311278,0.38109558,2.912251783,1.386067339,29.95474944,27.66873098,19.1689514,0.692801973,2.129883489,0.692801973,1.00667812
Track_7413,27,27,16,0,0,0,0,0,15,0,15,17.40088353,305.4786233,135.6883142,0,2.213586431,4.212125449,0.618724187,2.091356138,1.158309242,27.73510236,33.20379647,17.40088353,0.52406307,1.160058902,0.52406307,1.563578564
Track_7414,28,28,12,0,0,0,0,0,11,0,11,12.56089738,342.9372559,135.2100048,0,2.693896984,6.068627187,1.026105997,2.974730733,1.645091469,26.19500693,29.63286682,14.03937465,0.423883975,1.141899762,0.423883975,1.629053761
Track_7417,31,31,10,1,0,0,0,1,10,0,10,15.19709153,409.7937374,126.4259497,0,2.61587988,3.67707576,1.412233245,2.52651842,0.81159863,16.96348648,25.19605759,15.19709153,0.603153548,1.519709153,0.580955251,1.248255298
Track_7420,34,34,12,0,0,0,0,0,11,0,11,13.67076821,78.83986453,138.5600663,0,1.92278026,3.720040373,0.622820519,1.675220392,0.992511713,42.64555482,21.15058286,15.31351269,0.646354207,1.24279711,0.646354207,1.27834187
Track_7428,42,42,39,1,0,0,0,1,39,1,40,30.10717423,405.9874663,130.4779436,0,1.957868748,4.96772678,0.212823113,1.502771288,1.336512071,28.82953764,75.35458012,30.10717423,0.39954007,0.771978826,0.394295495,1.915285827
Track_7429,43,43,51,2,0,0,0,1,52,0,52,71.59499561,204.4430236,140.9460341,0,2.361116686,7.432498672,0.452138876,2.222586827,1.499041719,33.42064387,124.4241086,71.59499561,0.575410959,1.376826839,0.583125284,1.444802175
Track_7430,44,44,34,0,0,0,0,0,33,0,33,36.5648194,26.23641826,138.0859742,0,2.275977574,4.69187095,0.357565783,2.231082854,1.204723703,29.4368998,75.10725993,39.0847575,0.486834687,1.10802483,0.486834687,1.236720981
Track_7431,45,45,27,1,0,0,0,1,27,0,27,40.93185678,163.2841247,132.9048737,0,2.124396584,3.766231598,0.495741343,2.428550284,1.04416119,33.11678357,56.74400787,41.30095584,0.721342364,1.515994696,0.713611906,1.062687516
Track_7432,46,46,30,0,0,0,0,0,29,0,29,27.13541533,144.4434515,142.3585718,0,1.85410072,2.894091073,0.548482285,1.793952383,0.739682808,32.2330938,53.76892088,27.13541533,0.504667285,0.935703977,0.504667285,1.678825295
Track_7433,47,47,10,0,0,0,0,0,9,0,9,13.60079955,128.0875306,138.1570042,0,2.53676799,3.582140612,1.175005605,2.707479959,0.973829491,34.07704363,22.83091191,14.71809923,0.59571863,1.51119995,0.59571863,1.399398939
Track_7436,50,50,9,0,0,0,0,0,8,0,8,12.07952327,300.2261165,153.266486,0,3.16578819,3.936497314,1.421979601,3.589115646,0.85321329,26.76436181,25.32630552,13.26044575,0.476955601,1.509940409,0.476955601,1.435255301
Track_7444,58,58,23,1,0,0,0,1,23,1,24,26.1449863,63.31673895,147.4565541,0,1.834145017,4.406535762,0.425485485,2.01770338,1.218902335,37.710998,42.83829227,26.59033066,0.610318127,1.136738535,0.619764808,1.671753764
Track_7446,60,60,22,0,0,0,0,0,21,0,21,18.70663395,34.33212167,149.461745,0,2.234394629,4.466005522,0.443046285,2.197352702,1.169832382,33.62912074,46.92228722,20.01656323,0.398672679,0.890792093,0.398672679,1.295736532
Track_7447,61,61,10,2,0,0,0,1,11,0,11,24.36887432,265.5886607,154.4859975,0,3.181945458,4.813508967,1.03283065,3.455337076,1.204162486,24.60386672,35.70173443,24.36887432,0.68256836,2.215352211,0.696225702,1.182202289
Track_7450,64,64,10,2,0,0,0,1,11,0,11,21.19111996,403.8174905,147.2900638,0,2.485958737,4.391396773,1.041050179,2.032121624,1.143646434,15.60215154,26.41081042,21.19111996,0.802365381,1.926465451,0.774938627,0.702339198
Track_7451,65,65,63,0,0,0,0,0,62,0,62,72.2172019,325.5869763,145.1286607,0,1.951470872,6.278428261,0.239103374,1.71639947,1.129484242,42.34404005,120.991194,72.2172019,0.596879818,1.164793579,0.596879818,1.296463739
Track_7457,71,71,26,1,0,0,0,1,26,1,27,26.07153419,301.8229727,159.920549,0,2.556539974,8.411205327,0.469126699,2.11615354,1.709801182,30.39415948,66.02965289,26.07153419,0.394845847,1.002751315,0.39222986,1.473888566
Track_7460,74,74,11,2,0,0,0,1,12,1,13,14.66035059,155.6844241,157.4782056,0,2.497987795,5.436191424,0.923077835,1.92758634,1.580991998,14.62453426,28.18883683,14.66035059,0.520076464,1.221695882,0.489071998,1.632606384
Track_7463,77,77,28,3,0,0,0,1,30,0,30,36.30363064,260.9286856,160.097699,0,2.389219762,3.843496713,0.970620415,2.313242605,0.732184092,23.26962851,72.06637366,38.09141887,0.503752705,1.210121021,0.506492136,1.063949787
Track_7466,80,80,24,1,0,0,0,1,24,0,24,35.99027948,349.2273427,162.4975925,0,2.818453733,5.200074146,0.449248053,2.70677774,1.206965043,25.19802847,67.93820184,35.99027948,0.529750251,1.499594978,0.532063011,1.016674705
Track_7467,81,81,16,2,0,0,0,1,17,0,17,18.24338407,111.7595265,154.4816941,0,2.00516556,2.993933653,0.58375592,2.263813922,0.729009985,29.98017046,35.25685879,18.54607316,0.517442129,1.07314024,0.535187847,0.974349983
Track_7470,84,84,18,1,0,0,0,1,18,0,18,16.09618315,427.0910012,159.4237855,0,2.203588593,4.478646816,0.403461927,2.516304854,1.122767859,27.29876113,40.93696126,18.6085816,0.393194381,0.894232397,0.405807327,1.346736091
Track_7474,88,88,12,0,0,0,0,0,11,0,11,13.14114128,37.85464827,162.6815438,0,2.103083482,4.00739953,0.675540197,1.907709457,1.186561288,33.13213015,23.1339183,14.29835125,0.568046498,1.194649208,0.568046498,1.183673496
Track_7480,94,94,17,0,0,0,0,0,16,0,16,14.20826463,341.6330383,159.0925279,0,2.263997313,4.287043903,0.494181508,2.174368123,1.193366629,37.89385324,36.223957,16.19767717,0.392233919,0.888016539,0.392233919,1.715186555
Track_7484,98,98,16,0,0,0,0,0,15,0,15,26.49006643,412.6816772,167.3303514,0,2.628470199,3.95105913,0.863581574,2.745428375,1.022087137,44.15648252,39.42705299,27.62331514,0.671875385,1.766004428,0.671875385,0.873241105
Track_7485,99,99,9,0,0,0,0,0,8,1,9,13.79914115,18.69857831,172.2427365,0,2.895344136,5.804920196,0.36065044,3.08061168,1.716291555,21.87024721,23.16275309,13.79914115,0.595747021,1.724892644,0.595747021,1.289556935
Track_7493,107,107,38,2,0,0,0,1,39,0,39,40.30312672,236.7074234,168.0170707,0,2.032411652,3.670973792,0.427521413,1.871074122,0.864590925,34.04548525,81.52627422,40.30312672,0.49435752,1.033413506,0.508466631,1.511638498
Track_7495,109,109,12,1,0,0,0,1,12,0,12,19.74348281,195.0231755,173.6995696,0,2.252152821,4.457359948,0.344576916,2.145182539,1.206520141,23.1191361,26.5641334,19.74348281,0.743238355,1.645290234,0.730541115,1.286866311
Track_7496,110,110,22,2,0,0,0,1,23,0,23,32.70942233,384.0579954,172.6543506,0,2.280317048,4.140605612,0.412091623,2.272966471,1.013495871,25.05505649,52.98534499,32.70942233,0.617329609,1.422148797,0.623662748,1.256040418
Track_7498,112,112,69,3,0,0,0,1,71,0,71,64.58315017,213.5527051,178.9781321,0,2.437163848,5.926972539,0.174183959,2.64345226,1.002120263,33.08305362,170.5313193,66.05988948,0.378717238,0.909621833,0.37322966,1.22867808
Track_7503,117,117,27,0,0,0,0,0,26,0,26,16.00871795,177.0066835,172.7333039,0,1.539743876,3.338235147,0.335533827,1.226049635,0.960352329,42.26347118,40.03334079,16.00871795,0.399884637,0.615719921,0.399884637,1.421676036
Track_7504,118,118,12,1,0,0,0,1,12,1,13,18.40060483,363.2063473,177.6025942,0,2.832792945,4.297105657,1.091645191,2.654301423,1.072058094,26.3492229,34.81495964,18.40060483,0.528525812,1.533383735,0.541297499,1.694447078
Track_7507,121,121,10,0,0,0,0,0,9,0,9,15.63546351,199.5499101,184.5573029,0,3.474785348,7.366374225,1.47759848,2.598211024,2.074001216,14.18479404,31.27306813,15.63546351,0.499965767,1.737273723,0.499965767,1.144919892
Track_7511,125,125,19,0,0,0,0,0,18,0,18,19.40175284,358.8044903,184.0353313,0,1.588523595,3.18026267,0.228890607,1.783045909,0.780237536,34.90054211,28.59342472,19.40175284,0.678538966,1.077875158,0.678538966,1.409520098
Track_7513,127,127,9,0,0,0,0,0,8,1,9,13.34679296,421.5146851,177.0246896,0,2.896662836,4.009556543,2.112598442,2.830612784,0.576964058,28.39802414,23.17330269,13.34679296,0.575955579,1.66834912,0.575955579,1.155637553
Track_7514,128,128,18,0,0,0,0,0,17,0,17,16.03561262,413.6046029,180.7161009,0,2.447416448,4.752089966,0.507595947,2.4460969,1.185732762,31.39756502,41.60607962,18.32658673,0.385415131,0.94327133,0.385415131,1.642360432
Track_7515,129,129,29,0,0,0,0,0,28,0,28,34.14973777,339.3778994,184.5102353,0,2.097461864,4.136092886,0.269218741,2.153759001,1.215803844,40.85653963,58.72893219,34.14973777,0.581480652,1.219633492,0.581480652,1.314869682
Track_7517,131,131,11,0,0,0,0,0,10,0,10,11.82122323,18.253187,186.3634089,0,2.075270321,3.877884741,0.329435287,2.06509404,1.140093508,35.00862286,20.75270321,12.27067934,0.569623297,1.182122323,0.569623297,1.517492174
Track_7519,133,133,11,0,0,0,0,0,10,0,10,12.81931222,274.0074628,190.2650247,0,2.180200127,3.444117212,0.895054944,2.33930422,0.873807545,30.10768968,21.80200127,12.81931222,0.587987867,1.281931222,0.587987867,1.10721618
Track_7527,141,141,10,0,0,0,0,0,9,0,9,11.88483983,245.9101127,190.4862445,0,2.067688473,2.776052393,1.269174822,2.215799327,0.577461579,28.94681892,18.60919625,11.88483983,0.638654119,1.320537759,0.638654119,1.141264017
Track_7530,144,144,10,0,0,0,0,0,9,0,9,18.68413702,153.9659014,191.5069991,0,2.811138526,4.586231219,0.864819103,2.879322821,1.320918445,21.71555681,25.30024673,18.98275681,0.738496237,2.076015224,0.738496237,1.310048407
Track_7566,180,180,17,1,0,0,0,1,17,1,18,14.01117414,165.9851446,16.83452233,0,1.888803844,3.438128692,0.315265985,1.840023418,0.825954403,26.07322446,33.6589902,15.73360364,0.416268404,0.824186714,0.436353789,1.421652409
Track_7589,203,203,20,0,0,0,0,0,19,0,19,22.50373758,87.36809534,19.2556205,0,2.409193298,7.109581854,0.852152069,1.724932404,1.777885729,15.75364721,45.77467267,22.50373758,0.491619847,1.184407241,0.491619847,1.757098043
Track_7598,212,212,16,1,0,0,0,1,16,0,16,15.79717483,402.4781946,26.17820015,0,2.403611692,4.845791214,0.601857542,2.259139844,1.190147558,20.89293474,37.78165504,15.79717483,0.418117597,0.987323427,0.41076661,1.148319066
Track_7632,246,246,18,0,0,0,0,0,17,0,17,26.29596068,93.72622791,49.35792665,0,2.362265851,4.892746233,0.674803767,2.269718578,1.150837757,26.28796784,40.15851946,26.37319433,0.654804038,1.546821217,0.654804038,1.170473592
Track_7638,252,252,12,1,0,0,0,1,12,0,12,20.91597701,299.249207,46.40513535,0,2.550603517,4.21213408,1.144225356,3.019407101,1.082614117,21.79449431,29.20086405,20.91597701,0.716279388,1.742998084,0.683366926,0.889275222
Track_7640,254,254,11,1,0,0,0,1,11,0,11,23.18140902,327.5158309,49.08784091,0,2.4963056,4.183996164,0.264966781,3.324267021,1.516470219,19.59217522,28.41202031,23.18140902,0.815901466,2.10740082,0.844207864,0.714867441
Track_7646,260,260,12,1,0,0,0,1,12,0,12,23.73889209,105.799073,54.4770448,0,3.191691484,6.559826549,0.198570499,3.245409478,1.855077504,13.89141285,38.74057037,23.73889209,0.612765684,1.978241008,0.619809595,1.461696019
Track_7651,265,265,17,0,0,0,0,0,16,0,16,16.74827767,17.61983086,60.76511291,0,2.034775704,7.347128503,0.560369667,1.477743565,1.732885302,30.51737112,32.55641126,16.74827767,0.514438693,1.046767354,0.514438693,1.290377556
Track_7654,268,268,11,1,0,0,0,1,11,1,12,13.97224292,51.00557429,59.81542147,0,2.010390339,3.793183912,0.9821952,1.804617059,0.98718522,24.06612162,21.26788135,13.97224292,0.656964495,1.270203902,0.631819541,1.555896531
Track_7656,270,270,18,0,0,0,0,0,17,0,17,19.9956002,187.712473,56.06967993,0,2.368234004,4.086781107,0.540674598,2.283636531,1.199891585,29.87087785,40.25997807,19.9956002,0.496661974,1.176211776,0.496661974,1.297507065
Track_7658,272,272,26,2,0,0,0,1,27,0,27,32.41138548,366.4431155,67.89082147,0,2.341192517,4.761253672,0.39246434,2.200504473,1.041256746,30.20844168,62.00274243,32.41138548,0.52274116,1.200421685,0.512739416,0.9981196
Track_7662,276,276,13,0,0,0,0,0,12,0,12,21.2053805,80.68405425,56.86881234,0,2.88463367,5.290827798,0.274309817,2.916199099,1.645271501,16.12940044,34.61560404,21.2053805,0.612595998,1.767115041,0.612595998,1.633722653
Track_7671,285,285,16,0,0,0,0,0,15,0,15,26.28481035,38.97422417,71.92937529,0,2.37658274,4.390647578,0.544256965,2.150255523,1.067227144,26.50204885,35.64874109,26.28481035,0.73732787,1.75232069,0.73732787,1.343973687
Track_7674,288,288,22,3,0,0,0,1,24,1,25,22.64505404,117.4066342,56.95520841,0,2.418690244,4.441328186,0.844891118,2.353795443,0.902207289,19.36310929,57.43373747,27.48944334,0.394281393,0.943543918,0.390105315,1.468304538
Track_7677,291,291,18,1,0,0,0,1,18,0,18,15.23304112,157.122133,70.21056579,0,1.880586442,3.182758427,0.222493541,2.253810339,1.00441163,31.15480863,32.52617841,16.01592293,0.468331721,0.846280062,0.450008595,1.320756006
Track_7684,298,298,43,1,0,0,0,1,43,0,43,33.06582826,371.724435,73.18044658,0,1.780711919,3.197346905,0.124383005,1.712583836,0.842289727,37.57258852,76.65001364,33.06582826,0.431387115,0.76897275,0.431834449,1.537820509
Track_7685,299,299,21,2,0,0,0,1,22,0,22,34.94302026,172.2632919,83.02192116,0,2.236968812,5.59734678,0.68964524,1.867731309,1.233437272,30.62688296,49.29399578,34.94302026,0.708869705,1.588319103,0.710031849,1.131737493
Track_7686,300,300,21,0,0,0,0,0,20,0,20,18.31408719,25.15318535,78.00091485,0,2.205428116,4.428144795,0.929231493,2.035445903,1.004823722,27.27536158,44.10856232,20.8906997,0.415204809,0.915704359,0.415204809,1.299657601
Track_7689,303,303,45,2,0,0,0,1,46,0,46,38.70160439,193.6829527,77.12962746,0,2.199327215,4.459994926,0.348201602,2.073662994,1.084602148,29.80911038,100.574852,38.70160439,0.384803991,0.841339226,0.382543907,1.477470758
Track_7697,311,311,12,2,0,0,0,1,13,0,13,15.49227369,337.731278,75.89154298,0,2.5314421,4.078355327,1.112527751,2.526074502,0.889407292,17.42923629,33.9535068,15.49227369,0.456279046,1.191713361,0.470764613,1.034859443
Track_7703,317,317,10,0,0,0,0,0,9,0,9,18.4264634,204.9613389,89.31501771,0,2.950249957,4.614193866,1.108679411,3.035191921,0.996917144,44.90447502,26.55224961,18.4264634,0.693969952,2.047384823,0.693969952,1.114228547
Track_7704,318,318,11,0,0,0,0,0,10,1,11,14.35696604,333.663559,88.70990176,0,2.894949158,4.886217943,1.291915308,3.153891435,1.22502862,26.22348265,28.94949158,15.81231368,0.495931543,1.435696604,0.495931543,1.190131739
Track_7709,323,323,10,0,0,0,0,0,9,0,9,12.03239952,272.312804,87.3554997,0,2.441895558,4.040827425,1.161305899,1.923916444,1.103537546,25.6683198,21.97706002,12.03239952,0.547498142,1.33693328,0.547498142,1.147053745
Track_7710,324,324,28,1,0,0,0,1,28,0,28,22.63214738,120.9634879,88.681288,0,2.183038175,5.594929301,0.24292897,2.12079718,1.279380738,22.40501811,61.00539254,22.63214738,0.370986014,0.808290978,0.370259662,1.406624861
Track_7715,329,329,16,2,0,0,0,1,17,1,18,14.55574278,283.955368,93.18144503,0,2.214509773,4.27197497,0.625559294,2.653627027,1.027801066,20.58633834,37.6316788,14.55574278,0.386794936,0.856220164,0.386640951,1.577834559
Track_7716,330,330,50,0,0,0,0,0,49,0,49,16.93910599,413.8153542,97.61594053,0,0.504021621,3.428845946,0.016069241,0.119312706,0.817227284,36.05941284,24.69705941,16.93910599,0.68587542,0.345696041,0.68587542,1.746968273
Track_7718,332,332,11,0,0,0,0,0,10,0,10,14.63804141,251.2669518,97.52919351,0,3.151637122,5.067879262,1.454806325,3.321251312,1.268699188,25.14145114,31.51637122,14.63804141,0.464458339,1.463804141,0.464458339,1.767447733
Track_7734,348,348,15,0,0,0,0,0,14,0,14,19.27558021,303.9420354,97.20116875,0,2.273934101,5.949027702,0.944069722,1.924475392,1.407935796,35.16514231,31.83507741,19.27558021,0.605482436,1.376827158,0.605482436,1.1465359
Track_7739,353,353,9,0,0,0,0,0,8,0,8,13.1166218,5.062441224,108.7861282,0,2.045071031,3.838782683,0.891266391,1.950311684,0.983969579,30.56150171,16.36056825,13.1166218,0.801721652,1.639577725,0.801721652,1.090031909
Track_7740,354,354,20,2,0,0,0,1,21,0,21,28.51253161,336.3480736,111.5080789,0,2.708657901,6.861792126,0.480780414,2.448037568,1.753513868,20.55909514,54.92680151,28.51253161,0.519100527,1.357739601,0.501259166,1.293658194
Track_7741,355,355,44,0,0,0,0,0,43,0,43,44.4418892,180.0669074,109.6703002,0,2.080727547,4.831790541,0.071324374,2.096188285,1.173212762,36.62278403,89.47128452,46.38490272,0.49671679,1.033532307,0.49671679,1.154350833
Track_7742,356,356,13,0,0,0,0,0,12,0,12,15.17621153,215.0372202,111.5614618,0,2.654354244,4.763051848,0.223280751,2.751338942,1.22097303,20.18866392,31.85225092,15.17621153,0.476456486,1.264684295,0.476456486,1.94816397
Track_7743,357,357,23,1,0,0,0,1,23,1,24,33.10213923,193.2772379,100.516842,0,2.709204616,6.524874585,0.307414902,2.678382619,1.52656578,22.8201013,60.72306629,33.10213923,0.545132867,1.439223445,0.531234679,1.082369853
Track_7744,358,358,41,0,0,0,0,0,40,0,40,51.80303846,59.04254345,116.5471768,0,2.421260816,4.945836848,0.282736167,2.386488728,1.175686362,27.11608011,96.85043264,51.80303846,0.534876686,1.295075962,0.534876686,1.271834811
Track_7754,368,368,14,0,0,0,0,0,13,0,13,20.47405645,162.972003,109.2108713,0,2.62346596,6.204247941,0.978607283,2.113653427,1.635459148,29.80302872,34.10505748,20.47405645,0.600323177,1.574927419,0.600323177,0.97048428
Track_7755,369,369,16,0,0,0,0,0,15,0,15,15.18288861,89.53562359,118.7866025,0,1.72768457,3.742249422,0.297546858,1.663368455,0.806427446,36.20744309,25.91526855,15.38312408,0.585866536,1.012192574,0.585866536,1.355737827
Track_7757,371,371,28,0,0,0,0,0,27,0,27,26.10719183,147.0707393,108.053221,0,2.102992324,3.84501153,0.235750039,1.794622547,1.167394068,33.78997684,56.78079275,28.38696282,0.459789139,0.966933031,0.459789139,1.298394975
Track_7758,372,372,10,1,0,0,0,1,10,0,10,21.08624824,283.2054678,115.0611291,0,3.725053667,8.61848902,1.587650675,3.593560902,2.06522861,14.49165502,36.8553025,21.08624824,0.572136078,2.108624824,0.566065623,1.361777308
Track_7764,378,378,17,2,0,0,0,1,18,0,18,20.44604954,114.5492548,102.2118603,0,1.91359196,8.092248219,0.379521108,1.401939341,1.892433052,22.02734061,33.37584353,20.44604954,0.612600233,1.135891641,0.593591353,1.635279175
Track_7765,379,379,13,1,0,0,0,1,13,0,13,23.74386599,363.8475173,105.5255457,0,2.597386419,5.989482277,0.640804328,2.45466494,1.698100105,26.1020828,32.23898002,23.74386599,0.736495571,1.82645123,0.703188104,0.843205211
Track_7770,384,384,24,1,0,0,0,1,24,0,24,26.06104002,202.5704762,119.3569782,0,2.253567695,4.5734703,0.077044763,1.838979282,1.213512364,29.29782226,54.38930993,30.64747456,0.479157394,1.085876667,0.481847814,1.324277282
Track_7820,434,434,20,1,0,0,0,1,20,0,20,17.33590867,248.3031848,60.7392697,0,2.326473124,4.118110561,0.765860077,2.108573436,0.961275418,24.18118603,47.03575885,17.33590867,0.368568704,0.866795433,0.372579173,1.538221874
Track_7826,440,440,34,4,0,0,0,1,37,0,37,36.26905594,254.03959,78.2494656,0,1.847255674,3.971992294,0.444208051,1.600041921,0.991413623,27.01109116,68.76216554,37.86640211,0.527456569,0.980244755,0.530649205,1.219240303
Track_7827,441,441,15,0,0,0,0,0,14,0,14,23.58824238,77.9534861,68.25191732,0,3.464955068,7.12135183,1.09651262,3.042324249,1.771091059,15.4214454,48.50937095,23.58824238,0.48626156,1.684874456,0.48626156,1.436757348
Track_7836,450,450,12,1,0,0,0,1,12,0,12,17.42138663,99.10315133,94.88122984,0,3.053928618,6.453917262,0.836021348,2.780434597,1.767618957,20.26939666,37.52988082,19.20028498,0.464200425,1.45178222,0.475381845,1.13306889
Track_7837,451,451,13,2,0,0,0,1,14,0,14,26.55496388,203.4121398,103.7044665,0,2.324232231,3.862183793,0.99476249,2.543360297,1.090944448,38.76864243,35.34574685,26.55496388,0.751291633,1.896783135,0.816090195,1.267735356
Track_7838,452,452,14,1,0,0,0,1,14,7,21,17.90603611,7.716533089,132.2543053,0,2.467892887,4.122193583,0.754562996,2.389190222,1.145044931,16.31526225,32.83717053,18.26909427,0.545297778,1.279002579,0.518256925,1.033136804
Track_7840,454,454,11,1,0,0,0,1,11,2,13,13.56162839,215.1537159,136.3689942,0,2.700905223,4.508654993,1.116441539,2.984562594,1.029184079,18.48905061,28.12549377,15.14806828,0.482182766,1.232875308,0.456467446,1.186005279
Track_7845,459,459,9,0,0,0,0,0,8,6,14,12.15934988,17.69212074,134.1900577,0,2.753696636,4.46170453,0.884555173,3.040943289,1.448971586,14.32411607,22.02957308,13.65612081,0.551955766,1.519918735,0.551955766,1.079185836
Track_7851,465,465,15,1,0,0,0,1,15,7,22,20.48111958,267.0818249,133.6956392,0,3.220033908,6.404132711,1.033891712,3.037586012,1.491976196,12.27688758,47.5686745,26.27825252,0.430558972,1.365407972,0.424035278,1.421057344
Track_7852,466,466,22,1,0,0,0,1,22,4,26,23.58072684,175.5088574,135.9291606,0,2.081407989,4.479918068,0.745403513,2.136499832,1.04621185,24.36381188,44.90300031,23.58072684,0.525148134,1.07185122,0.514964498,1.575655033
Track_7856,470,470,20,0,0,0,0,0,19,6,25,21.54975688,175.4244696,36.37400878,0,1.875679675,3.97345116,0.526581903,1.413031543,1.02161576,31.78985624,35.63791383,21.54975688,0.604686261,1.13419773,0.604686261,1.278464476
Track_7868,482,482,16,0,0,0,0,0,15,2,17,20.74879794,153.6845361,42.70799227,0,2.449802493,6.717861265,0.680758238,2.221020684,1.509596318,29.77891529,36.74703739,20.74879794,0.56463866,1.383253196,0.56463866,1.549828295
Track_7873,487,487,52,0,0,0,0,0,51,4,55,48.11685236,79.14652173,158.5932991,0,2.388390718,8.379216683,0.487122047,2.062244976,1.524714614,32.07337841,121.8079266,48.11685236,0.395022341,0.943467693,0.395022341,1.340818783
Track_7881,495,495,15,0,0,0,0,0,14,7,21,13.06067994,23.77097937,55.8396421,0,1.702636551,3.05574894,0.381349565,1.839864103,0.804765302,28.15674588,23.83691171,13.06067994,0.547918292,0.93290571,0.547918292,1.008923629
Track_7883,497,497,15,0,0,0,0,0,14,6,20,20.08896634,173.734278,54.73001839,0,2.726023248,4.158422558,0.347122483,3.004627529,1.229702864,18.52535108,38.16432547,20.42900017,0.526380752,1.434926167,0.526380752,1.383165149
Track_7890,504,504,12,0,0,0,0,0,11,2,13,13.26481042,338.0555647,59.92632147,0,2.259274977,4.598954814,0.300587328,1.923808597,1.317941718,33.12109216,24.85202474,13.26481042,0.533751699,1.205891857,0.533751699,1.121565095
Track_7894,508,508,32,0,0,0,0,0,31,4,35,29.25690819,231.7191723,162.6369869,0,2.222127613,4.722833297,0.501680072,2.110945041,1.134059578,36.55877396,68.88595601,29.25690819,0.424715136,0.943771232,0.424715136,1.515608795
Track_7895,509,509,22,1,0,0,0,1,22,7,29,44.81411131,23.20527416,66.79343025,0,3.164096462,5.891334863,1.433807304,2.962264015,1.232367183,17.50853517,68.35160276,44.81411131,0.655640973,2.03700506,0.643787282,1.233755672
Track_7901,515,515,32,0,0,0,0,0,31,3,34,43.64619296,126.4496428,60.83201922,0,2.580875716,4.466810897,0.486701546,2.724204685,0.975398947,46.189136,80.0071472,43.64619296,0.545528674,1.407941709,0.545528674,1.242551397
Track_7905,519,519,9,1,0,0,0,1,9,8,17,14.70770106,449.4794945,165.4986497,0,2.780784379,4.591029487,0.936781393,3.192998848,1.424570897,24.39127276,23.18305642,14.70770106,0.634415963,1.634189006,0.58767196,1.35443337
Track_7906,520,520,13,1,0,0,0,1,13,6,19,11.98934481,383.1301154,171.9713559,0,2.207134202,3.727039925,0.533946427,2.223988749,1.007225853,24.15944954,27.53406009,11.98934481,0.435436865,0.922257293,0.417852839,1.367357271
Track_7910,524,524,10,0,0,0,0,0,9,2,11,15.1679164,371.3896494,78.6144656,0,2.478113718,4.714109642,0.898667421,2.589185255,1.088122986,23.20900507,22.30302346,15.1679164,0.680083417,1.685324044,0.680083417,1.386801343
Track_7913,527,527,11,0,0,0,0,0,10,8,18,12.73577588,6.218388657,170.0264311,0,2.770435485,4.880727586,0.780632963,2.78442473,1.353059761,21.63203348,27.70435485,12.73577588,0.459703031,1.273577588,0.459703031,1.336832555
Track_7917,531,531,11,1,0,0,0,1,11,8,19,16.72166254,58.67592481,85.21438939,0,2.825580995,4.85905456,0.551669454,3.685488486,1.496884747,13.35408159,29.81726906,16.94054459,0.56080463,1.52015114,0.537995953,1.078118295
Track_7921,535,535,17,0,0,0,0,0,16,7,23,21.5613023,97.0541583,70.65892349,0,1.894304255,4.183082914,0.511036693,1.693267681,0.901354763,35.28110897,30.30886808,21.5613023,0.71138593,1.347581394,0.71138593,1.289408848
Track_7927,541,541,34,1,0,0,0,1,34,3,37,37.13735021,430.7216085,172.1221361,0,2.329247777,5.822580419,0.376251172,1.98206568,1.364814239,23.93659987,81.13508352,37.77545401,0.457722462,1.092275006,0.46893895,1.423692867
Track_7930,544,544,13,0,0,0,0,0,12,8,20,13.85326685,163.6894065,88.27364168,0,1.80582146,3.085357815,1.151323451,1.672162299,0.571936455,23.99904677,21.66985752,13.85326685,0.639287399,1.154438904,0.639287399,1.392799932
Track_7932,546,546,29,0,0,0,0,0,28,4,32,38.86464895,135.9925791,85.21568035,0,2.226127386,4.737944999,0.278901641,2.13140462,1.141833864,34.44372513,62.33156681,38.86464895,0.623514712,1.388023177,0.623514712,1.437294284
Track_7936,550,550,10,0,0,0,0,0,9,3,12,13.30856125,285.3432943,83.37096611,0,2.359154769,4.720248449,1.16915942,2.449277942,1.131695957,24.70935068,21.23239292,13.30856125,0.626804586,1.478729028,0.626804586,1.538956447
Track_7954,568,568,10,0,0,0,0,0,9,3,12,13.17532344,13.20270428,95.75508643,0,2.910924677,5.587934697,0.625475566,2.957457519,1.863238622,20.4802372,26.19832209,13.99413398,0.502907148,1.463924827,0.502907148,1.609185819
Track_7971,585,585,17,1,0,0,0,1,17,8,25,19.73599293,111.9339713,107.275661,0,2.027939842,3.917233532,0.414837892,1.899895563,1.166199266,28.71966856,32.86187536,19.73599293,0.600574152,1.160940761,0.572472978,1.539859733
Track_7980,594,594,11,1,0,0,0,1,11,3,14,15.48676764,23.05575918,114.0790212,0,3.554773264,6.48969997,1.16992959,3.455230882,1.562350995,13.90324207,36.71766223,15.48676764,0.421779784,1.407887967,0.396055631,1.431695972
Track_7981,595,595,16,0,0,0,0,0,15,2,17,22.14440702,382.2880216,116.5234184,0,1.867195073,4.36555691,0.376210486,1.522585162,1.054441175,39.10772264,28.00792609,22.67774956,0.790647867,1.476293801,0.790647867,0.80504283
Track_7991,605,605,9,0,0,0,0,0,8,7,15,16.25764741,315.4906651,117.7756671,0,2.778536413,4.755432083,1.510194971,2.564443434,1.217228989,29.76861456,22.22829131,16.25764741,0.731394383,2.032205927,0.731394383,0.451410012
Track_7997,611,611,53,1,0,0,0,1,53,5,58,50.33593331,348.0767451,127.8969233,0,2.101258965,5.612299264,0.288550735,1.976774559,1.158690376,37.15941498,112.3416368,50.36022363,0.448061242,0.949734591,0.4519836,1.576621941
Track_8024,638,638,41,2,0,0,0,1,42,6,48,36.21061333,115.0905328,20.70868145,0,2.378406028,7.088436571,0.394672287,2.404490965,1.383168475,21.51470374,98.61196425,37.76450377,0.367203043,0.86215746,0.362493809,1.411168199
Track_8025,639,639,19,2,0,0,0,1,20,15,35,23.69782461,218.3204964,40.39573674,0,2.500987902,6.245184812,0.166440909,2.598574128,1.570522282,13.24309128,47.63487081,23.69782461,0.497489008,1.184891231,0.473769277,1.506096926
Track_8032,646,646,16,0,0,0,0,0,15,16,31,19.96853965,301.3108153,34.32275394,0,2.464798549,5.495559083,0.431157313,2.401791312,1.398583914,21.68959883,36.97197824,19.96853965,0.540099302,1.331235977,0.540099302,1.545419326
Track_8043,657,657,20,2,0,0,0,1,21,9,30,19.48631835,290.7536474,39.4357674,0,2.282624456,5.935331233,0.223103756,2.245020475,1.476140203,18.46207108,48.72553887,19.48631835,0.399920017,0.927919922,0.406514492,1.039824612
Track_8047,661,661,15,3,0,0,0,1,17,13,30,13.98288098,10.50285422,53.16281003,0,2.261888369,5.346605926,0.600689915,1.863456994,1.460468957,29.92236929,35.73202493,13.98288098,0.391326297,0.822522411,0.363644122,1.108317682
Track_8050,664,664,8,2,0,0,0,1,9,9,18,13.57975692,61.15342478,56.43165597,0,2.655978279,4.941836167,0.626425348,2.551184786,1.653424618,10.24533415,22.49415141,14.17521305,0.603701677,1.50886188,0.568100234,0.965519547
Track_8054,668,668,10,1,0,0,0,1,10,12,22,13.41906681,36.19661167,45.5585633,0,2.616335973,5.392935671,0.672691013,2.159957038,1.795163833,10.77842026,25.7069808,13.41906681,0.522000888,1.341906681,0.512895398,1.200350002
Track_8058,672,672,9,1,0,0,0,1,9,9,18,17.63006626,199.8046734,57.83295837,0,3.261332104,5.439448087,0.615776336,4.101534053,1.759665531,12.64761803,29.61205758,20.44046814,0.595367823,1.958896251,0.600642985,1.018269801
Track_8064,678,678,9,1,0,0,0,1,9,9,18,12.94688989,6.423197388,58.90405167,0,3.418220783,6.464619724,0.329851389,3.494278615,1.82636022,13.84667216,31.41933095,12.94688989,0.412067651,1.438543321,0.420845642,1.967663052
Track_8067,681,681,28,0,0,0,0,0,27,16,43,26.03977689,298.8108,74.72413428,0,1.890647726,3.993463664,0.652350759,1.762157775,0.929483996,44.98459344,51.04748861,26.03977689,0.510108873,0.964436181,0.510108873,1.255233672
Track_8068,682,682,11,0,0,0,0,0,10,15,25,15.74493237,142.1763842,72.90855837,0,3.090983231,5.129934231,1.205093587,3.936231632,1.489840239,35.85124363,30.90983231,16.92420721,0.509382652,1.574493237,0.509382652,1.28933959
Track_8069,683,683,10,1,0,0,0,1,10,15,25,15.51963389,96.90981402,69.37642069,0,2.147245892,3.923026911,0.42380214,1.934907719,1.287939043,22.7595448,23.24823994,15.51963389,0.667561671,1.551963389,0.72276929,1.537122528
Track_8072,686,686,11,0,0,0,0,0,10,14,24,11.7362929,42.76232239,83.09987287,0,1.530695811,2.779830876,0.326276289,1.681142393,0.857203965,31.19823352,15.30695811,11.7362929,0.766729275,1.17362929,0.766729275,1.334489915
Track_8075,689,689,11,0,0,0,0,0,10,13,23,18.94195702,7.268865916,90.29866086,0,2.502460054,3.160960792,1.662728982,2.765151144,0.586836555,29.21527767,25.02460054,18.94195702,0.756933442,1.894195702,0.756933442,1.058786078
Track_8080,694,694,51,1,0,0,0,1,51,10,61,43.91116667,280.160515,88.85498231,0,1.815698645,3.898426827,0.218204117,1.747516252,1.008734172,33.65799863,91.33734044,43.91116667,0.480758105,0.861003268,0.474199433,1.491717679
Track_8084,698,698,33,0,0,0,0,0,32,10,42,37.41320743,317.1793895,85.29772265,0,2.077969854,4.399862178,0.523248407,2.005902073,1.032504204,41.46270217,66.49503534,37.41320743,0.562646628,1.169162732,0.562646628,1.002689239
Track_8091,705,705,9,0,0,0,0,0,8,13,21,13.12094669,256.3589196,91.05816017,0,3.056399009,6.287260145,0.605991799,3.397498508,2.167874413,19.21735864,24.45119207,13.12094669,0.536617874,1.640118337,0.536617874,1.137588954
Track_8096,710,710,34,1,0,0,0,1,34,14,48,48.98507712,252.1410538,108.2486572,0,2.52453646,4.50441037,0.339378306,2.386032909,1.139019496,33.52331903,86.26987061,49.3369532,0.567812108,1.440737562,0.570693902,1.330693484
Track_8098,712,712,16,0,0,0,0,0,15,13,28,19.53015351,389.3069678,97.77334752,0,2.829883842,4.543485686,0.42507094,3.039718213,1.263973201,27.78783196,42.44825763,21.57618316,0.460093172,1.302010234,0.460093172,1.468231433
Track_8108,722,722,12,0,0,0,0,0,11,15,26,19.3344008,267.1365011,101.6304736,0,2.67297684,4.776466889,0.121909982,2.873179636,1.314144842,16.53320098,29.40274524,19.3344008,0.657571279,1.7576728,0.657571279,1.191571614
Track_8109,723,723,13,0,0,0,0,0,12,13,25,15.10206992,87.25483815,104.0024759,0,2.295222754,4.477660948,0.913548416,2.340494038,1.037012858,19.84510447,27.54267305,15.8399915,0.548315332,1.258505827,0.548315332,1.832753604
Track_8112,726,726,17,0,0,0,0,0,16,12,28,21.37943074,204.6783547,106.3441989,0,2.07287538,3.941635713,0.723382459,1.92375183,1.114831554,32.69382129,33.16600609,21.37943074,0.644618791,1.336214421,0.644618791,1.122472674
Track_8116,730,730,9,1,0,0,0,1,9,10,19,12.13194213,161.0223542,115.2602749,0,3.091230341,5.929703406,1.136234575,3.819238056,1.660756078,15.57353973,28.54908079,12.13194213,0.424950359,1.34799357,0.436070244,1.396352889
Track_8122,736,736,13,0,0,0,0,0,12,11,23,14.92062672,171.4598021,118.3592115,0,2.933131697,8.557607704,0.894152911,2.633199289,2.018380319,19.37769281,35.19758036,14.92062672,0.42391058,1.24338556,0.42391058,1.887860621
Track_8124,738,738,16,0,0,0,0,0,15,13,28,18.79070946,136.4801283,113.2245204,0,2.05286455,5.559538481,0.426994253,1.801604846,1.386038051,29.39530158,30.79296825,18.79070946,0.610227287,1.252713964,0.610227287,1.316629428
Track_8128,742,742,15,1,0,0,0,1,15,5,20,15.26893801,175.6876753,129.102387,0,2.149279093,3.630733823,0.9224609,2.08710138,0.863435478,26.15414476,31.2226678,15.26893801,0.48903374,1.017929201,0.473614248,1.462603349
Track_8130,744,744,32,1,0,0,0,1,32,11,43,31.34709464,283.6439074,126.5928707,0,1.934645098,4.069480468,0.2933394,1.88934119,1.040292752,33.33409896,60.61348414,32.32459589,0.517163715,0.979596708,0.506344398,1.295689908
Track_8134,748,748,13,1,0,0,0,1,13,13,26,21.25051774,176.1205913,120.1443567,0,2.323222262,4.324580612,1.018675575,2.179907099,0.996959489,16.3253892,30.63134464,21.25051774,0.693750731,1.634655211,0.703615507,1.054831477
Track_8137,751,751,18,0,0,0,0,0,17,16,33,25.26559097,395.7221616,123.3678073,0,2.332487449,4.230160006,0.485021366,2.329843319,0.991344356,38.73269489,39.65228663,25.26559097,0.637178663,1.486211233,0.637178663,1.45241924
Track_8139,753,753,24,1,0,0,0,1,24,12,36,30.38994557,331.6525108,133.2703099,0,2.345776196,5.214134647,0.538905389,2.179241219,1.259046861,27.59686267,54.88700991,32.80666541,0.55368193,1.266247732,0.539799037,1.144966418
Track_8147,761,761,20,0,0,0,0,0,19,11,30,19.084691,79.65412041,152.5221219,0,2.560030397,4.435660582,0.695121412,2.115602602,1.150529508,25.33622718,48.64057755,23.1782913,0.392361521,1.004457421,0.392361521,1.302826772
Track_8150,764,764,10,2,0,0,0,1,11,12,23,14.95249816,2.031892033,142.7089584,0,2.311323341,4.502602633,0,2.261913734,1.651221156,10.99306936,24.58030853,14.95249816,0.608312062,1.359318015,0.588112442,0.796380418
Track_8154,768,768,21,2,0,0,0,1,22,12,34,25.14635707,252.3366298,149.6505181,0,2.349981121,4.575834061,0.391783563,2.631879469,1.185264748,23.37126237,53.41088751,25.14635707,0.470809572,1.14301623,0.486393793,1.511872502
Track_8156,770,770,20,0,0,0,0,0,19,11,30,32.41673714,435.8001848,149.6957979,0,2.599337837,6.516741581,0.374530797,1.923434992,1.60528162,23.65699823,49.3874189,32.94264501,0.656376419,1.70614406,0.656376419,1.443836042
Track_8157,771,771,31,1,0,0,0,1,31,9,40,36.69363058,174.4365968,151.1520979,0,2.444075256,5.741634797,0.355669579,2.027422129,1.346517426,14.92763187,75.34967981,36.69363058,0.486977923,1.183665502,0.484299941,1.541960599
Track_8161,775,775,23,0,0,0,0,0,22,12,34,28.45252634,90.0455411,156.7343575,0,2.209609739,3.923470507,0.246408342,2.321084891,0.879212541,36.54820293,48.61141426,28.45252634,0.585305463,1.293296652,0.585305463,1.194813079
Track_8166,780,780,13,1,0,0,0,1,13,16,29,13.1531489,237.2167863,156.5572603,0,1.858199943,3.906234609,0.092290201,1.99044781,1.211601963,31.1534206,23.87106572,13.1531489,0.55100803,1.011780685,0.544495058,1.123015026
Track_8168,782,782,22,1,0,0,0,1,22,14,36,32.48450632,378.0165288,159.6170583,0,2.121553248,4.268628975,0.878922577,1.958452218,0.997243833,31.76821191,48.82124718,32.48450632,0.665376413,1.476568469,0.695984638,1.207816481
Track_8169,783,783,12,0,0,0,0,0,11,14,25,16.17454854,258.2897944,158.1376092,0,2.140531393,6.930789671,0.684431312,1.273834327,1.816635423,15.92188724,23.54584532,16.17454854,0.686938537,1.470413504,0.686938537,1.437741942
Track_8171,785,785,14,0,0,0,0,0,13,14,27,19.98927884,154.7320209,170.2566094,0,2.920774997,4.713825104,0.716893837,3.120173974,1.249056334,19.57235289,37.97007496,19.98927884,0.526448232,1.537636834,0.526448232,1.187704786
Track_8173,787,787,10,0,0,0,0,0,9,16,25,22.22001988,446.441502,160.0940197,0,3.122913823,5.49567127,1.152517843,3.432002282,1.325001895,36.39442348,28.10622441,22.22001988,0.790572919,2.468891098,0.790572919,0.929123865
Track_8177,791,791,21,0,0,0,0,0,20,14,34,26.73170387,212.1417681,152.3175575,0,2.194241549,4.383105393,0.174175352,2.125843192,1.084868503,32.55743413,43.88483099,26.73170387,0.609133117,1.336585194,0.609133117,1.349906721
Track_8187,801,801,14,3,0,0,0,1,16,9,25,18.90925855,157.9779003,176.5196337,0,2.614571787,3.834480278,1.155939648,2.753586082,0.753645271,11.5892149,41.86527429,18.90925855,0.451669286,1.181828659,0.452016145,1.214921866
Track_8189,803,803,22,0,0,0,0,0,21,9,30,35.94227551,433.3139433,183.3066613,0,2.349057467,4.550379431,0.477159307,2.589859523,1.165998112,30.95361233,49.3302068,37.45496488,0.728605815,1.711536929,0.728605815,1.080368229
Track_8191,805,805,15,1,0,0,0,1,15,15,30,19.09008626,223.1548955,174.6123922,0,2.41304386,3.873604603,0.860132072,2.536832266,0.960924145,27.0027765,37.43285696,19.09008626,0.50998208,1.272672417,0.527413711,1.544668638
Track_8197,811,811,14,0,0,0,0,0,13,16,29,14.92556834,251.3394081,188.8227246,0,2.26279385,5.278689889,0.634692507,2.357952785,1.280884797,30.36032942,29.41632005,14.92556834,0.507390738,1.148120641,0.507390738,1.284227865
Track_8201,815,815,13,0,0,0,0,0,12,15,27,20.96624349,388.6340106,192.2773891,0,2.265537236,4.076199871,0.799444187,2.169562089,1.164559851,27.42063181,27.18644684,20.96624349,0.771202049,1.747186958,0.771202049,1.033165999
Track_8202,816,816,15,1,0,0,0,1,15,12,27,16.317624,420.6096877,191.2867944,0,2.451677184,4.691235717,0.828620259,2.581590727,1.081751457,15.60047652,36.3417786,16.317624,0.449004551,1.0878416,0.443713229,1.078186592
Track_8207,821,821,14,0,0,0,0,0,13,11,24,16.09848142,374.065723,193.9741894,0,1.886068715,5.769751007,0.333803121,1.653820551,1.427409192,27.84023898,24.5188933,16.09848142,0.656574554,1.238344725,0.656574554,1.360562795
Track_8210,824,824,23,1,0,0,0,1,23,16,39,23.48567855,442.3719324,193.9449863,0,2.504580203,4.532591978,0.240495745,2.582761685,1.256557754,18.82966954,57.57193539,23.48567855,0.407936235,1.021116459,0.407699645,1.37046157
Track_8211,825,825,26,2,0,0,0,1,27,9,36,28.63100508,233.5938674,191.9662505,0,2.157588777,4.280183679,0.516067498,1.976591202,1.019276678,32.6930389,59.15971243,30.00724422,0.483961194,1.060407595,0.491478083,1.422628864
Track_8223,837,837,20,2,0,0,0,1,21,16,37,19.52036985,53.91504205,201.8476368,0,2.233966539,4.309607515,0.530669941,2.31294172,1.008438588,16.95977175,47.5494307,22.20210842,0.41052794,0.929541421,0.416094603,1.161567262
Track_8234,848,848,10,0,0,0,0,0,9,2,11,13.99818916,124.0664775,124.4919671,0,3.093373954,5.0049558,1.70589702,2.500706386,1.131267405,13.46336122,27.84036558,13.99818916,0.502801916,1.555354351,0.502801916,1.216997697
Track_8312,926,926,10,1,0,0,0,1,10,11,21,13.98735695,167.9877516,84.38157198,0,3.014528106,4.016529648,2.109709478,3.18357836,0.832008204,17.78840446,30.92045793,13.98735695,0.452365776,1.398735695,0.463998226,1.745957257
Track_8327,941,941,52,4,0,0,0,1,55,6,61,45.1223959,270.1171114,149.5775342,0,2.153042719,4.812606175,0.05268859,2.255497963,1.064900423,33.4333811,117.205562,45.1223959,0.384985108,0.820407198,0.381045481,1.615224456
Track_8338,952,952,12,1,0,0,0,1,12,14,26,19.70960115,284.0618581,171.2881674,0,2.85317878,4.919727491,0.561523009,3.365641729,1.353216332,30.38488595,32.82309968,19.70960115,0.600479581,1.642466763,0.575662056,1.454693385
Track_8353,967,967,15,1,0,0,0,1,15,9,24,16.01697035,19.49294233,21.66966619,0,2.267601347,4.187715534,0.923345797,2.213317856,0.931489734,20.31795629,35.93413439,16.5256086,0.445731353,1.067798024,0.470893186,1.604206449
Track_8409,1023,1023,36,1,0,0,0,1,36,15,51,36.58344215,131.9341651,107.0147426,0,2.186013641,6.55659915,0.402342864,2.086205656,1.186413835,28.8171283,77.97121407,38.66637088,0.469191644,1.016206726,0.464867514,1.608117758
Track_8410,1024,1024,23,3,0,0,0,1,25,15,40,24.52895464,122.0146862,127.3983025,0,2.680943143,7.456527483,0.580711859,2.284716147,1.739312954,22.77282914,64.55574745,24.84476682,0.379965466,0.981158185,0.365975007,1.438985851
Track_8414,1028,1028,11,2,0,0,0,1,12,11,23,12.67527808,319.7535372,140.4896228,0,2.75563184,5.555187475,0.749980338,2.609623193,1.387111934,22.25838783,32.43984322,12.73266067,0.390731792,1.056273174,0.38331433,1.090540468
Track_8483,1097,1097,21,1,0,0,0,1,21,18,39,22.89867132,209.8013336,89.02921907,0,2.293662718,5.188659522,0.847735626,1.948333515,1.147310182,27.99740637,49.47413803,22.89867132,0.462841239,1.09041292,0.475402469,1.487651861
Track_8486,1100,1100,24,0,0,0,0,0,23,18,41,30.49481196,275.4457147,93.58214225,0,2.384756023,4.781235256,1.134344862,2.324382732,0.800099835,42.62935281,54.84938853,30.49481196,0.555973599,1.32586139,0.555973599,1.284350828
Track_8489,1103,1103,22,4,0,0,0,1,25,18,43,26.31659663,224.6681691,109.0445,0,2.66788664,5.143620777,0.1878741,2.47948507,1.165857079,14.38652353,64.02713902,26.31659663,0.411022529,1.052663865,0.394568438,1.422400493
Track_8494,1108,1108,13,0,0,0,0,0,12,18,30,18.50650755,84.92197104,120.9199314,0,2.552086193,4.358473561,0.727119524,2.829827273,1.253894782,29.20469277,30.62503432,18.50650755,0.604293447,1.542208962,0.604293447,1.260400568
Track_8499,1113,1113,40,0,0,0,0,0,39,18,57,28.27524861,211.6952666,139.1032927,0,1.957381204,4.689408485,0.366444483,2.103699447,0.977865856,35.25884613,76.33786697,30.51155234,0.370396105,0.725006375,0.370396105,1.244211149
Track_8502,1116,1116,9,0,0,0,0,0,8,18,26,15.52178353,445.471938,137.0830152,0,2.583975185,4.698352543,0.894148721,2.926019326,1.536511891,17.82380629,20.67180148,15.52178353,0.750867482,1.940222942,0.750867482,1.02371852
Track_8506,1120,1120,13,0,0,0,0,0,12,17,29,16.54166364,405.0856514,150.1344391,0,2.418823622,4.101588159,0.508282379,2.319280136,1.202757197,25.60044575,29.02588346,18.49013738,0.569893546,1.37847197,0.569893546,1.362026301
Track_8522,1136,1136,16,0,0,0,0,0,15,18,33,33.93431836,410.4252973,177.7512295,0,3.36567931,8.577250025,0.354802824,2.609503566,2.568412223,19.29415032,50.48518965,33.93431836,0.672163828,2.26228789,0.672163828,1.24218083
Track_8524,1138,1138,12,0,0,0,0,0,11,17,28,11.97833179,79.08931931,191.648534,0,2.610217031,4.516356112,1.031008616,2.424036201,1.165672848,15.31441621,28.71238734,15.06628296,0.417183414,1.088939253,0.417183414,1.320514588
Track_8539,1153,1153,17,0,0,0,0,0,16,18,34,16.58833547,227.7293486,40.45289601,0,2.153129781,7.383174075,0.10739814,1.9021802,1.667774772,28.07612279,34.45007649,16.58833547,0.481518103,1.036770967,0.481518103,1.689843009
Track_8595,1209,1209,33,2,0,0,0,1,34,17,51,36.05690631,410.6441316,137.5137483,0,2.780570793,7.23062054,0.388912049,2.51840614,1.569124108,22.70676782,92.90365781,38.17559765,0.388110728,1.060497244,0.38139552,1.286275796
Track_8596,1210,1210,9,0,0,0,0,0,8,17,25,20.81620936,68.51890791,141.7401749,0,3.260564854,8.20938029,0.473297295,2.774961495,2.265501069,31.75979688,26.08451883,20.81620936,0.798029264,2.602026169,0.798029264,1.093274226
Track_8612,1226,1226,17,0,0,0,0,0,16,20,36,17.81847836,34.40269002,181.3900254,0,2.247948699,6.937855814,0.518070439,2.201117688,1.572142775,24.69235667,35.96717918,17.88897916,0.495409392,1.113654898,0.495409392,1.410537678
Track_8639,1253,1253,13,0,0,0,0,0,12,20,32,17.65827723,28.53442691,20.59217124,0,2.792453294,4.393896518,1.441649883,2.9295006,0.945813229,26.34890879,33.50943953,17.65827723,0.526964267,1.471523103,0.526964267,1.645400248
Track_8645,1259,1259,18,0,0,0,0,0,17,19,36,24.91646701,176.1171154,21.11644494,0,2.69318968,7.76619231,0.233504865,2.208423755,2.118555985,16.57501594,45.78422455,24.91646701,0.544215115,1.46567453,0.544215115,1.308025658
Track_8648,1262,1262,23,0,0,0,0,0,22,21,43,18.30843202,143.2894547,42.95112344,0,1.717287111,3.439690952,0.361170907,1.551372562,0.836460572,31.29924231,37.78031644,18.30843202,0.4846024,0.832201456,0.4846024,1.497618523
Track_8659,1273,1273,41,1,0,0,0,1,41,19,60,38.31437666,322.6737413,71.52535871,0,2.251909292,7.605802273,0.367931915,2.005611371,1.387956833,34.5132199,93.73340278,38.31437666,0.40875905,0.934496992,0.414979855,1.348770681
Track_8673,1287,1287,11,1,0,0,0,1,11,19,30,21.01564295,367.0450813,77.86075427,0,2.965025618,5.799349797,0.606344581,2.970943015,1.590497029,18.89182303,32.62119919,22.60990874,0.644232691,1.910512996,0.644349575,1.099647693
Track_8674,1288,1288,10,1,0,0,0,1,10,21,31,13.00347779,244.3366681,82.92792383,0,1.984907801,4.746905252,0.418019136,1.611214423,1.341616575,31.03135881,19.97830419,13.00347779,0.650879958,1.300347779,0.655117471,1.25740861
Track_8681,1295,1295,14,0,0,0,0,0,13,20,33,17.16271214,48.66121039,102.5478639,0,2.403387559,7.010630509,0.278515655,1.78378923,1.891607047,15.60964489,31.24403827,17.16271214,0.549311584,1.320208626,0.549311584,1.382199252
Track_8684,1298,1298,33,0,0,0,0,0,32,21,53,35.02379809,281.4747746,102.8696121,0,2.010289275,4.428707535,0.312894843,2.024301986,1.111228326,34.24791215,64.32925679,36.15881889,0.544445869,1.09449369,0.544445869,1.218747233
Track_8688,1302,1302,29,0,0,0,0,0,28,21,49,26.29419298,357.351637,123.1362597,0,2.427336335,5.545163441,0.435239635,2.215903883,1.379110897,29.53840948,67.96541739,31.77546966,0.386876061,0.939078321,0.386876061,1.213418598
Track_8689,1303,1303,12,0,0,0,0,0,11,19,30,17.39271888,216.2976195,125.3249803,0,2.414898393,4.325408251,0.784430508,2.537510052,1.237901063,24.51462694,26.56388232,17.39271888,0.654750637,1.581156262,0.654750637,1.194880529
Track_8690,1304,1304,21,0,0,0,0,0,20,20,40,32.3260028,272.3351555,117.0136263,0,3.250235909,5.833487873,1.010332213,3.108867366,1.314174789,22.91103358,65.00471817,32.3260028,0.497287023,1.61630014,0.497287023,1.251722945
Track_8692,1306,1306,21,0,0,0,0,0,20,20,40,34.04202054,349.7881374,111.4712961,0,2.705505141,4.934457571,0.384182335,2.695453198,1.348162327,17.97863218,54.11010282,34.0541045,0.629125039,1.702101027,0.629125039,1.036680611
Track_8703,1317,1317,39,3,0,0,0,1,41,19,60,42.44887638,325.5303843,148.2568852,0,1.848229729,3.868361424,0.329807565,1.762291818,0.983301414,23.6941039,76.13138351,42.44887638,0.557573952,1.035338448,0.560178441,1.15785139
Track_8704,1318,1318,24,2,0,0,0,1,25,20,45,34.79804404,37.2227604,144.9060018,0,2.518486625,6.46275671,0.187590254,2.147635322,1.709879461,14.07589392,61.06099794,34.79804404,0.569889868,1.391921762,0.552681816,1.252591102
Track_8705,1319,1319,17,0,0,0,0,0,16,19,35,20.26227251,149.2429672,154.2515808,0,3.151373279,8.254262173,1.81906335,2.674004451,1.557118613,19.86394616,50.42197246,21.12410213,0.401854024,1.266392032,0.401854024,1.420856367
Track_8707,1321,1321,24,2,0,0,0,1,25,21,46,25.35728501,345.6100655,155.2802023,0,2.499442214,4.419518855,0.353059008,2.566105852,1.212406032,19.60526623,62.68399129,26.02819821,0.404525693,1.0142914,0.405807102,1.581395109
Track_8710,1324,1324,12,0,0,0,0,0,11,19,30,19.6388371,135.6791958,169.2216051,0,2.559028503,4.920125408,0.789518885,2.308482708,1.152784567,21.17849008,28.14931353,19.6388371,0.697666644,1.785348828,0.697666644,1.005680116
Track_8713,1327,1327,9,1,0,0,0,1,9,21,30,14.80080512,212.7101572,172.8713771,0,2.505528578,4.173387237,0.93578117,2.525601019,1.044727025,30.09735001,24.21761586,14.80080512,0.611158637,1.644533902,0.656362061,0.9660589
Track_8718,1332,1332,17,0,0,0,0,0,16,21,37,21.61105142,352.0891041,170.5365627,0,2.469493439,4.925599789,0.322848959,2.125034858,1.297011562,36.07466305,39.51189502,22.02536664,0.546950517,1.350690714,0.546950517,1.324884741
Track_8719,1333,1333,53,2,0,0,0,1,54,19,73,57.26648967,327.7273264,161.8414386,0,2.264270879,4.837768112,0.227819583,2.093341447,1.16240526,31.03179767,120.5363608,57.26648967,0.475097218,1.060490549,0.468358516,1.306503199
Track_8723,1337,1337,20,1,0,0,0,1,20,20,40,22.52276725,269.5599353,167.0833645,0,2.292191706,6.278733799,0.645804476,2.046663043,1.442886839,20.07427523,47.36264591,22.52276725,0.475538619,1.126138362,0.491293272,1.276791742
Track_8725,1339,1339,18,2,0,0,0,1,19,19,38,30.76675584,431.1086929,190.4102396,0,2.987880088,4.752796534,0.571200626,3.130677745,1.027887751,21.11160294,55.67946064,30.76675584,0.552569215,1.619302939,0.541957137,1.496376985
Track_8747,1361,1361,11,1,0,0,0,1,11,19,30,20.69678778,201.8503782,84.18268333,0,3.086809769,4.098030857,1.706321646,3.331026104,0.790552441,22.81306778,33.93843774,20.69678778,0.60983325,1.881526162,0.609537452,1.103622341
Track_8758,1372,1372,23,2,0,0,0,1,24,25,49,31.97312613,436.9133016,165.25104,0,2.85414686,6.000192224,1.121358194,2.957720282,1.241397636,27.27194749,67.25772533,31.97312613,0.47538221,1.332213589,0.466764205,1.437065711
Track_8760,1374,1374,25,2,0,0,0,1,26,25,51,40.7932509,396.1393603,140.0175975,0,2.648105861,4.939557134,0.501693886,2.658083621,1.20563308,28.46791809,68.75546083,40.7932509,0.59330925,1.568971189,0.592488092,1.274280578
Track_8763,1377,1377,13,0,0,0,0,0,12,24,36,14.7597959,406.4032181,163.5626678,0,2.811445458,4.79658258,1.31694756,2.959967429,1.022452968,27.88193871,33.7373455,14.7597959,0.437491322,1.229982991,0.437491322,1.644954797
Track_8764,1378,1378,13,1,0,0,0,1,13,25,38,23.70392477,440.2773507,163.7764046,0,2.921202203,6.027655543,0.16164023,3.519776907,1.665880902,38.27732981,39.25942966,23.70392477,0.603776595,1.823378828,0.624187818,0.928576566
Track_8774,1388,1388,24,1,0,0,0,1,24,24,48,22.91911643,68.02476959,178.8578119,0,2.30182081,4.770645382,0.064907535,2.031146375,1.103985792,28.49821703,54.59973109,22.91911643,0.419766105,0.954963185,0.414872948,1.449207115
Track_8778,1392,1392,15,1,0,0,0,1,15,24,39,26.73577073,437.5895237,179.675635,0,2.626273308,4.562242669,0.475554447,2.928375989,1.206268963,19.82448543,38.62958758,26.73577073,0.692106036,1.782384716,0.678674497,0.981534504
Track_8782,1396,1396,8,1,0,0,0,1,8,23,31,13.12380008,389.5591894,188.6450746,0,2.872520386,4.309297423,0.469549258,3.498393387,1.337554272,19.26747406,23.60603609,13.12380008,0.55595103,1.640475009,0.571092556,1.236036304
Track_8785,1399,1399,20,1,0,0,0,1,20,23,43,21.3763573,425.448762,193.0760022,0,2.569346235,4.807829506,0.767473255,2.455024684,1.100162736,29.32674584,50.66105516,21.3763573,0.421948521,1.068817865,0.415988258,1.03155478
Track_8788,1402,1402,23,0,0,0,0,0,22,25,47,18.23575288,418.6602878,201.0221072,0,2.199890079,4.843385527,0.303844612,1.904013153,1.203464397,32.6720795,48.39758175,18.76652556,0.37679058,0.828897858,0.37679058,1.560842357
Track_8801,1415,1415,9,0,0,0,0,0,8,25,33,12.76610993,220.8356464,27.75822186,0,2.853571977,4.570210818,0.388798015,3.411967312,1.506308111,15.76149352,22.82857582,14.8422999,0.559216222,1.595763741,0.559216222,1.256463411
Track_8808,1422,1422,21,0,0,0,0,0,20,23,43,20.23969334,197.3612229,50.42950042,0,2.598823776,5.19486314,1.068861063,2.59282465,1.001814174,30.89973631,51.97647552,20.23969334,0.389401035,1.011984667,0.389401035,1.857457214
Track_8813,1427,1427,16,1,0,0,0,1,16,25,41,13.12630112,152.51444,54.27835408,0,2.100711407,4.058907594,0.620916217,2.146615439,1.00676305,14.33208495,32.89452604,13.12630112,0.399042111,0.82039382,0.390531426,1.647384676
Track_8815,1429,1429,26,1,0,0,0,1,26,24,50,36.25429339,25.48745689,60.71979238,0,3.192977604,5.405691173,0.899683447,2.983864982,1.224585334,16.48742302,81.64945267,36.25429339,0.444023716,1.3943959,0.436707072,1.270121112
Track_8816,1430,1430,15,0,0,0,0,0,14,23,37,26.62312483,335.2528801,58.74752684,0,3.163027526,5.737637508,0.154974116,3.311611632,1.43511572,23.12505366,44.28238537,30.00637654,0.601212527,1.901651773,0.601212527,1.32119267
Track_8820,1434,1434,20,1,0,0,0,1,20,23,43,21.71478284,11.56426123,64.60525505,0,1.85818301,4.383504878,0.055658103,1.577684807,1.228108937,21.60579734,36.39154386,21.98072857,0.596698588,1.085739142,0.584301512,1.630274969
Track_8823,1437,1437,20,0,0,0,0,0,19,23,42,18.78850767,224.1239678,63.33032365,0,2.120633844,4.824568117,0.484899985,1.935644718,1.215872036,34.53305349,40.29204303,18.78850767,0.466308141,0.988868825,0.466308141,1.250841894
Track_8824,1438,1438,38,2,0,0,0,1,39,25,64,50.95552421,93.63464908,89.63049766,0,2.679047049,5.55083239,0.235667138,2.738934648,1.317834971,31.20560135,105.9893777,53.05644262,0.48076067,1.306551903,0.48769278,1.286954146
Track_8826,1440,1440,14,0,0,0,0,0,13,25,38,16.16785445,140.552275,76.92301592,0,3.02544401,5.876964429,1.041823675,2.846298943,1.275416149,27.1855854,39.33077214,16.16785445,0.411073914,1.243681111,0.411073914,1.388958849
Track_8840,1454,1454,20,0,0,0,0,0,19,22,41,20.99588709,75.49376488,107.4536371,0,2.443535968,6.561331135,0.365471673,1.83365583,1.711842594,29.82253366,46.4271834,20.99588709,0.452232627,1.105046689,0.452232627,1.318499239
Track_8842,1456,1456,19,0,0,0,0,0,18,22,40,15.70504587,263.4338465,112.3297451,0,1.835980339,3.146860861,0.596289493,1.660894418,0.789618984,33.04400058,33.0476461,15.70504587,0.475224342,0.872502548,0.475224342,1.355462808
Track_8848,1462,1462,53,1,0,0,0,1,53,22,75,61.47909584,160.7582172,122.9713714,0,2.052827833,4.422175202,0.30329018,2.04988124,0.980175386,47.0337241,109.1819754,62.54976325,0.563088327,1.15998294,0.565065867,1.141737081
Track_8849,1463,1463,9,0,0,0,0,0,8,22,30,14.27835582,64.87806849,134.1107696,0,2.537143963,3.577655589,1.367178089,2.681264997,0.876149602,30.86143737,20.29715171,14.31216794,0.703465985,1.784794478,0.703465985,1.171798423
Track_8851,1465,1465,11,0,0,0,0,0,10,23,33,26.57971118,33.85832122,136.5857706,0,2.960160116,5.099190584,1.650568715,2.99442586,1.110898018,16.94394753,29.60160116,26.57971118,0.897914645,2.657971118,0.897914645,0.580548403
Track_8862,1476,1476,9,1,0,0,0,1,9,22,31,12.64618196,109.8795488,93.41702599,0,2.665381229,3.623641454,1.575387746,2.946413684,0.716278275,12.53771242,24.26946352,12.64618196,0.521073816,1.405131329,0.527178369,1.250812461
Track_8869,1483,1483,11,0,0,0,0,0,10,22,32,11.76647601,338.4058972,142.2022659,0,2.393230185,6.492630019,0.827025373,2.134270061,1.601956441,25.14166086,23.93230185,13.01394491,0.491656677,1.176647601,0.491656677,1.449770859
Track_8875,1489,1489,16,1,0,0,0,1,16,26,42,13.06469206,311.8813445,158.6593593,0,2.095127873,4.512723388,0.573006281,1.789067869,1.295019045,33.27044964,33.21598596,13.16009597,0.393325433,0.816543254,0.389734328,1.373436541
Track_8878,1492,1492,16,1,0,0,0,1,16,26,42,13.93341275,157.2462808,168.6740924,0,1.799140138,3.831862825,0.452911341,1.948496985,1.10425471,17.1058583,27.85483248,13.93341275,0.500215277,0.870838297,0.484030276,1.621298194
Track_8879,1493,1493,16,0,0,0,0,0,15,27,42,18.57345556,50.1091994,161.8736788,0,2.641997652,8.565849788,0.284583945,2.276039405,2.051536477,39.21625125,39.62996478,18.57345556,0.468672018,1.238230371,0.468672018,1.453880045
Track_8883,1497,1497,14,0,0,0,0,0,13,27,40,12.27322566,361.9991408,168.6437866,0,2.038145665,4.436802506,0.29920015,1.862731218,1.202396843,28.10100055,26.49589364,12.27322566,0.463212369,0.944094281,0.463212369,1.521372331
Track_8885,1499,1499,11,0,0,0,0,0,10,27,37,22.2528731,19.14738171,166.2448114,0,3.181053319,5.852121082,1.408434551,3.12981828,1.559558228,27.13098023,31.81053319,22.2528731,0.699544172,2.22528731,0.699544172,1.025182162
Track_8893,1507,1507,37,1,0,0,0,1,37,27,64,40.54301145,40.71575254,168.9045261,0,2.198395984,4.602005165,0.659317589,1.937715121,1.158120249,33.6298708,80.67391853,40.54301145,0.502554136,1.095757066,0.498434802,1.098947252
Track_8907,1521,1521,27,1,0,0,0,1,27,27,54,25.59235017,22.49375417,196.0631034,0,2.102616124,5.902669995,0.183724777,2.129824861,1.368939086,20.39137911,58.52576747,26.23947109,0.437283461,0.947864821,0.450802603,1.325101885
Track_8917,1531,1531,14,2,0,0,0,1,15,26,41,15.40017564,9.77870856,27.82042232,0,2.114560753,3.11044099,0.988690439,2.18072275,0.739789957,15.31816237,32.47841005,15.40017564,0.47416655,1.026678376,0.485527964,1.396402909
Track_8920,1534,1534,31,1,0,0,0,1,31,26,57,28.31702518,113.5137166,43.92983981,0,2.438229077,4.825245108,0.400922824,2.532729927,1.079290823,28.75132222,73.85547641,28.31702518,0.383411313,0.913452425,0.374637656,1.308242475
Track_8923,1537,1537,21,2,0,0,0,1,22,27,49,18.28427364,156.7001885,47.85156221,0,1.973699414,4.071401781,0.175373437,1.801808223,1.354076825,27.99250478,40.79418907,21.14787387,0.448207798,0.831103347,0.421089119,1.506104627
Track_8933,1547,1547,20,0,0,0,0,0,19,27,46,18.46360904,179.7595673,74.96902163,0,2.286993804,4.866833305,0.566235235,2.385963573,1.320096135,33.50663376,43.45288228,18.46360904,0.424911032,0.971768897,0.424911032,2.107194491
Track_8935,1549,1549,10,1,0,0,0,1,10,27,37,12.26682726,59.36920075,76.12078809,0,2.469905063,4.369854469,0.300280713,2.870700901,1.535834484,24.92455239,22.919191,12.26682726,0.535220779,1.226682726,0.496651772,1.49976328
Track_8938,1552,1552,11,0,0,0,0,0,10,27,37,14.95358887,79.77421068,76.31937684,0,2.623735641,5.285399192,0.901585966,3.048113827,1.278087107,24.56469224,26.23735641,14.95358887,0.569935044,1.495358887,0.569935044,1.170056788
Track_8946,1560,1560,8,1,0,0,0,1,8,23,31,18.07808852,245.5840012,100.8706223,0,3.016525055,4.359236712,1.628779417,2.71843102,0.963345266,19.06578028,23.71689481,18.07808852,0.76224517,2.259761065,0.749127232,1.086960488
Track_8949,1563,1563,10,0,0,0,0,0,9,26,35,14.38533785,157.2048086,119.649672,0,2.272675809,4.209843656,0.036785799,1.78788662,1.387917156,25.94921045,20.45408228,14.38533785,0.703299109,1.598370872,0.703299109,1.412493697
Track_8950,1564,1564,13,0,0,0,0,0,12,27,39,15.66246114,385.5171705,102.7406466,0,2.164798562,4.103104106,0.447200714,2.018681626,1.048093014,33.13397686,25.97758274,15.66246114,0.602922192,1.305205095,0.602922192,1.235652861
Track_8955,1569,1569,25,0,0,0,0,0,24,27,51,38.95851901,183.9574027,127.6531972,0,2.496416696,4.725901008,0.277937295,2.463571582,1.049599746,33.5593214,59.91400071,38.95851901,0.650240654,1.623271625,0.650240654,0.980310076
Track_8956,1570,1570,9,1,0,0,0,1,9,26,35,17.0900761,404.990929,125.6347902,0,2.962998157,3.992793809,1.940743119,3.537600513,0.783805589,10.2427801,27.69677906,17.0900761,0.617042005,1.898897344,0.640870241,1.464247802
Track_8958,1572,1572,19,0,0,0,0,0,18,27,45,21.06929144,64.25223787,133.2593073,0,2.224390768,5.295751085,0.521507439,1.822439438,1.307189118,23.34489797,40.03903382,21.06929144,0.526218778,1.170516191,0.526218778,1.307652174
Track_8960,1574,1574,36,2,0,0,0,1,37,27,64,50.43379339,86.85002994,118.4395197,0,2.599463074,7.508315504,0.176142138,2.377117139,1.678548369,26.4694027,93.5898671,51.71047622,0.538880917,1.363075497,0.524368094,1.403778128
Track_8961,1575,1575,13,3,0,0,0,1,15,23,38,33.61118997,58.52607701,124.6473542,0,2.978476882,7.463781049,0.474506803,2.472703782,2.049236221,12.5922221,44.6639628,33.61118997,0.752534882,2.240745998,0.752312704,0.841735733
Track_8962,1576,1576,35,1,0,0,0,1,35,26,61,43.75213286,355.6538798,140.6617662,0,2.14891494,4.790517512,0.353583918,2.138177413,1.021566529,30.71308812,75.81405313,43.75213286,0.577097926,1.250060939,0.581717273,1.487410336
Track_8963,1577,1577,11,0,0,0,0,0,10,27,37,19.79729454,409.9180678,138.5113187,0,3.055192936,5.071087807,1.306718402,2.894656163,1.27410284,25.98429663,30.55192936,19.79729454,0.647988358,1.979729454,0.647988358,0.945700788
Track_8964,1578,1578,20,0,0,0,0,0,19,27,46,27.57313241,294.5489045,144.8973229,0,2.611213508,4.718954063,0.544401626,2.559956392,1.047614938,25.56684496,49.61305664,27.57313241,0.555763629,1.451217495,0.555763629,1.570317384
Track_9005,1619,1619,34,1,0,0,0,1,34,29,63,31.64238101,265.0178536,188.9395021,0,1.812256916,3.092432968,0.69207285,1.710602163,0.630769701,40.4778568,61.54552365,31.64238101,0.51412969,0.930658265,0.513535502,1.152776091
Track_9007,1621,1621,9,1,0,0,0,1,9,28,37,11.76875486,333.8570641,66.92399482,0,2.628604545,4.778220658,1.545906832,2.15478707,1.162254467,16.06312879,22.95571576,11.76875486,0.512672094,1.307639429,0.497465254,1.353509576
Track_9024,1638,1638,10,0,0,0,0,0,9,29,38,13.54570516,85.21198984,89.49271944,0,3.92216886,6.218770571,2.219677274,3.989780265,1.290347695,10.4334341,35.29951974,13.54570516,0.383736245,1.505078351,0.383736245,1.782636357
Track_9035,1649,1649,14,1,0,0,0,1,14,28,42,20.55882666,199.8543956,32.30863959,0,3.048651877,4.916470442,1.427575531,2.689103993,1.160936366,22.87560293,43.7717537,20.55882666,0.469682499,1.468487619,0.481684258,1.46696119
Track_9037,1651,1651,54,0,0,0,0,0,53,29,82,57.58648444,291.1148674,124.7981378,0,2.675305268,5.659245849,0.403738543,2.595101635,1.09984536,35.04215979,141.7911792,58.5547034,0.406135874,1.086537442,0.406135874,1.384014755
Track_9038,1652,1652,17,0,0,0,0,0,16,28,44,15.96477928,341.0380101,28.2065847,0,2.461388734,7.13639246,0.955691468,2.142467881,1.438824959,15.37310491,39.38221975,16.90677939,0.405380382,0.997798705,0.405380382,1.253015907
Track_9040,1654,1654,28,1,0,0,0,1,28,29,57,30.7429703,140.9082637,134.9288135,0,2.007895854,4.966049035,0.433055345,1.792134649,1.13653288,30.43131684,56.57378552,30.7429703,0.543413703,1.097963225,0.546822796,1.150376469
Track_9042,1656,1656,19,1,0,0,0,1,19,28,47,22.98384506,258.9648222,133.1798765,0,2.162713617,4.712439683,0.43227434,1.893735897,1.195346919,38.53239039,39.45859732,22.98384506,0.582480033,1.209676056,0.559332519,1.273083257
Track_9054,1668,1668,13,1,0,0,0,1,13,29,42,20.4241808,385.8489107,134.2697278,0,3.023216385,5.63618258,0.547968847,3.194976573,1.452959863,15.05739597,38.41576978,20.94439444,0.53166137,1.571090831,0.519675283,1.114477497
Track_9059,1673,1673,14,0,0,0,0,0,13,28,41,16.66291378,431.0704194,157.2429226,0,2.532679532,4.407100596,0.598276933,3.009558162,1.187973127,24.06102562,32.92483392,17.38753454,0.506089532,1.281762598,0.506089532,1.141458085
Track_9064,1678,1678,9,0,0,0,0,0,8,28,36,12.70302595,289.239957,50.82651725,0,2.561686469,4.189590175,1.314467742,2.444095664,1.019339784,39.04175271,20.49349175,12.70302595,0.619856592,1.587878244,0.619856592,1.151559129
Track_9066,1680,1680,24,0,0,0,0,0,23,28,51,30.72677819,370.8339649,163.2030944,0,2.688677374,5.7726405,0.513124063,2.483115778,1.328486624,31.78623617,61.83957959,32.73562183,0.496878834,1.335946878,0.496878834,1.286331262
Track_9068,1682,1682,9,0,0,0,0,0,8,28,36,13.78683127,400.633815,144.7901507,0,2.603945334,5.134465076,0.325130408,2.278937707,1.549494693,19.41109292,20.83156267,13.94623032,0.661824151,1.723353909,0.661824151,1.060196032
Track_9073,1687,1687,12,1,0,0,0,1,12,28,40,12.35339631,106.002778,30.82757504,0,2.772697337,8.393735654,0.631858717,2.076676123,2.508740232,12.26713602,32.57634683,12.35339631,0.379213678,1.029449692,0.371280947,1.648730876
Track_9092,1706,1706,28,0,0,0,0,0,27,30,57,30.30483389,260.4108921,133.4633845,0,2.547482394,5.499692263,0.828889222,2.218963702,1.197896095,36.08605272,68.78202463,30.30483389,0.44059235,1.122401255,0.44059235,1.619920495
Track_9100,1714,1714,24,2,0,0,0,1,25,30,55,26.99285198,299.8497868,154.3210204,0,1.871604535,4.139272185,0.364389959,1.771873318,1.119356597,39.97373827,48.25810391,27.19209691,0.559343401,1.079714079,0.576892212,1.405481459
Track_9114,1728,1728,30,0,0,0,0,0,29,30,59,28.35280619,54.50671204,57.89276254,0,2.52713556,6.431552138,0.592501609,2.267248948,1.261693544,26.22043149,73.28693123,28.35280619,0.386873972,0.977682972,0.386873972,1.137526209
Track_9115,1729,1729,11,1,0,0,0,1,11,30,41,12.47863973,102.6201166,66.88901136,0,2.637966834,5.114305913,0.471031154,2.881204865,1.375384387,28.99682444,26.85069949,12.47863973,0.4647417,1.134421794,0.430036412,1.266231963
Track_9117,1731,1731,21,3,0,0,0,1,23,30,53,21.22407404,250.4788076,77.81418113,0,2.108611128,3.626181152,0.533306142,2.240600416,0.915070476,18.21436712,47.53011004,24.02149881,0.446539552,0.922785828,0.437627316,1.209891198
Track_9121,1735,1735,19,0,0,0,0,0,18,30,48,25.44924373,43.06249203,84.75539202,0,2.564601054,6.169466846,0.356234977,2.456646746,1.352778241,30.90135353,46.16281896,27.1542064,0.551293103,1.413846874,0.551293103,1.420349061
Track_9129,1743,1743,11,1,0,0,0,1,11,30,41,14.93063334,330.8298426,199.1242045,0,2.460409341,5.722672177,0.362055394,2.595601373,1.726876517,15.73689773,27.19969479,14.93063334,0.548926503,1.357330304,0.551668489,1.374320841
Track_9130,1744,1744,33,1,0,0,0,1,33,30,63,42.79294728,233.793174,86.79287653,0,2.53429632,7.129463656,0.182822207,2.380391602,1.558543503,24.05277778,84.00025574,42.79294728,0.509438298,1.296755978,0.511682856,1.192558259
Track_9137,1751,1751,10,1,0,0,0,1,10,30,40,12.68770419,48.39828548,118.8887737,0,2.917924876,3.599914561,1.621511183,3.307196248,0.767281819,12.36924496,29.33785871,14.70927591,0.432468651,1.268770419,0.434819426,1.388112729
Track_9147,1761,1761,29,2,0,0,0,1,30,31,61,35.37041405,211.2852627,130.2484698,0,2.238891249,4.092623455,0.292916637,2.476182072,1.109919775,25.44134594,67.16443426,38.10982024,0.526624164,1.179013802,0.526606106,1.275327702
Track_9149,1763,1763,12,1,0,0,0,1,12,31,43,14.31216127,190.7393904,152.0029415,0,2.69140866,4.42357729,0.413923003,2.54151575,1.248252887,19.47066061,33.90067866,19.11269222,0.422179196,1.192680106,0.443143445,1.198823358
Track_9155,1769,1769,9,2,0,0,0,1,10,31,41,20.71089391,165.700204,180.7044407,0,2.803030877,6.374493987,0.348834803,2.777881395,1.865916522,12.6553518,28.20406137,20.71089391,0.734323105,2.071089391,0.738874983,1.525792514
Track_9156,1770,1770,17,2,0,0,0,1,18,31,49,20.83635181,446.1213466,175.8437606,0,2.738057178,5.347687124,0.445633195,3.191062073,1.502568285,21.54687113,51.08324005,23.09073303,0.407890177,1.157575101,0.422772435,1.548534412
Track_9157,1771,1771,14,0,0,0,0,0,13,31,44,12.51978366,344.3644604,179.0926329,0,2.187639382,4.315895259,1.097705233,2.177751364,0.877801034,35.19475515,28.43931197,14.59296739,0.440228078,0.963060281,0.440228078,1.447792221
Track_9163,1777,1777,13,1,0,0,0,1,13,31,44,24.26714157,251.0238959,41.67505777,0,3.264004444,6.245353458,1.937570137,3.417728823,1.30095513,18.03439397,41.10562346,24.26714157,0.590360625,1.866703197,0.571905838,1.213716494
Track_9175,1789,1789,12,0,0,0,0,0,11,31,42,16.49613104,48.09210579,73.86183424,0,3.009230706,8.061721376,0.744771355,2.034697787,2.400049074,22.50157253,33.10153777,16.49613104,0.498349387,1.499648276,0.498349387,1.094710752
Track_9181,1795,1795,18,0,0,0,0,0,17,31,48,16.87720612,182.4559607,98.16630629,0,1.85378783,4.771748921,0.103133296,1.69621999,1.150203061,26.82718672,31.5143931,16.87720612,0.53553962,0.99277683,0.53553962,1.1469478
Track_9183,1797,1797,13,2,0,0,0,1,14,31,45,17.23584282,154.5707333,110.177978,0,2.414607013,4.331308593,0.698603327,2.517372846,1.047355517,25.10278496,34.21247745,17.23584282,0.503788211,1.23113163,0.509868324,1.195539335
Track_9197,1811,1811,15,0,0,0,0,0,14,32,46,11.86341891,234.7614499,181.3442435,0,1.925779129,3.325946739,0.839323285,1.917788392,0.757501786,15.85212212,26.96090781,11.86341891,0.440022977,0.847387065,0.440022977,1.303857195
Track_9236,1850,1850,16,0,0,0,0,0,15,33,48,12.50429436,52.87671559,86.77682776,0,2.272361917,4.261198842,0.182728113,2.041699461,1.230586964,22.94892913,34.08542875,12.50429436,0.366851608,0.833619624,0.366851608,1.558869435
Track_9239,1853,1853,13,0,0,0,0,0,12,32,44,15.09385037,321.2111688,77.69092123,0,2.357721744,3.957455726,0.792560719,2.335009943,0.921982382,28.80710939,28.29266093,15.09385037,0.533489954,1.257820864,0.533489954,1.55647444
Track_9241,1855,1855,31,0,0,0,0,0,30,32,62,24.79605793,250.8311571,86.30141053,0,2.001251694,3.492004609,0.091256194,2.107351589,0.889329811,39.84889861,60.03755082,24.79605793,0.413009152,0.826535264,0.413009152,1.712628886
Track_9248,1862,1862,21,1,0,0,0,1,21,32,53,16.73156508,377.3342324,116.3543125,0,2.038125343,3.695388515,0.68703591,1.860028708,0.979031437,28.05262606,41.97418045,20.1327472,0.398615647,0.796741194,0.390918644,1.605356
Track_9249,1863,1863,9,0,0,0,0,0,8,33,41,13.63348429,124.7977347,119.773274,0,2.603991532,4.383918224,0.329068297,2.88580978,1.46938986,20.16697142,20.83193225,13.63348429,0.654451259,1.704185536,0.654451259,1.54570083
Track_9250,1864,1864,29,0,0,0,0,0,28,33,61,31.8252165,102.3861596,120.2910545,0,1.86384611,4.493389249,0.326816994,1.727759996,1.147595816,41.20132946,52.18769109,31.8252165,0.609822275,1.136614875,0.609822275,1.464184042
Track_9253,1867,1867,19,0,0,0,0,0,18,32,50,25.93597799,226.9515302,116.9197394,0,2.451134835,4.800334267,0.775396557,2.344151475,1.097560059,17.35906129,44.12042703,25.93597799,0.587845126,1.440887666,0.587845126,1.489194847
Track_9266,1880,1880,12,1,0,0,0,1,12,32,44,16.20453136,420.886841,149.6818845,0,2.524571309,5.33110796,1.631791901,2.061628724,1.164752519,18.51021655,29.49791226,16.20453136,0.549345025,1.350377613,0.534893828,1.176644146
Track_9267,1881,1881,38,2,0,0,0,1,39,33,72,41.2212557,198.7692075,148.7612183,0,2.264050758,7.113246567,0.034953584,2.229364722,1.36540003,31.20416782,85.74177108,41.2212557,0.480760488,1.056955274,0.46684257,1.370670674
Track_9269,1883,1883,58,2,0,0,0,1,59,32,91,57.24948709,386.8181979,153.3939458,0,2.402988353,8.536351614,0.18259317,2.509750705,1.588866079,29.93948405,142.0628887,57.24948709,0.402986928,0.97033029,0.403801495,1.497812819
Track_9270,1884,1884,13,1,0,0,0,1,13,33,46,20.20624077,146.0847743,155.0567192,0,2.78146423,4.478209811,1.150382339,2.927365157,1.010432323,24.38017691,35.95445612,20.20624077,0.561995451,1.554326213,0.55881582,1.232342716
Track_9272,1886,1886,20,0,0,0,0,0,19,34,53,22.56062602,118.341998,163.8082627,0,2.148681752,4.140500637,0.343263568,1.667720309,1.073098463,36.24081974,40.82495329,22.56062602,0.552618538,1.18740137,0.552618538,1.239624225
Track_9274,1888,1888,9,0,0,0,0,0,8,34,42,12.19225572,335.8133878,164.7957328,0,2.224374298,5.131049688,1.36325671,1.728624805,1.280721156,20.64594311,17.79499438,12.19225572,0.685150861,1.524031965,0.685150861,1.316412674
Track_9280,1894,1894,11,1,0,0,0,1,11,34,45,12.88842579,378.3313121,191.8596618,0,2.661552272,5.665538148,1.013899952,2.484735663,1.394040089,30.69278119,29.64685912,12.88842579,0.434731576,1.171675071,0.440222454,1.640681788
Track_9298,1912,1912,45,0,0,0,0,0,44,34,78,36.24557166,345.2599492,99.51388836,0,2.128216352,5.951410183,0.174989235,2.194761559,1.374368046,35.86673626,93.64151951,36.24557166,0.387067316,0.823762992,0.387067316,1.437760179
Track_9300,1914,1914,12,0,0,0,0,0,11,34,45,24.47460897,397.4093744,113.940665,0,2.578175949,8.330115709,0.591186133,2.127479636,2.152519057,28.55250581,28.35993543,24.47460897,0.86299946,2.224964452,0.86299946,0.81493389
Track_9304,1918,1918,25,1,0,0,0,1,25,34,59,24.5426951,46.64789676,143.1833013,0,2.369883769,4.288711958,0.592756893,2.310840918,1.084482884,33.03013077,58.85021735,27.04156827,0.417036609,0.981707804,0.414243018,1.594183735
Track_9305,1919,1919,16,1,0,0,0,1,16,34,50,24.28082425,64.61443503,158.2191271,0,3.209732654,5.858740765,1.580456567,3.118134767,1.426094759,33.11561561,50.38580203,24.28082425,0.481898139,1.517551515,0.472796858,1.588237092
Track_9311,1925,1925,51,2,0,0,0,1,52,32,84,70.94014165,419.1200835,153.9915999,0,2.808247208,7.145212052,0.57701243,2.676161195,1.41136812,30.43120836,146.7131094,71.67161217,0.483529672,1.364233493,0.485795371,1.322590152
Track_9327,1941,1941,18,1,0,0,0,1,18,35,53,27.32668008,165.322168,43.86854765,0,3.283446663,6.69950768,0.941735075,3.266645347,1.622007136,23.56695022,58.47537592,27.57626694,0.467319443,1.518148893,0.462364414,1.345946506
Track_9334,1948,1948,24,2,0,0,0,1,25,35,60,23.18131906,123.0573065,87.34781681,0,2.29729346,6.487960544,0.471183495,2.037075762,1.282169577,25.02492326,57.49907685,25.07394184,0.403159848,0.927252762,0.403628347,1.450010679
Track_9341,1955,1955,19,2,0,0,0,1,20,35,55,28.0611285,247.4009818,104.7690735,0,2.906478806,5.042823374,0.909654448,2.874209012,1.158436005,15.90951739,56.62379147,28.0611285,0.495571345,1.403056425,0.482734098,1.391825161
Track_9359,1973,1973,26,0,0,0,0,0,25,37,62,26.78230531,325.8735832,33.5976434,0,2.257791385,4.576517256,0.223599711,2.111682354,1.162200354,27.45982355,56.44478463,26.78230531,0.474486801,1.071292212,0.474486801,1.485787645
Track_9373,1987,1987,16,2,0,0,0,1,17,37,54,17.75804085,330.0256807,46.93860175,0,2.188348296,4.237127928,0.451015375,2.137871789,1.029515608,18.51994923,39.20022416,17.8112687,0.453008656,1.044590638,0.477342039,1.344927785
Track_9378,1992,1992,8,1,0,0,0,1,8,43,51,14.03730644,238.4173854,55.32250606,0,3.033067192,4.538249476,1.381822621,2.947418496,0.9375066,12.91332632,24.43669975,14.03730644,0.574435443,1.754663305,0.578511188,1.345573344
Track_9384,1998,1998,17,0,0,0,0,0,16,42,58,19.07733086,203.3085954,63.02320369,0,2.058295205,3.616330219,0.263122355,2.17167037,0.903103746,43.23798191,32.93272328,19.07733086,0.579281911,1.192333179,0.579281911,1.562540384
Track_9386,2000,2000,12,0,0,0,0,0,11,38,49,21.36942564,184.2928501,62.35773051,0,2.885686841,5.933563914,0.785776375,2.953535718,1.384211222,35.45234823,31.74255525,21.36942564,0.673210631,1.942675058,0.673210631,1.112733188
Track_9390,2004,2004,51,3,0,0,0,1,53,37,90,53.90676897,363.3652284,53.24389725,0,2.616176139,7.889878407,0.555801902,2.312595002,1.424943007,20.02235093,135.4212769,55.13272763,0.398067203,1.017108849,0.3887769,1.410721628
Track_9393,2007,2007,17,2,0,0,0,1,18,44,62,22.18531873,40.54496242,57.24183004,0,2.275958223,4.061011062,0.085163601,2.181074698,1.043813927,18.98409013,38.15285133,22.18531873,0.581485209,1.232517707,0.541537931,0.997572611
Track_9394,2008,2008,15,2,0,0,0,1,16,38,54,15.72149554,231.5175529,62.16886558,0,2.384877813,4.210395958,0.370313642,2.804855991,1.145872918,23.93354387,38.19444298,15.72149554,0.411617354,0.982593471,0.412009985,1.498688682
Track_9401,2015,2015,20,2,0,0,0,1,21,43,64,24.42220054,71.38350384,73.20395365,0,2.476810124,7.086003702,0.48222871,1.956589304,1.580275972,22.97511725,53.22771417,24.74307477,0.458824898,1.16296193,0.469540204,1.031564411
Track_9403,2017,2017,27,0,0,0,0,0,26,39,65,20.72628368,277.6275846,75.36653363,0,1.891310405,5.192729537,0.047697315,2.001059041,1.225383262,38.64159944,49.17407054,20.72628368,0.421488062,0.797164757,0.421488062,1.608837823
Track_9404,2018,2018,31,0,0,0,0,0,30,39,69,26.97458267,108.0289682,71.07288147,0,1.863459185,3.658578321,0.264406017,2.04529151,0.904355292,42.03443093,55.90377555,26.97458267,0.482518084,0.899152756,0.482518084,1.212473833
Track_9406,2020,2020,16,1,0,0,0,1,16,41,57,23.24241059,84.91560076,73.08078835,0,3.07735397,7.393959302,0.379850387,2.545583562,1.752481713,16.29907045,49.0587038,23.24241059,0.473767319,1.452650662,0.47204536,1.329694979
Track_9407,2021,2021,14,0,0,0,0,0,13,37,50,14.18167131,36.08349301,70.58621181,0,1.888184024,4.517835436,0.574098119,1.592560346,1.246698885,23.26735585,24.54639231,14.72442177,0.577749721,1.090897793,0.577749721,1.818838659
Track_9408,2022,2022,23,0,0,0,0,0,22,42,64,25.31363054,384.2892685,60.74697383,0,1.852512864,4.116225516,0.666002588,1.563856472,0.977296254,42.60046859,40.75528301,25.31363054,0.621112864,1.15061957,0.621112864,0.887014712
Track_9410,2024,2024,8,1,0,0,0,1,8,40,48,13.02777923,92.68698032,72.36296573,0,2.826037454,4.540292627,1.960471111,2.973487468,0.876472983,12.2319935,22.7568538,13.02777923,0.572477169,1.628472404,0.57623879,1.603168695
Track_9411,2025,2025,23,1,0,0,0,1,23,41,64,21.35323832,272.5533488,80.36841864,0,2.02579191,5.274320785,0.391247099,1.959919471,1.061441543,36.63060224,45.67470895,21.8061439,0.467506828,0.928401666,0.458290736,1.185438973
Track_9412,2026,2026,14,0,0,0,0,0,13,44,57,16.99944639,173.8187002,80.41273467,0,3.448368058,6.112215747,1.181147758,3.114698464,1.38715429,34.14573506,44.82878476,17.45640269,0.379208281,1.307649723,0.379208281,1.558051437
Track_9413,2027,2027,22,0,0,0,0,0,21,36,57,21.45237532,119.554776,77.35904877,0,2.470200207,5.433598622,0.346703182,2.431682497,1.296810079,34.46294397,51.87420435,21.45237532,0.413546108,1.021541682,0.413546108,1.548820552
Track_9419,2033,2033,27,0,0,0,0,0,26,38,64,28.35804393,255.0589227,88.73204459,0,2.460601559,7.7479047,0.293086635,2.232534129,1.534115174,28.99523046,63.97564053,28.35804393,0.44326315,1.090693997,0.44326315,1.532522135
Track_9423,2037,2037,26,1,0,0,0,1,26,37,63,30.51658501,17.31157889,93.24306967,0,2.424140883,5.402700665,0.173539867,2.246070129,1.388493968,35.38796058,61.85507603,30.51658501,0.493356196,1.173714808,0.484177639,1.668421307
Track_9424,2038,2038,39,1,0,0,0,1,39,43,82,56.57201211,48.5811438,80.22661039,0,2.512021687,5.889015927,0.627710427,2.462360407,1.230386767,25.84738471,96.79726738,56.57201211,0.584438111,1.450564413,0.577449001,1.215532419
Track_9425,2039,2039,13,0,0,0,0,0,12,39,51,13.47109216,283.6200599,86.98154742,0,2.329116108,5.639425542,0.404650832,1.852696486,1.820466721,20.99170102,27.94939329,13.47109216,0.481981559,1.122591013,0.481981559,1.760341883
Track_9430,2044,2044,16,2,0,0,0,1,17,36,53,26.11257851,160.0979586,96.48321529,0,2.051168176,3.948001573,0.563570274,2.06459801,1.114994205,30.11909205,35.14660063,26.11257851,0.74296171,1.53603403,0.748858162,1.059920564
Track_9435,2049,2049,13,2,0,0,0,1,14,38,52,12.04565463,294.0473181,102.5493736,0,2.122347763,4.351028577,0.1645845,2.318657624,1.207463468,11.36698459,27.42646602,12.04565463,0.439198204,0.860403902,0.405401941,1.46024261
Track_9439,2053,2053,37,2,0,0,0,1,38,41,79,49.68498545,347.3353879,109.2101935,0,2.39370978,3.925564606,0.613466511,2.518142643,0.942207076,38.84441126,90.476404,49.68498545,0.549148543,1.307499617,0.546223117,1.258395279
Track_9440,2054,2054,20,1,0,0,0,1,20,40,60,21.90494718,108.9867562,109.801819,0,2.055346355,6.457467605,0.482268779,1.662745401,1.435994743,27.33544066,40.62888191,21.90494718,0.539147182,1.095247359,0.532877272,0.989964915
Track_9445,2059,2059,31,1,0,0,0,1,31,42,73,28.58985481,183.1988915,124.8013458,0,2.369266661,4.879425791,0.599631147,2.22161812,1.097578032,28.17197134,73.83562923,30.11516042,0.387209469,0.922253381,0.389256894,1.61981009
Track_9446,2060,2060,19,0,0,0,0,0,18,40,58,17.11929494,392.3205821,123.2734079,0,2.082312243,3.633525773,0.493014415,2.115096945,0.811566073,34.92602268,37.48162038,17.11929494,0.45673839,0.951071941,0.45673839,1.604755094
Track_9452,2066,2066,48,4,0,0,0,1,51,40,91,65.53616645,165.175182,131.0219347,0,2.491798777,7.590545426,0.321335255,2.343338114,1.491568603,26.45137605,127.5180702,65.53616645,0.51393631,1.285022872,0.5157009,1.401630693
Track_9456,2070,2070,26,0,0,0,0,0,25,39,64,25.75304744,334.6259073,124.2986077,0,2.221861309,4.071775333,0.623257334,2.300559493,1.041611344,32.47050773,55.54653273,25.75304744,0.463630153,1.030121898,0.463630153,1.332698944
Track_9459,2073,2073,15,1,0,0,0,1,15,36,51,15.93517635,8.809626409,136.3574324,0,2.155498434,4.397667732,0.707173704,1.638091273,1.290530093,20.27420623,30.88415177,15.93517635,0.515966133,1.06234509,0.492853566,1.528908542
Track_9460,2074,2074,31,2,0,0,0,1,32,43,75,34.71727692,100.3694041,140.2611592,0,2.262729773,5.436906952,0.179666073,1.934696418,1.266076231,36.4585706,72.70603651,34.71727692,0.477501987,1.084914904,0.479471706,1.292404554
Track_9462,2076,2076,19,2,0,0,0,1,20,39,59,24.16255699,148.513246,132.9879119,0,2.496225235,4.959320154,0.767424255,2.612269278,1.141832439,27.69353799,49.57306822,24.16255699,0.487412982,1.20812785,0.483981907,1.101840999
Track_9463,2077,2077,16,0,0,0,0,0,15,43,58,14.53192435,430.7520933,140.5731118,0,2.156930456,4.431770537,0.032382453,2.378577765,1.138723984,27.26996261,32.35395684,14.53192435,0.44915447,0.968794956,0.44915447,1.772815075
Track_9466,2080,2080,14,0,0,0,0,0,13,36,49,13.88560879,412.5183844,140.5961387,0,2.489509971,4.58717046,0.89545066,2.242153457,1.471831926,20.5485896,32.36362963,15.2896417,0.429049799,1.068123753,0.429049799,1.208591567
Track_9468,2082,2082,19,0,0,0,0,0,18,44,62,21.24351635,128.6024773,149.5555748,0,2.30245861,4.33844064,0.778729768,2.216114924,0.986783476,27.56752777,41.44425498,21.24351635,0.512580486,1.180195353,0.512580486,1.553423953
Track_9471,2085,2085,16,0,0,0,0,0,15,40,55,23.82885312,398.0540054,140.5232589,0,3.202349418,4.970924461,0.653232287,3.463593457,1.234409394,18.04402074,48.03524128,27.39231227,0.496070229,1.588590208,0.496070229,1.321174846
Track_9473,2087,2087,11,0,0,0,0,0,10,43,53,14.58109866,284.9887644,151.3562108,0,2.544683135,4.130595648,1.403582054,2.777483571,1.004193637,21.97159923,25.44683135,14.58109866,0.573002527,1.458109866,0.573002527,1.480391771
Track_9478,2092,2092,11,0,0,0,0,0,10,43,53,12.95113109,205.094626,147.6958008,0,2.918282605,4.793840427,0.935829899,3.620732564,1.366759257,32.74705713,29.18282605,12.95113109,0.443792903,1.295113109,0.443792903,1.675461177
Track_9483,2097,2097,10,1,0,0,0,1,10,40,50,15.94249224,269.6073539,152.4749634,0,2.074282938,3.454099654,0.735214255,2.139422446,0.917424746,19.15749674,21.63522358,15.94249224,0.736876704,1.594249224,0.768578478,1.176119495
Track_9484,2098,2098,12,1,0,0,0,1,12,37,49,16.94718728,46.54143276,158.5103696,0,3.379557082,7.79228212,1.419895449,2.949168158,1.778497213,18.29517142,40.85275906,16.94718728,0.414835807,1.412265607,0.417884821,1.104113782
Track_9485,2099,2099,12,1,0,0,0,1,12,39,51,13.09240968,352.8190991,158.5451949,0,2.589232441,5.31100314,1.17566107,2.542550211,1.106010343,15.71437097,32.01206978,13.72747164,0.408983542,1.09103414,0.421373579,1.307604385
Track_9487,2101,2101,13,0,0,0,0,0,12,40,52,18.19739953,411.9396126,161.8446085,0,1.965685539,4.195843282,0.258985763,1.832959507,1.227123472,34.42345296,23.58822646,18.19739953,0.771461117,1.516449961,0.771461117,1.320245644
Track_9488,2102,2102,35,1,0,0,0,1,35,42,77,47.13185194,310.732156,157.1320006,0,2.194073719,5.964613534,0.478620619,2.15566579,1.106830009,35.58535867,75.47624352,47.13185194,0.624459429,1.346624341,0.613755285,1.297936656
Track_9492,2106,2106,19,0,0,0,0,0,18,39,57,30.56234859,431.7799224,156.3675728,0,2.522341417,5.337603146,0.101438039,2.651547763,1.550695362,28.12280805,45.40214551,30.56234859,0.673147673,1.697908255,0.673147673,1.16191402
Track_9493,2107,2107,25,0,0,0,0,0,24,41,65,22.82023608,404.484834,163.3833614,0,1.924573548,4.381940757,0.470417737,1.783101157,1.026930867,32.92582687,46.18976515,22.82023608,0.494053953,0.95084317,0.494053953,1.293625797
Track_9498,2112,2112,15,1,0,0,0,1,15,37,52,16.72173353,14.42118784,159.7894057,0,2.642529044,6.854434393,0.75408527,2.373757263,1.758616432,16.70790367,40.11746939,18.42056787,0.416819251,1.114782235,0.421861867,1.524442049
Track_9504,2118,2118,19,0,0,0,0,0,18,41,59,17.02721081,208.717025,175.2861167,0,2.398342527,4.71670493,0.461476693,2.745209053,1.370410036,12.94366779,43.17016549,17.02721081,0.394420791,0.945956156,0.394420791,1.461158918
Track_9505,2119,2119,20,2,0,0,0,1,21,38,59,33.05814072,413.3255886,163.5678243,0,2.589146858,4.996451896,1.133663543,2.347064547,1.06969299,24.1749023,52.43107843,33.05814072,0.630506595,1.574197177,0.607998412,1.044155078
Track_9511,2125,2125,24,1,0,0,0,1,24,42,66,37.28264835,413.8089139,166.9762628,0,2.315151572,5.823378562,0.745224994,1.842666729,1.266529959,40.76755444,56.06022436,37.63424655,0.665046364,1.553443681,0.670990055,0.812318904
Track_9512,2126,2126,11,0,0,0,0,0,10,44,54,18.74191593,318.4639864,177.5989359,0,2.640869118,6.496292251,0.947823458,2.284457412,1.781793063,18.24067705,26.40869118,18.74191593,0.709687421,1.874191593,0.709687421,0.945644395
Track_9513,2127,2127,54,1,0,0,0,1,54,36,90,53.21586791,288.272256,183.9228037,0,1.855739085,3.783276682,0.215659725,1.78105689,0.841964709,45.44006218,100.0252384,53.21586791,0.532024405,0.985479035,0.531043962,1.157891369
Track_9515,2129,2129,17,0,0,0,0,0,16,39,55,27.573462,152.2915645,173.1146716,0,2.619699349,4.709346899,0.212054563,2.619170077,1.340864558,31.42801341,41.91518959,27.573462,0.657839372,1.723341375,0.657839372,1.255551907
Track_9516,2130,2130,10,0,0,0,0,0,9,40,49,14.06243975,61.83881681,173.2296872,0,2.647209244,4.229465618,1.487946095,2.317597233,0.929701486,21.0458838,23.8248832,14.06243975,0.590241708,1.562493306,0.590241708,1.337182585
Track_9524,2138,2138,9,2,0,0,0,1,10,44,54,12.06096264,48.34571132,176.3255877,0,2.65205127,4.698593461,1.050201179,2.496793376,1.29325353,11.3113398,25.94967101,12.06096264,0.464782873,1.206096264,0.454778638,1.642686449
Track_9528,2142,2142,22,2,0,0,0,1,23,36,59,35.19279804,267.8134133,184.9837008,0,2.611875444,4.768896774,0.30291955,2.403447166,1.427839182,25.93755334,58.7796108,36.43545439,0.598724584,1.530121654,0.585832551,1.154031253
Track_9529,2143,2143,12,0,0,0,0,0,11,43,54,14.63212474,408.2625239,185.6689684,0,2.364138199,3.46243143,1.309143646,2.40165827,0.767712945,16.37223951,26.00552019,15.93862612,0.562654568,1.330193158,0.562654568,1.334990865
Track_9530,2144,2144,14,1,0,0,0,1,14,39,53,14.67495153,27.91053094,187.1052288,0,1.924460267,4.692265853,0.537001283,2.008063728,1.106569054,30.84650299,27.14481318,14.67495153,0.54061715,1.048210823,0.54467782,1.142866762
Track_9532,2146,2146,9,0,0,0,0,0,8,41,49,11.81900118,366.1988392,184.5329344,0,1.74846131,3.184465386,0.43356266,1.82628386,1.030438128,35.60496415,13.98769048,11.81900118,0.8449573,1.477375147,0.8449573,0.956760041
Track_9536,2150,2150,13,0,0,0,0,0,12,44,56,24.5315951,293.5358038,192.4461522,0,2.806255814,5.145652163,0.197199226,3.799408179,1.620503688,20.15936896,33.67506977,24.5315951,0.728479414,2.044299592,0.728479414,1.266830075
Track_9538,2152,2152,20,0,0,0,0,0,19,40,59,20.60431545,371.6144742,194.8352592,0,2.087722604,3.822393277,0.686661976,1.866169151,0.964745052,29.10603509,39.66672947,21.42225255,0.519435702,1.084437655,0.519435702,1.297865443
Track_9592,2206,2206,16,1,0,0,0,1,16,37,53,24.1087353,222.9269174,110.9283649,0,2.95862409,6.296731247,0.912862545,2.916359265,1.412530682,16.12754458,47.90859989,24.1087353,0.503223541,1.506795956,0.509289423,1.358627545
Track_9606,2220,2220,21,0,0,0,0,0,20,37,57,26.72010944,122.1116893,136.3109484,0,2.850709206,6.190576727,1.203777364,2.633744855,1.303114443,31.19396205,57.01418411,26.72010944,0.468657227,1.336005472,0.468657227,1.596200135
Track_9614,2228,2228,17,1,0,0,0,1,17,40,57,21.18833127,287.2737488,142.0813946,0,2.392230252,4.694063802,0.63954802,2.384680803,0.978194445,29.95314068,40.66036483,21.18833127,0.521105291,1.246372427,0.521008555,1.524984724
Track_9669,2283,2283,15,2,0,0,0,1,16,42,58,13.30511724,89.77733236,20.80061077,0,2.287637034,3.989150789,0.95772717,2.15795989,0.838535859,20.04675878,35.74644329,13.30511724,0.372208142,0.831569828,0.363506018,1.76579017
Track_9676,2290,2290,7,2,0,0,0,1,8,38,46,12.98414921,15.99590593,52.40505395,0,2.358375034,4.308312802,1.744319639,2.095415214,0.964765284,9.116039208,20.20288265,12.98414921,0.642687949,1.623018651,0.688193619,1.390117322
Track_9681,2295,2295,18,1,0,0,0,1,18,42,60,20.80391603,119.575598,94.84161921,0,2.743885674,5.081622917,1.032825775,2.489935115,1.088979346,37.34040843,49.34156289,20.80391603,0.421630666,1.155773113,0.421217664,1.185915714
Track_9698,2312,2312,20,1,0,0,0,1,20,42,62,28.6201996,411.8035653,188.3811064,0,2.45948703,4.193690622,0.12634151,2.364504039,1.208516873,25.0628304,48.10034785,28.6201996,0.595010242,1.43100998,0.5818327,1.014058971
Track_9699,2313,2313,21,0,0,0,0,0,20,42,62,23.20653858,444.2797971,198.0199146,0,2.24010344,5.437915642,0.199404215,2.05653571,1.277235843,26.40856636,44.8020688,23.3593725,0.517979174,1.160326929,0.517979174,1.103468788
Track_9701,2315,2315,34,3,0,0,0,1,36,42,78,44.02521946,403.9878396,198.7217668,0,2.520406531,4.786578749,0.364247719,2.047125881,1.430350255,25.78817114,89.24447672,44.34038026,0.493310299,1.222922763,0.485208536,1.057236103
Track_9747,2361,2361,10,3,0,0,0,1,12,43,55,22.93017767,74.01539926,38.44309613,0,2.778289205,4.032345109,0.818492651,2.811503121,1.022753231,15.03888888,33.07452499,23.25119951,0.693288193,1.91084814,0.687778701,0.758359066
Track_9764,2378,2378,13,0,0,0,0,0,12,45,57,15.007667,97.0406276,76.00135407,0,2.383664538,5.230198105,0.847078655,2.094644213,1.286823823,29.48248042,28.60397445,15.2393414,0.52467069,1.250638917,0.52467069,1.220752678
Track_9768,2382,2382,18,0,0,0,0,0,17,45,62,13.32958709,190.1426356,86.81558549,0,2.067217432,3.793049552,0.170147644,2.066655237,1.058478713,31.01464118,35.14269634,15.63842539,0.379298929,0.784093358,0.379298929,1.505620828
Track_9769,2383,2383,15,1,0,0,0,1,15,45,60,14.6924979,352.5668901,85.34507371,0,2.310463749,4.476255362,0.505569014,2.330157764,1.076102765,18.68057181,35.87197778,14.6924979,0.409581484,0.97949986,0.423940804,1.264703966
Track_9785,2399,2399,17,2,0,0,0,1,18,45,63,18.3837151,354.7194663,164.9272935,0,2.62514782,4.782006122,0.920720593,2.913166386,1.224097694,16.27622091,47.13386061,20.22934172,0.390032025,1.021317506,0.389051427,1.522529159
Track_9786,2400,2400,10,1,0,0,0,1,10,45,55,15.53635836,216.9366205,166.5873441,0,2.555244633,5.108980554,1.165242394,2.403687204,1.208284024,23.2300447,26.51546128,15.53635836,0.585935813,1.553635836,0.608018432,1.102499594
Track_9793,2407,2407,28,0,0,0,0,0,27,45,72,36.65119011,417.8025669,184.0172109,0,2.414734288,5.128250775,0.307854924,2.340888948,1.484497404,35.53799142,65.19782577,36.65119011,0.562153564,1.357451486,0.562153564,1.365162635
Track_9798,2412,2412,18,1,0,0,0,1,18,46,64,23.9675405,195.6108851,49.77732192,0,2.590447836,4.460935886,0.760002041,2.577787127,1.117944188,32.10312851,45.78284404,24.76500169,0.523504841,1.331530028,0.51401538,1.42045467
Track_9818,2432,2432,18,0,0,0,0,0,17,46,63,21.65851519,447.863504,140.2751068,0,2.25713298,4.826715465,0.661519251,2.25125612,1.041336306,19.86776302,38.37126065,21.65851519,0.564446276,1.274030305,0.564446276,1.651392094
Track_9821,2435,2435,9,0,0,0,0,0,8,46,54,16.25050053,416.9225502,153.8622271,0,2.597787635,5.848438032,0.70943275,2.248347191,1.808456607,38.42042457,20.78230108,16.25050053,0.781939424,2.031312567,0.781939424,1.27807145
Track_9822,2436,2436,18,2,0,0,0,1,19,46,65,20.31293433,358.0650138,165.0287516,0,2.409560491,4.731397771,0.753694143,2.021963678,1.255572049,17.22947825,46.55556599,21.91871292,0.436315914,1.069101807,0.443691624,1.553605266
Track_9842,2456,2456,33,0,0,0,0,0,32,47,79,26.4829912,338.0615664,59.70203322,0,2.087838811,6.977243761,0.196743133,1.789468951,1.469576885,32.30862571,66.81084195,26.4829912,0.396387629,0.827593475,0.396387629,1.417060706
Track_9848,2462,2462,10,1,0,0,0,1,10,48,58,16.35517067,54.38458321,74.48220994,0,2.660193193,4.700284149,0.421003908,2.691643,1.559118827,18.92768493,25.99970959,16.35517067,0.629052052,1.635517067,0.614811387,0.992108622
Track_9852,2466,2466,26,0,0,0,0,0,25,48,73,15.04745845,401.2935506,77.33899953,0,1.333382799,2.896169616,0.198531012,1.133437293,0.768106981,34.92491817,33.33456997,15.40056721,0.451407007,0.601898338,0.451407007,1.54134913
Track_9859,2473,2473,9,0,0,0,0,0,8,49,57,11.99715478,391.5838197,90.07729986,0,2.281017701,3.800371451,0.596100839,2.476085715,1.196524819,23.1851715,18.24814161,11.99715478,0.657445291,1.499644347,0.657445291,1.484148223
Track_9861,2475,2475,9,0,0,0,0,0,8,49,57,13.85739008,316.3926264,84.91293988,0,3.291535757,5.561583421,0.95001577,3.72885964,1.733891194,24.78411865,26.33228605,13.85739008,0.526250932,1.732173759,0.526250932,0.994986767
Track_9863,2477,2477,18,0,0,0,0,0,17,48,65,19.24231562,368.3819887,82.73358081,0,2.265236985,3.545987344,0.722850034,2.282770297,0.870928034,21.96976503,38.50902874,20.70265841,0.499683224,1.131900919,0.499683224,1.355835499
Track_9874,2488,2488,22,0,0,0,0,0,21,48,69,25.91820663,60.44760401,103.8801985,0,1.965430985,3.811242847,0.539728173,1.838209955,1.045936945,44.03282319,41.27405068,25.91820663,0.627954034,1.234200315,0.627954034,1.344402534
Track_9878,2492,2492,37,0,0,0,0,0,36,47,83,50.8383931,315.4764802,107.5404125,0,2.613284159,6.697819553,0.739835818,2.498656124,1.315007161,44.05064024,94.07822971,50.8383931,0.540384245,1.412177586,0.540384245,1.30475569
Track_9880,2494,2494,22,1,0,0,0,1,22,49,71,22.47513038,399.6003492,107.0162775,0,2.462254597,4.055790721,0.360739179,2.518442906,1.031994938,27.69763656,55.76313726,22.47513038,0.403046376,1.021596835,0.414903007,1.164094341
Track_9886,2500,2500,12,0,0,0,0,0,11,48,59,13.15953579,176.9286097,135.2727744,0,1.590477893,3.635429076,0.368045762,1.74149709,1.062543613,32.79863421,17.49525683,13.15953579,0.752177343,1.196321436,0.752177343,1.179587975
Track_9887,2501,2501,18,0,0,0,0,0,17,49,66,16.93735582,82.90499778,130.120322,0,2.291327823,5.207552883,0.144059285,2.382729813,1.31188804,31.06071409,38.95257299,16.93735582,0.43481995,0.996315048,0.43481995,1.458100036
Track_9892,2506,2506,10,0,0,0,0,0,9,47,56,14.82065982,78.43534725,138.4129755,0,2.6848204,7.057309909,0.694729705,1.714655112,2.11857686,19.16003294,24.1633836,15.50573376,0.613352007,1.64673998,0.613352007,1.13405725
Track_9898,2512,2512,10,0,0,0,0,0,9,48,57,11.79057375,94.23521753,154.5191962,0,2.854150637,3.848833806,1.506979436,2.781750315,0.869682958,20.03771172,25.68735573,13.48990011,0.459003016,1.31006375,0.459003016,1.490999979
Track_9899,2513,2513,32,0,0,0,0,0,31,49,80,27.51824496,133.6110252,148.5650869,0,2.353192995,4.669885878,0.134338014,2.47540897,1.304663818,28.11483654,72.94898285,27.51824496,0.37722589,0.887685321,0.37722589,1.53219888
Track_9906,2520,2520,13,1,0,0,0,1,13,47,60,16.5111169,228.3293012,156.4265749,0,2.90016699,5.982566911,1.081207707,2.890892432,1.269112414,20.40154919,36.77259248,16.5111169,0.449006061,1.270085915,0.437935443,1.558942169
Track_9915,2529,2529,42,4,0,0,0,1,45,48,93,73.62195075,425.4511913,175.1747679,0,2.696291855,5.947388189,0.45264921,2.536105447,1.261130196,27.77123138,117.2253172,73.62195075,0.628037974,1.63604335,0.606775319,1.048787726
Track_9936,2550,2550,12,1,0,0,0,1,12,47,59,12.21249896,209.6022108,27.17254565,0,2.253275301,4.46567954,0.063884211,2.213683095,1.319170526,26.14384381,26.90090956,12.21249896,0.453980894,1.017708246,0.451657303,1.307721915
Track_9942,2556,2556,47,1,0,0,0,1,47,49,96,47.87516116,321.8439953,34.06446431,0,2.042122372,5.080979398,0.334375251,1.82755187,1.125011292,36.01674995,96.86874531,47.87516116,0.494227121,1.01862045,0.498804804,1.431458762
Track_9946,2560,2560,12,1,0,0,0,1,12,48,60,13.50828134,90.71288175,40.25471383,0,2.293589821,3.729446408,0.888772708,2.009407994,0.924093769,15.72074775,26.87357401,13.50828134,0.502660395,1.125690112,0.490798355,1.517826384
Track_9952,2566,2566,10,1,0,0,0,1,10,50,60,19.93392663,80.85364189,169.9333858,0,3.197330552,4.756558203,0.929821027,3.400149074,1.086541114,14.32107444,29.70579599,19.93392663,0.671045025,1.993392663,0.623455295,1.100911438
Track_9955,2569,2569,11,0,0,0,0,0,10,51,61,17.80833763,154.154919,53.8030916,0,2.989500594,7.600222209,1.332064558,2.699002811,1.824614222,28.86158991,29.89500594,17.80833763,0.595696073,1.780833763,0.595696073,1.778096508
Track_9956,2570,2570,13,0,0,0,0,0,12,51,63,12.30526233,353.0585362,58.67586898,0,2.355030523,4.229811291,0.684097855,2.502119048,1.176425665,28.83034479,28.26036628,12.30526233,0.435424729,1.025438527,0.435424729,1.071809876
Track_9963,2577,2577,8,1,0,0,0,1,8,51,59,12.00087757,18.16435829,177.8948004,0,2.403833044,4.894723172,1.260391589,1.992012356,1.173643577,29.48167145,19.26945515,13.2510039,0.622792782,1.500109697,0.624049037,1.242678202
Track_9975,2589,2589,41,0,0,0,0,0,40,50,90,44.46146963,229.8146596,187.2927312,0,2.416877978,7.401438797,0.638672551,2.52361142,1.256086088,35.00885011,96.67511913,48.05733622,0.459906024,1.111536741,0.459906024,1.571874868
Track_9976,2590,2590,16,0,0,0,0,0,15,50,65,18.81439846,164.3635646,77.98321135,0,2.276915624,4.097266015,1.071062713,1.861869085,0.983925429,25.93405738,34.15373436,18.81439846,0.55087383,1.254293231,0.55087383,1.344818151
Track_9990,2604,2604,25,1,0,0,0,1,25,48,73,31.07496225,126.1788969,119.1187755,0,2.973823654,6.799086617,0.660644803,3.23935362,1.394455076,23.4604862,75.24148489,31.07496225,0.413003043,1.24299849,0.417979892,1.524296732
Track_9995,2609,2609,23,0,0,0,0,0,22,50,72,25.91319429,300.6196832,120.060241,0,2.642708162,4.815400357,0.7368612,2.750713329,1.324706899,25.61250475,58.13957957,25.91319429,0.445706599,1.177872468,0.445706599,1.339848063
Track_9996,2610,2610,27,0,0,0,0,0,26,50,76,39.33822502,296.7681827,129.3838931,0,2.588326451,5.092462294,0.542696706,2.565336819,1.026972273,34.78791855,67.29648774,41.1455532,0.584550938,1.513008654,0.584550938,1.256189083
Track_9999,2613,2613,11,0,0,0,0,0,10,50,60,13.91234461,193.1199342,125.4919948,0,2.586513911,4.802365086,0.532063245,2.731866932,1.29108272,17.15564234,25.86513911,14.86020976,0.537880138,1.391234461,0.537880138,1.236070919
Track_10008,2622,2622,30,1,0,0,0,1,30,50,80,39.85599932,147.7341097,157.5405114,0,2.460652243,5.009560191,0.389199179,2.605677611,1.199049035,35.11535409,72.39802172,39.85599932,0.550512271,1.328533311,0.53991104,1.331000552
Track_10009,2623,2623,23,1,0,0,0,1,23,51,74,16.36689993,279.5474436,151.5858151,0,1.725493354,3.271494968,0.130855626,1.737249944,1.055064575,23.08784058,38.79956957,16.36689993,0.421831997,0.711604345,0.412406309,1.478185353
Track_10017,2631,2631,15,0,0,0,0,0,14,50,64,14.70753143,135.8004132,161.6302907,0,2.570204636,7.933213338,0.626396944,2.374091387,1.696442486,28.29071611,35.98286491,14.70753143,0.408737088,1.050537959,0.408737088,1.456013984
Track_10029,2643,2643,20,0,0,0,0,0,19,50,69,20.20792369,192.0768103,158.7512097,0,2.165855445,3.216744136,0.864361701,2.117486797,0.680148856,34.47590313,41.15125345,20.99401346,0.491064597,1.063574931,0.491064597,1.529124339
Track_10032,2646,2646,23,0,0,0,0,0,22,50,72,22.55708988,283.5571158,52.9504184,0,2.426026514,6.025272609,0.551023848,2.143956031,1.311517716,21.06866329,53.3725833,25.477158,0.422634403,1.025322267,0.422634403,1.462360048
Track_10035,2649,2649,21,1,0,0,0,1,21,51,72,32.13224481,346.0220726,37.74601324,0,3.061929754,7.991270601,0.951159927,2.558263697,2.037085646,13.79111276,62.189755,32.13224481,0.516680678,1.530106896,0.499719791,1.158332388
Track_10043,2657,2657,8,2,0,0,0,1,9,50,59,16.23763837,47.36139572,146.6697961,0,2.195134902,3.424425955,0.5997862,2.071555608,1.027628517,22.50672877,21.38593472,16.23763837,0.759267181,1.804182041,0.821900303,1.172711415
Track_10044,2658,2658,17,2,0,0,0,1,18,50,68,25.29828231,445.9364564,156.2007112,0,2.16057436,3.452344985,0.589324923,2.345250603,0.782981825,35.28465871,40.49164409,25.29828231,0.624777849,1.405460128,0.650503012,1.260753673
Track_10048,2662,2662,13,1,0,0,0,1,13,52,65,13.77811237,218.9749585,59.84820881,0,2.668141448,4.53792776,0.467330578,2.929644812,1.461628586,12.32274,33.46254974,13.77811237,0.411747236,1.059854798,0.397225866,1.017838085
Track_10058,2672,2672,11,1,0,0,0,1,11,52,63,17.0684021,361.9096164,113.2657825,0,2.796945369,4.796573255,0.919395727,3.488117509,1.25528044,14.57223038,28.88884942,17.0684021,0.590830111,1.551672918,0.554774124,1.238531962
Track_10060,2674,2674,12,1,0,0,0,1,12,52,64,15.2337666,73.54085448,127.8616749,0,2.069202113,4.77058744,0.420668263,1.955368082,1.102937081,24.408113,24.64688215,15.2337666,0.61808088,1.26948055,0.613512108,1.435165707
Track_10061,2675,2675,14,0,0,0,0,0,13,52,65,16.74578411,201.4194714,145.208369,0,2.518922429,5.208209534,0.868143465,2.465990736,1.048142568,38.30293935,32.74599157,16.74578411,0.511384243,1.288137239,0.511384243,1.14205945
Track_10064,2678,2678,29,4,0,0,0,1,32,52,84,43.95684521,390.1616253,142.6333494,0,2.443379846,6.114402723,0.782860407,2.347917724,1.087838045,18.47120468,75.28593268,44.74034054,0.58386532,1.373651413,0.56219315,1.355892118
Track_10071,2685,2685,8,1,0,0,0,1,8,52,60,18.25417793,35.21340692,181.5528846,0,2.617374838,4.45094313,0.953811933,2.790718042,1.147315366,13.72129458,21.24190981,18.25417793,0.859347304,2.281772241,0.871778932,0.829705171
Track_10072,2686,2686,8,1,0,0,0,1,8,52,60,11.94340407,7.165101787,192.0084451,0,2.921263637,4.304072006,1.258624762,3.030039461,1.084324479,13.12855053,23.59797885,14.19469999,0.506119789,1.492925509,0.511054699,0.947369059
Track_10079,2693,2693,21,4,0,0,0,1,24,52,76,17.64380463,132.9301787,22.63892949,0,1.790800102,4.683695885,0.682802979,1.567957396,0.960937408,16.10083319,44.23196014,17.75124422,0.398892669,0.735158526,0.410519591,1.407512456
Track_10083,2697,2697,17,1,0,0,0,1,17,52,69,20.56935619,314.0664788,56.58607581,0,2.813571253,6.449792284,0.307271904,2.704789836,1.420522496,23.93730405,48.8484265,23.16734571,0.421085338,1.209962129,0.430044957,1.697800768
Track_10115,2729,2729,15,2,0,0,0,1,16,56,72,33.22215457,235.6684932,74.53724998,0,2.940538846,4.81930292,0.654583322,3.352483512,1.271828215,21.20102844,47.52135323,33.22215457,0.699099506,2.076384661,0.706123867,0.729127621
Track_10122,2736,2736,15,1,0,0,0,1,15,54,69,13.63270637,88.45102274,109.4799495,0,2.386170799,4.212616034,1.272996602,2.406139749,0.752783728,17.14301116,35.61958639,14.43473602,0.38273062,0.908847092,0.380880988,1.553746209
Track_10125,2739,2739,12,0,0,0,0,0,11,54,65,24.44463459,224.2467584,108.0317883,0,2.982973659,7.65674135,0.689215372,2.618450659,1.852496044,17.98108987,32.81271025,24.44463459,0.744974566,2.222239508,0.744974566,1.269452438
Track_10129,2743,2743,17,1,0,0,0,1,17,54,71,23.33625199,124.791892,103.4673087,0,2.412175435,5.292467045,0.93430186,2.348031339,1.352357507,21.87950796,39.74108567,23.33625199,0.587207209,1.372720705,0.569079962,1.5527319
Track_10134,2748,2748,45,1,0,0,0,1,45,55,100,60.1434879,208.7117526,126.7946767,0,2.433530045,4.575996745,0.468481724,2.509864986,1.119811863,33.10648836,110.8812777,60.38346257,0.542413373,1.336521953,0.549211199,1.113561067
Track_10152,2766,2766,13,0,0,0,0,0,12,54,66,21.66108688,402.9446688,142.2840635,0,2.030193015,4.837178832,1.013171029,1.817915462,1.109708076,30.38357793,24.36231619,21.66108688,0.88912264,1.805090574,0.88912264,0.561122566
Track_10155,2769,2769,9,1,0,0,0,1,9,53,62,12.84680871,363.4293231,144.9714401,0,2.17440452,3.455675059,0.687128509,2.171785748,0.758769261,18.83610408,19.52878947,12.99320877,0.65783948,1.42742319,0.656466254,1.646383159
Track_10156,2770,2770,34,3,0,0,0,1,36,53,89,37.40228508,156.7200255,151.6482283,0,2.705227846,5.521427299,0.192340194,2.751852114,1.322983115,20.11101068,95.01195806,37.94525262,0.393658712,1.038952363,0.384053552,1.469892285
Track_10162,2776,2776,15,0,0,0,0,0,14,53,67,17.30584959,332.2551344,158.8441382,0,3.191604708,5.032460046,1.894618146,2.966053853,1.056883443,31.17074642,44.68246591,17.30584959,0.387307398,1.236132114,0.387307398,1.605667904
Track_10168,2782,2782,38,2,0,0,0,1,39,55,94,37.22441459,391.9323585,159.6415739,0,2.436868416,7.929492689,0.449468183,2.431561423,1.389114387,28.8061097,93.21973339,40.03992985,0.399319042,0.954472169,0.391679814,1.361733126
Track_10170,2784,2784,11,0,0,0,0,0,10,56,66,14.39349394,68.65584553,175.538378,0,2.124356414,3.264941943,0.904529583,2.082076164,0.876920543,22.88168127,21.24356414,14.39349394,0.677546095,1.439349394,0.677546095,1.101504356
Track_10172,2786,2786,12,1,0,0,0,1,12,53,65,17.09402981,426.2635428,174.9824459,0,3.03674412,4.790518934,1.102272528,3.406165948,1.283356326,21.31807168,37.06548716,17.09402981,0.461184545,1.424502485,0.469088744,1.158126495
Track_10176,2790,2790,61,2,0,0,0,1,62,55,117,82.65079998,344.3556355,172.6391706,0,2.375301704,5.146059662,0.377757853,2.608622185,1.093316055,37.92346045,148.8588627,82.65079998,0.555229286,1.333077419,0.561224461,1.080511321
Track_10179,2793,2793,14,1,0,0,0,1,14,54,68,17.48407935,384.7733307,193.1472005,0,2.243816654,4.318409971,0.458172521,2.089679879,1.12831827,18.87153285,31.99051266,17.50571228,0.546539517,1.248862811,0.556579705,1.845922306
Track_10180,2794,2794,22,0,0,0,0,0,21,55,76,26.54876916,347.4863675,184.4067176,0,2.345746736,4.590808597,0.929306334,2.284293229,1.001258692,28.34110316,49.26068146,26.54876916,0.538944415,1.264227103,0.538944415,1.166812175
Track_10182,2796,2796,16,1,0,0,0,1,16,54,70,28.75755474,435.4848964,180.4990453,0,4.227066363,7.830297934,1.251064936,4.041096247,1.855746852,18.51210797,66.24079037,28.75755474,0.434136649,1.797347171,0.425199658,1.400914433
Track_10213,2827,2827,19,1,0,0,0,1,19,55,74,20.81842997,204.0133754,48.25449126,0,2.755071449,4.358539386,0.476941569,2.864342338,1.154541377,26.15161236,53.86941391,20.81842997,0.386461045,1.095706841,0.397705417,1.683059395
Track_10216,2830,2830,18,0,0,0,0,0,17,53,70,19.29789716,141.2429096,44.22725255,0,2.742194359,7.230110876,0.895357985,2.675914266,1.56125777,16.26798847,46.61730411,21.09110293,0.413964246,1.135170421,0.413964246,1.73647194
Track_10217,2831,2831,18,1,0,0,0,1,18,55,73,31.6714863,297.3900583,53.97688526,0,2.454050629,3.755959447,0.388010954,2.575962024,0.887926452,24.61282913,43.20258058,31.6714863,0.733092465,1.759527017,0.716988882,0.992695355
Track_10218,2832,2832,12,1,0,0,0,1,12,56,68,13.69770512,182.4548087,48.80396984,0,2.561010171,5.047364562,1.238787355,2.48887475,1.155427821,19.36007377,29.49727872,15.36832698,0.464371824,1.141475426,0.445712961,1.37227822
Track_10223,2837,2837,18,0,0,0,0,0,17,54,71,14.76826719,26.41997017,59.60105867,0,1.694301554,3.36257699,0.625278457,1.422856233,0.888579515,41.55139738,28.80312642,14.76826719,0.512731395,0.8687216,0.512731395,1.381753008
Track_10226,2840,2840,31,0,0,0,0,0,30,58,88,33.47548803,35.54955492,97.38445982,0,2.459148922,7.555478296,0.210291741,2.322554877,1.389310659,30.48503667,73.77446766,33.47548803,0.453754383,1.115849601,0.453754383,1.236180423
Track_10227,2841,2841,33,3,0,0,0,1,35,58,93,38.83813434,159.6673115,88.38735199,0,2.628751354,4.894676167,0.657981324,2.818240408,1.320295438,29.2350441,90.99758254,38.83813434,0.426804023,1.109660981,0.42212474,1.2538864
Track_10233,2847,2847,15,2,0,0,0,1,16,58,74,17.24851772,8.787040818,97.10274497,0,2.442036562,4.853354142,0.343328707,2.38475492,1.24283663,14.00986284,38.05607841,17.55544294,0.453239494,1.078032358,0.441448083,1.888490778
Track_10235,2849,2849,19,0,0,0,0,0,18,58,76,27.87843779,236.9114791,111.0027748,0,2.828401001,6.316638792,0.973177945,2.733085066,1.291389317,24.35875255,50.91121801,27.87843779,0.547589291,1.548802099,0.547589291,1.453305458
Track_10239,2853,2853,24,1,0,0,0,1,24,57,81,30.92450708,85.5887899,98.48514022,0,2.233940576,5.469229565,0.341850444,1.793168068,1.393217392,26.96683127,53.06824341,30.92450708,0.582730935,1.288521128,0.576792929,1.193419311
Track_10243,2857,2857,23,1,0,0,0,1,23,58,81,30.71594895,255.1932236,122.7505307,0,2.628479367,5.641327793,0.549754416,2.856161616,1.28141373,25.37261026,61.48100332,31.68271146,0.499600646,1.335476042,0.508079332,1.542753175
Track_10253,2867,2867,13,1,0,0,0,1,13,57,70,30.12304685,187.1489729,127.7177249,0,2.822135124,4.955540197,1.004304844,2.451130206,1.382130114,29.48882649,37.63815114,30.12304685,0.800332799,2.31715745,0.821065381,1.032578712
Track_10254,2868,2868,9,0,0,0,0,0,8,53,61,19.83382947,126.7460296,146.0703899,0,3.343807633,7.820003126,0.947473084,2.974725442,1.999080102,20.77257448,26.75046106,19.83382947,0.74143879,2.479228684,0.74143879,0.844302049
Track_10256,2870,2870,12,1,0,0,0,1,12,58,70,24.8703666,407.1948185,133.6141243,0,2.874235256,5.50171511,1.060521188,2.356276026,1.569951777,25.62046496,32.99813125,24.8703666,0.753690153,2.07253055,0.721071995,1.413368461
Track_10260,2874,2874,25,0,0,0,0,0,24,57,81,37.06872685,251.7069622,152.9122851,0,2.708949781,5.719909734,0.784245737,2.469567478,1.4842354,27.19939173,65.01479473,37.06872685,0.570158331,1.544530285,0.570158331,1.038319575
Track_10271,2885,2885,37,1,0,0,0,1,37,58,95,51.24063973,325.812863,163.4195664,0,2.374349751,5.524000205,0.492802606,2.468460284,1.152600897,35.88885196,88.75625769,51.24063973,0.577318615,1.384882155,0.583267968,1.257793454
Track_10272,2886,2886,15,1,0,0,0,1,15,57,72,17.4580031,384.7430323,163.5518169,0,2.401719752,4.950446848,0.799091037,2.569925538,1.285959339,42.46508204,36.33130446,17.4580031,0.480522331,1.163866873,0.484597286,1.83911361
Track_10274,2888,2888,16,2,0,0,0,1,17,57,74,18.62748858,211.8391501,175.861352,0,1.993348828,4.151743151,0.114550515,1.731075944,1.104226927,24.81498146,35.45785183,18.62748858,0.525341712,1.095734622,0.54969537,1.279777905
Track_10276,2890,2890,11,2,0,0,0,1,12,58,70,15.80439058,311.766824,179.5748127,0,1.99346013,3.574633051,0.664033485,2.262613322,0.948809243,30.44422965,21.75058178,15.80439058,0.726619212,1.317032549,0.660676644,0.989665566
Track_10289,2903,2903,20,1,0,0,0,1,20,58,78,16.52362038,79.29937991,28.30251395,0,2.031896244,6.219489453,0.150167703,1.458805171,1.504243898,26.07768202,40.18516827,16.52362038,0.41118704,0.826181019,0.406605909,1.193600139
Track_10300,2914,2914,17,1,0,0,0,1,17,53,70,17.88898036,252.0724427,39.54215012,0,2.538859701,4.651396374,0.701856801,2.489068736,1.253490737,10.57964535,43.75112403,17.88898036,0.408880475,1.052292962,0.414474641,1.620869553
Track_10304,2918,2918,9,1,0,0,0,1,9,58,67,15.56227615,386.8662543,53.68659346,0,2.389727514,4.76076026,0.769251418,2.425938214,1.187869529,19.77353573,21.69815551,15.56227615,0.717216546,1.729141794,0.723572786,1.16559627
Track_10305,2919,2919,20,0,0,0,0,0,19,58,77,21.34645319,141.4522019,56.01186777,0,1.978586404,4.683349625,0.283347898,1.880950249,1.019445765,32.70526748,37.59314168,22.49499293,0.567828392,1.123497536,0.567828392,1.106875306
Track_10312,2926,2926,15,2,0,0,0,1,16,57,73,21.45932623,111.8655933,88.20087868,0,2.770411187,4.744584064,1.313213403,2.719946015,0.992169672,18.2448253,43.49104796,24.16635461,0.493419387,1.341207889,0.48411871,1.005200098
Track_10342,2956,2956,33,0,0,0,0,0,32,62,94,51.2963256,338.5924248,150.7678712,0,2.314087298,5.425560007,0.316628863,2.338132698,1.275777738,33.04741117,74.05079353,51.2963256,0.692718108,1.603010175,0.692718108,1.103989705
Track_10345,2959,2959,49,1,0,0,0,1,49,60,109,41.40524507,348.6543084,148.3426543,0,1.786885706,4.253264694,0.395826424,1.573429214,0.974189796,34.24157534,86.76568558,43.21637528,0.477207606,0.845005001,0.472892585,1.239647052
Track_10346,2960,2960,12,0,0,0,0,0,11,63,74,12.8752917,291.3039501,160.8118829,0,2.668063617,4.643637246,0.726083611,2.480893841,1.124293006,21.05018063,29.34869978,12.8752917,0.438700583,1.170481064,0.438700583,1.438056786
Track_10348,2962,2962,10,1,0,0,0,1,10,61,71,14.29512853,175.4234152,155.1452812,0,1.806421232,2.805628903,1.109927029,1.560783566,0.665784486,31.07442441,17.81857465,14.29512853,0.802259934,1.429512853,0.791350781,0.91383206
Track_10349,2963,2963,10,0,0,0,0,0,9,66,75,18.64185603,441.4144497,150.8617483,0,3.549843431,5.537296191,1.55417153,3.353197918,1.391152447,20.43735142,31.94859088,18.64185603,0.583495407,2.071317337,0.583495407,1.267186902
Track_10354,2968,2968,17,0,0,0,0,0,16,60,76,23.30054962,122.8207451,163.9549102,0,2.159519943,3.678346916,0.514510607,2.354101182,0.942307283,30.17531468,34.55231908,23.30054962,0.674355593,1.456284351,0.674355593,1.196554559
Track_10356,2970,2970,11,0,0,0,0,0,10,63,73,18.5230196,28.45732114,165.233444,0,3.425381026,8.176134723,1.219850295,3.344893348,2.00742508,11.82652369,34.25381026,18.5230196,0.540757932,1.85230196,0.540757932,1.532066925
Track_10358,2972,2972,21,0,0,0,0,0,20,63,83,32.16647926,174.7348817,162.5417506,0,2.568074116,5.582409009,0.251911008,3.057400539,1.509676568,45.69360161,51.36148232,32.16647926,0.626276303,1.608323963,0.626276303,1.05994317
Track_10359,2973,2973,16,1,0,0,0,1,16,59,75,31.43729203,406.7470225,167.8633766,0,3.288577947,7.082711429,1.236036349,2.829674404,1.816796963,26.26698577,51.63562023,31.43729203,0.608829562,1.964830752,0.597471243,1.001761226
Track_10361,2975,2975,18,2,0,0,0,1,19,65,84,24.47239057,177.7577656,172.3924554,0,2.579570892,4.357554773,0.873943482,2.697543788,1.26446344,23.58682659,46.37353805,24.47239057,0.527723171,1.288020557,0.499315821,1.579523022
Track_10370,2984,2984,7,2,0,0,0,1,8,66,74,11.90228965,312.2141738,177.8742397,0,3.502998445,4.682004291,3.052411349,3.386053203,0.612689271,13.37684686,27.66453545,11.90228965,0.430236382,1.487786206,0.424717918,1.155766996
Track_10371,2985,2985,17,0,0,0,0,0,16,61,77,17.36102432,170.2567,183.0580325,0,2.489859005,4.144627645,0.380374519,2.896310891,1.052054278,31.21707456,39.83774407,18.17895626,0.435793359,1.08506402,0.435793359,1.251422667
Track_10372,2986,2986,19,0,0,0,0,0,18,64,82,22.95924784,440.7358709,186.929623,0,2.533472371,6.411264756,0.3977387,2.653617191,1.381970507,22.72734062,45.60250268,26.92025294,0.503464645,1.275513769,0.503464645,1.081569338
Track_10377,2991,2991,15,2,0,0,0,1,16,61,77,15.18002233,110.6277606,191.9605752,0,2.309134323,3.745038495,0.383785786,2.517822543,0.87943415,24.9087066,35.58116985,16.58653016,0.426630782,0.948751395,0.410868864,1.473784655
Track_10378,2992,2992,17,1,0,0,0,1,17,65,82,19.39058297,198.3503804,185.5623082,0,2.113094536,4.905925757,0.124734535,2.260117501,1.355576651,28.00502547,35.24579111,20.47610854,0.550153149,1.140622527,0.539787742,1.168956912
Track_10379,2993,2993,13,1,0,0,0,1,13,60,73,22.48100032,445.1470101,187.4188665,0,2.746428417,4.962273893,0.455253182,3.103191646,1.304590715,25.83619474,36.49975138,22.49820886,0.615922012,1.729307717,0.629656941,0.921512974
Track_10387,3001,3001,15,1,0,0,0,1,15,61,76,17.23074535,398.0997891,192.0607999,0,2.141608943,4.193698558,0.393150025,2.017636149,1.028692574,21.3666242,32.00016135,17.82951865,0.538458077,1.148716356,0.536380071,1.322502468
Track_10393,3007,3007,26,0,0,0,0,0,25,60,85,26.7529008,92.06211414,198.2782843,0,2.015767724,4.948755498,0.102327628,1.92282686,1.040984609,31.51837008,50.39419309,27.24535677,0.530872689,1.070116032,0.530872689,1.404526478
Track_10394,3008,3008,11,0,0,0,0,0,10,66,76,15.85662727,5.821107939,202.35787,0,3.079514397,8.326804381,0.636880731,2.583713966,2.20245935,28.49992761,30.79514397,15.85662727,0.514906743,1.585662727,0.514906743,1.616779105
Track_10403,3017,3017,13,2,0,0,0,1,14,64,78,12.13836776,140.3180771,12.60979154,0,1.814079705,3.34921122,0.830647873,1.72222737,0.822523654,14.51335294,23.63159999,12.13836776,0.513649849,0.867026269,0.477942764,1.500377888
Track_10431,3045,3045,9,0,0,0,0,0,8,65,73,16.71946055,113.1656594,53.24520296,0,2.637857078,4.81191575,0.758356656,2.85057381,1.265246995,20.58121967,21.10285663,16.71946055,0.792284232,2.089932569,0.792284232,1.156662216
Track_10435,3049,3049,29,2,0,0,0,1,30,65,95,33.40577336,169.3891773,53.03042242,0,2.406931612,6.438507992,0.227080894,2.292187827,1.50507653,17.42883166,70.89056481,33.40577336,0.471230176,1.113525779,0.462632911,1.44362859
Track_10437,3051,3051,29,3,0,0,0,1,31,63,94,34.00817542,160.0437162,56.33512693,0,2.342621219,4.525915575,0.124999846,2.250644071,1.268253351,23.50156557,72.81984138,34.00817542,0.467017983,1.097037917,0.468295048,1.196507398
Track_10447,3061,3061,16,0,0,0,0,0,15,60,75,22.06957545,109.9735218,66.0958639,0,2.326828419,4.122699176,0.602768024,2.465947691,1.053993416,31.32679194,34.90242629,22.06957545,0.632322099,1.47130503,0.632322099,1.22311483
Track_10448,3062,3062,10,0,0,0,0,0,9,60,69,24.95413201,44.1691383,64.48938602,0,3.196528609,6.209619717,0.568455597,3.766613934,1.72520613,22.85292435,28.76875748,24.95413201,0.867403885,2.772681335,0.867403885,0.792756964
Track_10450,3064,3064,14,0,0,0,0,0,13,60,73,12.63263727,301.9327157,77.43636235,0,1.721435367,3.720649925,0.267684191,1.70172188,1.032193793,42.21483776,22.37865977,12.63263727,0.564494809,0.971741329,0.564494809,1.573936629
Track_10452,3066,3066,22,0,0,0,0,0,21,61,82,17.41720282,373.9022227,79.82516956,0,1.899961711,4.131692189,0.560831974,1.648697887,0.930407962,39.10418292,39.89919594,17.41720282,0.436530171,0.829390611,0.436530171,1.388203536
Track_10461,3075,3075,12,1,0,0,0,1,12,64,76,27.23436176,235.9474056,87.41747757,0,3.31287761,4.367949844,2.020669072,3.584697853,0.78930223,20.69397696,40.4242856,27.71209789,0.673712877,2.269530146,0.685063082,0.962827085
Track_10462,3076,3076,25,2,0,0,0,1,26,65,91,31.84165988,15.42173553,98.33886923,0,2.58385064,8.172975219,0.741330885,2.26641958,1.901515435,25.53234686,69.30410441,31.84165988,0.4594484,1.224679226,0.473974465,1.331236057
Track_10465,3079,3079,19,1,0,0,0,1,19,63,82,29.14161477,136.2405103,94.81356097,0,2.85740909,6.311193801,0.420282933,2.672463885,1.518766529,32.87467939,55.71845223,29.14161477,0.523015511,1.533769198,0.536769202,1.262795212
Track_10470,3084,3084,23,1,0,0,0,1,23,61,84,40.60418448,183.9670027,81.75342002,0,2.917650781,6.350254108,0.434066907,2.961015625,1.350723129,30.91856786,64.6223841,42.23834332,0.628330029,1.765399325,0.60507561,1.36657585
Track_10485,3099,3099,9,0,0,0,0,0,8,66,74,13.81017922,236.7365031,102.1313977,0,2.512592898,5.180968037,1.154642749,2.32086844,1.189615994,23.68615924,20.10074318,13.81017922,0.68704819,1.726272402,0.68704819,1.114443851
Track_10487,3101,3101,12,2,0,0,0,1,13,64,77,16.24256902,281.5792504,108.536568,0,2.752605343,4.210978741,0.536725507,3.131576219,1.120756696,15.65745215,35.26428713,16.24256902,0.460595417,1.249428386,0.453907564,1.210812809
Track_10489,3103,3103,35,3,0,0,0,1,37,64,101,45.51995674,108.507195,109.7450982,0,2.663571562,5.631818173,0.420108178,2.681847816,1.242782249,26.36214457,96.87040527,48.67374442,0.469905712,1.230269101,0.461887009,1.324926254
Track_10490,3104,3104,14,0,0,0,0,0,13,61,74,17.05074389,112.2409364,113.848743,0,2.319841968,3.069328015,0.647104156,2.630503768,0.694274589,24.30003139,30.15794559,17.05074389,0.565381479,1.311595684,0.565381479,1.368463525
Track_10493,3107,3107,14,1,0,0,0,1,14,61,75,12.71037243,80.58182387,118.4738977,0,2.061983158,3.730782842,0.573002318,2.191617151,0.8450655,28.02121241,27.77801363,12.71037243,0.457569522,0.907883745,0.440296392,1.274172008
Track_10494,3108,3108,10,0,0,0,0,0,9,61,70,18.98605023,138.6099273,110.4767334,0,3.047020527,6.414015216,1.128681476,2.896329066,1.824069378,19.18201466,27.42318475,19.37895135,0.692335716,2.109561137,0.692335716,1.414695013
Track_10496,3110,3110,10,0,0,0,0,0,9,65,74,14.7786026,102.6031199,107.743597,0,2.237473256,6.164553668,0.305894034,1.509912879,2.031646771,22.70218935,20.1372593,14.7786026,0.733893445,1.642066956,0.733893445,1.147187167
Track_10497,3111,3111,10,0,0,0,0,0,9,65,74,13.77129438,338.2981077,108.4005606,0,2.419222244,4.789496649,0.925781895,2.052206227,1.312525633,22.30575838,21.7730002,13.77129438,0.63249411,1.53014382,0.63249411,1.70149574
Track_10498,3112,3112,24,0,0,0,0,0,23,62,85,19.98398485,379.4869229,108.9608264,0,1.95345234,4.294876522,0.390948533,2.074260022,1.058461199,23.827592,44.92940381,19.98398485,0.444786335,0.868868906,0.444786335,1.262685545
Track_10500,3114,3114,18,0,0,0,0,0,17,66,83,22.35839834,121.6428067,117.3381715,0,2.787626712,5.584613549,0.8153106,3.000171963,1.367449329,32.49275181,47.38965411,23.63839212,0.471799146,1.315199903,0.471799146,1.371483476
Track_10501,3115,3115,25,1,0,0,0,1,25,61,86,23.22863853,106.2052752,118.4077045,0,2.371373057,6.41871886,0.571711393,2.055949799,1.444541133,26.61238735,59.88271653,24.42940163,0.387902218,0.929145541,0.391817533,1.627508397
Track_10502,3116,3116,33,1,0,0,0,1,33,60,93,35.67367072,324.445787,122.0676322,0,2.627775532,7.692583398,0.902794058,2.31061492,1.435774815,29.86645589,88.15060604,35.67367072,0.404690022,1.081020325,0.411382293,1.288661107
Track_10503,3117,3117,32,3,0,0,0,1,34,65,99,43.53908822,209.0897883,134.2358752,0,2.812538186,4.940463226,0.689498894,2.949633681,1.166652,25.69372042,97.78489651,43.53908822,0.445253713,1.280561418,0.455304545,1.336420038
Track_10507,3121,3121,11,0,0,0,0,0,10,63,73,23.9722197,15.16677146,123.9552301,0,3.207384397,7.552639013,0.580339816,2.923964233,2.298007768,17.11404298,32.07384397,23.9722197,0.747407131,2.39722197,0.747407131,0.938186488
Track_10509,3123,3123,16,0,0,0,0,0,15,66,81,20.64287315,392.944613,118.4538209,0,2.841439802,5.630112535,0.852626971,2.897807511,1.426606982,31.9804011,42.62159704,20.64287315,0.484328946,1.376191544,0.484328946,1.420023223
Track_10510,3124,3124,12,1,0,0,0,1,12,60,72,12.5506752,101.8765939,134.8952306,0,2.539359044,5.132266192,0.475394482,2.369751061,1.592466558,23.55357718,30.69257718,12.5506752,0.408915652,1.0458896,0.411871493,1.635328852
Track_10512,3126,3126,12,0,0,0,0,0,11,64,75,24.63235931,204.7417472,131.3183131,0,3.073558667,5.708265632,1.26543816,2.987923608,1.345313295,13.80160872,33.80914533,25.44618165,0.728570896,2.239305392,0.728570896,0.978424532
Track_10523,3137,3137,9,1,0,0,0,1,9,62,71,19.02849631,140.4109702,145.6842273,0,3.165373678,4.407594508,0.713430617,3.667003014,1.360015597,16.2912106,28.42430185,19.02849631,0.669444633,2.114277368,0.667939265,1.219264869
Track_10525,3139,3139,15,1,0,0,0,1,15,66,81,20.6377405,373.7889085,139.0922187,0,3.093092456,5.967798139,0.836398809,3.170402668,1.295453265,18.98635283,45.17277042,20.6377405,0.456862404,1.375849367,0.444813528,1.320178123
Track_10527,3141,3141,10,0,0,0,0,0,9,60,69,15.71951423,230.4740907,142.727065,0,2.565487109,5.378455511,0.996245868,2.033920569,1.540083497,34.2578517,23.08938398,16.45037088,0.68081133,1.746612692,0.68081133,1.38869774
Track_10535,3149,3149,52,2,0,0,0,1,53,59,112,48.64431381,336.4596615,110.1216166,0,2.426434125,6.395548774,0.462217333,2.361878004,1.030431815,31.76911117,128.3548546,48.64431381,0.378983046,0.917817242,0.378257638,1.16425282
Track_10542,3156,3156,10,1,0,0,0,1,10,59,69,19.39112297,260.2808686,130.2753581,0,2.830109534,3.885914753,1.764963322,2.988957548,0.805438252,33.63698778,29.35690056,19.39112297,0.660530322,1.939112297,0.685172172,0.881288594
Track_10554,3168,3168,30,1,0,0,0,1,30,59,89,32.46419485,71.73882134,143.2318821,0,2.553617409,7.119318622,0.846554299,2.068169116,1.470931998,28.34147434,76.39570983,32.46419485,0.424947879,1.082139828,0.423767407,1.577470332
Track_10563,3177,3177,23,0,0,0,0,0,22,60,82,29.09961547,285.6442749,179.5062146,0,2.294759052,5.065652024,0.076552343,2.365119634,1.150429184,29.98283407,50.48469915,29.09961547,0.576404653,1.322709794,0.576404653,1.254818893
Track_10611,3225,3225,9,1,0,0,0,1,9,63,72,14.96288241,65.47005713,126.2629446,0,2.459337687,4.247934318,1.007009816,2.479637882,0.997399562,27.67564683,20.68171131,14.96288241,0.723483767,1.66254249,0.676012285,0.937112206
Track_10616,3230,3230,14,2,0,0,0,1,15,63,78,17.43461713,308.5590462,153.2031693,0,2.817150912,5.17765994,0.744426468,2.853008998,1.165688455,23.77947719,42.40904034,19.01397455,0.411106146,1.162307808,0.412582728,1.035710494
Track_10617,3231,3231,16,2,0,0,0,1,17,59,76,15.36543883,371.9451805,145.0325411,0,2.442273089,5.908248751,0.134621754,2.44909466,1.791690551,18.28447765,41.06214637,18.06364721,0.374199602,0.903849343,0.370085289,1.363326892
Track_10620,3234,3234,22,3,0,0,0,1,24,65,89,24.92830642,361.8186281,165.6203704,0,2.28752697,5.724919642,0.236527921,1.966935901,1.23529597,30.53661411,55.2652328,24.92830642,0.451066704,1.038679434,0.454062159,1.468221319
Track_10634,3248,3248,17,2,0,0,0,1,18,65,83,12.18828511,52.25141189,98.20663765,0,1.861342261,4.890402402,0.116961212,1.562717637,1.514110638,23.85715417,31.18241624,12.18828511,0.390870451,0.67712695,0.363784224,1.196981748
Track_10654,3268,3268,16,3,0,0,0,1,18,64,82,25.57373939,171.3349178,30.59468846,0,2.457181061,4.010945137,0.967659796,2.605196625,0.767380677,17.32237387,45.33069204,25.57373939,0.564159474,1.420763299,0.578208632,1.306033845
Track_10664,3278,3278,23,1,0,0,0,1,23,63,86,24.54096226,84.8788804,96.51808715,0,2.223814446,3.976491588,0.273993736,2.330231465,0.996979382,34.6069898,49.19791156,24.54096226,0.49882122,1.066998359,0.47980548,1.521964774
Track_10682,3296,3296,16,0,0,0,0,0,15,67,82,22.29922617,93.9475615,183.214617,0,2.100641708,4.963151459,0.417697164,1.784061853,1.406282611,33.11964035,31.50962562,22.29922617,0.707695687,1.486615078,0.707695687,1.277296489
Track_10683,3297,3297,16,0,0,0,0,0,15,67,82,13.51526164,406.9027667,193.7732365,0,2.248209081,4.029367744,0.661474092,2.312401278,0.900563858,25.81315005,33.72313622,13.51526164,0.400771196,0.901017443,0.400771196,1.548601534
Track_10684,3298,3298,14,1,0,0,0,1,14,67,81,14.28543566,369.2692578,189.9229379,0,2.730401887,5.701604962,1.237192639,2.406812734,1.227602657,19.60259853,37.04107001,14.28543566,0.385664768,1.020388261,0.373713579,1.133223344
Track_10694,3308,3308,37,0,0,0,0,0,36,67,103,43.54187044,186.6194868,108.1357199,0,2.448091583,7.038885664,0.278218598,2.077243164,1.642024685,32.0052473,88.13129698,45.26991909,0.494056844,1.209496401,0.494056844,1.116929272
Track_10695,3309,3309,13,0,0,0,0,0,12,67,79,19.83920546,306.6378693,87.25991134,0,2.574878325,6.205790214,0.67228681,2.163784491,1.506707735,23.65751457,30.89853989,19.83920546,0.642075824,1.653267121,0.642075824,1.783940041
Track_10696,3310,3310,11,0,0,0,0,0,10,67,77,14.61686667,274.9133322,101.863722,0,2.31785347,3.93981112,1.230971335,2.329061719,0.9894623,31.15056315,23.1785347,14.61686667,0.630620825,1.461686667,0.630620825,1.481244679
Track_10703,3317,3317,34,0,0,0,0,0,33,67,100,31.86308134,130.8684396,132.968854,0,2.094475821,4.452857513,0.157114425,2.17869193,1.161162828,31.55035569,69.1177021,31.86308134,0.460997406,0.96554792,0.460997406,1.202679082
Track_10753,3367,3367,20,0,0,0,0,0,19,68,87,33.85455753,52.66115231,50.73023042,0,2.776188925,6.160518295,0.596140929,2.35886347,1.643521284,39.35565524,52.74758958,33.85455753,0.641821888,1.781818817,0.641821888,1.500309035
Track_10767,3381,3381,24,0,0,0,0,0,23,68,91,27.1033869,73.52363023,100.7666661,0,2.202233456,3.567328853,0.08963421,2.152949654,0.97743546,37.02393389,50.6513695,28.49458643,0.535096823,1.178408126,0.535096823,1.356353794
Track_10778,3392,3392,37,3,0,0,0,1,39,68,107,48.53891714,400.0719187,125.8177742,0,2.345883477,4.112054454,0.451076921,2.377043799,1.09646907,27.31951144,93.57790626,48.53891714,0.518700611,1.244587619,0.530541108,1.231825406
Track_10780,3394,3394,19,0,0,0,0,0,18,68,86,24.12591173,11.61527402,153.2903916,0,2.410908199,4.676634051,0.590904496,2.440404223,1.076753479,23.51960202,43.39634758,24.12591173,0.55594337,1.340328429,0.55594337,1.64725892
Track_10784,3398,3398,17,0,0,0,0,0,16,68,84,20.01818704,18.35988241,157.7751399,0,1.983527063,4.521112263,0.529543332,1.80500325,1.171604516,20.96932153,31.736433,20.01818704,0.63076361,1.25113669,0.63076361,1.496808064
Track_10792,3406,3406,22,1,0,0,0,1,22,71,93,23.04279799,153.4188369,165.6136584,0,2.083071202,3.50718348,0.513182895,2.343044013,0.882427346,35.10027435,44.264619,26.25505112,0.520569216,1.047399909,0.502815222,1.098045374
Track_10794,3408,3408,13,0,0,0,0,0,12,69,81,12.54333951,348.1543572,163.5559783,0,1.971850013,3.597705764,0.563890232,2.025580108,0.96489254,17.470351,23.66220016,13.25082141,0.530100305,1.045278292,0.530100305,1.462969585
Track_10800,3414,3414,21,1,0,0,0,1,21,72,93,31.84194856,360.8147905,159.7467529,0,2.413723764,5.027011518,0.613148495,2.413351443,1.242305409,35.11341635,49.45215772,31.84194856,0.643894018,1.516283265,0.628192541,1.088080668
Track_10807,3421,3421,14,1,0,0,0,1,14,70,84,31.55918041,436.4086256,171.5701268,0,2.542938573,4.282006236,0.733919404,2.545253636,1.27837621,23.34208141,36.35156909,31.55918041,0.868165562,2.254227172,0.886465444,0.653145633
Track_10811,3425,3425,22,0,0,0,0,0,21,69,90,19.25241756,12.25051769,184.4975734,0,2.18430484,4.841905346,0.288676164,2.040111259,1.06074744,27.84632486,45.87040164,19.25241756,0.419713298,0.916781789,0.419713298,1.131073479
Track_10812,3426,3426,9,0,0,0,0,0,8,70,78,20.2931095,444.924019,186.0229258,0,3.161159785,3.972558373,1.931624908,3.530401091,0.716772725,40.27069728,25.28927828,20.2931095,0.80243925,2.536638688,0.80243925,0.921982918
Track_10818,3432,3432,12,0,0,0,0,0,11,72,83,15.96266777,303.6690584,194.3681764,0,1.992176321,4.842405515,0.134428506,2.37948748,1.407967778,24.50337712,21.91393953,15.96266777,0.728425291,1.451151616,0.728425291,1.355602125
Track_10839,3453,3453,15,1,0,0,0,1,15,69,84,26.49370011,147.7946512,29.56841881,0,2.242410999,4.174545179,0.559775895,2.376243243,1.167564711,26.64369081,35.56829916,26.49370011,0.744868344,1.766246674,0.787655195,1.188242458
Track_10844,3458,3458,25,2,0,0,0,1,26,69,95,23.1666139,133.5731242,29.65568596,0,2.329442803,5.188365391,0.331954774,2.317913861,1.189072361,21.19832626,62.69598372,25.73723797,0.369507144,0.891023611,0.382505039,1.580020001
Track_10846,3460,3460,21,1,0,0,0,1,21,72,93,30.05789339,92.87806374,32.69944291,0,3.092577489,6.468820458,0.628128246,3.038481127,1.483285028,16.98257446,65.14582127,30.05789339,0.461394036,1.431328257,0.462826966,1.515015443
Track_10852,3466,3466,15,2,0,0,0,1,16,71,87,24.37767439,215.761951,51.1171681,0,3.413400208,4.562966828,1.757444734,3.571892008,0.90857138,13.26628536,55.35244535,27.59984876,0.440408265,1.52360465,0.446359805,0.950976172
Track_10856,3470,3470,47,0,0,0,0,0,46,72,118,34.36593323,314.9103622,53.67962353,0,1.932754916,5.08814385,0.104521564,1.826213397,0.939982603,30.36803394,88.90672613,34.36593323,0.386539182,0.747085505,0.386539182,1.549438885
Track_10874,3488,3488,15,1,0,0,0,1,15,70,85,24.4504144,37.16739464,74.68830554,0,2.640884174,6.161624511,1.001078576,2.371384048,1.554894855,14.08145981,41.21832021,25.43641704,0.593192888,1.630027627,0.617227989,1.350888878
Track_10880,3494,3494,31,0,0,0,0,0,30,69,99,37.57535733,213.0770569,98.34272301,0,2.218743652,4.268686873,0.471095944,2.282960333,1.052238269,28.40293597,66.56230956,37.57881145,0.564514026,1.252511911,0.564514026,1.500435257
Track_10882,3496,3496,17,0,0,0,0,0,16,69,85,21.67154504,335.2433139,108.3291308,0,2.810495389,4.268392678,0.747065463,3.075043961,1.214781682,24.83872066,44.96792623,21.67154504,0.481933388,1.354471565,0.481933388,1.538197833
Track_10890,3504,3504,18,2,0,0,0,1,19,72,91,18.05052923,9.635226404,121.0170942,0,2.385764209,4.568648587,0.421454266,2.303428362,1.328607088,21.58701552,44.94755919,18.05481794,0.401590866,0.950027854,0.398206935,1.803681228
Track_10891,3505,3505,16,0,0,0,0,0,15,69,84,19.5806399,315.2785691,118.1286478,0,1.96027615,3.845740966,0.937313965,1.765034801,0.888167811,33.46230549,29.40414226,19.5806399,0.665914337,1.305375993,0.665914337,1.333023036
Track_10898,3512,3512,22,0,0,0,0,0,21,71,92,23.64868636,253.8587432,117.8472971,0,2.113739069,3.474602238,1.175935817,1.799642852,0.781102446,28.85812803,44.38852044,24.15789212,0.532765817,1.126127922,0.532765817,1.563078597
Track_10905,3519,3519,25,0,0,0,0,0,24,72,96,37.20088459,372.3987721,116.7208519,0,2.44702965,4.754542765,0.382284637,2.291562118,0.995475199,30.70358244,58.7287116,37.20088459,0.633436075,1.550036858,0.633436075,1.36270877
Track_10907,3521,3521,12,1,0,0,0,1,12,72,84,13.2360434,175.3845201,138.0816557,0,2.545729276,5.282894684,0.648003988,2.74411488,1.498915012,15.40721496,31.90694355,13.2360434,0.414832696,1.103003616,0.433276086,1.864985452
Track_10913,3527,3527,27,0,0,0,0,0,26,71,97,29.97097259,369.8918543,140.4715409,0,2.629604739,6.197477806,0.921175772,2.282477454,1.379615549,32.57974932,68.36972321,30.26184833,0.438366154,1.152729715,0.438366154,1.618332514
Track_10915,3529,3529,44,1,0,0,0,1,44,69,113,43.8998066,299.3516599,133.7193106,0,2.254476911,7.6589573,0.337068707,1.87108988,1.416695561,21.13848708,98.45311511,44.0816894,0.445895557,0.997722877,0.442551828,1.407268063
Track_10916,3530,3530,19,1,0,0,0,1,19,69,88,27.3436198,374.4034063,155.5079717,0,2.252844787,4.184819184,0.510387732,2.044738509,1.116332283,37.30688537,42.37065395,27.3436198,0.645343351,1.439137884,0.638809159,0.990663077
Track_10918,3532,3532,13,0,0,0,0,0,12,71,83,20.54040994,153.1814151,147.2904187,0,2.92355806,7.206496417,0.681594625,3.199584312,1.876529327,25.32626512,35.08269672,20.54040994,0.585485492,1.711700828,0.585485492,1.45634903
Track_10920,3534,3534,11,0,0,0,0,0,10,69,79,17.06121155,409.0461771,150.5970295,0,3.430732974,5.713314955,1.710917748,3.418754693,1.183844096,12.572284,34.30732974,17.06121155,0.497305144,1.706121155,0.497305144,1.110348175
Track_10921,3535,3535,32,3,0,0,0,1,34,69,103,44.87156699,226.8914074,134.7438413,0,2.494983017,4.64741817,0.174063602,2.358277014,1.191934066,28.85636285,87.71200998,47.19428179,0.511578369,1.31975197,0.528962306,1.118579045
Track_10922,3536,3536,15,0,0,0,0,0,14,71,85,17.51115316,356.8022772,182.7519535,0,2.88565241,5.719312743,0.354678212,2.883598572,1.716406048,24.28167032,40.39913374,19.23077416,0.433453679,1.250796654,0.433453679,1.814143813
Track_10925,3539,3539,47,2,0,0,0,1,48,73,121,36.77023129,24.83261175,192.459102,0,1.950708239,5.131203865,0.22070305,1.901267321,1.137969373,34.31569857,94.10812371,37.16500329,0.390723243,0.766046485,0.392701722,1.580915335
Track_10939,3553,3553,26,0,0,0,0,0,25,73,98,27.69252515,298.0534196,72.75526446,0,2.596397891,5.757018248,0.322144696,2.445364445,1.231325839,37.53849932,64.90994727,27.69252515,0.426629913,1.107701006,0.426629913,1.361563464
Track_10941,3555,3555,11,1,0,0,0,1,11,73,84,20.46824143,35.74410859,96.11608742,0,2.435825384,6.496446109,0.246159681,2.790932906,1.899740884,19.70311386,25.54465805,20.46824143,0.801272868,1.860749221,0.763909118,1.467551948
Track_10947,3561,3561,30,3,0,0,0,1,32,73,105,44.90772886,85.20663936,110.877436,0,2.738436505,5.260755284,0.853090554,2.217212417,1.317072511,32.56166835,90.66668337,44.90772886,0.495305742,1.403366527,0.512469989,1.108732843
Track_10948,3562,3562,27,0,0,0,0,0,26,73,99,56.56174037,382.7276766,112.2973655,0,3.077688176,8.216370482,0.609008357,2.789387116,1.620616662,35.21986601,80.01989257,56.63878339,0.706845992,2.175451553,0.706845992,0.90307498
Track_10949,3563,3563,22,6,0,0,0,1,27,70,97,28.72946641,94.29221824,125.7267105,0,2.059462633,5.43379694,0.423620976,1.545107132,1.422820087,22.0616998,51.33749677,32.79166117,0.559619542,1.064054312,0.516665996,1.123698477
Track_10954,3568,3568,33,1,0,0,0,1,33,73,106,32.46525005,352.8154047,136.8759015,0,2.654883837,8.442223307,0.20505724,2.523244082,1.884954701,26.08813451,87.94520081,32.46525005,0.369153174,0.983795456,0.370560641,1.297768716
Track_10958,3572,3572,16,2,0,0,0,1,17,70,87,20.31197951,420.8870285,146.9441022,0,2.508920654,5.924595491,0.664385542,2.303686137,1.54563494,20.04196003,42.02159602,20.31197951,0.483370015,1.194822324,0.476229618,1.540093331
Track_10959,3573,3573,10,0,0,0,0,0,9,73,82,20.3356243,431.9666726,160.953401,0,3.018844128,4.256848025,1.85817432,2.774614546,0.870804647,30.98992252,27.16959715,20.3356243,0.74846985,2.259513811,0.74846985,1.087609419
Track_10966,3580,3580,24,0,0,0,0,0,23,73,96,43.01417597,395.266962,164.1475585,0,3.672652492,6.245975101,1.531718811,3.216064966,1.189138221,21.8110318,84.47100732,43.01417597,0.50921822,1.870181564,0.50921822,1.208756331
Track_10983,3597,3597,17,2,0,0,0,1,18,69,87,21.88737041,178.6901132,89.53209377,0,2.928573344,5.690940762,1.292264527,2.710751199,1.443680869,16.7396583,53.37380737,21.88737041,0.410076993,1.215965023,0.415207297,1.690644352
Track_10984,3598,3598,30,2,0,0,0,1,31,70,101,46.3173349,91.32702886,99.62127493,0,2.220462977,4.78015022,0.194029555,1.986741026,1.303669476,31.74977811,66.99262279,46.3173349,0.691379632,1.494107578,0.672881103,1.095046329
Track_10993,3607,3607,11,1,0,0,0,1,11,70,81,13.67774747,329.6359645,152.2607102,0,3.074948086,6.704892962,0.441040528,3.131756762,1.701883388,18.58600668,34.0821855,13.67774747,0.40131662,1.243431588,0.404374823,1.253828478
Track_10996,3610,3610,17,2,0,0,0,1,18,74,92,24.64489388,288.6863616,128.2502405,0,2.259540475,4.267302791,0.19449265,2.585207329,1.201702713,29.60134422,40.13336148,24.64489388,0.614074998,1.369160771,0.605946557,1.389695445
Track_11004,3618,3618,10,1,0,0,0,1,10,74,84,18.03157789,16.09128076,155.5978568,0,2.026893458,3.163167939,0.359403337,2.109516836,0.970710882,22.95417604,21.40520906,18.03157789,0.842392048,1.803157789,0.889616463,1.127063231
Track_11028,3642,3642,12,2,0,0,0,1,13,74,87,22.11010973,139.6781792,89.25201972,0,2.554499746,3.544388637,1.45388047,2.702882445,0.697281444,25.05142419,31.63805394,22.11010973,0.69884544,1.700777672,0.665796767,1.288125659
Track_11052,3666,3666,17,0,0,0,0,0,16,76,92,20.14232781,398.4479644,31.18899556,0,3.298745875,7.918823619,0.67873297,2.51717278,2.540764773,12.15984459,52.779934,20.14232781,0.381628515,1.258895488,0.381628515,1.559188899
Track_11056,3670,3670,13,1,0,0,0,1,13,77,90,15.43025047,35.41240024,62.45266442,0,2.37045991,3.961455042,0.245796556,2.578687858,0.975275324,19.48081097,31.41587804,15.43025047,0.491160885,1.186942344,0.500722387,1.129792482
Track_11059,3673,3673,24,0,0,0,0,0,23,77,100,28.0399944,170.1632307,55.43058385,0,2.611428718,5.458183298,0.189163821,2.625125376,1.354387411,24.24500356,60.06286051,28.0399944,0.466844139,1.219130191,0.466844139,1.457832918
Track_11060,3674,3674,32,0,0,0,0,0,31,76,107,32.84713343,314.7767163,74.00337155,0,2.441902563,4.507172158,0.236039898,2.261366384,1.227071151,34.14138409,75.69897944,32.84713343,0.433917784,1.059584949,0.433917784,1.31101339
Track_11061,3675,3675,25,0,0,0,0,0,24,77,101,29.58845713,157.0334019,71.84039005,0,2.289849772,6.908307338,0.53947039,2.067966991,1.407639676,32.12765091,54.95639452,29.58845713,0.538398805,1.232852381,0.538398805,1.654248048
Track_11063,3677,3677,27,0,0,0,0,0,26,75,101,29.65854755,209.3837903,77.80996461,0,2.306943606,5.260214699,0.41256262,2.304143703,1.306848008,34.89839875,59.98053376,29.65854755,0.49446955,1.140713367,0.49446955,1.494934928
Track_11064,3678,3678,12,0,0,0,0,0,11,77,88,12.08764168,152.2243481,72.47909866,0,2.201014399,4.12571586,0.608285113,2.866465996,1.445122448,21.55691799,24.21115839,12.08764168,0.499259122,1.098876516,0.499259122,1.23769762
Track_11076,3690,3690,23,0,0,0,0,0,22,77,99,37.11048505,105.4461999,91.64619897,0,2.552110387,5.451017889,0.492971397,2.449625937,1.189214619,34.6546737,56.1464285,37.11048505,0.660958961,1.68684023,0.660958961,1.163901287
Track_11077,3691,3691,10,0,0,0,0,0,9,75,84,14.03052318,170.5850162,87.07050378,0,2.151766655,3.658216324,0.76034636,2.113283375,0.884397164,43.18421764,19.36589989,14.03052318,0.724496319,1.55894702,0.724496319,0.900499315
Track_11081,3695,3695,15,0,0,0,0,0,14,77,91,14.00899473,117.524688,102.2822353,0,2.631794125,7.355223581,0.442058064,2.53587391,1.857998805,25.02920834,36.84511775,14.00899473,0.380213054,1.000642481,0.380213054,1.737118958
Track_11086,3700,3700,22,0,0,0,0,0,21,76,97,30.12174719,32.24156133,119.8633851,0,2.591877346,5.049736133,0.411516032,2.496860052,1.36729432,31.26792106,54.42942426,30.12174719,0.553409256,1.434368914,0.553409256,1.170673725
Track_11090,3704,3704,41,1,0,0,0,1,41,75,116,56.3760316,217.2045034,110.3753328,0,2.545760033,8.342858502,0.103261462,2.545804242,1.650312185,22.06816351,105.1484599,56.3760316,0.536156513,1.375025161,0.540123634,1.445738478
Track_11092,3706,3706,28,2,0,0,0,1,29,77,106,44.50483463,249.16166,116.8710684,0,2.715556908,5.833220731,1.083206137,2.847530819,1.224436964,23.48342662,75.59283147,44.50483463,0.588744115,1.53464947,0.565132502,1.190962883
Track_11095,3709,3709,17,0,0,0,0,0,16,75,91,25.44959657,118.5612079,129.995879,0,2.358679917,5.436717123,0.158770324,2.390021902,1.375461895,37.07463882,37.73887867,28.14402726,0.674360168,1.590599786,0.674360168,1.103845122
Track_11097,3711,3711,22,3,0,0,0,1,24,77,101,35.53360677,279.8873803,115.1624446,0,3.331903436,8.287743677,0.091307394,2.620186537,2.023317628,13.78102667,75.99275849,35.53360677,0.467592011,1.480566949,0.444360702,1.419173335
Track_11098,3712,3712,11,0,0,0,0,0,10,75,85,11.86051827,74.00428283,127.4370879,0,2.489405979,3.84002707,1.135055117,2.636700259,0.806735749,18.60901377,24.89405979,12.38225462,0.476439696,1.186051827,0.476439696,1.556587295
Track_11099,3713,3713,15,1,0,0,0,1,15,75,90,13.58420273,220.221461,132.6824398,0,2.15682338,3.660435395,0.470303245,1.75549517,0.987476819,23.54185823,32.19299118,13.58420273,0.421961496,0.905613515,0.41988302,1.560120312
Track_11101,3715,3715,18,0,0,0,0,0,17,76,93,18.58206011,49.82731985,132.6521802,0,1.843035795,3.297457175,0.400913005,1.662593546,0.849962017,39.31938002,31.33160852,18.58206011,0.593077119,1.093062359,0.593077119,1.105273695
Track_11107,3721,3721,18,0,0,0,0,0,17,77,94,23.97565324,405.6957652,135.25468,0,2.285696572,4.532842837,0.087615425,1.771506946,1.348860906,36.3319308,38.85684173,23.97565324,0.61702527,1.410332544,0.61702527,1.260566185
Track_11108,3722,3722,9,0,0,0,0,0,8,77,85,12.1460262,240.3711526,135.6214224,0,2.532753916,5.746613112,0.959926772,2.3443872,1.630299255,31.32213932,20.26203132,12.1460262,0.599447607,1.518253275,0.599447607,1.632195553
Track_11109,3723,3723,11,1,0,0,0,1,11,77,88,13.38519002,156.7688863,135.7492098,0,2.499292753,3.71253912,1.29123275,2.701007611,0.917113187,21.36942278,27.18586201,14.15778328,0.492358492,1.216835457,0.486871918,1.454081696
Track_11113,3727,3727,22,0,0,0,0,0,21,75,96,43.80790101,115.8816512,155.7374083,0,2.802094219,6.370399016,0.66158255,2.58324035,1.502157323,33.65268946,58.84397859,43.80790101,0.744475511,2.086090524,0.744475511,1.066563649
Track_11117,3731,3731,12,0,0,0,0,0,11,77,88,22.09607142,270.1806448,152.1722231,0,2.861649998,4.424074115,1.048517343,2.878616708,1.091873294,30.75984879,31.47814998,22.09607142,0.701949493,2.008733765,0.701949493,1.202602323
Track_11119,3733,3733,9,0,0,0,0,0,8,76,84,12.61422552,296.6330018,161.2720002,0,2.267169144,4.272516333,0.92622535,2.467066811,1.056237804,44.36240684,18.13735315,12.61422552,0.695483261,1.57677819,0.695483261,1.320722848
Track_11120,3734,3734,11,0,0,0,0,0,10,77,87,17.09979288,35.05889403,167.5477575,0,2.581336329,4.543365938,1.159190491,2.715517649,1.027446768,20.43752774,25.81336329,17.09979288,0.662439555,1.709979288,0.662439555,1.131281617
Track_11122,3736,3736,19,1,0,0,0,1,19,77,96,23.97839419,271.0598263,183.1972782,0,2.502687965,4.703207545,0.346213952,2.509200114,1.2438271,19.88243008,48.00178839,27.21862119,0.499531267,1.262020747,0.504266119,1.342184822
Track_11127,3741,3741,21,0,0,0,0,0,20,77,97,26.60468595,305.8321481,179.6147948,0,2.779692338,5.632300338,0.699726697,2.817956895,1.196746145,28.24193023,55.59384676,26.60468595,0.478554507,1.330234298,0.478554507,1.321986665
Track_11128,3742,3742,21,0,0,0,0,0,20,76,96,29.67946934,43.67804696,182.8775261,0,2.263722566,5.909933576,0.771910931,1.953263357,1.306940218,21.80814966,45.27445131,29.67946934,0.655545644,1.483973467,0.655545644,1.096363477
Track_11129,3743,3743,15,0,0,0,0,0,14,76,90,12.52621862,149.793736,187.1457173,0,2.236348579,4.735399084,0.45372307,2.335756151,1.277629814,29.25471236,31.3088801,13.65628436,0.40008517,0.894729902,0.40008517,1.675076462
Track_11150,3764,3764,28,1,0,0,0,1,28,75,103,39.97285881,216.6742895,124.4363174,0,2.623482893,4.51936058,1.078719301,2.482351724,1.019212176,18.87889314,73.83200311,41.33151411,0.541402876,1.4276021,0.544162916,1.262968116
Track_11176,3790,3790,27,3,0,0,0,1,29,76,105,31.99999439,204.8694378,167.2210256,0,2.61501982,5.666742498,0.634728902,2.748293065,1.223180547,15.43903012,74.21683369,31.99999439,0.431168952,1.103448083,0.421965476,1.086061678
Track_11178,3792,3792,23,1,0,0,0,1,23,79,102,27.86606671,119.5626631,72.50386044,0,2.3316817,5.989501531,0.185216669,2.204534777,1.37715735,29.0339546,54.07974795,27.86606671,0.515277304,1.211568118,0.519611282,1.258442736
Track_11180,3794,3794,9,1,0,0,0,1,9,79,88,12.3677297,370.6604806,85.80014805,0,2.094879795,3.310686456,1.102910257,2.196752722,0.817072957,19.51982371,19.28795567,12.3677297,0.641215166,1.374192189,0.65597663,1.158112792
Track_11193,3807,3807,21,3,0,0,0,1,23,80,103,35.09084164,183.5375437,123.2948342,0,2.375317743,4.261918791,0.513434885,2.534577126,1.088920979,26.98688071,56.71343219,35.09084164,0.618739517,1.525688767,0.642309338,1.09690425
Track_11196,3810,3810,12,0,0,0,0,0,11,80,91,13.27545584,126.6373999,111.8102514,0,2.341692542,5.328714727,0.493100795,2.07603322,1.60984239,29.5146209,25.75861796,13.73692,0.515379197,1.206859622,0.515379197,1.541976017
Track_11202,3816,3816,15,0,0,0,0,0,14,80,94,23.21877698,300.4859797,122.7103399,0,3.151228116,7.985283684,0.210059668,2.804811566,2.297861126,27.05790071,44.11719362,23.21877698,0.526297687,1.65848407,0.526297687,1.611187275
Track_11207,3821,3821,16,1,0,0,0,1,16,78,94,16.22132446,92.71911707,130.8034535,0,2.37856163,4.686996762,0.294095774,1.917161463,1.258776167,32.67291051,37.42591644,17.61978057,0.43342491,1.013832779,0.426237759,1.536728281
Track_11210,3824,3824,19,1,0,0,0,1,19,79,98,40.05620616,385.4195344,127.6919931,0,2.683930622,5.472671709,0.715245389,2.638377096,1.119768928,38.10272694,50.65839058,40.05620616,0.790712174,2.108221377,0.785497717,0.740657683
Track_11211,3825,3825,14,0,0,0,0,0,13,80,93,28.49905151,100.5655276,140.0872062,0,2.766177603,4.785964654,0.875047473,2.433626937,1.322160541,37.5536922,35.96030884,28.49905151,0.792514092,2.192234731,0.792514092,0.932485589
Track_11214,3828,3828,19,0,0,0,0,0,18,81,99,33.32879489,389.1634486,128.374449,0,2.724421687,5.07097881,0.553307232,2.732391778,1.298767918,36.43262956,49.03959037,33.46384444,0.679630369,1.851599716,0.679630369,1.323865084
Track_11220,3834,3834,10,1,0,0,0,1,10,79,89,22.32833524,338.2066823,149.8087605,0,2.73361585,4.370671686,0.747602139,2.681175737,1.238433363,28.81567707,27.00067387,22.32833524,0.82695474,2.232833524,0.816805889,0.775730036
Track_11223,3837,3837,16,2,0,0,0,1,17,79,96,18.73820619,163.7684764,153.3672907,0,2.315764294,4.458168086,0.717413359,2.065983285,1.047531115,26.2508741,39.08574646,19.30477217,0.479412775,1.102247423,0.475975653,1.306654984
Track_11224,3838,3838,13,0,0,0,0,0,12,79,91,23.27320172,330.2697897,150.3446575,0,3.140203831,6.674481281,0.671704564,3.095937796,1.582855167,28.192386,37.68244598,23.27320172,0.617613881,1.939433477,0.617613881,0.90563982
Track_11227,3841,3841,16,0,0,0,0,0,15,78,93,27.17606676,427.4844115,150.0170388,0,2.740700684,4.459626946,0.698827231,2.698356844,1.279984251,31.22650152,41.11051026,27.17606676,0.661049123,1.811737784,0.661049123,1.220716015
Track_11229,3843,3843,14,2,0,0,0,1,15,81,96,19.14412848,60.89650202,150.5682176,0,2.877775095,4.813070846,0.756843261,3.031347191,1.159393939,21.57288585,42.33296683,19.14412848,0.452227423,1.276275232,0.443493737,1.168327994
Track_11235,3849,3849,28,0,0,0,0,0,27,78,105,23.49556988,116.3062448,157.4293506,0,2.153139346,4.149463087,0.542370033,2.268979381,0.902447467,34.85547904,58.13476234,23.49556988,0.404156978,0.870206292,0.404156978,1.374813341
Track_11243,3857,3857,13,0,0,0,0,0,12,81,93,22.70296103,436.0389429,166.5207932,0,3.31100147,4.768825348,0.894869581,3.704584228,1.119207833,40.38109413,39.73201764,22.70296103,0.571402168,1.891913419,0.571402168,0.871580805
Track_11245,3859,3859,12,0,0,0,0,0,11,79,90,22.55851934,434.0232426,175.0265762,0,3.388353503,5.194394332,0.787866941,3.864358899,1.38740926,31.25198956,37.27188853,22.55851934,0.605242187,2.050774485,0.605242187,1.346578608
Track_11253,3867,3867,22,2,0,0,0,1,23,79,102,46.12040768,399.4535687,187.0438103,0,3.379428892,8.260527775,0.095389444,3.421648781,1.545323625,28.5942191,77.44181813,47.15460189,0.595549133,2.005235117,0.593365086,1.171390809
Track_11256,3870,3870,11,2,0,0,0,1,12,80,92,15.92462642,365.6171508,190.1182187,0,2.550290679,4.427689967,1.470193493,2.426024654,0.985360412,14.44537874,31.36767238,16.67964056,0.507676382,1.327052202,0.520353312,1.498688103
Track_11257,3871,3871,43,2,0,0,0,1,44,80,124,46.97142153,412.7702987,191.3511957,0,2.179184114,6.112070175,0.204872318,2.14685903,1.172291756,32.45349182,96.43329004,46.97142153,0.487087203,1.067532308,0.48987706,1.370142239
Track_11289,3903,3903,12,1,0,0,0,1,12,81,93,20.31879248,176.1948787,42.03046276,0,2.298178043,4.653801113,0.289789337,2.236029854,1.451864607,17.98177989,29.44899412,20.31879248,0.689965586,1.693232707,0.736771771,1.394387435
Track_11291,3905,3905,24,0,0,0,0,0,23,78,101,37.27095463,32.39399658,42.49686046,0,2.512779378,4.574287906,0.603502252,2.511260629,1.070437762,36.97427968,57.79392569,37.27095463,0.644893978,1.620476288,0.644893978,1.084767551
Track_11293,3907,3907,23,0,0,0,0,0,22,80,102,25.25224473,383.9185158,50.24448477,0,2.429528992,5.888743691,0.296351629,2.391720754,1.425599952,27.04256435,53.44963782,25.25224473,0.472449314,1.147829306,0.472449314,1.420762907
Track_11296,3910,3910,14,1,0,0,0,1,14,81,95,19.95701581,126.5137717,46.25356145,0,1.98027832,3.947174586,0.258853555,1.663551225,1.112010288,23.62257269,27.74705764,19.95701581,0.719248003,1.425501129,0.719848879,1.070559806
Track_11299,3913,3913,10,0,0,0,0,0,9,80,89,18.77969223,126.6110615,57.85676508,0,2.767278293,6.65198005,0.620392894,1.907274241,2.026239069,27.90881357,24.90550464,18.77969223,0.754037812,2.086632469,0.754037812,1.225240413
Track_11304,3918,3918,15,1,0,0,0,1,15,81,96,20.53167726,173.9668476,77.6904388,0,2.238118645,5.378957262,0.83288344,2.272124689,1.245758172,17.38688943,32.16654447,20.53167726,0.638292909,1.368778484,0.61157548,0.888389203
Track_11311,3925,3925,17,0,0,0,0,0,16,82,98,17.71564317,335.9929231,87.49552495,0,2.074927564,3.172995796,0.261433034,2.516892777,0.923850983,34.55340231,33.19884103,17.71564317,0.533622338,1.107227698,0.533622338,0.89695444
Track_11314,3928,3928,14,2,0,0,0,1,15,82,97,19.49689384,177.7986832,109.774898,0,2.78508781,3.798635273,1.131012155,2.960389083,0.844421276,18.08520031,40.92815839,19.49689384,0.476368706,1.299792923,0.466697286,1.035323648
Track_11317,3931,3931,13,1,0,0,0,1,13,82,95,14.78104452,16.00923234,134.2859608,0,2.847330094,6.933877268,0.384197146,2.787934015,1.976049467,19.14998421,34.55215827,14.78104452,0.427789327,1.137003425,0.399322659,1.796141923
Track_11320,3934,3934,9,0,0,0,0,0,8,82,90,16.48212055,210.3173412,134.8310573,0,3.304966134,5.554962413,1.030594152,3.489823526,1.300885082,14.10337522,26.43972907,19.63560263,0.623384624,2.060265069,0.623384624,1.168088877
Track_11321,3935,3935,9,0,0,0,0,0,8,82,90,17.54634892,59.99185867,143.05876,0,3.157892522,6.299424167,0.403664091,3.519992418,1.904102536,30.45867666,25.26314018,17.54634892,0.694543465,2.193293615,0.694543465,1.102683316
Track_11331,3945,3945,20,0,0,0,0,0,19,80,99,15.68344184,229.2410728,178.0032135,0,1.890555136,5.193423776,0.244139788,1.70923201,1.233848564,42.81273556,35.92054759,17.09251188,0.436614776,0.825444307,0.436614776,1.372366022
Track_11346,3960,3960,18,1,0,0,0,1,18,82,100,12.36557414,427.0750634,20.77210483,0,1.602713016,3.022540513,0.183104535,1.548016707,0.848609414,25.96339501,28.79413798,13.88369826,0.429447624,0.686976341,0.428633407,1.376311231
Track_11351,3965,3965,12,1,0,0,0,1,12,82,94,19.82976086,43.87737082,41.3432575,0,2.83599747,5.553424913,0.852639716,2.615136573,1.36559481,19.0377626,33.81110874,23.00025129,0.58648656,1.652480072,0.582680376,1.204479685
Track_11353,3967,3967,13,0,0,0,0,0,12,82,94,20.50534241,300.3575683,51.37258726,0,2.571695274,5.933291046,1.185539132,2.122594992,1.414266893,16.08477299,30.86034329,20.50534241,0.664456069,1.708778534,0.664456069,1.692944299
Track_11358,3972,3972,11,0,0,0,0,0,10,82,92,26.19058635,114.7727523,75.41673718,0,3.290717537,8.562827571,0.751379948,3.357628014,2.063658237,22.7239301,32.90717537,26.38850999,0.795892873,2.619058635,0.795892873,0.843025125
Track_11363,3977,3977,11,0,0,0,0,0,10,83,93,12.02100992,42.09822744,54.62941874,0,2.440626951,4.786875711,0.208724622,2.45085313,1.436179896,10.10196157,24.40626951,12.02100992,0.492537785,1.202100992,0.492537785,1.361731908
Track_11364,3978,3978,9,0,0,0,0,0,8,83,91,21.97130289,273.2242018,59.61328573,0,3.389379222,6.040017176,0.68983573,3.848481246,1.658904841,22.77245617,27.11503378,21.97130289,0.810299669,2.746412862,0.810299669,1.085372084
Track_11372,3986,3986,9,0,0,0,0,0,8,83,91,16.20987688,56.3015051,122.0346143,0,3.512818608,5.335566321,1.025686102,3.932892984,1.676771993,19.40460237,28.10254886,16.20987688,0.576811625,2.02623461,0.576811625,1.349377077
Track_11375,3989,3989,19,1,0,0,0,1,19,83,102,26.72023719,189.745131,131.164112,0,2.18648855,4.333241104,0.188251825,2.346858204,1.337351811,18.25115791,42.82951453,26.72023719,0.623874389,1.406328273,0.643190321,1.050067602
Track_11378,3992,3992,16,2,0,0,0,1,17,79,96,19.17503289,413.0034606,135.985728,0,2.76611854,4.188915703,0.67660642,2.906846823,1.073286984,22.71786958,48.65699099,19.17503289,0.394085876,1.127943111,0.407771068,0.898277907
Track_11383,3997,3997,46,3,0,0,0,1,48,83,131,49.70536216,119.6299694,174.7833347,0,2.440763468,4.786794744,0.41002245,2.189363288,1.077973647,33.67694019,117.0670108,53.75908455,0.424588975,1.035528378,0.424264125,1.41021012
Track_11385,3999,3999,10,2,0,0,0,1,11,78,89,15.95220629,9.692389997,171.0968124,0,2.510067285,3.97195886,0.759853184,2.487920396,0.96527642,11.30703001,27.72033494,15.95220629,0.575469464,1.450200572,0.577753664,1.037569638
Track_11396,4010,4010,18,1,0,0,0,1,18,83,101,26.34505529,241.7427637,20.24958916,0,2.941370582,7.289351009,1.311160981,2.67034571,1.505599662,27.97267697,52.67364561,26.34505529,0.500156292,1.463614183,0.497595982,1.558906459
Track_11429,4043,4043,19,0,0,0,0,0,18,84,102,20.924175,229.0385468,91.843938,0,3.118710758,7.942479897,0.208834808,2.638644707,2.269347045,13.17883753,56.13679365,22.23797736,0.372735485,1.162454167,0.372735485,1.676934462
Track_11432,4046,4046,40,2,0,0,0,1,41,86,127,46.81543067,42.99423395,78.47505936,0,2.523885543,6.195678734,0.760344943,2.280949871,1.32855728,20.23848006,101.3722456,46.81543067,0.461817043,1.141839772,0.452413453,1.21220823
Track_11433,4047,4047,13,0,0,0,0,0,12,85,97,22.67204415,313.2672276,98.38963794,0,3.691442555,5.575926673,0.73848042,4.519029093,1.569694252,22.46246793,44.29731066,23.25365126,0.511815363,1.889337012,0.511815363,1.386806655
Track_11435,4049,4049,13,0,0,0,0,0,12,84,96,18.08194428,150.2516084,90.62910066,0,2.372557298,3.704007845,0.482159397,2.4097139,0.931743252,28.53370443,28.47068757,18.08194428,0.635107397,1.50682869,0.635107397,0.829607791
Track_11438,4052,4052,8,1,0,0,0,1,8,85,93,19.85588321,158.4249363,101.4455054,0,3.024729927,4.780199633,1.749847367,2.285962488,1.264171512,19.04965043,23.15724961,19.85588321,0.857437025,2.481985401,0.820564302,0.459957748
Track_11439,4053,4053,23,1,0,0,0,1,23,86,109,38.18175507,96.63798385,105.6658982,0,2.484243554,5.079072505,0.67764178,2.467879807,1.234352101,28.39840744,56.82845279,38.18175507,0.671877434,1.660076307,0.668242172,1.19195279
Track_11441,4055,4055,13,1,0,0,0,1,13,84,97,15.93691467,196.7210469,109.2967892,0,2.386135405,4.93068378,0.479413735,2.206420555,1.205697106,25.16960437,32.09534616,18.02013445,0.496549082,1.225916513,0.513766532,1.713051375
Track_11449,4063,4063,23,1,0,0,0,1,23,86,109,25.46021274,72.01193303,116.0950621,0,2.517887274,4.787921881,0.343893724,2.385529364,1.229027265,32.30608633,58.22308998,25.8038742,0.437287213,1.106965771,0.439640719,1.386099128
Track_11450,4064,4064,16,2,0,0,0,1,17,85,102,36.20116137,224.4589853,122.7769134,0,2.887327324,4.627204895,1.159180252,3.110416375,1.025210073,16.89378607,50.20372561,36.20116137,0.721085157,2.129480081,0.737526384,0.998637033
Track_11464,4078,4078,13,0,0,0,0,0,12,86,98,24.35159765,413.002695,138.769345,0,2.371561327,4.490566618,0.470752259,2.469675046,1.220649323,30.05905049,28.45873593,24.35159765,0.855680931,2.029299804,0.855680931,1.122808245
Track_11467,4081,4081,38,2,0,0,0,1,39,86,125,56.7077148,139.9229988,142.0799418,0,2.679194171,6.993238862,0.744986616,2.249674715,1.221518027,25.5622429,101.2140273,56.7077148,0.560275253,1.454043969,0.542716905,1.453409131
Track_11468,4082,4082,23,2,0,0,0,1,24,86,110,38.22358079,324.8461021,146.4631047,0,2.95527675,5.43959681,0.33873743,2.670431906,1.44939582,22.69927348,70.87575779,40.489436,0.539304016,1.5926492,0.538917108,1.223564622
Track_11469,4083,4083,16,0,0,0,0,0,15,86,101,23.30760022,340.3014053,154.2019817,0,2.480009835,3.805310577,0.549426086,2.737869256,0.899565229,37.8730613,37.20014752,23.30760022,0.626545908,1.553840015,0.626545908,0.985807166
Track_11473,4087,4087,14,0,0,0,0,0,13,86,99,13.54756184,34.674281,169.7553172,0,2.64871233,5.696400229,0.384055212,2.226871938,1.793617616,21.71257414,34.43326029,13.54756184,0.393444063,1.042120141,0.393444063,1.421116653
Track_11474,4088,4088,16,1,0,0,0,1,16,86,102,36.85340446,434.8167473,177.8311364,0,2.753421929,6.156246575,0.045623161,2.352749364,1.517880826,23.08752555,43.64512537,36.85340446,0.844387641,2.303337779,0.83653644,0.825718538
Track_11476,4090,4090,13,0,0,0,0,0,12,85,97,13.72475474,349.0522489,181.4317234,0,2.601807909,5.645677613,0.477977294,2.132309095,1.689263649,21.75416998,31.2216949,14.66667948,0.439590316,1.143729562,0.439590316,1.640189551
Track_11478,4092,4092,15,0,0,0,0,0,14,85,99,20.77604965,367.8181935,172.1977229,0,2.310558985,3.681551366,1.179464447,2.288260252,0.766377843,48.30873973,32.34782579,20.77604965,0.642270358,1.484003547,0.642270358,1.509770254
Track_11481,4095,4095,10,0,0,0,0,0,9,84,93,14.77899325,134.7515786,186.6005441,0,2.926133863,5.538251194,1.510956531,2.287100582,1.373821383,22.50774574,26.33520477,14.77899325,0.56118771,1.642110361,0.56118771,1.345181046
Track_11483,4097,4097,37,0,0,0,0,0,36,84,120,37.41119659,315.6691308,174.7298687,0,1.939296922,4.544708884,0.27231734,2.215724134,1.023554946,45.58669797,69.81468919,37.41119659,0.535864257,1.039199905,0.535864257,1.249202773
Track_11487,4101,4101,17,0,0,0,0,0,16,85,101,16.1849057,275.5727201,187.5642558,0,2.130358953,3.539848535,0.276398961,2.388430211,1.016532309,28.55177198,34.08574325,16.1849057,0.474829186,1.011556607,0.474829186,1.276504762
Track_11498,4112,4112,8,1,0,0,0,1,8,86,94,18.67126835,384.1609931,200.2366526,0,3.081349301,6.647161285,0.466820012,2.459120533,2.075163261,20.01557982,23.93602837,18.67126835,0.780048722,2.333908544,0.757430695,0.6731425
Track_11503,4117,4117,12,0,0,0,0,0,11,85,96,16.56581199,57.842059,22.42303618,0,2.316424938,4.478094493,0.307869587,2.187627995,1.36695163,14.13947841,25.48067432,16.56581199,0.650132402,1.505982909,0.650132402,1.398618886
Track_11505,4119,4119,22,0,0,0,0,0,21,86,107,17.31234359,420.5355062,29.73343973,0,1.909369292,4.192987458,0.597733373,1.874014114,0.99354672,25.90780397,40.09675513,17.43176362,0.431764205,0.824397314,0.431764205,1.71778744
Track_11514,4128,4128,14,0,0,0,0,0,13,86,99,15.14342138,191.4542299,38.99268593,0,2.007010038,2.992626118,0.229536597,2.103180207,0.768392976,16.95669348,26.09113049,16.93036103,0.580404954,1.164878568,0.580404954,1.190545747
Track_11516,4130,4130,16,2,0,0,0,1,17,84,101,20.32717188,114.2494057,35.14043467,0,2.321260523,4.379244059,0.509102882,2.282684967,1.162010694,26.58887646,40.02176552,20.32717188,0.507902928,1.195715993,0.515114948,1.13993798
Track_11541,4155,4155,17,1,0,0,0,1,17,87,104,28.20003365,183.5460186,152.8521014,0,2.894657332,4.349186344,1.395624668,3.011126444,1.00852751,23.53884537,47.87278748,28.20003365,0.589061869,1.658825509,0.573064553,1.349746206
Track_11548,4162,4162,20,1,0,0,0,1,20,87,107,31.00686249,353.3475315,161.8259335,0,2.642124515,5.785570448,0.18487881,2.89920945,1.491087919,37.67831678,50.84625371,31.00686249,0.609816068,1.550343124,0.586778979,1.185724925
Track_11550,4164,4164,9,0,0,0,0,0,8,87,95,13.10936246,113.342905,185.9206637,0,2.614208988,5.559316275,0.628530565,2.073895398,1.938889029,25.443971,20.9136719,13.10936246,0.626832176,1.638670308,0.626832176,1.779674212
Track_11575,4189,4189,22,2,0,0,0,1,23,87,110,33.76547371,153.1494784,83.48228083,0,2.421660542,4.388272715,0.347152911,2.417596742,0.950918361,20.43826576,56.1793502,33.76547371,0.60102998,1.468064074,0.606222073,1.148461881
Track_11576,4190,4190,10,0,0,0,0,0,9,87,96,18.90546021,267.4440646,84.77595208,0,3.612463929,7.841086472,0.995574577,3.100837349,2.050815046,11.70566711,32.51217536,19.8828479,0.581488627,2.10060669,0.581488627,1.657230912
Track_11578,4192,4192,19,0,0,0,0,0,18,87,105,22.79393382,376.9119777,88.69437556,0,2.212196045,4.576785091,0.755584575,1.988954065,1.044580277,33.40752905,39.81952881,24.3477811,0.572431028,1.266329657,0.572431028,1.079350895
Track_11580,4194,4194,11,2,0,0,0,1,12,87,99,11.73986595,425.4243548,101.9296035,0,1.658819172,3.082106933,0.94559185,1.550752367,0.614560031,17.1639419,21.10236792,11.9202539,0.556329318,0.978322163,0.589770229,0.995697384
Track_11582,4196,4196,13,2,0,0,0,1,14,87,101,18.83860002,11.4558624,90.38603262,0,2.216902931,4.557313098,1.013098999,2.188640086,1.047239159,20.56316955,31.04359556,18.83860002,0.606843366,1.345614287,0.606979344,1.469547438
Track_11583,4197,4197,9,1,0,0,0,1,9,87,96,13.85302429,201.0364564,101.7322293,0,3.114735692,4.722694881,1.540712286,3.680441253,1.183403768,15.93029335,26.46902822,13.85302429,0.523367317,1.539224921,0.494175132,1.0438881
Track_11584,4198,4198,13,1,0,0,0,1,13,87,100,13.19285831,314.4810981,111.8687889,0,2.811754265,6.050780891,0.586417797,3.045060502,1.58491889,23.74176678,34.32746898,16.51041156,0.384323654,1.014835254,0.360926012,1.811307565
Track_11587,4201,4201,20,1,0,0,0,1,20,87,107,27.80502194,18.6964747,113.7254097,0,2.797356937,5.461050241,1.25581685,2.469850312,1.146107652,29.47814171,55.48478547,27.80502194,0.501128763,1.390251097,0.496987381,1.297612745
Track_11589,4203,4203,16,1,0,0,0,1,16,87,103,23.49803972,22.78168839,130.3887535,0,3.073617263,8.553549938,0.730430907,3.281370764,1.932117703,22.85007894,47.33717521,24.67013068,0.496397168,1.468627482,0.477817294,1.348059732
Track_11638,4252,4252,26,2,0,0,0,1,27,88,115,33.55022348,296.1922108,103.349059,0,2.40029701,5.423032421,0.500318757,2.332202861,1.18712079,27.82651124,65.17147928,34.15725088,0.514799171,1.24260087,0.517686297,1.526774846
Track_11640,4254,4254,15,1,0,0,0,1,15,88,103,22.67750768,368.9554307,104.1375947,0,2.469800828,8.578778081,0.291397016,2.019511848,2.13055957,24.76797752,36.59672344,22.67750768,0.619659509,1.511833845,0.61212784,1.490259976
Track_11645,4259,4259,20,1,0,0,0,1,20,88,108,20.77377037,180.7730288,125.6350577,0,2.366652833,3.357983455,1.579729019,2.257749811,0.562510766,34.44333639,47.33992508,22.78962601,0.438821361,1.038688518,0.438885038,1.266360765
Track_11653,4267,4267,12,1,0,0,0,1,12,88,100,22.3398754,361.1610609,162.1654919,0,2.317420455,3.598651807,0.482761762,2.429435362,0.979892758,40.35801299,28.72298983,22.3398754,0.777769847,1.861656283,0.803331255,0.748403844
Track_11654,4268,4268,12,1,0,0,0,1,12,88,100,17.32727807,244.2150695,164.2337233,0,3.086897362,6.363260768,0.980209136,2.494043239,1.693697075,14.15296745,35.96961979,23.08523962,0.481719801,1.44393984,0.467764124,0.732914297
Track_11659,4273,4273,35,1,0,0,0,1,35,88,123,46.88218013,132.0671308,180.296504,0,2.287109871,4.2381892,0.58113798,2.209294993,0.990183989,32.20424587,79.55226346,47.24409333,0.589325534,1.339490861,0.58566966,1.158693216
Track_11665,4279,4279,46,2,0,0,0,1,47,88,135,19.64761643,304.3607188,9.807756575,0,0.739502267,3.768411893,0.012815516,0.137095356,1.105867646,11.12947229,37.09361631,19.7175635,0.529676488,0.418034392,0.565291562,1.641859533
Track_11670,4284,4284,30,2,0,0,0,1,31,88,119,31.58014678,173.8378229,38.55439784,0,2.295437577,4.154304511,0.752332611,1.915007523,0.976094018,29.90199671,72.91761468,32.10259936,0.433093525,1.018714412,0.443799658,1.583968582
Track_11676,4290,4290,9,0,0,0,0,0,8,89,97,12.73614941,361.7079571,116.7117183,0,3.915317372,7.322009854,2.459491217,3.677578581,1.617704176,13.54246034,31.32253897,13.32713821,0.406612932,1.592018676,0.406612932,1.564609311
Track_11681,4295,4295,9,0,0,0,0,0,8,89,97,13.30828835,274.626182,141.0560337,0,2.926289682,5.238645259,0.723495272,4.222440027,1.887974948,24.9340868,23.41031746,13.30828835,0.568479619,1.663536044,0.568479619,1.255037811
Track_11683,4297,4297,13,1,0,0,0,1,13,89,102,15.76387153,337.2314199,150.4230848,0,2.493623629,4.186158329,0.261203646,2.932123734,1.202856064,29.7578439,32.85560728,16.36874901,0.479792426,1.212605503,0.486282488,1.831735756
Track_11685,4299,4299,9,2,0,0,0,1,10,89,99,21.02098843,289.751931,170.6904691,0,2.586845213,3.56676364,1.111233009,3.228118472,1.071399495,22.49841558,25.4722167,21.02098843,0.825251633,2.102098843,0.812610987,0.913800006
Track_11686,4300,4300,19,3,0,0,0,1,21,89,110,26.28449695,185.1592123,170.7231999,0,2.620065898,6.902384932,0.893516283,2.462961572,1.368702595,15.08964611,53.88233234,26.28449695,0.487812903,1.251642712,0.47771421,1.384418972
Track_11695,4309,4309,22,2,0,0,0,1,23,89,112,22.17490144,137.8076617,28.81858873,0,2.418239934,4.70014903,0.232326045,2.000075784,1.376063673,19.09873273,54.92870049,24.71560802,0.403703369,0.96412615,0.398689202,1.407469271
Track_11696,4310,4310,11,0,0,0,0,0,10,89,99,12.83707245,77.54164971,34.15034793,0,2.178481897,3.639675892,1.000362008,2.251604432,0.956962909,14.19528827,21.78481897,13.46552596,0.589266887,1.283707245,0.589266887,1.420529142
Track_11714,4328,4328,11,0,0,0,0,0,10,90,100,13.86937409,57.615327,119.0652855,0,2.36415464,6.551880401,0.087351293,2.464778689,1.963765986,20.79728985,23.6415464,13.86937409,0.586652576,1.386937409,0.586652576,1.596776289
Track_11721,4335,4335,26,3,0,0,0,1,28,91,119,32.57080111,170.939771,136.9684101,0,2.473238835,4.72330207,0.49120553,2.35591264,1.264282251,23.72812422,72.53897284,33.06151497,0.44901106,1.163242897,0.47033181,1.415282098
Track_11726,4340,4340,25,0,0,0,0,0,24,91,115,30.69327467,305.0220749,131.8714611,0,2.756649165,4.656530207,0.619957032,3.068295841,1.126096417,32.49295174,66.15957996,30.69327467,0.463927895,1.278886445,0.463927895,1.514224009
Track_11730,4344,4344,21,3,0,0,0,1,23,90,113,15.42632419,290.7702227,155.5162805,0,1.571618127,3.986971514,0.163133025,1.614380546,1.084721328,28.48035513,36.60465345,15.42632419,0.421430685,0.670709747,0.426763815,1.229647181
Track_11735,4349,4349,43,3,0,0,0,1,45,91,136,65.01450385,288.4624935,169.4180951,0,2.596314625,6.708600294,0.254951055,2.525425312,1.368768358,29.25011239,117.7195403,65.01450385,0.552283025,1.444766752,0.556468287,1.077361439
Track_11737,4351,4351,32,0,0,0,0,0,31,91,122,49.213418,338.5337884,169.8402664,0,2.85169113,5.679025961,0.747969133,2.787608205,1.344447363,26.26342499,88.40242503,49.213418,0.556697602,1.587529613,0.556697602,1.563881199
Track_11743,4357,4357,17,0,0,0,0,0,16,91,107,18.26318857,18.24527338,187.9296628,0,1.888801876,3.730427448,0.513781964,1.936890963,0.870664843,32.0262201,30.22083002,18.26318857,0.604324519,1.141449286,0.604324519,1.349247898
Track_11746,4360,4360,19,2,0,0,0,1,20,91,111,26.64785607,282.9392618,184.5304635,0,3.015665887,7.232263793,1.431771035,2.809778468,1.371613,21.10493562,60.84199351,26.64785607,0.437984598,1.332392804,0.441823748,1.688242717
Track_11748,4362,4362,12,0,0,0,0,0,11,91,102,15.53870835,310.8750343,195.7458465,0,2.845855154,5.12073429,0.544426009,2.731908862,1.437098393,14.96654558,31.3044067,15.53870835,0.496374472,1.41260985,0.496374472,1.463113531
Track_11757,4371,4371,15,0,0,0,0,0,14,90,104,12.99692179,133.9908555,22.04133917,0,2.004959777,4.140709319,0.199313931,1.981315109,1.231255517,12.75754073,28.06943688,12.99692179,0.463027521,0.928351556,0.463027521,1.405549154
Track_11760,4374,4374,17,1,0,0,0,1,17,90,107,27.37833794,126.9463462,37.56148108,0,2.505303332,5.507762158,0.41664629,2.125966072,1.36581829,27.31246306,41.73649554,27.37833794,0.655980757,1.610490467,0.642832525,0.880287044
Track_11765,4379,4379,16,1,0,0,0,1,16,90,106,16.82327269,136.8309083,44.78592355,0,2.361621238,4.704238286,0.661183718,1.807404761,1.46720794,17.07043839,36.1743087,16.82327269,0.465061346,1.051454543,0.445225732,0.960134899
Track_11773,4387,4387,13,2,0,0,0,1,14,91,105,19.34964897,372.2767743,67.86752692,0,2.624093185,5.031661667,0.353351933,2.742912425,1.401004454,9.209441148,33.49798856,19.34964897,0.577636145,1.382117784,0.526703012,1.349373912
Track_11778,4392,4392,31,0,0,0,0,0,30,90,120,41.41016399,337.5302425,65.71155963,0,2.370974256,5.108899518,0.327874588,2.372268762,1.174290524,35.32654608,71.12922767,41.41016399,0.582182112,1.3803388,0.582182112,1.079761539
Track_11779,4393,4393,9,0,0,0,0,0,8,91,99,12.50880469,306.7366905,87.18408292,0,2.449201374,3.107195909,0.955930372,2.875075758,0.820762552,26.95884943,19.59361099,12.86914223,0.638412424,1.563600587,0.638412424,1.149296412
Track_11781,4395,4395,17,1,0,0,0,1,17,90,107,19.35645282,77.77002894,89.9519468,0,2.814710533,5.44088594,0.463148525,2.922677826,1.085028813,21.27055191,48.86387373,21.28962743,0.396130133,1.138614872,0.404522902,1.230351509
Track_11785,4399,4399,21,4,0,0,0,1,24,90,114,15.57781971,255.0021657,201.8111691,0,1.527840622,4.357813046,0.249654645,1.30963108,1.106540541,9.258655162,36.82885759,15.85958197,0.42297863,0.649075821,0.424832153,1.551890629
Track_11793,4407,4407,15,1,0,0,0,1,15,92,107,18.51267012,29.8380271,134.4937237,0,2.248045137,6.079688831,0.366769537,2.169649831,1.366622037,42.18438047,34.70204617,18.51267012,0.533474886,1.234178008,0.549000546,1.215133627
Track_11798,4412,4412,16,1,0,0,0,1,16,92,108,20.02278489,412.5451497,146.6250718,0,1.941127832,4.123111504,0.409545347,1.399646265,1.195466312,28.31062755,33.24002898,21.33700018,0.602369658,1.251424055,0.644689152,1.365753041
Track_11810,4424,4424,8,1,0,0,0,1,8,92,100,12.0664875,129.2368237,203.183134,0,2.501093735,4.503070515,0.394662333,2.561802715,1.340216758,14.23720741,20.24661794,12.0664875,0.595975463,1.508310938,0.60306054,1.255897913
Track_11818,4432,4432,12,0,0,0,0,0,11,92,103,15.05345839,159.6327776,38.31193225,0,2.241306112,3.74656489,0.564879783,1.950177894,1.011202005,16.58998466,24.65436723,15.37680512,0.610579791,1.368496217,0.610579791,1.519474337
Track_11821,4435,4435,22,0,0,0,0,0,21,92,113,24.86940799,188.2990435,44.30699073,0,2.226755138,3.531595914,1.031592079,2.185196043,0.759022172,35.82513779,46.7618579,25.94337144,0.53183105,1.184257523,0.53183105,1.269268237
Track_11827,4441,4441,10,0,0,0,0,0,9,92,101,12.6208007,360.9620485,78.15700019,0,2.128014315,6.004604187,0.89405445,1.53753368,1.591779375,12.36623259,19.15212883,12.6208007,0.658976389,1.402311189,0.658976389,1.224595434
Track_11836,4450,4450,12,2,0,0,0,1,13,92,105,22.49573038,276.4960543,108.3842284,0,3.015280764,4.503586869,0.732941268,2.859357821,1.199280238,14.26261,40.94187754,26.19776552,0.54945527,1.730440798,0.573890438,0.979189807
Track_11837,4451,4451,19,0,0,0,0,0,18,92,110,29.94871651,280.4340876,117.4000875,0,2.27889599,4.071754182,0.911432184,2.029244159,0.958412506,36.86118726,41.02012783,29.94871651,0.730098079,1.663817584,0.730098079,1.23380829
Track_11841,4455,4455,19,0,0,0,0,0,18,92,110,19.29253205,201.0919707,116.2869003,0,2.324115063,4.77794081,0.70657613,2.171090519,1.151502023,27.08629583,41.83407113,19.29253205,0.461167931,1.071807336,0.461167931,1.489650128
Track_11842,4456,4456,12,0,0,0,0,0,11,92,103,17.53186318,394.0592747,119.7657509,0,2.506485161,4.563883445,0.859379524,2.371319242,1.271383915,27.8825686,27.57133677,17.53186318,0.635872802,1.593805744,0.635872802,0.871671158
Track_11843,4457,4457,25,2,0,0,0,1,26,92,118,26.78833769,298.9168261,134.2465687,0,2.210585506,4.056923289,0.511614567,2.234536862,1.012152827,29.40812561,56.3019937,26.78833769,0.47579732,1.03032068,0.466084971,1.516180615
Track_11844,4458,4458,18,1,0,0,0,1,18,93,111,18.65657074,74.30418857,151.9433968,0,1.783052279,3.116635018,0.491637225,1.697538751,0.937359348,31.78466998,32.00942749,18.65657074,0.582846124,1.036476152,0.581293193,1.143760928
Track_11845,4459,4459,27,1,0,0,0,1,27,93,120,26.67508263,137.1799507,147.200206,0,2.290481446,4.127576311,0.732258568,2.394161158,1.061146435,41.08960773,60.440853,26.67508263,0.441341929,0.987966023,0.431335528,1.361015403
Track_11846,4460,4460,9,0,0,0,0,0,8,97,105,15.84927158,427.6317018,151.8151774,0,2.838368687,5.388235186,1.13107493,3.517414974,1.51508472,27.61467446,22.7069495,15.84927158,0.697992109,1.981158947,0.697992109,1.284722314
Track_11854,4468,4468,11,1,0,0,0,1,11,95,106,18.35018286,45.48191497,156.8431527,0,2.420869547,4.803662664,0.241934424,2.8170274,1.507721225,16.38027061,27.02572287,18.43405512,0.67898953,1.668198442,0.689090597,1.298553997
Track_11855,4469,4469,8,1,0,0,0,1,8,95,103,22.79552571,52.04888683,168.5846435,0,3.368794788,4.628441979,2.594402128,3.135206311,0.678474652,18.7981298,26.571926,22.79552571,0.857880069,2.849440713,0.845833864,0.58292798
Track_11859,4473,4473,10,0,0,0,0,0,9,93,102,13.22801328,380.0766774,162.9679577,0,3.0143327,5.369098978,1.406170025,2.340451684,1.503791727,23.97386875,27.1289943,18.59203,0.487596891,1.469779253,0.487596891,1.192264698
Track_11862,4476,4476,11,0,0,0,0,0,10,96,106,15.19635822,442.0810567,159.2154275,0,3.163608742,6.109737307,0.887407492,2.821891447,1.622813468,13.20255613,31.63608742,15.68203189,0.48034885,1.519635822,0.48034885,2.077410212
Track_11864,4478,4478,13,0,0,0,0,0,12,93,105,14.13831386,13.3503426,181.9566967,0,3.000922899,5.750594226,1.051918562,3.118427472,1.245494088,20.31192541,36.01107479,15.16866056,0.392610161,1.178192822,0.392610161,1.732127691
Track_11866,4480,4480,12,1,0,0,0,1,12,97,109,19.50011304,385.9811062,188.7288234,0,2.491614765,4.544064504,0.443160144,2.659111336,1.302288393,12.84444408,28.8679396,19.50011304,0.675493759,1.62500942,0.652191279,1.152913132
Track_11895,4509,4509,16,1,0,0,0,1,16,94,110,21.47279073,99.92472658,16.00407107,0,2.12171868,4.821048732,0.395254257,2.177176616,1.116661676,25.78938594,34.53141613,22.27195992,0.621833482,1.34204942,0.632529389,1.329501807
Track_11901,4515,4515,16,0,0,0,0,0,15,95,110,33.21906285,98.69564378,46.88022501,0,3.159327164,6.861537272,1.211625229,3.005632233,1.462329917,21.07188606,47.38990746,33.21906285,0.700973364,2.21460419,0.700973364,1.009798049
Track_11908,4522,4522,12,1,0,0,0,1,12,93,105,17.94626898,283.9865059,57.77236625,0,2.26838808,4.29781706,0.627909702,2.210049684,1.219579128,21.98504774,28.73584028,17.94626898,0.624525638,1.495522415,0.659288606,1.047701999
Track_11912,4526,4526,15,0,0,0,0,0,14,96,110,13.91077404,128.2370324,62.15441286,0,2.201779501,4.607890226,0.508314697,2.191919348,1.245114462,22.18273096,30.82491302,13.91077404,0.451283481,0.993626717,0.451283481,1.739876303
Track_11914,4528,4528,10,1,0,0,0,1,10,93,103,13.12451178,186.7647637,60.30447187,0,3.320734306,4.550550291,1.233400085,3.457774176,1.022620048,18.57614117,33.34438293,13.12451178,0.393604878,1.312451178,0.395229204,1.39543876
Track_11930,4544,4544,13,0,0,0,0,0,12,95,107,17.92943735,23.97341445,83.64772783,0,2.606583349,4.489878977,0.904153089,2.699274877,1.217489421,18.55372708,31.27900019,17.92943735,0.573210053,1.494119779,0.573210053,1.526423625
Track_11931,4545,4545,8,1,0,0,0,1,8,97,105,14.8635097,81.81891101,91.84238759,0,3.419364646,4.688984803,2.309979,3.323430236,0.814822955,19.31062973,26.24553152,14.8635097,0.566325345,1.857938712,0.543357876,1.012060201
Track_11937,4551,4551,31,0,0,0,0,0,30,94,124,47.92316549,328.5479049,73.52475408,0,3.225034466,7.493858627,0.835577882,2.838482973,1.562491228,20.08436083,96.75103398,48.60169789,0.495324582,1.59743885,0.495324582,1.358437528
Track_11938,4552,4552,14,0,0,0,0,0,13,95,108,21.86568998,172.7810342,91.92677371,0,2.293011735,4.674031047,0.244436887,2.210374653,1.415256533,38.9900232,29.80915256,21.86568998,0.733522697,1.681976152,0.733522697,0.86558347
Track_11940,4554,4554,15,0,0,0,0,0,14,95,109,19.84062524,76.96653388,94.02312096,0,2.314862788,7.488861774,0.483955665,2.092724093,1.746088165,21.33935019,32.40807903,20.60243871,0.61221232,1.417187517,0.61221232,1.028252125
Track_11943,4557,4557,13,1,0,0,0,1,13,97,110,17.45787228,122.0061158,86.35411192,0,2.125658855,4.774459217,0.973129065,1.865354093,1.268075952,26.91920735,26.5165407,17.45787228,0.658376689,1.342913253,0.6317633,1.294041175
Track_11945,4559,4559,15,2,0,0,0,1,16,96,112,26.40520924,137.085948,100.6528079,0,3.106751017,6.340083553,0.981142705,3.280239372,1.42536975,22.05564709,49.7273402,26.40520924,0.530999831,1.650325578,0.531206256,1.236147737
Track_11947,4561,4561,9,0,0,0,0,0,8,97,105,15.59690731,292.9706005,91.92080533,0,2.447106867,4.492958628,0.776407948,2.4854628,1.099953161,23.50250753,19.57685493,15.59690731,0.796701378,1.949613414,0.796701378,1.117433331
Track_11949,4563,4563,15,2,0,0,0,1,16,96,112,12.42445342,134.2377801,100.2036459,0,1.820819098,4.998734642,0.805665761,1.780325685,1.128032694,18.12212315,27.76715219,12.42445342,0.447451483,0.776528339,0.426471987,1.193956711
Track_11951,4565,4565,19,2,0,0,0,1,20,95,115,15.77165403,163.769544,106.0093602,0,2.160796596,4.948686054,0.655572522,2.119645443,1.297467436,28.19604864,40.97811696,16.84964705,0.384879911,0.788582701,0.364949992,1.651412127
Track_11958,4572,4572,20,0,0,0,0,0,19,97,116,26.5567813,208.4308457,112.9107331,0,2.200943933,4.2835344,0.547603408,2.227809418,1.074542929,39.45913701,41.81793472,26.5567813,0.635057218,1.397725332,0.635057218,1.039676854
Track_11960,4574,4574,9,0,0,0,0,0,8,94,102,11.90127108,371.6056519,119.6026611,0,2.938686845,4.711936533,0.496102501,3.42720259,1.284336734,27.90353643,23.50949476,13.42451773,0.506232533,1.487658885,0.506232533,2.053448295
Track_11963,4577,4577,12,2,0,0,0,1,13,96,109,19.9338816,340.5844363,115.2975148,0,2.72116888,5.583632859,1.14358158,2.445335605,1.351912747,18.2981391,33.15300489,19.9338816,0.601269226,1.533375507,0.56349884,1.279915422
Track_11966,4580,4580,18,0,0,0,0,0,17,95,112,24.49757611,54.86858148,125.463837,0,2.433149838,7.205310795,0.571901423,1.857149065,1.79220027,25.61708543,41.36354725,24.49757611,0.592250369,1.441033889,0.592250369,1.405006283
Track_11967,4581,4581,13,0,0,0,0,0,12,95,107,23.43000803,142.2612516,117.8263422,0,2.729445287,4.3473349,0.712419242,3.042462525,1.096228075,31.80452838,32.75334345,23.43000803,0.715347063,1.952500669,0.715347063,1.125205546
Track_11968,4582,4582,38,3,0,0,0,1,40,93,133,35.85812739,308.7894126,130.0428822,0,2.361881573,5.382075144,0.10460244,2.327854361,1.25087674,28.32738804,95.89619484,35.89526672,0.373926488,0.896453185,0.379550438,1.428840009
Track_11969,4583,4583,26,2,0,0,0,1,27,96,123,31.88095868,325.9599156,128.362249,0,2.273161901,4.752694143,0.252683525,2.217082965,0.969368744,25.23292461,62.1999897,32.39780708,0.512555691,1.180776247,0.519442213,1.319602818
Track_11970,4584,4584,19,2,0,0,0,1,20,93,113,26.06985353,159.8776757,138.0809231,0,2.588966923,5.638342233,1.089144767,2.726688549,1.29301172,22.57045555,52.35077412,26.09015843,0.497984107,1.303492676,0.503479849,1.347703811
Track_11971,4585,4585,13,0,0,0,0,0,12,94,106,12.71710653,244.6226165,125.8963844,0,2.888668222,4.20991195,0.361574395,3.46370216,1.347374405,20.43187163,34.66401867,12.71710653,0.366867634,1.059758877,0.366867634,1.683719072
Track_11973,4587,4587,12,0,0,0,0,0,11,95,106,18.71833474,263.2278092,128.4902271,0,2.751839237,4.254146598,1.032376193,2.79110841,1.023063484,26.7420373,30.27023161,18.71833474,0.618374348,1.701666795,0.618374348,1.142564053
Track_11977,4591,4591,17,1,0,0,0,1,17,95,112,29.03958027,230.9544681,133.0633369,0,2.803412435,7.745447301,0.220426014,2.31621112,1.978961246,16.18934968,47.86649002,29.11668442,0.606678707,1.708210604,0.609332606,1.447807008
Track_11978,4592,4592,26,1,0,0,0,1,26,96,122,31.16783491,327.1232454,129.6005735,0,2.44662322,7.439838515,0.233825076,2.038445424,1.569320519,23.63959582,65.44827884,32.39524861,0.476220849,1.198762881,0.489966281,1.572324076
Track_11979,4593,4593,14,1,0,0,0,1,14,94,108,16.23985471,67.00488264,140.6308886,0,2.468429702,6.112426049,0.890314271,2.104568808,1.554631571,27.65490995,34.06097557,18.09077862,0.476787715,1.159989622,0.469930183,1.273213961
Track_11981,4595,4595,17,2,0,0,0,1,18,97,115,32.98220415,53.20101209,142.1145985,0,3.414414958,5.765218917,0.588415195,3.803480657,1.240711852,15.41327737,60.37447747,34.72545805,0.546293824,1.832344675,0.536649674,1.261328572
Track_11982,4596,4596,29,0,0,0,0,0,28,95,123,42.91886219,381.1018715,133.5625009,0,2.563683257,4.628380079,0.468088885,2.597676521,1.182479853,34.94858252,71.78313119,42.91886219,0.597896212,1.532816507,0.597896212,1.003746677
Track_11983,4597,4597,9,0,0,0,0,0,8,97,105,12.30909607,180.2297199,136.5747543,0,2.4975172,3.325097016,1.969406652,2.29286349,0.473664558,22.27309338,19.9801376,12.30909607,0.616066632,1.538637009,0.616066632,1.171294715
Track_11991,4605,4605,14,2,0,0,0,1,15,93,108,20.34317189,109.8415261,183.1937791,0,2.959282019,4.738269582,0.780074326,3.015635037,1.231419456,18.25430512,44.20314054,20.34317189,0.460220058,1.356211459,0.458290711,1.117963228
Track_12024,4638,4638,11,1,0,0,0,1,11,94,105,19.19108376,239.6328686,32.028644,0,3.119111557,5.444483437,1.411752523,3.078188072,1.434380549,13.54892644,35.1005523,19.19108376,0.54674592,1.744643978,0.559340038,1.698664827
Track_12037,4651,4651,12,0,0,0,0,0,11,98,109,21.72508702,431.0965588,196.0748223,0,2.37390972,3.895357039,1.04822024,2.524083515,1.032044113,40.08129215,26.11300692,21.72508702,0.831964204,1.975007911,0.831964204,0.788314955
Track_12056,4670,4670,25,0,0,0,0,0,24,98,122,30.60880943,347.8334961,88.00018874,0,2.68395324,6.469847043,0.400372377,2.413464827,1.5036934,29.89731308,64.41487777,30.60880943,0.475182295,1.27536706,0.475182295,1.637406924
Track_12059,4673,4673,18,0,0,0,0,0,17,98,115,17.30373868,129.8131092,104.0849451,0,2.255845958,5.337494926,0.598587436,2.146645487,1.352291999,29.01282973,38.34938129,20.0783639,0.451212982,1.017866981,0.451212982,1.429619945
Track_12060,4674,4674,15,1,0,0,0,1,15,98,113,27.80143933,294.2875495,122.1079281,0,2.92158791,5.577376664,1.122626019,2.96184214,1.106897743,18.3981554,44.47470563,27.80143933,0.625106764,1.853429288,0.634391073,1.286281644
Track_12061,4675,4675,14,0,0,0,0,0,13,96,109,19.4702103,122.3229459,119.87938,0,2.664314809,5.511090699,0.837329253,1.911345722,1.580916523,13.31704664,34.63609251,20.35340774,0.562136456,1.497708484,0.562136456,1.033289668
Track_12063,4677,4677,13,0,0,0,0,0,12,98,110,14.36277419,74.57375491,127.8883025,0,2.902173002,8.269300175,1.170089024,2.767111249,1.849769447,21.49565638,34.82607602,14.38417269,0.41241437,1.19689785,0.41241437,0.995418392
Track_12064,4678,4678,9,0,0,0,0,0,8,98,106,11.95689239,97.58142863,138.8696399,0,2.992905047,5.031957396,1.653636578,3.639713048,1.194586336,15.70753098,23.94324038,12.19757974,0.499384887,1.494611549,0.499384887,1.266821003
Track_12068,4682,4682,27,3,0,0,0,1,29,98,127,32.98964267,226.5210708,133.3686219,0,2.645695094,5.559970673,0.141031617,2.793873756,1.590390678,28.44056159,78.66047069,34.12396758,0.419392897,1.137573885,0.42997165,1.497258217
Track_12074,4688,4688,18,0,0,0,0,0,17,98,115,22.62792993,279.7387034,162.9531312,0,2.332762109,8.125790088,0.602349047,1.673657198,1.73664015,28.63204628,39.65695585,24.44587293,0.570591702,1.331054702,0.570591702,1.276773176
Track_12095,4709,4709,15,0,0,0,0,0,14,100,114,12.30336306,31.15119649,29.74224027,0,1.66150042,3.23691646,0.603157058,1.773640054,0.864284732,11.32658494,23.26100588,12.30336306,0.528926527,0.878811647,0.528926527,1.60005096
Track_12098,4712,4712,18,0,0,0,0,0,17,100,117,18.13881762,235.5210616,42.01847115,0,1.876802188,3.500680585,0.349166872,1.839366226,0.748512127,35.83731874,31.90563719,18.13881762,0.568514508,1.066989272,0.568514508,1.268432456
Track_12110,4724,4724,16,0,0,0,0,0,15,101,116,19.32428422,115.8080967,56.34628385,0,2.698328607,4.855157159,0.701479161,2.700023541,1.185656169,31.42833087,40.4749291,19.32428422,0.477438371,1.288285614,0.477438371,1.174268066
Track_12119,4733,4733,17,2,0,0,0,1,18,99,117,21.20795511,8.003332092,91.4920171,0,2.920007477,6.677711754,0.203430548,3.067524701,1.766697764,13.43079345,50.15372806,21.20795511,0.422858996,1.178219729,0.403498874,1.338361249
Track_12125,4739,4739,22,2,0,0,0,1,23,100,123,32.24495137,364.9542544,88.51282435,0,2.344857359,6.106769381,0.075807401,1.784115988,1.496136633,17.2409857,54.85447058,32.24495137,0.587827228,1.401954407,0.597884729,1.201082232
Track_12126,4740,4740,28,0,0,0,0,0,27,101,128,38.48772353,327.2015518,94.24163097,0,2.816138007,7.503459144,0.412827856,2.889255702,1.621545486,29.77447999,76.03572619,38.48772353,0.506179469,1.425471242,0.506179469,1.569713593
Track_12129,4743,4743,11,0,0,0,0,0,10,100,110,17.08310294,179.9788376,100.3098626,0,2.992592794,4.757129612,0.528120564,3.661746873,1.356692778,25.01598818,29.92592794,18.84230608,0.570846223,1.708310294,0.570846223,1.323490259
Track_12133,4747,4747,13,0,0,0,0,0,12,100,112,18.31483554,154.6753392,99.94677403,0,2.896445297,5.213554138,1.001216752,2.715650144,1.198383057,32.82680328,34.75734357,18.31483554,0.526934272,1.526236295,0.526934272,1.212947949
Track_12135,4749,4749,26,0,0,0,0,0,25,101,126,46.21462051,143.9247233,123.9028985,0,2.655854563,7.908894642,0.303305334,2.682164858,1.501668358,31.2689324,66.39636406,46.21462051,0.696041435,1.848584821,0.696041435,1.151295185
Track_12140,4754,4754,20,1,0,0,0,1,20,101,121,19.96573204,108.0093399,128.29965,0,1.74714951,3.282854958,0.752657409,1.490800886,0.704982589,31.19734099,35.30534553,19.96573204,0.565515837,0.998286602,0.57138018,1.189723455
Track_12144,4758,4758,14,0,0,0,0,0,13,99,112,13.93601165,64.73220619,131.7996352,0,2.821906386,5.762434713,1.25014835,2.069617175,1.35758587,28.62116248,36.68478302,19.98811607,0.37988535,1.072000896,0.37988535,1.321178603
Track_12146,4760,4760,14,1,0,0,0,1,14,101,115,19.92864208,19.64222804,135.5669388,0,2.779292735,7.096542038,0.611492786,1.8262911,1.920023616,30.91952351,37.42675227,23.08878769,0.532470516,1.423474434,0.512171466,1.354677943
Track_12151,4765,4765,12,1,0,0,0,1,12,101,113,17.34557592,410.4595624,135.847533,0,2.870631609,5.011898888,1.038176437,3.299121337,1.34904402,17.85615436,35.69487939,17.34557592,0.485940174,1.44546466,0.503535409,0.889851323
Track_12156,4770,4770,61,1,0,0,0,1,61,101,162,65.56378585,313.3796726,150.3425671,0,2.319968646,5.739379463,0.453063202,2.078105339,1.167881749,30.74845087,141.88334,66.74541052,0.462096437,1.074816162,0.463289089,1.252098859
Track_12168,4782,4782,11,0,0,0,0,0,10,100,110,24.74131488,357.7900729,177.0523212,0,3.580400532,8.247210821,0.944386322,3.450432099,2.329709468,22.36420579,35.80400532,24.74131488,0.691020869,2.474131488,0.691020869,0.970876872
Track_12171,4785,4785,14,1,0,0,0,1,14,99,113,13.3652785,446.8478374,186.4591161,0,2.156981104,3.31085579,0.606356627,2.402602616,0.949962519,15.40629922,30.50688439,14.12904429,0.438106964,0.95466275,0.442592078,1.706430704
Track_12183,4797,4797,17,1,0,0,0,1,17,103,120,21.57416148,41.82718315,27.32258385,0,2.856967396,4.862683197,0.487038465,3.2536091,1.141140025,12.37819554,49.30168902,21.57416148,0.437594774,1.269068322,0.444201192,1.15295478
Track_12189,4803,4803,22,0,0,0,0,0,21,99,120,26.71223494,33.24751267,40.22119884,0,2.686557947,5.923699102,0.610681083,2.41695792,1.527807304,31.39906096,56.41771688,26.71223494,0.473472455,1.272011187,0.473472455,1.400765422
Track_12197,4811,4811,18,2,0,0,0,1,19,102,121,20.29568903,103.9771171,78.09568782,0,2.816050231,4.48100575,0.592805392,2.954653621,1.217635939,21.00792482,55.26308996,20.29568903,0.367255777,1.068194159,0.379323546,1.224240368
Track_12198,4812,4812,13,1,0,0,0,1,13,102,115,27.28849177,52.33188914,88.60181683,0,2.936844758,7.051032308,1.334460062,2.719197787,1.514882306,26.5455761,38.19801244,27.28849177,0.714395593,2.099114751,0.714751689,0.984165608
Track_12199,4813,4813,37,1,0,0,0,1,37,102,139,40.99880409,140.08246,79.38385488,0,2.181358523,5.195210509,0.152385018,2.221279407,1.115953157,20.77204966,79.34782069,40.99880409,0.516697292,1.108075786,0.507975087,1.106742472
Track_12200,4814,4814,19,1,0,0,0,1,19,104,123,32.49349271,167.5251004,80.43522879,0,2.727920276,6.774178437,0.394084694,2.128625552,1.607130214,28.20311529,50.96033756,32.49349271,0.637623184,1.710183827,0.626918551,1.00339285
Track_12203,4817,4817,30,0,0,0,0,0,29,104,133,25.61647965,236.0338643,94.00662742,0,2.050422486,5.139662242,0.08689962,1.670429983,1.318285459,40.54456895,59.4622521,26.42410662,0.430802379,0.883326885,0.430802379,1.482035249
Track_12206,4820,4820,17,0,0,0,0,0,16,102,118,26.17953622,21.43920294,91.35382204,0,2.942785204,6.263007472,1.177764318,2.552875985,1.290105967,28.16572492,47.08456326,26.17953622,0.556011024,1.636221014,0.556011024,1.79884374
Track_12208,4822,4822,9,0,0,0,0,0,8,103,111,14.84003443,91.61815912,96.51994955,0,3.178890505,4.453789139,1.29820941,3.837555631,1.114893486,17.20316723,25.43112404,15.14606664,0.583538282,1.855004303,0.583538282,1.49156873
Track_12216,4830,4830,11,2,0,0,0,1,12,104,116,18.06042096,174.3483554,109.8128383,0,2.94353392,4.47599719,0.996501658,3.574394638,1.298612954,12.46271827,35.00508465,18.53580066,0.515937074,1.50503508,0.511302102,1.403785132
Track_12218,4832,4832,21,1,0,0,0,1,21,103,124,24.25095982,71.15934854,106.660943,0,2.719198138,5.755521409,0.694678903,2.465997698,1.401533828,20.08092294,56.10554924,25.82989167,0.432238168,1.154807611,0.42468682,1.242592307
Track_12220,4834,4834,17,1,0,0,0,1,17,104,121,15.51514145,179.518492,122.7443208,0,2.053375312,4.513151522,0.991255942,1.83042746,0.913751296,20.52059319,34.98217476,15.51514145,0.443515635,0.912655379,0.444465936,1.005091385
Track_12223,4837,4837,10,1,0,0,0,1,10,104,114,13.63945514,183.4717954,115.3231521,0,1.89258609,3.319602664,0.607976363,1.865857472,1.138920503,21.87733221,18.00780554,13.63945514,0.75741906,1.363945514,0.720678188,1.532975727
Track_12224,4838,4838,25,0,0,0,0,0,24,103,127,38.75919147,43.69234629,112.9847862,0,2.62929265,4.933830024,0.528615434,2.551692489,1.145889131,30.04144611,63.1030236,38.75919147,0.614220829,1.614966311,0.614220829,1.362402523
Track_12233,4847,4847,15,1,0,0,0,1,15,102,117,24.11673409,316.8421359,134.7685245,0,2.895136872,4.78827604,1.092183945,2.959203191,1.115585111,26.03228601,43.71045178,24.11673409,0.551738385,1.607782272,0.555338951,1.493452712
Track_12235,4849,4849,9,1,0,0,0,1,9,104,113,16.59996107,221.9485574,139.7925383,0,2.989949114,5.046641531,1.976027142,2.641542897,1.115873141,12.92334832,26.22961892,16.59996107,0.632870844,1.844440119,0.616880104,1.10996114
Track_12238,4852,4852,27,0,0,0,0,0,26,102,128,30.54130579,72.38711346,141.9430095,0,2.623611247,4.930942427,0.86740067,2.675065927,1.170507411,35.03953305,68.21389242,30.54130579,0.44772853,1.174665607,0.44772853,1.152021643
Track_12245,4859,4859,60,0,0,0,0,0,59,104,163,58.35132005,157.0174494,150.3176233,0,1.998747882,4.977017162,0.27033867,1.804197565,1.132996055,35.87657007,117.926125,58.35132005,0.494812494,0.989005425,0.494812494,1.481532024
Track_12248,4862,4862,19,1,0,0,0,1,19,104,123,27.36940679,242.7627085,148.2252237,0,2.770707176,5.520991311,0.830669097,2.940945894,1.419309778,27.26299873,52.81367506,27.36940679,0.518225758,1.440495094,0.5199016,1.258518631
Track_12251,4865,4865,24,0,0,0,0,0,23,102,125,43.93155433,82.88379776,149.2968937,0,2.592181467,6.253121381,1.137636828,2.116124811,1.39823655,31.13002853,59.62017375,43.93155433,0.736857201,1.91006758,0.736857201,1.114085642
Track_12265,4879,4879,17,0,0,0,0,0,16,103,119,16.78777747,14.59597525,169.1182434,0,2.772010545,5.160731258,0.854941128,2.761575645,1.159080239,17.95066632,44.35216872,16.78777747,0.378510859,1.049236092,0.378510859,1.441874491
Track_12266,4880,4880,12,0,0,0,0,0,11,104,115,14.01781609,73.23076407,182.3030807,0,3.076265603,5.363126023,1.234075105,3.064444248,1.393236172,10.65513015,33.83892163,14.01781609,0.414251265,1.274346917,0.414251265,1.596240887
Track_12268,4882,4882,9,1,0,0,0,1,9,102,111,19.10244038,400.5690774,180.8696859,0,3.41806982,8.375363576,0.991707397,3.655576071,2.40854948,8.695823405,29.16696875,19.10244038,0.65493403,2.122493376,0.620962557,1.571763621
Track_12274,4888,4888,14,2,0,0,0,1,15,102,117,15.97962745,178.2067795,194.5519043,0,2.108560066,3.928341667,0.5149776,1.977157539,1.057339339,18.70812855,32.59545873,15.97962745,0.490240913,1.065308497,0.505230329,1.121608332
Track_12276,4890,4890,13,1,0,0,0,1,13,102,115,12.15646388,247.2493722,188.3578818,0,2.21394706,3.823316264,0.840587011,2.473808916,0.922910081,28.78361511,27.40795174,12.15646388,0.443537846,0.935112606,0.422373517,1.462234171
Track_12282,4896,4896,12,0,0,0,0,0,11,104,115,22.85528345,444.7320769,193.1348291,0,2.967093089,5.178286456,1.142424144,2.870297038,1.09953595,22.64496493,32.63802398,22.85528345,0.700265539,2.077753041,0.700265539,0.981177582
Track_12285,4899,4899,16,0,0,0,0,0,15,104,119,21.31998792,307.2715799,203.7343277,0,2.194922443,5.322809392,0.550448962,1.712577062,1.371172227,21.85412949,32.92383665,21.31998792,0.647554784,1.421332528,0.647554784,1.046579981
Track_12291,4905,4905,16,0,0,0,0,0,15,104,119,27.21382928,144.2629848,199.9494273,0,3.109872207,7.466273601,1.05374876,2.236054817,1.962743695,18.36633462,46.64808311,27.21382928,0.5833858,1.814255285,0.5833858,1.486515045
Track_12295,4909,4909,15,0,0,0,0,0,14,104,118,15.77217453,223.7549207,18.66150621,0,3.023665254,8.17442643,0.277582127,2.991984177,1.768922572,23.82122011,42.33131355,15.77217453,0.372588829,1.126583895,0.372588829,1.088882158
Track_12345,4959,4959,26,1,0,0,0,1,26,107,133,34.75810811,139.0974879,31.54700727,0,2.548370499,4.886774816,0.695346278,2.5300813,1.199096476,27.13987783,65.54627363,34.75810811,0.530283511,1.336850312,0.524590248,1.338118251
Track_12349,4963,4963,14,1,0,0,0,1,14,107,121,15.32773402,104.9841191,48.49014603,0,2.051221466,3.668711006,0.776901485,2.0554588,0.750276395,21.53879608,28.4313303,17.84403521,0.539114204,1.094838144,0.53374936,1.078667524
Track_12366,4980,4980,20,0,0,0,0,0,19,107,126,27.01126248,311.3474576,84.30273244,0,3.532382344,7.663185741,1.180354297,3.543847586,1.557490701,23.80872862,67.11526453,27.01126248,0.402460791,1.421645394,0.402460791,1.570826477
Track_12371,4985,4985,16,1,0,0,0,1,16,107,123,18.78021979,72.69025863,71.95521567,0,2.434485502,4.625289439,0.291584216,2.277742842,1.390137125,18.51108471,40.52444122,18.99168997,0.463429457,1.173763737,0.482140368,1.191998412
Track_12373,4987,4987,15,3,0,0,0,1,17,106,123,14.78602989,248.4538264,91.04689705,0,1.693298115,2.852878554,0.515135638,1.590778529,0.587861944,14.38232047,28.88999942,14.78602989,0.511804437,0.869766464,0.513652296,1.065818416
Track_12374,4988,4988,19,1,0,0,0,1,19,107,126,22.52782157,81.98275304,101.0423931,0,2.503503772,6.144904077,0.430313487,2.608015084,1.432665299,17.47706812,48.03874883,22.52782157,0.468951047,1.185674819,0.473606165,1.605235427
Track_12388,5002,5002,22,3,0,0,0,1,24,107,131,25.3037232,63.86225492,127.4168504,0,2.261553432,4.980523394,0.655757814,2.202801354,1.138273364,24.076246,52.67252453,25.96660786,0.480397008,1.0543218,0.466193628,1.280177011
Track_12391,5005,5005,25,0,0,0,0,0,24,107,131,31.44621419,151.9051689,129.7351313,0,2.313769617,4.127103142,0.779514744,2.378746394,0.925034962,38.10345852,55.5304708,31.44621419,0.566287549,1.310258925,0.566287549,1.239538617
Track_12393,5007,5007,16,3,0,0,0,1,18,102,120,17.54294664,193.2770778,134.970362,0,2.034633324,4.338527886,0.626047311,1.915645889,1.035367652,22.13747859,36.33001594,17.54294664,0.482877483,0.974608147,0.479009232,1.263803261
Track_12399,5013,5013,10,1,0,0,0,1,10,102,112,12.71932649,100.5013472,144.7123419,0,2.15010342,3.803263384,1.402929646,2.112946417,0.752451554,23.94533095,21.05139472,12.71932649,0.604203506,1.271932649,0.591568125,1.055748307
Track_12403,5017,5017,18,0,0,0,0,0,17,106,123,17.13422059,264.8863393,146.332139,0,2.45952026,5.464712855,0.540713588,2.164972969,1.413907617,30.31932513,41.81184442,17.13422059,0.409793465,1.007895329,0.409793465,1.349013899
Track_12407,5021,5021,13,1,0,0,0,1,13,107,120,21.83909884,10.92704943,154.495741,0,2.778070632,6.38876951,0.494335661,2.72931462,1.524113267,35.73187777,36.06616221,22.87973482,0.60552877,1.67993068,0.604711291,1.138102578
Track_12408,5022,5022,9,0,0,0,0,0,8,107,115,13.3491039,184.9940239,168.2059222,0,2.282367733,4.374873763,0.692711775,2.317398964,1.401759043,31.23913129,18.25894186,13.3491039,0.731099535,1.668637988,0.731099535,1.13042329
Track_12412,5026,5026,37,4,0,0,0,1,40,99,139,40.20444146,165.266392,178.4615283,0,2.52862649,8.445386264,0.229038,2.184075256,1.835790726,22.74893063,97.05599644,40.20444146,0.414239644,1.005111036,0.397492884,1.365090987
Track_12417,5031,5031,22,0,0,0,0,0,21,106,127,27.48536022,269.8358393,170.0762981,0,2.392804379,5.109591282,0.454233244,2.134018309,1.242487954,32.52687123,50.24889197,27.48536022,0.546984404,1.308826677,0.546984404,1.592938758
Track_12419,5033,5033,18,1,0,0,0,1,18,106,124,19.75390874,186.7473667,179.3562006,0,2.984778581,8.574003458,0.916406781,2.661073093,1.641391123,15.24455855,53.39727856,19.75390874,0.369942238,1.097439374,0.367678655,1.575023977
Track_12428,5042,5042,18,1,0,0,0,1,18,108,126,17.1102649,117.484011,66.089131,0,2.319323793,4.68910628,1.090109272,1.959808035,0.944897094,22.35166041,41.38831252,17.1102649,0.41340813,0.950570272,0.409848023,1.890484538
Track_12433,5047,5047,10,0,0,0,0,0,9,108,117,13.47416582,242.442536,83.04172615,0,2.547194717,4.597622878,0.521790596,2.739302194,1.193926751,23.23773131,22.92475245,13.47416582,0.587756219,1.497129536,0.587756219,1.421114822
Track_12442,5056,5056,24,1,0,0,0,1,24,108,132,27.42887489,27.50456682,115.812247,0,2.849623707,7.239004948,0.747535801,2.832658963,1.525252669,18.27245226,66.53076567,27.42887489,0.412273549,1.142869787,0.401059896,1.805379461
Track_12443,5057,5057,18,0,0,0,0,0,17,108,125,18.4148329,114.5943852,121.8110526,0,2.000152951,4.655537264,0.451328869,1.910837783,1.029638368,14.1788057,34.00260017,18.4148329,0.541571316,1.083225465,0.541571316,1.304795697
Track_12449,5063,5063,25,0,0,0,0,0,24,108,132,28.46736434,37.82755672,145.8752319,0,2.642060788,6.520232366,0.157217565,2.723508112,1.483306259,17.74004013,63.40945892,28.46736434,0.448945076,1.186140181,0.448945076,1.346666904
Track_12450,5064,5064,15,2,0,0,0,1,16,108,124,14.19328113,317.0349239,146.4548655,0,1.976181361,4.264876513,0.248324439,1.94890737,1.315246386,31.60526444,30.77275583,14.19328113,0.461228796,0.88708007,0.448885961,1.152788619
Track_12455,5069,5069,9,0,0,0,0,0,8,108,116,17.23066539,449.3399578,170.1108141,0,3.381212789,6.191482049,1.275810893,3.881175013,1.697064451,25.72269079,27.04970232,17.23066539,0.637000185,2.153833173,0.637000185,0.718522573
Track_12460,5074,5074,20,0,0,0,0,0,19,108,127,22.677766,124.0656801,167.8496259,0,2.484378698,4.851652883,0.684587289,2.304172702,1.298606588,32.25827804,47.20319526,22.677766,0.480428621,1.193566631,0.480428621,1.431649267
Track_12466,5080,5080,29,1,0,0,0,1,29,108,137,28.29673178,441.0443079,199.8659351,0,1.563694413,4.474733731,0.101864895,1.324694671,1.177906413,40.25488413,44.95383106,28.29673178,0.629462075,0.975749372,0.624002595,1.115149651
Track_12478,5092,5092,20,1,0,0,0,1,20,108,128,20.87221288,172.807218,48.07630676,0,2.636040179,6.318679929,0.611344547,2.672764782,1.593800581,13.94090354,51.14166653,21.64308899,0.408125395,1.043610644,0.395900887,1.285031755
Track_12520,5134,5134,26,3,0,0,0,1,28,106,134,32.0007137,374.189467,194.2352762,0,2.241927116,4.33896413,0.892926041,2.086563784,1.009278345,31.88003995,61.80855748,32.0007137,0.51773921,1.142882632,0.50977689,1.572973028
Track_12542,5156,5156,10,0,0,0,0,0,9,109,118,11.86720336,60.31233869,32.77366583,0,3.541697324,5.225168584,1.587938156,4.2110029,1.409574324,14.27723527,31.87527591,14.99639923,0.372301196,1.318578151,0.372301196,1.390788436
Track_12543,5157,5157,23,1,0,0,0,1,23,109,132,29.18600492,196.1987388,38.36763039,0,2.51180654,4.688747275,0.894100656,2.410603479,0.979168206,29.58223986,58.63191764,30.39956975,0.497783564,1.268956735,0.505196844,1.504882698
Track_12548,5162,5162,11,0,0,0,0,0,10,109,119,12.27072931,4.70557174,62.81942728,0,2.531445031,4.927705126,0.439391207,3.14444022,1.544808432,17.5895016,25.31445031,13.1201642,0.484732205,1.227072931,0.484732205,1.490297328
Track_12561,5175,5175,83,4,0,0,0,1,86,109,195,82.18420841,78.59486614,106.3028124,0,2.451646472,6.588785203,0.444267147,2.16035629,1.510402473,23.99433855,212.559796,88.13327786,0.386640418,0.95563033,0.389791245,1.383264257
Track_12562,5176,5176,12,0,0,0,0,0,11,109,120,19.104502,151.5309508,123.3161703,0,2.719024072,4.476517572,1.274875685,2.104165998,1.142602125,22.47694262,29.9092648,19.104502,0.638748633,1.736772909,0.638748633,1.246148326
Track_12563,5177,5177,9,2,0,0,0,1,10,109,119,14.41545206,88.68231605,125.071736,0,2.205533862,4.165917959,0.377063552,2.14238617,1.151850456,11.85187864,25.00179343,16.15544303,0.57657672,1.441545206,0.653603751,1.356522764
Track_12571,5185,5185,19,0,0,0,0,0,18,109,127,18.23535577,145.7600336,152.5897907,0,2.167546687,4.959354956,0.264342021,2.293153834,1.174331332,29.16108207,39.01584037,18.42911456,0.467383391,1.013075321,0.467383391,1.37200037
Track_12576,5190,5190,31,1,0,0,0,1,31,109,140,40.21261809,267.1235535,152.6905081,0,2.038058724,4.610329319,0.278382984,1.99851629,1.024198036,39.86205529,61.61762787,40.21261809,0.652615485,1.297181229,0.636478828,1.323640925
Track_12577,5191,5191,14,1,0,0,0,1,14,109,123,19.13358068,393.0128729,156.9254774,0,3.04986813,5.254530995,0.942034221,3.319854803,1.443625303,18.0088704,42.84979692,19.13358068,0.446526753,1.366684334,0.448112599,1.611497232
Track_12578,5192,5192,14,0,0,0,0,0,13,109,122,18.29057216,32.11398952,166.1049064,0,2.033661362,3.708401671,0.45829968,1.81265478,1.00912111,29.79310731,26.43759771,18.39429355,0.691839416,1.406967089,0.691839416,1.02461275
Track_12581,5195,5195,15,1,0,0,0,1,15,109,124,17.74072142,191.2814762,165.4852432,0,2.448236001,4.158673908,0.779793378,2.281092534,0.995826861,25.69425739,38.43397793,17.74874476,0.46158952,1.182714762,0.483088543,1.297169278
Track_12611,5225,5225,25,0,0,0,0,0,24,112,136,33.85432692,180.7425544,189.2553574,0,2.744208251,4.67703949,0.1248558,3.176058243,1.126069292,20.98837172,65.86099802,33.85432692,0.514026935,1.410596955,0.514026935,1.405356856
Track_12615,5229,5229,11,0,0,0,0,0,10,112,122,14.57878384,425.9716826,193.9452675,0,2.516957121,3.869669448,1.172441055,2.753313216,0.892028465,27.95100325,25.16957121,14.57878384,0.579222575,1.457878384,0.579222575,1.006726394
Track_12621,5235,5235,15,2,0,0,0,1,16,111,127,24.09513092,190.2200848,197.4606337,0,3.200285835,5.377965526,0.230618818,3.632493829,1.363221447,10.05863864,46.72647191,24.09513092,0.51566339,1.505945682,0.470565993,1.020658418
Track_12627,5241,5241,18,2,0,0,0,1,19,111,130,21.63111063,141.7171247,94.08780375,0,2.483831843,4.301677107,0.397527339,2.292754942,1.229545286,21.27102478,50.4701561,21.74455419,0.428592109,1.138479507,0.458356112,1.11947161
Track_12637,5251,5251,13,0,0,0,0,0,12,111,123,14.4977216,39.69453228,101.9936183,0,3.017118536,5.752140452,0.194600471,3.637666098,1.735332475,17.29651326,36.20542243,15.36213914,0.400429566,1.208143467,0.400429566,1.630005238
Track_12646,5260,5260,13,1,0,0,0,1,13,112,125,18.36295524,101.3446599,120.9793412,0,3.20997175,8.184855095,1.771316536,3.242038504,1.750030325,17.30254159,40.84282341,18.7023779,0.449600535,1.412535019,0.440045935,1.513728304
Track_12647,5261,5261,13,0,0,0,0,0,12,110,122,16.10945854,83.33065539,118.1774205,0,1.964624499,4.291737421,0.151729618,2.007668563,1.184243777,34.11859314,23.57549398,16.10945854,0.683313722,1.342454878,0.683313722,0.673182646
Track_12662,5276,5276,14,0,0,0,0,0,13,111,124,13.61502146,7.686025311,135.6962764,0,1.880889558,3.133857188,0.680957347,1.765567978,0.719963941,32.12995284,24.45156425,13.61502146,0.55681597,1.047309343,0.55681597,1.318176237
Track_12671,5285,5285,9,0,0,0,0,0,8,110,118,12.23579608,89.94926735,34.22071237,0,3.0892815,4.737432153,0.507074235,3.379146642,1.388402001,14.8337583,24.714252,12.23579608,0.49509069,1.529474511,0.49509069,1.695904479
Track_12680,5294,5294,8,1,0,0,0,1,8,110,118,15.56073203,433.810903,148.0470302,0,2.522167786,3.7573847,1.903213801,2.363767447,0.684751862,19.54122084,19.5583883,15.56073203,0.795604003,1.945091504,0.771198298,0.736630827
Track_12682,5296,5296,26,4,0,0,0,1,29,111,140,30.66519103,413.9446183,140.0122103,0,2.561071115,5.645689087,0.737296416,2.294867359,1.124398754,29.44929873,74.08715903,30.66519103,0.413906964,1.05742038,0.412882084,1.097714666
Track_12699,5313,5313,39,2,0,0,0,1,40,110,150,57.10100523,67.12343034,140.8792178,0,2.190505969,5.104681227,0.233160829,2.138021128,1.068206082,40.07694939,86.62440045,57.10100523,0.659179226,1.427525131,0.651687396,1.356562461
Track_12703,5317,5317,20,1,0,0,0,1,20,113,133,24.7578157,305.6723141,149.2877021,0,2.423204255,4.79867395,0.391704308,2.166721082,1.132457555,27.24952464,48.34450116,24.7578157,0.512112342,1.237890785,0.510848717,1.501232733
Track_12707,5321,5321,43,0,0,0,0,0,42,113,155,43.46332189,238.2309016,169.4916942,0,2.80386289,6.187513709,0.113017971,2.783842257,1.275902772,30.30449038,117.7622414,43.46332189,0.369076891,1.034840997,0.369076891,1.677132972
Track_12720,5334,5334,18,0,0,0,0,0,17,114,131,14.49196971,368.122591,189.9573277,0,2.250067638,4.748863816,0.866152321,2.396893851,1.040018287,36.4561224,38.25114985,14.49196971,0.378863636,0.852468807,0.378863636,1.720350603
Track_12737,5351,5351,17,0,0,0,0,0,16,113,129,17.28013732,78.82650901,45.44603379,0,2.726753871,7.157338201,0.713576752,2.507367784,1.737637074,24.41953774,43.62806193,17.28013732,0.3960785,1.080008582,0.3960785,1.17026215
Track_12738,5352,5352,13,3,0,0,0,1,15,110,125,15.61282998,241.7886608,60.25671967,0,2.731433224,4.701954018,0.583532024,2.977751263,1.365898328,12.67243495,38.67383876,15.61282998,0.403705204,1.040855332,0.381065633,1.146614689
Track_12747,5361,5361,16,0,0,0,0,0,15,114,129,16.75091154,348.1128956,73.57744521,0,2.452942262,5.91968746,0.633793891,1.842475713,1.495683889,18.57273042,36.79413392,16.75091154,0.455260384,1.116727436,0.455260384,1.473418652
Track_12757,5371,5371,49,2,0,0,0,1,50,113,163,56.12070617,215.173621,116.3525421,0,2.460450383,7.836414204,0.381916492,2.416878503,1.466454802,29.94886221,123.7070285,56.12070617,0.453658186,1.122414123,0.456182385,1.218783087
Track_12759,5373,5373,13,1,0,0,0,1,13,110,123,11.92622183,171.5989535,114.3100508,0,1.876019482,3.259100709,0.425396519,2.12228815,0.907232758,35.93444509,23.34636824,11.92622183,0.510838419,0.917401679,0.489015006,1.024478997
Track_12784,5398,5398,10,0,0,0,0,0,9,113,122,12.19907128,160.8512816,123.9002669,0,2.697732263,6.74191098,0.05360998,1.581561539,2.44562399,20.08284321,24.27959037,13.62069928,0.502441396,1.355452364,0.502441396,1.895757421
Track_12788,5402,5402,38,2,0,0,0,1,39,113,152,34.80748685,117.6983677,150.9862279,0,1.996777698,3.645966636,0.296898247,2.107872952,1.007190312,31.07428435,79.66764088,34.80748685,0.436908718,0.892499663,0.446969968,1.470726902
Track_12812,5426,5426,27,0,0,0,0,0,26,115,141,26.24270423,257.8063461,62.24632315,0,2.485519568,4.751157542,0.207414379,2.41914169,1.225272339,31.66017539,64.62350877,26.24270423,0.406086032,1.009334778,0.406086032,1.505339426
Track_12814,5428,5428,34,1,0,0,0,1,34,116,150,36.80282797,90.99675511,50.54455277,0,2.26350746,7.272749841,0.172275851,1.968816371,1.594567089,28.29585652,78.91575002,37.53050252,0.46635593,1.082436117,0.478211862,1.621035087
Track_12818,5432,5432,18,0,0,0,0,0,17,116,133,19.75716824,275.9709123,72.35626915,0,2.192418941,4.243978828,0.031122723,2.279874903,1.026326441,25.38914733,37.271122,19.75716824,0.530093198,1.162186367,0.530093198,1.365571414
Track_12820,5434,5434,19,0,0,0,0,0,18,115,133,24.13991504,26.95729665,87.22985857,0,2.630596902,8.249132088,0.452278775,2.343841306,1.817649241,24.34609704,47.35074423,25.89806533,0.509810678,1.341106391,0.509810678,1.126554595
Track_12822,5436,5436,9,1,0,0,0,1,9,115,124,15.91493998,97.67565623,90.98503031,0,2.68847066,4.459396287,1.376751506,2.549425748,0.993934176,27.62748602,23.60572351,15.91493998,0.674198356,1.768326664,0.657744453,1.26208533
Track_12825,5439,5439,35,3,0,0,0,1,37,116,153,52.28199932,80.01002305,115.7291778,0,3.110406008,7.853057764,0.284368154,3.206010124,1.861448511,15.48098063,113.4247349,52.28199932,0.460940018,1.413027009,0.454290213,1.4416641
Track_12826,5440,5440,13,2,0,0,0,1,14,116,130,22.74517148,45.20467499,115.8512459,0,2.405251204,5.272503062,0.181040493,2.06160697,1.661914985,11.23776285,32.32450523,22.74517148,0.703651032,1.624655106,0.675461716,0.891738122
Track_12830,5444,5444,17,0,0,0,0,0,16,116,132,25.45274876,136.6235903,120.4612899,0,2.662702617,4.868239391,0.249766601,3.101896988,1.504347121,27.59744016,42.60324187,26.6278922,0.5974369,1.590796797,0.5974369,1.165839596
Track_12894,5508,5508,11,0,0,0,0,0,10,117,127,11.8721656,252.7466908,98.06383135,0,1.944392801,3.510927954,0.475733347,1.993217235,1.038670367,21.69045375,19.44392801,11.90190912,0.610584733,1.18721656,0.610584733,1.82928171
Track_12898,5512,5512,10,0,0,0,0,0,9,117,126,14.94923254,294.7953399,115.908143,0,2.480180154,5.174314255,0.47395042,2.708637772,1.538200799,16.41937404,22.32162138,16.31070896,0.669719833,1.661025838,0.669719833,1.18638687
Track_12903,5517,5517,17,0,0,0,0,0,16,117,133,22.02742479,368.2234142,170.7038734,0,2.51578526,4.699147551,0.37957742,2.642183604,1.406210755,30.34991371,40.25256416,23.97454032,0.54723035,1.376714049,0.54723035,1.450083136
Track_12905,5519,5519,32,3,0,0,0,1,34,117,151,35.12678596,356.307347,179.3433401,0,2.204625063,4.339144188,0.563175915,2.099162123,0.946526353,29.89231554,76.14976366,35.12678596,0.461285555,1.033140763,0.468624248,1.316030356
Track_12912,5526,5526,15,1,0,0,0,1,15,117,132,12.06480965,251.3539059,23.19792521,0,1.707029739,3.623325747,0.583353312,1.728434711,0.88583843,10.83849535,24.5221709,12.37064202,0.491995986,0.804320643,0.471181389,1.741526012
Track_12914,5528,5528,19,0,0,0,0,0,18,117,135,22.50265208,61.05131847,25.87314159,0,2.625240395,6.131427227,0.794935014,2.577829236,1.524076219,17.98369616,47.25432712,22.50265208,0.476202994,1.250147338,0.476202994,1.672233762
Track_12928,5542,5542,9,1,0,0,0,1,9,118,127,12.01471368,110.4804199,20.46211658,0,2.429285643,4.404907677,0.752895845,3.375656786,1.518619246,16.966211,20.71240315,12.01471368,0.580073379,1.334968187,0.549531172,1.212897845
Track_12935,5549,5549,17,0,0,0,0,0,16,120,136,21.42244715,202.739989,35.49575696,0,2.667777736,3.906975587,1.723613216,2.525147677,0.694825964,20.26300141,42.68444378,21.42244715,0.501879497,1.338902947,0.501879497,1.422265761
Track_12947,5561,5561,21,0,0,0,0,0,20,119,139,17.61409833,367.0190687,74.71946943,0,2.240971829,7.062679004,0.221566951,1.964997727,1.457116063,32.90253975,44.81943657,20.03292835,0.393001333,0.880704916,0.393001333,1.236444631
Track_12948,5562,5562,13,1,0,0,0,1,13,119,132,20.24297912,284.5845156,75.9779085,0,2.518061318,5.383762308,0.634401267,2.543200895,1.291028712,12.24251175,33.76129571,20.24297912,0.599591298,1.55715224,0.618393297,1.706086981
Track_12950,5564,5564,10,0,0,0,0,0,9,121,130,14.47496508,181.0222619,66.64350427,0,2.684218583,3.858030628,0.800209698,3.356439535,1.126434686,25.87399483,24.15796725,14.47496508,0.599179762,1.608329453,0.599179762,2.013894313
Track_12953,5567,5567,33,1,0,0,0,1,33,121,154,48.93932267,67.77982615,95.26365354,0,2.638574416,6.702560065,0.113327272,2.625673419,1.520458943,26.02793828,85.17777691,49.66100178,0.574555059,1.483009778,0.562049631,1.375117055
Track_12954,5568,5568,17,3,0,0,0,1,19,118,137,14.45989977,200.3941413,82.24331501,0,2.014976781,4.233553199,0.17607314,2.073058215,1.206380962,13.43553958,38.07090427,14.45989977,0.379814981,0.761047356,0.377695348,1.327288284
Track_12957,5571,5571,10,0,0,0,0,0,9,118,127,19.14525738,299.9451044,76.20556114,0,3.023861715,5.603271504,0.756509271,3.401042438,1.577834075,25.89947453,27.21475543,19.14525738,0.703488129,2.127250821,0.703488129,1.5790188
Track_12958,5572,5572,69,0,0,0,0,0,68,119,187,57.59516255,342.3832256,82.71632686,0,2.070433811,6.647494455,0.380126932,1.879953011,1.165871636,33.7614977,140.7894992,57.59516255,0.409087062,0.846987685,0.409087062,1.557648678
Track_12960,5574,5574,19,1,0,0,0,1,19,121,140,18.08704947,10.96991312,93.73826869,0,1.795071935,3.269526145,0.507548889,1.657590016,0.687634044,36.22835521,33.96642157,18.08704947,0.532497939,0.951949972,0.530312994,1.349369846
Track_12968,5582,5582,22,2,0,0,0,1,23,118,141,20.16181603,199.8993138,90.64241156,0,2.14738214,4.04841605,0.50023899,2.36618832,1.113660765,20.78715593,48.10664708,21.89390238,0.419106657,0.876600697,0.408218305,1.569630866
Track_12979,5593,5593,20,0,0,0,0,0,19,119,138,19.04006758,45.90592542,121.5767217,0,2.403566638,5.747136875,0.225673139,1.850671289,1.698704167,33.33213983,45.66776612,23.17429683,0.416925749,1.00210882,0.416925749,1.517068211
Track_12985,5599,5599,14,0,0,0,0,0,13,121,134,19.34850104,211.5351489,132.1777652,0,2.596737367,4.341459482,1.121256394,2.659506929,1.024057215,28.23699396,33.75758577,20.12370804,0.573160094,1.488346234,0.573160094,1.399718107
Track_12995,5609,5609,24,3,0,0,0,1,26,121,147,35.08906304,23.59922577,135.7822905,0,3.028459361,7.217483906,1.048442614,2.900430971,1.425214429,22.13509842,78.76010491,37.89486946,0.445518236,1.349579348,0.445632312,1.244010261
Track_13016,5630,5630,22,0,0,0,0,0,21,121,142,29.31672459,261.5171443,173.519793,0,2.508468914,4.518300518,0.945842238,2.508935255,1.082362962,31.15796501,52.6778472,29.31672459,0.556528525,1.396034504,0.556528525,1.186117617
Track_13018,5632,5632,20,0,0,0,0,0,19,119,138,25.35733405,84.32624007,171.9499874,0,2.810929246,4.831951359,0.759896551,2.98720544,1.037914172,40.3669435,53.40765567,30.6344193,0.474788375,1.334596529,0.474788375,1.172348037
Track_13020,5634,5634,25,2,0,0,0,1,26,121,147,36.3458253,196.1922029,184.7903812,0,2.216894563,3.904788096,0.522237356,2.250543791,1.042306257,28.94149437,57.72256265,36.3458253,0.629664097,1.397916358,0.630574129,1.125054816
Track_13027,5641,5641,18,1,0,0,0,1,18,119,137,22.85925893,433.300722,199.0146142,0,2.045256436,4.406221422,0.195071698,2.05170615,1.293784395,32.15866809,38.86099081,22.85925893,0.5882315,1.269958829,0.6209289,1.560244081
Track_13031,5645,5645,18,1,0,0,0,1,18,118,136,13.99757333,279.8548784,202.1753583,0,2.1580388,3.910980772,0.08091462,2.009427128,0.921894354,24.85744951,36.76757423,13.99757333,0.380704292,0.777642963,0.360347072,1.295230467
Track_13044,5658,5658,11,2,0,0,0,1,12,118,130,14.12279791,16.84260295,25.52323204,0,2.577090177,4.217076509,0.586256181,2.8423584,1.25082054,9.616454861,32.36255609,16.14067626,0.436393154,1.176899826,0.456677782,1.200147923
Track_13054,5668,5668,10,2,0,0,0,1,11,122,133,18.18793793,156.9677045,48.19500711,0,3.123988469,6.28518758,1.164958376,2.538062211,1.539302877,11.6480092,33.4249679,18.18793793,0.544142271,1.653448902,0.52927497,0.967266498
Track_13055,5669,5669,15,0,0,0,0,0,14,122,136,14.65062203,53.29391147,46.85767856,0,2.591154249,5.554736873,0.885715907,2.415648999,1.427119594,12.14216493,36.27615949,16.49170205,0.403863646,1.046473002,0.403863646,1.001578813
Track_13056,5670,5670,14,0,0,0,0,0,13,122,135,12.09255572,68.81600365,53.89590032,0,2.132829866,3.282803147,0.767008029,2.343746543,0.747095717,20.76176293,27.72678826,12.09255572,0.436132581,0.930196594,0.436132581,1.705939024
Track_13060,5674,5674,14,1,0,0,0,1,14,122,136,16.31210372,159.336894,67.97271015,0,2.754721998,4.964237681,0.562094621,3.08440213,1.316184672,25.47103844,39.62120229,16.31210372,0.411701382,1.165150266,0.422964737,1.248054013
Track_13068,5682,5682,22,0,0,0,0,0,21,122,143,36.46506324,131.8897832,93.67393317,0,2.301890354,4.221236901,0.571383519,2.444689409,0.961931569,25.24470175,48.33969743,36.46506324,0.754350258,1.736431583,0.754350258,1.154193631
Track_13072,5686,5686,8,1,0,0,0,1,8,122,130,12.61917786,143.6045576,115.2532097,0,2.721099404,4.953639709,1.123821677,2.753477134,1.260048081,19.02700973,22.38830352,12.61917786,0.563650473,1.577397232,0.579691146,1.198000833
Track_13073,5687,5687,12,0,0,0,0,0,11,122,133,11.85158284,266.0305919,117.9690028,0,2.669752513,3.838876569,1.542377895,2.811445712,0.736171554,29.20839103,29.36727765,14.93756506,0.403564232,1.077416622,0.403564232,1.659697222
Track_13084,5698,5698,9,0,0,0,0,0,8,122,130,13.72674584,60.74469193,141.2104153,0,2.300815044,4.308106366,0.68507318,2.109099294,1.179702165,17.24886735,18.40652035,13.72674584,0.745754525,1.71584323,0.745754525,1.148834541
Track_13088,5702,5702,16,1,0,0,0,1,16,122,138,21.19794996,145.3684702,146.0283736,0,2.724622343,5.166282224,0.50134417,2.542423409,1.301244616,23.86605707,43.29216551,21.19794996,0.48964864,1.324871873,0.486258903,1.28092881
Track_13098,5712,5712,9,0,0,0,0,0,8,120,128,17.41875884,62.51025067,193.4491428,0,4.024101187,6.185701431,2.39756077,4.781821542,1.414898375,9.310114225,32.1928095,21.41156882,0.54107607,2.177344855,0.54107607,1.445290709
Track_13105,5719,5719,16,2,0,0,0,1,17,119,136,27.11628363,326.7363943,34.89969358,0,2.708810529,4.789033605,1.154803938,2.443725684,1.211057364,10.65379295,47.33911474,27.11628363,0.572809267,1.595075508,0.588847205,1.219483332
Track_13119,5733,5733,26,2,0,0,0,1,27,123,150,39.43933256,158.0090297,80.13171278,0,2.314657903,4.292381893,0.3217099,2.348941969,1.047834127,23.51824273,60.16905916,40.62338836,0.655475308,1.460716021,0.631072099,1.03435398
Track_13137,5751,5751,22,2,0,0,0,1,23,123,146,27.53044472,61.41759332,168.687665,0,2.556335677,4.578578253,0.576902323,2.702502634,1.267646697,18.06631452,58.06858386,27.53044472,0.474102223,1.196975857,0.46823892,1.612576514
Track_13147,5761,5761,33,3,0,0,0,1,35,123,158,32.70261476,127.9231304,192.7104074,0,2.208958015,6.985413673,0.351554727,2.01910708,1.276341515,32.17065818,76.58702147,33.66192955,0.426999433,0.934360422,0.422986954,1.339039418
Track_13148,5762,5762,19,1,0,0,0,1,19,123,142,19.12599266,75.47100939,199.4147939,0,1.846762112,4.057350739,0.598998262,1.857492632,0.980229689,18.02803923,37.05472523,20.00589743,0.516155296,1.006631193,0.545078972,1.350081308
Track_13149,5763,5763,17,1,0,0,0,1,17,124,141,26.54521992,19.00327596,142.222149,0,2.004400392,3.997929101,0.257213157,2.136887022,1.178952723,35.83782078,34.08167375,27.68405772,0.778870783,1.561483525,0.779027749,1.192801027
Track_13163,5777,5777,16,1,0,0,0,1,16,124,140,19.26281036,36.2190947,202.2297628,0,2.604318805,5.167797104,0.393528488,2.321606152,1.522462981,26.8377201,43.06004745,19.26281036,0.447347634,1.203925647,0.462280442,1.54004106
Track_13184,5798,5798,13,0,0,0,0,0,12,124,136,21.07506804,298.9798603,100.7562261,0,3.144276458,8.48578878,1.171260886,2.442206593,1.969839074,24.26634785,37.7313175,22.63112986,0.558556378,1.75625567,0.558556378,1.397294213
Track_13189,5803,5803,26,0,0,0,0,0,25,124,149,36.60996752,116.3792914,110.1034186,0,2.940907462,7.450506766,1.128130744,3.088808191,1.37935673,32.46404022,73.52268655,36.60996752,0.497941101,1.464398701,0.497941101,1.338733078
Track_13190,5804,5804,20,0,0,0,0,0,19,124,143,20.50060593,375.0258379,110.0784344,0,2.369685769,4.975460457,0.26386106,2.113874621,1.357815478,25.53479943,45.02402961,20.50060593,0.455325881,1.07897926,0.455325881,1.527795466
Track_13193,5807,5807,16,0,0,0,0,0,15,124,139,21.74707666,208.2890147,137.9871457,0,3.312947491,6.407425731,0.853027655,3.081527863,1.690399892,30.86079311,49.69421237,25.98801891,0.437617896,1.449805111,0.437617896,1.062147489
Track_13200,5814,5814,10,0,0,0,0,0,9,126,135,12.17343276,18.00709817,76.20858588,0,1.977564368,2.994858572,0.619658572,1.912849189,0.805544279,25.97797232,17.79807931,12.17343276,0.68397452,1.35260364,0.68397452,1.425193812
Track_13201,5815,5815,11,0,0,0,0,0,10,125,135,15.13972368,193.4188106,72.24825832,0,2.75703699,3.738233128,1.062958044,2.987207029,0.878221339,22.77891515,27.5703699,15.6319031,0.549130234,1.513972368,0.549130234,1.489934223
Track_13207,5821,5821,11,1,0,0,0,1,11,126,137,18.99057045,128.4767115,82.39937742,0,2.704742981,4.732826545,1.316596442,2.827769644,1.148783874,18.97564988,28.62909673,18.99057045,0.663331108,1.726415495,0.638291885,0.891427724
Track_13211,5825,5825,13,1,0,0,0,1,13,126,139,17.67749058,246.3175629,100.3207903,0,3.099286226,8.512314578,1.269384547,2.909669115,1.94259942,14.76899906,39.88666546,17.67749058,0.443192991,1.359806968,0.438748431,1.094690411
Track_13217,5831,5831,16,0,0,0,0,0,15,127,142,19.76065182,47.37635185,98.03749959,0,3.056786845,7.951209616,0.11024354,3.176861768,2.009886864,27.46502841,45.85180267,19.9730615,0.430967828,1.317376788,0.430967828,1.565793268
Track_13218,5832,5832,28,3,0,0,0,1,30,125,155,45.40144388,277.993015,113.8196746,0,2.895369088,5.635720588,0.631784705,2.879776043,1.212172624,22.72800965,86.85769678,45.67081998,0.522710659,1.513381463,0.522690343,1.362026771
Track_13220,5834,5834,15,0,0,0,0,0,14,127,141,21.00210938,267.9793984,115.8198321,0,2.284193083,4.617576768,0.498476777,2.200666324,1.177458116,32.47018181,31.97870316,21.00210938,0.656753005,1.50015067,0.656753005,1.017681732
Track_13221,5835,5835,10,1,0,0,0,1,10,127,137,11.91655895,361.1778493,110.822018,0,2.615006478,5.940821071,0.482543009,2.354592852,1.718409998,16.0466887,24.67362874,12.30133534,0.482967426,1.191655895,0.455699022,1.118367829
Track_13222,5836,5836,23,2,0,0,0,1,24,125,149,31.79503414,313.9983862,114.5911811,0,2.146816455,3.541237159,0.758681863,2.264716907,0.607638674,31.41816832,51.50603394,31.79503414,0.617306978,1.324793089,0.617096579,1.16586106
Track_13226,5840,5840,12,0,0,0,0,0,11,125,136,21.11511274,135.8837123,110.0465577,0,2.532808209,4.604713833,0.378718143,2.755247529,1.33426009,24.83738557,27.8608903,21.11511274,0.757876454,1.919555704,0.757876454,1.490747153
Track_13227,5841,5841,17,0,0,0,0,0,16,127,143,16.54617551,193.6354154,123.8605824,0,2.298982546,3.881267609,0.50906089,2.140972108,0.938433394,27.85574015,36.78372074,17.04569492,0.449823323,1.034135969,0.449823323,1.070225088
Track_13229,5843,5843,10,0,0,0,0,0,9,127,136,14.60635197,378.0059872,117.4433208,0,3.001686899,4.948173942,1.85357465,2.60068487,1.036368348,9.528530502,27.01518209,15.98703774,0.540671979,1.622927997,0.540671979,1.342024478
Track_13236,5850,5850,8,1,0,0,0,1,8,127,135,15.56988027,383.5174466,145.309963,0,2.68196196,5.255725414,0.403208337,2.447151074,1.75184827,15.36086607,20.34666271,15.56988027,0.765230175,1.946235034,0.725675853,0.906110472
Track_13239,5853,5853,28,0,0,0,0,0,27,126,153,21.07278337,247.4957276,152.0135625,0,2.014572681,4.554368138,0.621669996,1.837835444,1.002378727,27.06081339,54.39346239,21.41327906,0.387413899,0.780473458,0.387413899,1.404590605
Track_13253,5867,5867,8,1,0,0,0,1,8,127,135,12.01386835,220.9255619,172.6419049,0,2.854134535,5.648472462,0.308940088,2.214227372,2.019289967,22.9498893,20.28788184,12.01386835,0.592169673,1.501733544,0.526160742,1.312165682
Track_13270,5884,5884,12,1,0,0,0,1,12,127,139,13.8782346,302.8718048,203.1096994,0,2.705057607,4.864638054,0.15661883,2.860276024,1.447723157,13.09903649,30.92333749,13.8782346,0.44879485,1.15651955,0.427539712,1.098450148
Track_13293,5907,5907,16,0,0,0,0,0,15,127,142,22.09029302,75.01941736,58.931423,0,2.129921666,6.426589032,0.546627243,1.761946748,1.460893019,29.90183738,31.94882498,22.09029302,0.691427401,1.472686201,0.691427401,1.326421213
Track_13297,5911,5911,11,0,0,0,0,0,10,127,137,15.62437343,219.0795364,71.85155991,0,2.309063518,3.89506632,0.632071658,2.977644092,1.145253814,20.55811964,23.09063518,15.62437343,0.67665412,1.562437343,0.67665412,0.833404893
Track_13301,5915,5915,26,2,0,0,0,1,27,126,153,33.36188512,404.7637201,185.9021083,0,2.521140553,6.765268443,0.83781353,2.471843815,1.306608226,28.75325687,68.01602281,35.70514521,0.490500381,1.235625375,0.490105708,1.25077305
Track_13315,5929,5929,21,4,0,0,0,1,24,126,150,27.59799374,325.6468099,74.1423071,0,2.383272474,5.769337066,0.080619565,2.745301256,1.405763459,18.59211372,57.39768009,27.71146794,0.480820718,1.149916406,0.482494729,1.495481834
Track_13317,5931,5931,14,0,0,0,0,0,13,129,142,12.62986384,109.0452083,53.33800473,0,2.62943533,7.774536134,0.649971486,1.83915617,1.892392717,16.291116,34.1826593,12.94864434,0.369481606,0.971527988,0.369481606,1.651159007
Track_13329,5943,5943,13,1,0,0,0,1,13,129,142,18.57181858,40.76332631,77.6439741,0,2.843675016,7.204860168,0.487731808,2.315634738,1.865294678,31.69399342,36.17331285,18.57181858,0.513412157,1.428601429,0.502378584,1.183071861
Track_13330,5944,5944,12,0,0,0,0,0,11,130,141,12.99280389,119.4141336,88.85174272,0,2.755119981,4.568190031,0.615873354,3.168715181,1.371746837,21.73092747,30.30631979,14.31833659,0.42871599,1.18116399,0.42871599,1.269003499
Track_13331,5945,5945,22,0,0,0,0,0,21,129,150,28.03233893,353.4036266,74.65214204,0,2.659279362,5.276103864,0.397637585,2.771881526,1.320524407,25.504814,55.84486661,29.18793593,0.501968052,1.334873282,0.501968052,1.595687166
Track_13337,5951,5951,14,0,0,0,0,0,13,130,143,21.37973836,277.0650336,115.100854,0,2.34643336,4.170449785,0.460939542,2.3632247,1.108048688,23.52801129,30.50363367,21.37973836,0.700891526,1.644595259,0.700891526,1.044195065
Track_13340,5954,5954,12,0,0,0,0,0,11,130,141,16.77951541,35.5136945,110.0573755,0,2.835558857,7.2093076,0.432373549,2.43698864,1.986426253,18.98242807,31.19114743,16.77951541,0.537957619,1.525410492,0.537957619,0.676149268
Track_13342,5956,5956,30,0,0,0,0,0,29,130,159,38.38517166,125.6627429,116.8034304,0,2.258261804,4.788314871,0.733904683,1.923458774,1.22547923,39.12738283,65.48959232,38.38517166,0.586126288,1.323626609,0.586126288,1.426911732
Track_13354,5968,5968,14,2,0,0,0,1,15,125,140,13.7169094,365.543241,133.6401877,0,2.506965585,4.867220445,0.834384621,2.090617022,1.253075339,25.43275506,35.35658548,14.11420865,0.387959109,0.914460626,0.364767922,1.351093935
Track_13355,5969,5969,32,2,0,0,0,1,33,130,163,44.13786152,315.1681404,140.3817357,0,2.520669402,4.624378995,0.42896181,2.223363016,1.167109605,19.72032037,84.0055428,44.13786152,0.525416062,1.337510955,0.530617365,1.346178325
Track_13362,5976,5976,25,2,0,0,0,1,26,129,155,29.51505586,89.90029716,138.9663968,0,2.455595527,4.457867414,0.865578464,2.418403421,1.029924217,21.67958162,62.78670182,33.87353172,0.470084508,1.135194456,0.46228886,1.274725077
Track_13364,5978,5978,17,0,0,0,0,0,16,130,146,35.88058325,424.4428202,138.9319981,0,2.938425339,5.748111803,1.002995015,3.047306173,1.182050951,34.7135693,47.01480542,35.88058325,0.763176258,2.242536453,0.763176258,1.06157689
Track_13370,5984,5984,11,0,0,0,0,0,10,130,140,11.91415122,58.00448269,159.5210796,0,2.072544114,4.382030891,0.642723514,1.883670335,1.204645542,30.88134662,20.72544114,11.91415122,0.574856339,1.191415122,0.574856339,1.486121273
Track_13375,5989,5989,23,1,0,0,0,1,23,130,153,30.43906843,441.4918798,171.120019,0,2.318082106,5.095747087,0.498819934,2.082379604,1.182554059,26.61522587,51.5979331,30.43906843,0.589928057,1.323437758,0.570919276,1.53165642
Track_13381,5995,5995,15,0,0,0,0,0,14,130,144,14.42645588,395.0888594,188.0087741,0,2.162521211,4.381983569,0.94531582,1.945489829,0.983993722,24.12609297,30.27529695,16.07439938,0.476509146,1.030461135,0.476509146,1.173759557
Track_13385,5999,5999,12,0,0,0,0,0,11,129,140,14.74434822,126.7557442,188.5921785,0,3.047488124,8.317484849,0.354677001,2.675020206,2.037534211,18.15671166,33.52236937,14.94416906,0.439836101,1.340395293,0.439836101,1.62603648
Track_13390,6004,6004,19,2,0,0,0,1,20,128,148,17.81759315,22.21248436,195.245304,0,2.408852935,7.747262409,0.397791928,2.034483493,1.736677543,23.54390787,46.52148126,17.81759315,0.382997116,0.890879657,0.369835636,1.749372693
Track_13422,6036,6036,17,1,0,0,0,1,17,128,145,26.79659355,414.4605212,151.9660011,0,2.824773745,6.019052045,0.62165184,3.137002705,1.401355394,29.75678433,46.19845689,28.83794841,0.580032221,1.576270209,0.558016447,1.334732681
Track_13438,6052,6052,15,3,0,0,0,1,17,133,150,16.31540107,349.6673161,105.2898907,0,2.13937246,3.926510734,0.38561458,2.190731066,1.198431971,26.55130854,36.33625454,18.88052228,0.449011635,0.959729475,0.448603267,1.548757224
Track_13442,6056,6056,14,0,0,0,0,0,13,133,146,17.67250136,247.1695798,122.8270313,0,2.631318158,4.905907518,0.579413301,2.835365099,1.109636938,21.16602179,34.20713606,17.67250136,0.516632007,1.359423181,0.516632007,1.134431199
Track_13451,6065,6065,22,1,0,0,0,1,22,131,153,24.98149392,242.7023327,128.3576637,0,2.430564505,4.744439625,0.637949442,2.372653592,1.003779796,37.24942511,53.29859909,24.98149392,0.468708265,1.135522451,0.46718466,1.556378065
Track_13454,6068,6068,12,1,0,0,0,1,12,133,145,18.6629566,210.586316,140.7428689,0,2.366360786,3.851741063,0.746244566,2.360145411,1.101873044,32.40523219,29.88170971,20.08051691,0.624561204,1.555246383,0.657231303,1.16791466
Track_13469,6083,6083,17,1,0,0,0,1,17,134,151,15.65120054,226.3816575,168.0579746,0,2.244462117,4.452503845,0.431461866,2.252624832,1.025961351,25.59852283,37.14092471,15.65120054,0.4214004,0.920658855,0.41019131,1.681133962
Track_13470,6084,6084,20,1,0,0,0,1,20,131,151,28.07411733,242.9934596,162.6813881,0,2.67444199,4.909074949,1.140622545,2.392593587,1.065847013,35.68346252,52.90640533,31.15131884,0.530637399,1.403705867,0.524859343,1.161064997
Track_13474,6088,6088,29,0,0,0,0,0,28,134,162,43.32258602,422.5253608,153.7496283,0,2.407092037,4.842740923,0.837275303,2.08060887,1.199472501,32.24211203,67.39857704,43.32258602,0.642781909,1.547235215,0.642781909,1.122476473
Track_13475,6089,6089,13,0,0,0,0,0,12,133,145,16.30269537,156.8793837,161.7661093,0,2.059462557,8.376848105,0.150355251,1.673858229,2.169330038,19.11852147,24.71355068,16.30269537,0.659666253,1.358557948,0.659666253,1.048979251
Track_13480,6094,6094,25,1,0,0,0,1,25,132,157,26.774143,58.53795139,177.9504608,0,2.788774716,7.523607578,0.775059113,2.711955847,1.409574825,24.03245844,70.41565637,26.774143,0.380229971,1.07096572,0.384027334,1.643712895
Track_13482,6096,6096,16,1,0,0,0,1,16,133,149,13.80541747,161.7386298,175.9060807,0,2.073091431,3.876881109,0.70832783,2.232934925,1.087731485,21.90201193,34.41994581,13.80541747,0.401087717,0.862838592,0.416208653,1.285744309
Track_13485,6099,6099,10,1,0,0,0,1,10,134,144,12.71307004,76.91534102,189.8854592,0,2.190974382,3.630317148,1.091379751,1.891181936,0.83903409,23.94536815,22.61748646,12.71307004,0.562090313,1.271307004,0.580247315,1.697010435
Track_13486,6100,6100,12,0,0,0,0,0,11,132,143,16.19578106,200.0923022,197.529527,0,2.942562061,8.003153831,1.062597193,2.60649965,1.885326197,22.29084746,32.36818267,16.19578106,0.500361149,1.472343732,0.500361149,1.136341772
Track_13493,6107,6107,11,0,0,0,0,0,10,133,143,17.59939641,434.973358,198.6772964,0,3.548056812,7.959108181,1.217095734,3.269651626,2.099881509,9.322181658,35.48056812,18.87846349,0.49602916,1.759939641,0.49602916,1.480597216
Track_13497,6111,6111,13,1,0,0,0,1,13,134,147,14.8569001,116.9407553,17.73924433,0,2.776079933,6.42404113,0.759701915,2.584178867,1.540856906,10.55396135,35.47093375,14.87644842,0.418847167,1.142838469,0.411673474,1.84284524
Track_13506,6120,6120,31,1,0,0,0,1,31,131,162,32.66380609,168.3188929,31.05061124,0,2.215410723,5.475837006,0.344102025,2.050808761,1.295209772,32.13525694,67.94878701,32.66380609,0.480712129,1.053671164,0.475609851,1.656390222
Track_13510,6124,6124,17,2,0,0,0,1,18,134,152,16.35618192,136.8042747,36.38860628,0,2.182546743,4.616779334,0.879062268,1.905657649,1.130951361,29.9451023,38.86179829,16.35618192,0.420880727,0.908676773,0.416337829,1.795621716
Track_13514,6128,6128,21,1,0,0,0,1,21,133,154,23.11556387,15.52794396,38.12437931,0,2.200640616,5.507950901,0.918481065,2.27672018,1.271151901,24.79947926,44.97241051,23.11556387,0.513994327,1.100741137,0.50019123,1.165549688
Track_13519,6133,6133,15,0,0,0,0,0,14,133,147,25.2791255,104.8709925,47.04697416,0,2.664440081,5.099478096,0.72416293,2.883834546,1.306848943,29.63167171,37.30216113,25.2791255,0.67768528,1.805651822,0.67768528,1.10692607
Track_13526,6140,6140,13,1,0,0,0,1,13,131,144,17.91421455,312.1363053,73.09359355,0,2.089134292,3.641032977,1.024789899,2.01964987,0.942610134,20.40210394,27.75912755,18.60943646,0.645345014,1.378016504,0.659611261,1.084886446
Track_13528,6142,6142,14,0,0,0,0,0,13,132,145,22.50170759,204.5561476,72.39898339,0,2.860714932,7.162703143,1.240435191,2.716099787,1.494447138,20.29022428,37.18929412,22.50170759,0.605058744,1.730900584,0.605058744,1.538653227
Track_13532,6146,6146,20,0,0,0,0,0,19,133,152,18.20016254,372.1074057,80.61466017,0,2.178716041,4.793897828,0.181127646,1.931158195,1.292693726,32.1702601,41.39560478,18.21845244,0.439664129,0.957903291,0.439664129,1.319555938
Track_13535,6149,6149,9,1,0,0,0,1,9,131,140,16.15916054,108.8035526,81.79573353,0,2.074193561,4.8397988,0.690845908,1.617799046,1.433869622,16.47035196,19.50082677,16.15916054,0.828639767,1.795462283,0.865619446,0.863003736
Track_13538,6152,6152,15,0,0,0,0,0,14,134,148,16.64131945,318.3074302,93.84774897,0,2.139053555,4.461767467,0.609656493,2.176527344,1.112850342,25.05525996,29.94674977,16.64131945,0.555697015,1.188665675,0.555697015,1.092461072
Track_13558,6172,6172,8,1,0,0,0,1,8,137,145,12.93488985,345.2465396,181.5998268,0,2.936778893,3.531002564,1.169083587,3.192601278,0.838303028,28.53559625,24.03968497,15.2198652,0.538064033,1.616861232,0.550555997,1.295688354
Track_13565,6179,6179,12,0,0,0,0,0,11,137,148,13.18233592,350.6623406,201.2268317,0,1.876766163,3.678839284,0.163927535,1.894278266,1.173608584,35.33347289,20.64442779,13.18233592,0.638542083,1.198394174,0.638542083,0.817504533
Track_13578,6192,6192,9,1,0,0,0,1,9,135,144,12.91796616,8.037370761,18.25493601,0,2.496481762,3.62279993,0.870707003,3.107196406,1.135036092,12.15624205,23.4842297,15.81651434,0.550069827,1.435329574,0.574940941,0.776332606
Track_13593,6207,6207,19,1,0,0,0,1,19,131,150,23.83224143,281.0352503,65.68909994,0,2.762725898,5.191964618,0.564012708,3.224106589,1.601076468,26.70749346,51.24599472,23.83224143,0.46505569,1.254328496,0.454018438,1.673601746
Track_13595,6209,6209,45,2,0,0,0,1,46,137,183,41.8338531,292.9792025,75.56714041,0,2.333418948,7.454192695,0.568986893,2.203517591,1.330994269,28.66212887,109.6408815,46.90588304,0.381553418,0.909431589,0.389742095,1.395728451
Track_13603,6217,6217,9,1,0,0,0,1,9,135,144,18.59818626,60.28829786,72.24859786,0,2.834111028,4.952997427,1.88842616,2.489216724,1.16343307,17.33075131,24.58344382,18.59818626,0.75653299,2.06646514,0.729140503,0.997677737
Track_13616,6230,6230,20,0,0,0,0,0,19,135,154,16.69074391,12.39717373,109.1832978,0,2.071514116,3.854377114,0.701684879,1.832653684,0.994932421,27.23220692,39.35876821,16.69074391,0.424066724,0.878460206,0.424066724,1.464912032
Track_13627,6241,6241,10,0,0,0,0,0,9,135,144,11.94450486,62.34826216,130.6964507,0,2.788919539,5.632378821,0.865843514,2.630172558,1.473379572,25.71920681,25.10027585,11.94450486,0.475871458,1.327167206,0.475871458,0.891451608
Track_13628,6242,6242,25,1,0,0,0,1,25,135,160,36.38671886,139.1900082,131.3248822,0,2.903443698,7.561522945,0.641305954,3.149053146,1.494125155,29.42812857,70.89386286,36.38671886,0.513256259,1.455468755,0.501290504,1.216535287
Track_13629,6243,6243,9,0,0,0,0,0,8,137,145,17.88095421,394.4307425,126.693314,0,2.720482389,3.889430432,0.354232341,3.295222298,1.104946205,38.48797819,21.76385911,17.88095421,0.82158932,2.235119276,0.82158932,1.365138942
Track_13637,6251,6251,45,1,0,0,0,1,45,137,182,68.38707718,149.7444588,157.5907558,0,2.532495295,5.422971895,0.723755745,2.251476757,1.289710591,28.32785602,115.3776185,69.41222786,0.592723945,1.519712826,0.600085153,1.510895525
Track_13638,6252,6252,17,1,0,0,0,1,17,136,153,20.81808949,283.8451016,163.2857166,0,2.586193635,4.14440988,0.718958779,2.531525119,0.863548278,38.67593316,43.37232255,20.81808949,0.479985582,1.224593499,0.473511914,0.945842406
Track_13656,6270,6270,19,2,0,0,0,1,20,131,151,28.89565489,41.77332825,165.8811559,0,2.668233169,5.297043943,0.923390053,2.566186543,1.210134971,22.22754305,52.07530457,28.89565489,0.55488211,1.444782745,0.541475446,1.080147561
Track_13660,6274,6274,10,0,0,0,0,0,9,136,145,14.91773447,137.9265954,51.04448785,0,3.388234607,8.065692262,1.31024664,2.631591692,2.184375913,14.7438673,30.49411147,14.91773447,0.489200497,1.657526053,0.489200497,1.584583245
Track_13690,6304,6304,15,1,0,0,0,1,15,135,150,18.85621643,343.6540749,74.03846664,0,2.815391653,7.153498931,0.38901451,2.637997241,1.890940808,16.64586128,43.09763426,18.85621643,0.437523236,1.257081095,0.446503098,1.598660871
Track_13698,6312,6312,13,1,0,0,0,1,13,140,153,17.68575321,338.4073445,86.70068488,0,2.788150458,6.122173773,0.517781136,2.226878747,1.841777961,11.55340268,35.5421944,17.68575321,0.497598798,1.360442555,0.487937281,1.436042176
Track_13701,6315,6315,24,1,0,0,0,1,24,141,165,24.428178,339.0164622,68.03794376,0,2.342893164,5.546498309,0.157843076,2.148566844,1.469392552,26.91285636,57.33701021,26.01981848,0.426045549,1.01784075,0.434437543,1.502678204
Track_13720,6334,6334,12,0,0,0,0,0,11,139,150,11.8127016,8.010592402,122.8478529,0,1.765061384,3.769363929,0.15650604,1.594632782,1.055634983,36.05673862,19.41567523,11.8127016,0.608410548,1.073881964,0.608410548,1.311924255
Track_13721,6335,6335,33,1,0,0,0,1,33,138,171,23.9368215,60.80672645,110.7533798,0,1.805960638,3.951129995,0.132369653,1.569269778,1.127457219,36.46114072,60.87739898,23.9368215,0.393197178,0.725358227,0.401646754,1.573228738
Track_13725,6339,6339,25,0,0,0,0,0,24,138,162,19.79456007,257.0831528,125.1238984,0,1.956370536,4.434932762,0.21657044,1.696812621,1.090874412,33.48978958,46.95289287,20.23496712,0.421583397,0.824773336,0.421583397,1.440363845
Track_13730,6344,6344,14,2,0,0,0,1,15,139,154,21.76627345,372.2382925,127.8208936,0,3.151820797,6.43899652,0.738739586,2.682429966,1.651462042,10.45901891,47.10985449,21.76627345,0.462032279,1.451084896,0.460395749,1.372287385
Track_13732,6346,6346,10,0,0,0,0,0,9,139,148,15.45102031,261.8637544,139.3954821,0,2.285309053,3.373732159,0.690602917,2.618955087,1.025545812,25.19337082,20.56778147,15.45102031,0.751224449,1.716780034,0.751224449,1.359087369
Track_13733,6347,6347,16,1,0,0,0,1,16,141,157,23.53781585,391.9845097,133.6118477,0,2.395447622,4.300319065,0.730415311,2.180129595,1.067712358,23.72905692,40.2320334,23.62051683,0.585051608,1.471113491,0.614128849,1.543335914
Track_13741,6355,6355,19,0,0,0,0,0,18,139,157,24.57674449,352.0486071,151.6678681,0,2.521787316,3.469689084,0.329872976,2.830752103,0.763086529,20.35374471,45.39217168,24.825377,0.541431343,1.365374694,0.541431343,1.173245083
Track_13747,6361,6361,14,0,0,0,0,0,13,138,151,26.47388173,430.0272445,147.0155093,0,3.192106471,5.679223716,1.132452767,2.962206611,1.34250444,11.56951298,41.49738413,26.91810469,0.637965074,2.036452441,0.637965074,1.28807649
Track_13749,6363,6363,15,0,0,0,0,0,14,139,153,15.87673324,350.3887645,159.0647577,0,2.283703618,7.278908363,0.12029929,2.014157995,1.788092082,17.17108517,31.97185065,15.87673324,0.496584743,1.134052374,0.496584743,1.948574525
Track_13758,6372,6372,14,1,0,0,0,1,14,139,153,13.21256433,268.8105306,160.6707413,0,2.521100926,4.558764778,0.735836011,2.921652525,1.217989284,20.22160482,34.35590804,13.21256433,0.384579104,0.943754595,0.374342251,1.667767671
Track_13760,6374,6374,19,1,0,0,0,1,19,140,159,16.27259667,103.8908082,169.9931931,0,2.224925332,4.508823397,0.371578308,2.059504695,1.293225698,27.31723991,41.3708444,16.27259667,0.393334893,0.856452456,0.38493537,0.858662236
Track_13761,6375,6375,15,0,0,0,0,0,14,140,154,18.05903326,244.4375272,175.0599312,0,2.24604137,4.368138058,0.884071385,2.009815055,0.915427467,26.89958744,31.44457918,18.05903326,0.574313084,1.289930947,0.574313084,1.383313456
Track_13768,6382,6382,12,2,0,0,0,1,13,138,151,11.74514211,319.2130417,181.3433282,0,2.37980779,4.260108762,0.812197229,2.090756092,1.038758931,16.04785625,31.19317491,11.74514211,0.376529229,0.90347247,0.379640942,1.319757478
Track_13770,6384,6384,25,1,0,0,0,1,25,141,166,28.19361201,254.832816,170.8645818,0,2.284968109,4.612781374,0.359290682,1.945468927,1.154367405,26.50481691,56.01072824,30.08583285,0.503360926,1.12774448,0.493549331,1.348828472
Track_13773,6387,6387,14,0,0,0,0,0,13,138,151,18.64073191,332.7362093,187.839138,0,2.341224283,4.659713622,0.660374991,2.377807041,1.31797545,28.77309833,30.43591568,18.64073191,0.61245839,1.433902455,0.61245839,1.235524426
Track_13777,6391,6391,19,1,0,0,0,1,19,138,157,15.89129147,195.3733413,193.183165,0,1.904437653,3.473189246,0.561821722,2.111668843,0.882747525,27.53295429,36.53849068,17.69249631,0.434919209,0.836383761,0.439176237,1.409847899
Track_13788,6402,6402,14,1,0,0,0,1,14,138,152,18.92268064,303.5346581,26.31972716,0,2.497977417,4.192378335,0.843823565,2.811611507,1.19230167,32.90802288,34.95555422,19.650318,0.541335449,1.351620046,0.541085775,1.03448773
Track_13796,6410,6410,22,1,0,0,0,1,22,139,161,27.60826894,221.9484712,38.35780849,0,2.671463138,5.372453848,1.278627318,2.229125014,1.259207173,29.61822104,58.21079107,29.38331382,0.474280944,1.254921316,0.469750564,1.438043373
Track_13797,6411,6411,15,0,0,0,0,0,14,141,155,15.75263074,16.03452259,28.62140401,0,3.003635768,8.343060239,1.151559628,2.728479605,1.879803964,25.6187768,42.05090075,16.3817392,0.37460864,1.12518791,0.37460864,1.530104068
Track_13807,6421,6421,13,1,0,0,0,1,13,139,152,18.31338213,344.0303782,54.15813193,0,2.989204461,5.360900386,0.243455463,2.889994005,1.54279574,12.15054754,37.6024788,18.31338213,0.487025928,1.408721702,0.471269771,1.364695308
Track_13808,6422,6422,18,1,0,0,0,1,18,139,157,29.1727033,67.27776754,53.1652306,0,2.720498565,4.293167579,0.436820602,2.897554232,1.072709184,19.86426989,49.68252045,29.1727033,0.587182434,1.620705739,0.595738502,1.434753819
Track_13810,6424,6424,14,0,0,0,0,0,13,141,154,12.26457618,161.2964516,48.84177584,0,2.009823818,3.84778256,0.480182953,2.308845619,1.007385579,25.08946003,26.12770963,12.26457618,0.469408775,0.943428937,0.469408775,1.597217163
Track_13813,6427,6427,9,0,0,0,0,0,8,138,146,12.51969438,50.04544109,97.92730823,0,3.212499983,5.17590477,0.622556296,3.679587549,1.437115321,24.77560266,25.69999987,12.51969438,0.487147644,1.564961798,0.487147644,0.956822038
Track_13819,6433,6433,25,1,0,0,0,1,25,139,164,24.93292125,15.92349883,119.9330035,0,2.413587479,5.091059094,0.951572692,2.326245794,1.059617832,33.29861801,59.28069804,24.93292125,0.420590885,0.99731685,0.413209324,1.521871156
Track_13834,6448,6448,16,3,0,0,0,1,18,139,157,16.35025946,411.2824936,199.5042839,0,2.242409456,3.986256183,0.307608927,2.261820472,1.12300169,19.55655846,39.46628135,16.35025946,0.414284268,0.908347748,0.405076667,1.265775708
Track_13853,6467,6467,9,1,0,0,0,1,9,140,149,13.17147628,333.7250515,67.21067139,0,2.131615979,4.110247516,1.009414117,1.55651706,1.220575505,27.05388753,21.16317535,13.17147628,0.622377127,1.463497364,0.686567083,1.516546975
Track_13869,6483,6483,34,0,0,0,0,0,33,142,175,35.13129463,399.9848204,132.6652598,0,2.28988449,8.015252076,0.216502579,1.971177702,1.522835605,23.04493354,75.56618817,35.13129463,0.464907593,1.064584686,0.464907593,1.175738927
Track_13880,6494,6494,43,0,0,0,0,0,42,142,184,46.09864444,294.6825033,186.5189065,0,2.294506318,4.945114566,0.415650476,2.436191399,1.09298393,28.18968376,96.36926536,47.73465611,0.478354217,1.097586772,0.478354217,1.436330433
Track_13887,6501,6501,9,0,0,0,0,0,8,142,150,16.588588,227.2196422,27.31426937,0,3.325138853,5.63593011,1.947571647,3.640748886,1.175483273,14.31577942,26.60111082,16.588588,0.623605086,2.073573499,0.623605086,1.220162276
Track_13889,6503,6503,21,3,0,0,0,1,23,142,165,27.5688495,22.61577488,58.03673153,0,2.622226166,5.734895584,0.879454576,2.363942999,1.30475922,26.10348429,61.99938423,27.5688495,0.444663279,1.19864563,0.457109934,1.099452191
Track_13898,6512,6512,9,1,0,0,0,1,9,142,151,11.9852322,269.5020147,93.05736342,0,2.518721667,4.923773771,0.355051815,2.613851563,1.517388493,17.2162465,21.54026373,14.37910312,0.556410653,1.331692467,0.528717597,0.893734332
Track_13912,6526,6526,9,0,0,0,0,0,8,143,151,12.83654134,158.8931283,67.6863017,0,2.554818465,7.614828775,1.116270221,2.048564719,2.133398173,24.67054674,20.43854772,14.44634617,0.628055453,1.604567667,0.628055453,1.375011621
Track_13914,6528,6528,11,0,0,0,0,0,10,143,153,11.87597817,102.5560642,85.67077886,0,2.22051346,4.592110431,0.603634624,1.792632451,1.106019002,33.87522182,22.2051346,11.87597817,0.534830272,1.187597817,0.534830272,1.419117661
Track_13919,6533,6533,11,0,0,0,0,0,10,143,153,12.20815465,362.722999,103.7975707,0,2.319282061,5.331593506,0.921142283,2.215131256,1.202695105,16.02426455,23.19282061,12.20815465,0.526376453,1.220815465,0.526376453,1.673721231
Track_13921,6535,6535,27,0,0,0,0,0,26,143,169,34.46059812,385.4540939,104.7283516,0,1.948803598,3.938889411,0.240483142,1.959165057,1.019892875,28.96476311,50.66889355,34.46059812,0.680113492,1.32540762,0.680113492,1.026959552
Track_13927,6541,6541,13,0,0,0,0,0,12,143,155,12.76212315,338.6369236,135.9665823,0,1.947811532,4.496720245,0.709522417,1.901226831,1.301201244,10.09003702,23.37373838,12.76212315,0.546002652,1.063510263,0.546002652,1.799451003
Track_13935,6549,6549,15,1,0,0,0,1,15,143,158,19.47623467,220.4896132,175.3278835,0,2.091715076,3.902456398,0.166655186,1.78054454,1.132321485,34.56571128,33.18646746,19.47623467,0.586872788,1.298415644,0.620742117,1.474081665
Track_13937,6551,6551,10,0,0,0,0,0,9,143,152,15.16244643,433.5084287,181.9742948,0,2.722570104,5.218448106,1.165884081,2.801058138,1.217481635,24.98463631,24.50313093,16.33207523,0.618796287,1.68471627,0.618796287,1.556882058
Track_13966,6580,6580,14,0,0,0,0,0,13,144,157,25.06641356,224.7265475,58.86942682,0,2.995579577,5.437024528,1.21879764,3.062674798,1.172452861,25.33849348,38.9425345,25.06641356,0.643676994,1.928185659,0.643676994,1.08197694
Track_13973,6587,6587,14,0,0,0,0,0,13,145,158,16.27680042,11.81256057,71.1119506,0,3.297637684,5.865916263,1.204297349,3.023176209,1.384135815,20.79613686,42.8692899,17.65494103,0.379684395,1.252061571,0.379684395,1.974972844
Track_13980,6594,6594,18,0,0,0,0,0,17,145,162,22.81852572,278.1403465,99.90234615,0,1.856171134,3.912804873,0.569245942,1.364961356,1.039914612,31.6637383,31.55490928,22.81852572,0.723137104,1.342266219,0.723137104,1.343027727
Track_13982,6596,6596,15,2,0,0,0,1,16,145,161,14.35875302,295.6748793,97.25558462,0,2.466157737,4.786955708,0.636447581,2.099572482,1.309707057,18.8411926,36.68813955,14.35875302,0.391373158,0.897422064,0.363894835,1.291235178
Track_13983,6597,6597,11,2,0,0,0,1,12,145,157,19.39662275,277.5056872,105.4697261,0,2.07898189,4.195923742,0.938257644,1.716927135,1.159114997,34.49593189,27.51565535,19.39662275,0.70493043,1.616385229,0.777488845,0.820389768
Track_13992,6606,6606,13,2,0,0,0,1,14,145,159,19.02597187,108.4535147,113.6473524,0,1.91135066,4.567235885,0.426308401,1.85994793,1.218297935,22.4871386,28.83011793,19.02597187,0.65993389,1.358997991,0.711014477,0.985023383
Track_13996,6610,6610,16,0,0,0,0,0,15,144,159,12.21339573,222.3585118,125.0943894,0,1.984632526,4.416426499,0.925571087,1.752811463,0.952976215,33.76468539,29.76948789,12.21339573,0.410265564,0.814226382,0.410265564,1.564485799
Track_13998,6612,6612,26,1,0,0,0,1,26,145,171,43.76347478,332.4503053,117.8828391,0,2.660705932,8.502152016,0.35192213,2.268557211,1.758008126,34.59790602,67.74360131,44.18490009,0.646016361,1.683210568,0.632618039,1.070999722
Track_13999,6613,6613,23,0,0,0,0,0,22,144,166,24.35619067,85.66374132,124.6741947,0,2.281080773,5.346881159,0.373599442,2.276559561,1.304246187,38.056875,50.183777,24.35619067,0.485339927,1.107099576,0.485339927,1.28189567
Track_14002,6616,6616,10,2,0,0,0,1,11,144,155,15.62327468,277.285132,122.7060173,0,2.348996383,4.299133033,0.398213304,1.947012611,1.312792421,15.58916526,28.20320749,15.62327468,0.553953825,1.420297698,0.604640223,1.86135948
Track_14003,6617,6617,15,0,0,0,0,0,14,144,158,17.46072903,76.63958495,144.3482531,0,2.638613875,8.312203027,0.715562664,1.763657536,2.253455849,28.2399533,36.94059426,17.79794323,0.472670497,1.247194931,0.472670497,1.625770246
Track_14006,6620,6620,9,0,0,0,0,0,8,145,153,14.26829173,122.5861492,153.4784519,0,3.193036314,7.631266154,0.671522702,3.149528377,2.214958938,22.70460457,25.54429051,14.99318694,0.55857068,1.783536466,0.55857068,1.486450222
Track_14014,6628,6628,15,2,0,0,0,1,16,144,160,13.71079079,123.8511372,173.2249933,0,1.931798711,3.858653466,0.622964709,1.910009937,1.081051501,24.61157729,30.72705854,13.71079079,0.446212278,0.856924424,0.443588879,1.694788042
Track_14016,6630,6630,12,0,0,0,0,0,11,144,155,12.93261128,51.05874028,169.4576521,0,2.434507258,3.619294508,0.476487128,2.58145106,1.022717988,14.37509735,26.77957983,13.69902854,0.482928088,1.175691935,0.482928088,1.004097383
Track_14022,6636,6636,9,0,0,0,0,0,8,145,153,12.77682406,62.0231132,177.3067503,0,2.839824912,4.539316648,0.769830207,2.914927343,1.11319358,21.77297407,22.7185993,12.77682406,0.562394886,1.597103007,0.562394886,1.937405565
Track_14042,6656,6656,9,0,0,0,0,0,8,144,152,11.91787116,272.8105152,80.30147972,0,2.630053534,5.019013036,1.477129565,2.194197518,1.284576042,24.95218468,21.04042827,11.91787116,0.566427213,1.489733895,0.566427213,1.029586554
Track_14075,6689,6689,17,0,0,0,0,0,16,147,163,18.8709324,216.5125295,164.5334884,0,2.005618155,3.418548528,0.547913761,1.894815141,0.809762219,41.17648708,32.08989048,18.8709324,0.588064718,1.179433275,0.588064718,1.100619531
Track_14077,6691,6691,9,0,0,0,0,0,8,150,158,15.94482343,323.1124962,166.6443062,0,3.02784845,4.55216183,1.305780027,2.96804107,0.90098139,28.52974648,24.2227876,15.94482343,0.658257162,1.993102929,0.658257162,1.504235403
Track_14083,6697,6697,22,2,0,0,0,1,23,154,177,30.12150405,317.8841687,154.1660973,0,2.413209566,4.919724975,0.794206825,2.435710265,1.020158561,16.11305115,54.91663435,33.87688029,0.548495085,1.309630611,0.54269245,1.238118883
Track_14087,6701,6701,44,2,0,0,0,1,45,153,198,50.99751276,172.7114475,161.0710433,0,2.12670408,4.85060626,0.255999541,2.152094952,1.061896466,38.43602093,96.36197468,50.99751276,0.529228598,1.133278061,0.532879996,1.418079987
Track_14088,6702,6702,14,0,0,0,0,0,13,150,163,21.14338968,17.05819406,165.3930678,0,2.327898745,4.617634573,0.315335902,1.71460602,1.600652107,27.54130036,30.26268368,21.14338968,0.698662085,1.626414591,0.698662085,1.541245246
Track_14090,6704,6704,33,1,0,0,0,1,33,147,180,38.94010725,157.6221663,171.6839007,0,2.519439607,4.640424698,0.832663691,2.61396261,1.085475781,41.72413456,84.93000623,38.94010725,0.458496461,1.18000325,0.468359411,1.389080266
Track_14091,6705,6705,11,0,0,0,0,0,10,153,163,14.96498826,160.6935076,174.5506635,0,2.616723161,4.024149154,1.345883356,2.670914412,0.852839584,21.98399388,26.16723161,14.96498826,0.571898032,1.496498826,0.571898032,1.667950907
Track_14092,6706,6706,9,0,0,0,0,0,8,154,162,12.039992,220.328841,173.8198084,0,2.681840096,4.615646772,0.98214608,2.987240363,1.25287456,38.30610466,21.45472077,12.039992,0.561181482,1.504999,0.561181482,1.562667576
Track_14094,6708,6708,28,0,0,0,0,0,27,148,175,32.05882464,378.2745946,175.5986086,0,2.305564943,4.8330241,0.230117049,2.006239673,1.181687114,37.85900729,62.25025347,34.86687443,0.514999102,1.187363875,0.514999102,1.456813648
Track_14097,6711,6711,35,1,0,0,0,1,35,152,187,34.38270086,161.5106414,174.9420525,0,2.422415055,4.921796386,0.76748215,2.383236919,0.975277113,28.1077214,86.52556952,34.38270086,0.397370408,0.982362882,0.405530373,1.190278607
Track_14107,6721,6721,9,1,0,0,0,1,9,154,163,14.88888573,101.8864167,181.93199,0,2.58932217,4.935609797,0.700238067,2.530634489,1.405665897,21.79493978,23.24521185,15.08198875,0.640514091,1.654320637,0.638901044,1.074180069
Track_14112,6726,6726,9,2,0,0,0,1,10,146,156,15.60569135,92.46008122,201.8179495,0,2.641032571,4.952794726,0.474800848,2.715804217,1.298154537,14.2037354,25.1246182,16.2418369,0.621131482,1.560569135,0.590893559,0.81100554
Track_14131,6745,6745,10,2,0,0,0,1,11,153,164,14.41612808,418.1631723,206.2097707,0,2.500863593,4.236664846,1.180407105,2.141774183,0.938694483,11.66850805,26.61240406,14.41612808,0.541707094,1.310557098,0.524041816,0.856965559
Track_14137,6751,6751,12,1,0,0,0,1,12,149,161,16.40612766,199.3042958,19.6375474,0,2.467927794,4.687584962,1.179043858,2.088132823,1.147281183,16.08385992,31.3456791,17.50281928,0.523393595,1.367177305,0.553977839,1.657332075
Track_14146,6760,6760,28,0,0,0,0,0,27,152,179,26.14119217,246.0879189,18.40530307,0,2.379905736,8.203339488,0.09987934,2.181788654,1.491861897,26.37024479,64.25745488,26.14119217,0.406819601,0.968192303,0.406819601,1.68888378
Track_14165,6779,6779,15,1,0,0,0,1,15,151,166,12.55499657,180.4105062,34.66135138,0,2.066710883,3.712459608,0.874169875,2.012254328,0.922098398,22.01538169,29.80812224,13.69071713,0.42119381,0.836999771,0.404991224,1.54247575
Track_14167,6781,6781,16,0,0,0,0,0,15,148,163,18.3652627,107.0253067,38.03279949,0,2.478380582,4.754363913,0.68271393,2.445523733,1.174752916,28.82370698,37.17570872,19.8364315,0.494012443,1.224350846,0.494012443,1.276438739
Track_14173,6787,6787,13,1,0,0,0,1,13,148,161,23.84046137,342.8744294,41.10369434,0,2.962072003,5.335846469,1.274879126,2.7254196,1.077697969,12.54436155,38.15426839,23.84046137,0.624843887,1.833881644,0.619121224,1.503842316
Track_14179,6793,6793,17,3,0,0,0,1,19,153,172,29.0622966,192.4425309,53.27689832,0,3.215287509,6.181767146,0.828830467,3.255245479,1.458715432,11.23188911,58.80749851,29.0622966,0.494193723,1.529594558,0.475725593,1.18307714
Track_14195,6809,6809,12,0,0,0,0,0,11,151,162,12.39786737,295.5494493,72.33088625,0,1.913384144,3.570853607,0.537825076,1.587302708,1.099381175,20.75663241,21.04722559,13.46099982,0.589049959,1.127078852,0.589049959,1.325817234
Track_14199,6813,6813,19,1,0,0,0,1,19,154,173,20.85903958,12.00167289,71.99430134,0,2.302115363,4.886157412,0.613255638,2.219563498,1.17280624,23.9416848,43.12562416,20.85903958,0.483680874,1.097844188,0.476884958,1.50068827
Track_14204,6818,6818,43,3,0,0,0,1,45,154,199,37.26645386,207.4472572,83.28531498,0,1.918409195,7.340624333,0.276003801,1.844767096,1.273322332,30.96841035,90.41598626,37.26645386,0.412166647,0.828143419,0.431682366,1.49657804
Track_14205,6819,6819,17,2,0,0,0,1,18,149,167,26.78601131,323.6901011,68.67661563,0,2.42812956,4.441432443,0.188810444,2.828489728,1.231402372,25.34752509,43.12043865,27.10545031,0.621190603,1.488111739,0.612863401,1.222516372
Track_14206,6820,6820,20,0,0,0,0,0,19,150,169,23.49319772,191.463938,76.43412256,0,2.307226157,4.605931745,0.709597075,2.10551211,1.121631029,33.27771764,43.83729698,23.49319772,0.535918027,1.236484091,0.535918027,1.712103673
Track_14207,6821,6821,20,0,0,0,0,0,19,149,168,23.25845821,40.90457478,92.93776702,0,2.391689917,4.42524234,0.526608437,2.253093672,1.118407422,22.6611465,45.44210843,23.25845821,0.511826124,1.224129379,0.511826124,1.245748309
Track_14210,6824,6824,9,0,0,0,0,0,8,147,155,12.99791605,332.1143534,86.88854456,0,2.442323819,3.606658208,0.781294184,2.594706053,0.879845581,30.11301125,19.53859056,13.49281826,0.665243279,1.624739506,0.665243279,0.840219263
Track_14212,6826,6826,17,0,0,0,0,0,16,146,162,25.6224155,74.88152084,84.28201573,0,2.846706462,6.515957126,0.847174617,2.596603114,1.63993972,21.98143875,45.54730339,25.6224155,0.562545169,1.601400969,0.562545169,1.770777899
Track_14216,6830,6830,10,0,0,0,0,0,9,154,163,13.13395463,299.0789796,88.96671802,0,2.822772322,5.333787527,0.93250162,3.022312679,1.445280511,23.20120125,25.4049509,13.13395463,0.516984059,1.459328292,0.516984059,1.343801329
Track_14217,6831,6831,10,1,0,0,0,1,10,153,163,12.94488152,241.4813589,96.83459552,0,3.344620688,6.072687765,2.110944806,3.274589248,1.215016035,19.83681488,32.67132469,13.04057752,0.396215386,1.294488152,0.387035862,0.971620791
Track_14218,6832,6832,31,0,0,0,0,0,30,150,180,29.81406282,258.9718171,105.1976146,0,2.077579536,4.704989796,0.491474158,2.039241452,1.151641479,42.70363703,62.32738609,29.81406282,0.478346112,0.993802094,0.478346112,1.474927868
Track_14221,6835,6835,12,0,0,0,0,0,11,153,164,20.58638078,16.52253797,114.7562006,0,2.941066949,4.526139782,0.506404733,2.86091505,1.100196334,18.29338487,32.35173644,20.58638078,0.63633001,1.871489162,0.63633001,1.53404604
Track_14222,6836,6836,12,0,0,0,0,0,11,151,162,11.89359788,68.31089466,103.4501239,0,1.706674648,5.363735065,0.627834966,1.577632601,1.305511615,39.51709708,18.77342113,11.89359788,0.633533856,1.081236171,0.633533856,1.300944022
Track_14223,6837,6837,15,1,0,0,0,1,15,148,163,14.91282088,100.858974,105.7904006,0,2.278285552,4.21542395,0.934994714,2.140353794,1.132271106,26.1535189,32.97811112,16.6942875,0.452203609,0.994188058,0.436375527,1.433168065
Track_14228,6842,6842,25,1,0,0,0,1,25,149,174,29.13910921,324.2023714,106.2809339,0,2.617116724,7.062151612,0.532633401,2.307176669,1.512228037,28.75363304,65.33277165,30.05630596,0.446010608,1.165564368,0.445362011,1.389403239
Track_14229,6843,6843,25,1,0,0,0,1,25,149,174,27.79032002,399.8686902,106.6919624,0,1.938702012,3.212721601,0.821616183,2.061584869,0.765001084,23.13504175,49.51755872,27.79032002,0.561221529,1.111612801,0.573379918,1.121582429
Track_14232,6846,6846,16,0,0,0,0,0,15,148,163,31.13847146,142.466827,107.0729818,0,3.017307421,4.855914447,0.655107698,3.811894389,1.438539253,28.19592661,45.25961132,31.13847146,0.687996882,2.075898098,0.687996882,0.992659554
Track_14236,6850,6850,22,0,0,0,0,0,21,149,170,41.41152271,212.0669787,119.1677007,0,2.85218792,6.406341584,0.556815499,2.73566749,1.676910519,34.63035939,59.89594631,41.41152271,0.691391075,1.971977272,0.691391075,1.233233856
Track_14238,6852,6852,12,1,0,0,0,1,12,148,160,17.08693236,174.8847171,123.0382066,0,2.249148258,4.877362517,0.611138728,1.43226151,1.327809382,30.06188273,27.77607266,17.70722147,0.615167326,1.42391103,0.633089004,1.288225349
Track_14241,6855,6855,23,1,0,0,0,1,23,146,169,31.70357445,312.3202076,127.9710667,0,2.684933319,4.600235532,0.178561669,3.05911877,1.212967098,18.89691164,62.73369153,33.61797633,0.505367589,1.37841628,0.513389391,1.488399474
Track_14244,6858,6858,15,0,0,0,0,0,14,148,162,22.37948185,61.64944882,123.7075593,0,2.616119686,4.835724603,0.654036031,3.13763326,1.240875883,36.97555472,36.6256756,25.2089924,0.611032602,1.598534418,0.611032602,1.216379325
Track_14245,6859,6859,25,6,0,0,0,1,30,149,179,31.52953994,267.5521319,127.9283127,0,2.523215685,4.617421909,0.155696066,2.512788688,1.195226258,18.11334791,74.87953638,31.52953994,0.421070181,1.050984665,0.416525892,1.215429719
Track_14257,6871,6871,13,0,0,0,0,0,12,152,164,19.20751754,285.116304,130.6047818,0,2.441464674,4.089973613,0.471480886,2.521664114,0.999028285,28.95511319,29.29757609,19.20751754,0.65560091,1.600626462,0.65560091,1.58692446
Track_14258,6872,6872,15,0,0,0,0,0,14,146,160,12.77219552,339.8466925,147.1518062,0,2.334111828,5.714942925,0.516034522,1.987727996,1.508891474,19.64201752,32.67756559,12.77219552,0.390855172,0.91229968,0.390855172,1.453001482
Track_14260,6874,6874,21,3,0,0,0,1,23,154,177,22.77179005,287.1951327,139.7092308,0,1.910513555,4.198275819,0.260683389,2.084679861,1.02413463,26.57866637,44.47578234,22.77179005,0.512004261,0.990077828,0.518226016,1.323717639
Track_14266,6880,6880,12,1,0,0,0,1,12,149,161,13.02679799,263.9279764,146.7952677,0,2.71850718,4.608707838,0.305423576,2.826466582,1.375535876,19.40999496,32.73004556,13.02679799,0.398007328,1.085566499,0.399324492,1.724688379
Track_14267,6881,6881,12,1,0,0,0,1,12,154,166,16.9984673,5.722699992,140.3914389,0,3.025332191,7.09060185,0.795766124,2.151021304,2.225696675,12.71835677,37.29759761,17.3558546,0.455752338,1.416538942,0.468225918,1.16042975
Track_14274,6888,6888,11,1,0,0,0,1,11,155,166,12.28570566,107.2741813,20.98617881,0,2.925650395,5.037997897,1.259726841,2.499644989,1.262751791,10.24286881,30.89162623,12.28570566,0.397703428,1.116882333,0.381755228,1.505286507
Track_14289,6903,6903,10,0,0,0,0,0,9,156,165,13.52526039,232.6247327,55.96548205,0,2.723961207,4.331587807,0.727387838,3.115984232,1.176112314,16.45490828,24.51565086,13.81647031,0.551699013,1.50280671,0.551699013,1.118590229
Track_14292,6906,6906,20,1,0,0,0,1,20,146,166,23.84449979,304.2158005,47.6274689,0,2.515384195,5.342399405,0.523886112,2.229877201,1.659184394,36.53566613,48.38337629,23.84449979,0.492824222,1.192224989,0.473973316,1.50145085
Track_14294,6908,6908,13,1,0,0,0,1,13,157,170,11.7650879,120.6295934,65.58510759,0,2.352853924,3.50696367,0.798206839,2.198242026,0.948874829,24.14467496,30.43248912,11.7650879,0.386596307,0.905006762,0.384642137,1.06499178
Track_14301,6915,6915,16,1,0,0,0,1,16,155,171,25.8432217,213.3979593,79.51619771,0,2.727871166,5.49882918,0.527418868,2.483169272,1.413370566,21.49012983,43.75970185,25.8432217,0.590571247,1.615201356,0.592110572,1.062294832
Track_14303,6917,6917,16,0,0,0,0,0,15,155,170,16.35999416,63.11739543,74.19977661,0,2.543567626,5.035321048,0.29035063,2.326118896,1.251749682,25.35529196,38.15351439,16.35999416,0.428793898,1.090666277,0.428793898,1.610029951
Track_14304,6918,6918,41,2,0,0,0,1,42,157,199,38.77532096,300.5094637,85.75445357,0,2.511378782,6.472502324,0.267503034,2.158793585,1.469764314,26.29100854,104.6146222,41.35437458,0.370649151,0.923221928,0.367615564,1.303712728
Track_14306,6920,6920,10,1,0,0,0,1,10,155,165,12.04916141,4.267458884,80.74863264,0,2.288623298,4.894308432,0,2.725075215,1.799947899,24.08297005,22.62707047,12.06214063,0.532510889,1.204916141,0.526480763,1.303658038
Track_14312,6926,6926,13,2,0,0,0,1,14,146,160,28.83208067,27.6702522,86.19487285,0,2.884462575,4.627162928,1.406869277,3.308110129,1.169389391,27.2083997,39.47134046,28.83208067,0.730456081,2.059434334,0.713975058,1.002344619
Track_14314,6928,6928,12,1,0,0,0,1,12,149,161,26.02792403,75.92786717,90.53039148,0,3.440322322,5.244208714,1.094872671,3.471116038,1.378148718,19.71001188,40.19489191,26.02792403,0.647543078,2.168993669,0.630462342,1.119234728
Track_14319,6933,6933,11,0,0,0,0,0,10,151,161,23.3559594,16.07090641,91.83423163,0,2.594707195,5.21693311,0.462345858,2.710893908,1.332452114,32.75848111,25.94707195,23.3559594,0.900138538,2.33559594,0.900138538,0.964884894
Track_14320,6934,6934,17,0,0,0,0,0,16,157,173,21.99833061,272.6196479,98.81422305,0,3.385004776,7.964358858,0.06448231,3.286633661,1.907295033,22.50521161,54.16007641,22.17558709,0.406172444,1.374895663,0.406172444,1.729862223
Track_14323,6937,6937,16,1,0,0,0,1,16,155,171,18.24194114,108.0908982,101.4470304,0,2.721358087,5.703403221,0.561509017,2.677303646,1.566428574,18.42863184,43.71063583,20.91922019,0.417334152,1.140121321,0.418953069,1.827514485
Track_14325,6939,6939,29,0,0,0,0,0,28,156,184,27.64045008,132.7486578,112.3744329,0,1.766423435,4.901282195,0.140024674,1.565707995,1.086210305,46.27236172,49.45985617,28.10607025,0.558846148,0.987158931,0.558846148,1.502228406
Track_14331,6945,6945,12,0,0,0,0,0,11,156,167,22.82352582,39.97721929,109.9982531,0,2.752867918,4.681087528,1.467887735,2.780602022,1.173769133,25.98612046,30.2815471,22.98450692,0.753710692,2.074865984,0.753710692,1.14571186
Track_14339,6953,6953,10,1,0,0,0,1,10,157,167,13.30713581,146.1268071,129.6030312,0,3.252237532,5.968905013,0.635967956,3.265228107,1.465511172,15.69151206,31.41393233,13.36528123,0.423606178,1.330713581,0.409168632,1.669310835
Track_14341,6955,6955,12,0,0,0,0,0,11,157,168,18.97148362,335.628903,123.0601,0,2.470063624,4.93942576,1.068170351,2.409016812,1.001413207,33.01950598,27.17069987,18.97148362,0.69823316,1.724680329,0.69823316,1.003361186
Track_14342,6956,6956,12,1,0,0,0,1,12,157,169,14.90714714,99.04306385,126.3647216,0,3.134164546,6.235149668,0.844247115,2.589077152,1.714022221,8.09799238,36.1945413,15.42660278,0.411861751,1.242262262,0.396361532,1.741569772
Track_14343,6957,6957,10,1,0,0,0,1,10,153,163,12.022952,395.558335,132.511113,0,1.855798439,4.355430183,0.415115503,1.616756787,1.348544486,19.0256835,18.80216214,12.022952,0.639445182,1.2022952,0.647858719,1.329442821
Track_14348,6962,6962,8,1,0,0,0,1,8,152,160,12.90018473,86.84767062,143.634684,0,3.996255366,7.77196269,1.74154502,4.20351858,1.981691704,13.31703675,32.17730614,15.62919196,0.400909407,1.612523091,0.403508521,1.412398542
Track_14352,6966,6966,12,0,0,0,0,0,11,156,167,16.139273,447.7082919,136.9107431,0,2.469938073,4.275406747,0.662965225,2.700314543,1.24002267,36.93019271,27.16931881,16.139273,0.594025677,1.467206637,0.594025677,1.324707487
Track_14353,6967,6967,11,1,0,0,0,1,11,150,161,19.99075394,125.6812605,138.8204498,0,2.410546905,4.340319404,0.992033108,2.417793493,1.261048765,26.60324053,26.52326254,19.99075394,0.753706446,1.817341267,0.753912427,0.924099741
Track_14363,6977,6977,8,1,0,0,0,1,8,156,164,19.19032904,432.2723408,159.7525679,0,3.296923659,4.553570145,0.356913814,3.522553436,1.371816646,17.78536361,23.43537943,19.19032904,0.818861461,2.398791129,0.727584675,0.905254921
Track_14368,6982,6982,11,0,0,0,0,0,10,157,167,16.96489857,448.8344055,163.4722143,0,2.565640914,5.401606404,0.445633195,2.793163522,1.452875578,24.21075461,25.65640914,18.03109887,0.661234332,1.696489857,0.661234332,1.390511397
Track_14369,6983,6983,15,0,0,0,0,0,14,155,169,14.185612,215.6195826,169.5170367,0,2.343719753,4.675475467,0.423719341,2.259931682,1.197193271,30.8071703,32.81207654,14.185612,0.432328993,1.013258,0.432328993,1.469810969
Track_14373,6987,6987,18,1,0,0,0,1,18,155,173,18.1646193,405.9016752,159.7325208,0,2.49926455,4.806380525,0.427939225,2.408941788,1.212611341,22.20648652,45.76808851,18.1646193,0.39688394,1.009145517,0.40377699,1.337445611
Track_14374,6988,6988,12,0,0,0,0,0,11,155,166,19.96268133,443.6248908,164.3930682,0,2.549842122,4.282093541,0.168643577,2.825019276,1.459207447,35.62784402,28.04826334,21.28099134,0.711726109,1.814789212,0.711726109,0.905208838
Track_14382,6996,6996,12,1,0,0,0,1,12,151,163,17.77250371,289.7236259,176.1564856,0,2.657728985,4.224853705,1.022794231,3.030233115,1.043672937,16.47731809,32.6083476,17.77250371,0.545029264,1.481041976,0.557258465,1.49942533
Track_14393,7007,7007,23,0,0,0,0,0,22,155,177,24.02687951,175.9052965,181.0776109,0,1.883085886,4.712982481,0.344764194,1.759248495,1.076573913,35.20811048,41.42788949,24.02687951,0.579968707,1.092130887,0.579968707,1.463478813
Track_14407,7021,7021,18,2,0,0,0,1,19,148,167,20.17407359,127.5569413,87.02338722,0,2.446749474,5.575429658,0.432845089,2.279216842,1.461328549,19.92086916,45.09296563,20.40528105,0.447388485,1.061793347,0.433960795,1.473061892
Track_14416,7030,7030,9,2,0,0,0,1,10,147,157,20.17399894,364.7051024,117.7917756,0,2.617387842,3.880511666,1.008796064,2.825872965,0.959783027,14.555917,27.66680222,20.17399894,0.729177112,2.017399894,0.770768421,0.65622927
Track_14470,7084,7084,13,2,0,0,0,1,14,155,169,14.57887261,299.5034335,176.7829572,0,2.771782549,4.221258567,1.745585999,3.061435884,0.840652958,16.19011461,38.09648718,16.04942678,0.382682859,1.041348044,0.375696154,1.30801805
Track_14549,7163,7163,15,0,0,0,0,0,14,158,172,12.57553484,153.3023286,72.18580295,0,2.036581018,6.676286667,0.077489482,1.565354961,1.699503618,24.99936174,28.51213425,12.59125798,0.44105905,0.898252489,0.44105905,1.47269051
Track_14555,7169,7169,16,0,0,0,0,0,15,158,173,11.91321094,99.495625,111.5833294,0,1.693833294,2.950716177,0.424953718,1.751349,0.76104324,40.7346049,25.40749941,12.23450602,0.468885613,0.794214063,0.468885613,1.743211785
Track_14559,7173,7173,41,1,0,0,0,1,41,158,199,40.09098031,228.5689001,121.6566857,0,2.569061083,7.960598411,0.376401996,2.210169939,1.490448691,28.17880747,104.3338643,40.14206968,0.384256642,0.977828788,0.380617181,1.451409015
Track_14561,7175,7175,11,1,0,0,0,1,11,158,169,13.75327608,172.5422248,138.8070761,0,2.256576583,3.974726421,0.527905051,2.084448376,1.295938712,23.93751483,24.01955039,13.75327608,0.572586741,1.250297825,0.554068422,1.470750463
Track_14565,7179,7179,23,0,0,0,0,0,22,158,180,21.20620574,8.402390637,160.4593207,0,2.230828821,4.456331954,0.192706708,2.191196077,1.153051487,25.72001538,49.07823405,23.58238478,0.432089829,0.963918443,0.432089829,1.419276745
Track_14569,7183,7183,10,1,0,0,0,1,10,158,168,12.13844643,339.358475,180.4475725,0,2.392938648,4.727323796,0.447908591,1.974006482,1.466827858,9.462689829,23.48965864,12.13844643,0.516757039,1.213844643,0.50726108,1.597688801
Track_14601,7215,7215,37,1,0,0,0,1,37,160,197,41.49769902,107.8251697,30.69731524,0,2.496009802,7.227202417,0.330100379,2.214879964,1.645114271,30.07491002,92.14460888,41.76766125,0.450354063,1.121559433,0.449340957,1.616723548
Track_14602,7216,7216,10,1,0,0,0,1,10,160,170,14.2211543,63.20872372,22.50474849,0,2.593056118,5.388568597,1.173551582,2.214466936,1.241994702,17.91885347,25.18517213,14.2211543,0.564663772,1.42211543,0.548432184,1.288781862
Track_14620,7234,7234,11,0,0,0,0,0,10,160,170,16.35821347,241.6699041,125.2389423,0,2.28605892,7.169291613,0.112908636,2.374151698,2.299385129,23.1407084,22.8605892,16.35821347,0.715563948,1.635821347,0.715563948,0.946483642
Track_14621,7235,7235,9,0,0,0,0,0,8,160,168,13.69714216,36.870529,114.4657737,0,2.134025373,3.452604638,0.720814075,2.083426845,0.939134456,22.86784098,17.07220298,13.69714216,0.80230666,1.71214277,0.80230666,1.102048004
Track_14633,7247,7247,13,1,0,0,0,1,13,160,173,14.63731671,320.6844794,157.2333714,0,2.534837803,4.10413047,0.420271553,2.735257922,1.166858229,18.55374472,33.15331155,15.57371237,0.441503911,1.125947439,0.444189146,1.45505621
Track_14645,7259,7259,13,0,0,0,0,0,12,159,171,23.1522739,75.93990891,189.7242613,0,3.618155996,7.211748029,1.46156785,3.908605812,2.12838074,17.72838952,43.41787196,23.1522739,0.533242945,1.929356159,0.533242945,1.4232891
Track_14655,7269,7269,17,1,0,0,0,1,17,159,176,29.60060458,30.2211965,83.72362939,0,3.123603986,5.140019774,0.443823737,3.456037078,1.247510041,17.5314731,51.4477824,29.60060458,0.57535239,1.741212034,0.557436872,1.582646302
Track_14673,7287,7287,26,4,0,0,0,1,29,163,192,29.41422629,88.88152768,181.4398757,0,2.430063922,4.1228663,0.554327416,2.555737226,0.982373367,17.12377253,71.20167268,32.04226633,0.413111451,1.014283665,0.417389706,1.357025066
Track_14680,7294,7294,16,0,0,0,0,0,15,163,178,20.68522099,38.09804958,204.3039311,0,2.749649262,5.853697458,0.619982022,2.444201951,1.580247538,13.26055211,41.24473893,20.68522099,0.501523868,1.379014732,0.501523868,1.685571544
Track_14686,7300,7300,16,2,0,0,0,1,17,161,178,14.23254099,111.2817789,22.08183984,0,2.336013511,4.247050495,0.651889568,2.088741227,1.013246178,20.20090854,38.1263587,14.23254099,0.373299247,0.837208294,0.358391888,1.452123275
Track_14695,7309,7309,12,1,0,0,0,1,12,161,173,12.82363447,242.1709999,34.66895249,0,1.980734371,3.633627051,0.454244672,1.689819128,0.915410525,18.56843809,25.25563821,13.47498877,0.507753333,1.068636206,0.539515152,1.152189117
Track_14709,7323,7323,24,1,0,0,0,1,24,165,189,21.56185156,57.75158074,63.5975517,0,2.437813251,8.560854894,0.259857839,2.205496494,1.715489835,28.24165134,56.80900352,21.56185156,0.379549899,0.898410482,0.368531298,1.794279281
Track_14710,7324,7324,14,1,0,0,0,1,14,165,179,18.87594687,53.21693648,56.88348791,0,1.805421112,4.816834407,0.204601352,1.486139942,1.20665726,26.3418744,24.82158678,19.08010732,0.760464955,1.348281919,0.746796362,0.992216179
Track_14715,7329,7329,35,0,0,0,0,0,34,164,198,56.70606582,83.27669075,70.44076504,0,2.547721615,5.803333481,0.491278282,2.379973353,1.541820486,26.83037,86.6225349,56.70606582,0.654634107,1.667825465,0.654634107,1.050998426
Track_14718,7332,7332,14,0,0,0,0,0,13,164,177,20.3413611,123.1727124,73.75231797,0,2.552526958,6.074350918,1.054726636,2.352380392,1.271023031,17.57560744,33.18285046,20.88788246,0.61300825,1.564720085,0.61300825,1.228659482
Track_14720,7334,7334,13,0,0,0,0,0,12,161,173,13.46110744,117.8839216,76.77127705,0,2.835410859,6.379425477,0.230185434,2.877195908,1.589360736,20.77538549,34.02493031,15.4030645,0.395624835,1.121758953,0.395624835,1.847709875
Track_14721,7335,7335,11,1,0,0,0,1,11,161,172,12.57856692,31.35917385,72.86932037,0,2.683925644,5.437555736,1.100682481,3.235497584,1.467737532,23.99505529,27.93993892,14.55860093,0.45020023,1.143506083,0.426057289,1.015423147
Track_14722,7336,7336,10,0,0,0,0,0,9,163,172,17.67312621,394.4188082,69.7040254,0,3.006486294,6.499799698,0.411033939,3.220166459,1.742061025,22.40328207,27.05837665,17.67312621,0.65314806,1.96368069,0.65314806,1.026149619
Track_14727,7341,7341,34,2,0,0,0,1,35,164,199,25.72761204,379.7825895,74.22584349,0,2.032157742,5.815910352,0.329219096,1.826113805,1.214348725,34.43705696,69.61711091,25.72761204,0.369558744,0.73507463,0.361721246,1.857590656
Track_14731,7345,7345,35,0,0,0,0,0,34,165,199,40.36902199,149.376635,93.21444739,0,2.304578054,4.801371392,0.132171032,2.318255875,1.141048217,31.18152084,78.35565384,41.63482229,0.515202414,1.187324176,0.515202414,1.196305946
Track_14734,7348,7348,13,0,0,0,0,0,12,163,175,16.01188141,118.2999401,99.23938254,0,2.300099319,4.983044071,0.709121444,1.987951217,1.32823901,28.74970113,27.60119183,16.4878904,0.58011558,1.334323451,0.58011558,1.342860734
Track_14739,7353,7353,18,0,0,0,0,0,17,161,178,15.98571132,355.0350332,105.684899,0,1.914566349,4.118157357,0.168659278,1.89732847,1.127924052,28.00077415,32.54762792,17.22436009,0.491148275,0.94033596,0.491148275,1.707463249
Track_14741,7355,7355,12,0,0,0,0,0,11,163,174,16.03035337,248.5710917,108.1924082,0,2.302502671,4.609143087,0.327963646,1.862400302,1.212457116,40.97653727,25.32752938,16.03035337,0.632922111,1.457304852,0.632922111,1.573411889
Track_14743,7357,7357,16,0,0,0,0,0,15,164,179,21.11905116,339.6595948,105.7620424,0,2.836763276,7.201099468,0.45769998,2.305846546,1.781492904,21.08018515,42.55144914,21.11905116,0.496318024,1.407936744,0.496318024,1.273513093
Track_14750,7364,7364,9,0,0,0,0,0,8,161,169,15.29154346,373.752782,125.8674493,0,3.232804468,6.381313565,0.9817949,2.556250037,2.000269015,22.46812757,25.86243575,15.49718278,0.591264628,1.911442932,0.591264628,2.07327415
Track_14753,7367,7367,18,2,0,0,0,1,19,165,184,22.22840147,330.1306691,119.7807032,0,2.490893169,6.117497838,0.280522234,2.353169869,1.366043926,21.40640206,44.97887598,24.52218073,0.494196464,1.169915867,0.469677255,1.489085354
Track_14754,7368,7368,13,0,0,0,0,0,12,164,176,15.29883972,105.7669886,125.2053894,0,2.712989719,6.318840903,0.959048063,2.250648325,1.605172228,12.36208905,32.55587663,15.29883972,0.469925596,1.27490331,0.469925596,1.468220377
Track_14757,7371,7371,19,0,0,0,0,0,18,162,180,21.98167881,407.0429663,122.2527864,0,2.869314166,6.606335271,0.36045854,3.066579058,1.539424124,23.11292197,51.64765498,25.15183822,0.425608458,1.221204378,0.425608458,1.280047966
Track_14763,7377,7377,11,1,0,0,0,1,11,163,174,17.1866132,208.3106868,141.5828608,0,2.497171677,5.274222959,0.530995038,2.082793875,1.702758547,21.00476516,26.29997343,17.1866132,0.653484052,1.562419382,0.625675598,1.165468749
Track_14764,7378,7378,9,0,0,0,0,0,8,164,172,14.26759951,319.3668334,145.1270458,0,2.708875124,7.540068703,0.372644469,2.927513652,2.185541973,12.11039342,21.67100099,14.26759951,0.658372888,1.783449939,0.658372888,1.218264619
Track_14766,7380,7380,24,2,0,0,0,1,25,163,188,23.96143723,250.4309507,135.1092318,0,2.447791903,4.639921447,0.468432847,2.379478476,1.1369591,30.81767694,60.02730288,29.21319724,0.399175643,0.958457489,0.391560038,1.564967543
Track_14767,7381,7381,14,0,0,0,0,0,13,162,175,23.07268405,414.3066995,145.4554678,0,3.633043626,6.666086084,0.430166591,3.370752253,1.583116858,16.6701699,47.22956713,26.75284845,0.488522031,1.77482185,0.488522031,1.54236227
Track_14773,7387,7387,15,0,0,0,0,0,14,162,176,23.35205655,436.2108984,144.3989407,0,2.578366552,4.253940164,0.132393553,2.962236352,1.173222862,34.86807556,36.09713173,23.35205655,0.646922773,1.668004039,0.646922773,0.947022048
Track_14774,7388,7388,25,1,0,0,0,1,25,164,189,19.59419413,198.9328091,145.5008527,0,2.119094964,4.560416911,0.612313764,1.770641408,1.196337458,20.26716703,52.2571855,19.59419413,0.374956935,0.783767765,0.369859671,1.548090713
Track_14777,7391,7391,10,2,0,0,0,1,11,164,175,15.26983432,87.70918844,150.5626846,0,2.591967287,4.16280614,1.41284237,2.562254268,0.931889145,12.15920687,27.15057553,15.26983432,0.562412915,1.388166757,0.535564922,1.293105436
Track_14778,7392,7392,25,0,0,0,0,0,24,165,189,30.4778166,132.7139055,155.6943825,0,2.396139291,5.715395672,0.350162278,2.070322395,1.395910258,28.00729763,57.50734299,30.4778166,0.529981303,1.269909025,0.529981303,1.312731469
Track_14780,7394,7394,13,3,0,0,0,1,15,161,176,22.04151614,307.4721105,150.1103027,0,3.178356212,4.500812984,1.403965371,3.503203541,0.974889432,22.54212717,45.10093209,22.99527211,0.488715313,1.469434409,0.462325275,1.119300311
Track_14786,7400,7400,21,1,0,0,0,1,21,162,183,20.99300867,104.9810987,166.0497088,0,2.273728697,4.636348511,0.208750743,2.383087413,1.110430851,32.55947744,48.13588957,20.99300867,0.436119678,0.99966708,0.439659789,1.533967212
Track_14787,7401,7401,16,1,0,0,0,1,16,164,180,22.08651717,407.6942475,166.1371961,0,3.323800545,8.405766461,0.591798065,3.492123003,2.2596784,13.42178696,51.08027394,23.51009085,0.432388385,1.380407323,0.415309915,1.399196883
Track_14788,7402,7402,14,2,0,0,0,1,15,165,180,12.74244086,121.1238825,167.0922917,0,2.356165339,4.531906414,0.857579985,2.515468224,1.018058743,24.45955638,34.51165219,12.97734057,0.369221409,0.849496057,0.360541785,1.238236121
Track_14794,7408,7408,13,0,0,0,0,0,12,161,173,11.80182233,298.7234964,173.2430056,0,2.160466189,2.890901022,1.101549934,2.270891056,0.585545554,31.91049407,25.92559427,12.43613303,0.45521897,0.983485194,0.45521897,1.392161827
Track_14804,7418,7418,16,1,0,0,0,1,16,161,177,23.64401117,293.0680223,123.6213066,0,2.199562125,4.340572405,0.621962435,1.962886132,0.904185802,20.44115245,35.21757939,23.66665962,0.671369571,1.477750698,0.671838582,1.213566578
Track_14825,7439,7439,8,1,0,0,0,1,8,161,169,16.11451837,36.19966925,36.23794679,0,2.918229572,4.409538672,1.364072158,2.695529833,1.036529686,15.45343864,22.51579313,16.11451837,0.715698456,2.014314796,0.690252342,1.013424729
Track_14834,7448,7448,10,1,0,0,0,1,10,164,174,12.15340227,415.541542,154.5994731,0,2.749249612,4.736905055,1.039136338,1.999631359,1.316649803,24.191399,26.74287787,12.15340227,0.454453792,1.215340227,0.442062525,1.346380427
Track_14844,7458,7458,8,1,0,0,0,1,8,164,172,15.85579248,70.79455154,39.58428754,0,2.59296367,5.403070488,0.668604071,2.419991886,1.620840311,19.88535357,19.09786325,15.85579248,0.830239084,1.98197406,0.764366305,0.648135359
Track_14848,7462,7462,22,1,0,0,0,1,22,164,186,17.88780036,81.1226475,48.68787904,0,2.142297509,5.702365008,0.684964738,1.994473664,1.200507244,32.5944985,46.2111524,17.88780036,0.387088385,0.813081835,0.37953731,1.370014221
Track_14881,7495,7495,31,3,0,0,0,1,33,166,199,36.25383433,285.2961163,18.88911885,0,2.330793182,4.510294257,0.200236415,2.336059969,1.202988325,25.90419815,77.26432302,36.25383433,0.4692183,1.09860104,0.471342137,1.37297784
Track_14884,7498,7498,10,0,0,0,0,0,9,166,175,18.55190282,241.5788331,27.85435237,0,3.401173458,6.087198785,2.24249346,3.01634356,1.184994496,16.45591974,30.61056112,18.55190282,0.606062161,2.061322536,0.606062161,1.611661052
Track_14903,7517,7517,19,1,0,0,0,1,19,166,185,23.41117104,101.3184093,101.4516464,0,3.009150923,8.063200234,0.620667203,2.775738361,1.990465002,19.53035744,58.37812555,23.41117104,0.401026426,1.232166897,0.409473279,1.516093888
Track_14908,7522,7522,32,2,0,0,0,1,33,166,199,43.78968011,32.80758643,124.8993602,0,2.812219569,5.235186245,0.814073352,2.799251946,1.223972582,18.27940643,93.8768329,44.53600021,0.466458856,1.326960003,0.471855049,1.182987428
Track_14916,7530,7530,22,0,0,0,0,0,21,169,190,16.88294137,265.437057,23.26226567,0,1.638106964,4.400425226,0.418070949,1.525332526,0.997742559,41.92481266,34.40024624,16.88294137,0.490779666,0.803949589,0.490779666,1.38910867
Track_14921,7535,7535,8,1,0,0,0,1,8,167,175,13.4355246,193.081841,35.38552502,0,2.361473505,3.399748097,0.748422952,2.47776373,0.829120506,21.98946989,19.93006263,13.4355246,0.674133587,1.679440576,0.711183324,0.907823444
Track_14940,7554,7554,12,0,0,0,0,0,11,168,179,12.48588064,282.6504068,74.2420954,0,2.434492922,4.82538623,0.466123015,2.117026033,1.232504273,18.32908277,26.77942214,12.48588064,0.466249069,1.135080058,0.466249069,1.312235893
Track_14948,7562,7562,31,0,0,0,0,0,30,169,199,29.11693218,380.8074954,86.40307776,0,2.564084405,5.974834638,0.075307748,2.601262814,1.428334766,28.85140447,76.92253216,30.39062631,0.378522799,0.970564406,0.378522799,1.540608852
Track_14955,7569,7569,11,1,0,0,0,1,11,169,180,16.54073957,84.12404665,109.9705519,0,3.384260506,5.09693202,0.037074925,3.955214363,1.565133635,21.10734285,37.79781942,16.54073957,0.437610948,1.503703597,0.44432265,1.70922456
Track_14960,7574,7574,12,1,0,0,0,1,12,169,181,14.97463068,169.2179562,110.7683639,0,2.583606944,3.902312428,1.008724373,2.498125817,1.068148602,21.61885285,31.00790764,14.97463068,0.482929414,1.24788589,0.483001446,1.499662098
Track_14961,7575,7575,17,3,0,0,0,1,19,168,187,32.14600621,105.1499926,122.4376801,0,2.905936318,4.788169512,1.302050309,3.12539201,1.040700766,16.97145782,56.33463908,32.44066788,0.570625937,1.691895064,0.582220282,0.870292846
Track_14965,7579,7579,12,0,0,0,0,0,11,169,180,13.78457768,121.8288219,125.5982997,0,2.224211204,4.164677819,0.416430173,2.119830794,1.237707421,23.349974,24.46632325,13.78457768,0.563410266,1.253143426,0.563410266,1.728163203
Track_14968,7582,7582,13,1,0,0,0,1,13,168,181,16.60792163,211.5019085,116.6640297,0,3.052540858,5.768542958,1.596167047,3.030803834,1.378426071,17.97773468,38.22665734,16.60792163,0.434459165,1.277532433,0.418514442,1.726602645
Track_14978,7592,7592,30,1,0,0,0,1,30,169,199,24.47516913,101.026941,150.1530599,0,1.831397399,5.607267559,0.508282326,1.523409878,1.16875646,27.39062603,53.74538414,25.58120398,0.455391091,0.815838971,0.445473479,1.562635458
Track_14986,7600,7600,15,0,0,0,0,0,14,169,183,18.1081639,57.92441885,160.4314971,0,2.357089424,4.929104644,0.329501363,2.354957241,1.407585895,30.08973726,32.99925193,18.1282829,0.548744679,1.293440279,0.548744679,1.188311877
Track_14991,7605,7605,11,2,0,0,0,1,12,169,181,16.46928354,235.02585,163.2866861,0,2.543317006,4.891800594,0.349789295,2.72697172,1.504885179,23.86549698,32.28321826,16.46928354,0.510149992,1.372440295,0.539626123,1.449897739
Track_14994,7608,7608,30,2,0,0,0,1,31,168,199,31.72432901,193.4159153,172.9385651,0,2.390253168,4.221129844,0.192603396,2.396559942,0.80225689,28.49782306,72.0462815,35.81771171,0.440332636,1.023365452,0.428141029,1.163001146
Track_14998,7612,7612,8,1,0,0,0,1,8,169,177,17.58350195,214.042222,176.0360853,0,2.611200175,3.877983135,0.497274809,3.078610381,1.174205891,15.57802749,19.9754993,17.58350195,0.880253439,2.197937743,0.84173468,0.641564515
Track_15002,7616,7616,11,0,0,0,0,0,10,168,178,27.71698227,386.5844899,176.1556784,0,3.741237897,5.949093619,1.401801383,3.709343884,1.359645827,9.35937526,37.41237897,27.71698227,0.74085057,2.771698227,0.74085057,0.876811334
Track_15009,7623,7623,22,3,0,0,0,1,24,169,193,21.62573279,444.060969,191.2161146,0,2.414427845,4.620705711,0.417451173,2.489217025,1.233703654,23.31659124,57.72411156,21.62573279,0.374639509,0.9010722,0.373203201,1.576614649
Track_15021,7635,7635,8,2,0,0,0,1,9,167,176,14.99749039,262.7140426,162.711017,0,3.505052519,8.418800046,0.899861,2.857583089,2.35568729,12.52339268,30.81639857,18.15203753,0.486672391,1.666387821,0.475424494,1.026801518
Track_15042,7656,7656,9,1,0,0,0,1,9,168,177,15.79882847,113.6578913,159.9090337,0,2.375254888,4.111318166,1.042765904,2.135092007,1.240418062,17.62804413,20.70250958,15.79882847,0.763135909,1.755425386,0.739047163,1.250190147
Track_15054,7668,7668,8,2,0,0,0,1,9,172,181,11.89276443,146.4087155,102.5553561,0,1.965692599,3.312893743,0.236519552,2.143861972,0.97074521,16.04501384,17.30926149,11.89276443,0.687075208,1.32141827,0.672240548,1.134492814
Track_15061,7675,7675,12,0,0,0,0,0,11,172,183,12.84797284,217.2543305,102.75036,0,2.736384681,6.617796743,0.828025927,2.384100789,1.748634384,25.00947467,30.10023149,12.84797284,0.426839669,1.167997531,0.426839669,1.821887325
Track_15072,7686,7686,12,0,0,0,0,0,11,171,182,22.25795564,62.33640783,125.9934247,0,2.683621569,4.363126265,0.736892914,2.552914419,1.073742129,34.88566732,29.51983726,22.25795564,0.753999944,2.023450513,0.753999944,1.439141926
Track_15089,7703,7703,13,0,0,0,0,0,12,172,184,25.99935628,387.0061868,165.7894115,0,3.471522115,7.292041779,1.489852697,3.664181743,1.605055661,29.36194332,41.65826538,25.99935628,0.624110391,2.166613024,0.624110391,1.505077853
Track_15091,7705,7705,10,1,0,0,0,1,10,171,181,13.18023401,25.25700305,175.3789411,0,2.00934698,3.221975188,0.535474527,1.771501953,0.982269165,18.37081833,18.61959735,14.93398765,0.707868906,1.318023401,0.655946143,0.839473406
Track_15093,7707,7707,30,0,0,0,0,0,29,170,199,26.09079647,185.2858018,182.275416,0,1.957696557,4.707792326,0.311248666,1.740891773,1.18356066,41.15883538,56.77320015,26.09079647,0.459561843,0.899682637,0.459561843,1.614029095
Track_15095,7709,7709,25,1,0,0,0,1,25,172,197,27.12968301,403.1774016,169.1936663,0,2.342357191,4.641506142,0.497228995,2.328517413,1.158283356,22.29078259,58.59729028,27.31238377,0.462985283,1.08518732,0.463288573,1.225389861
Track_15105,7719,7719,26,0,0,0,0,0,25,172,197,18.45853507,415.4523364,188.1229255,0,1.761120414,3.846589734,0.112610744,1.54611006,0.866890152,25.63058734,44.02801035,18.45853507,0.41924527,0.738341403,0.41924527,1.478162268
Track_15108,7722,7722,11,0,0,0,0,0,10,170,180,14.56040158,407.5080654,200.6505277,0,2.313003637,4.309279862,0.285761257,2.356124342,1.364964372,28.44848889,23.13003637,14.56040158,0.629501889,1.456040158,0.629501889,1.253795374
Track_15113,7727,7727,16,0,0,0,0,0,15,172,187,24.63792271,63.30748381,19.62380205,0,2.715920942,4.398062053,0.433488389,2.933104987,1.194841363,24.48001376,40.73881414,24.63792271,0.604777611,1.642528181,0.604777611,1.22010982
Track_15123,7737,7737,15,0,0,0,0,0,14,171,185,12.60014305,65.39798633,42.22498495,0,2.143605409,4.464481533,0.869507067,2.134025853,1.040597581,30.81414769,30.01047572,12.65939782,0.419858158,0.900010218,0.419858158,1.720781011
Track_15124,7738,7738,16,0,0,0,0,0,15,172,187,25.22493466,102.2078005,54.45038562,0,2.537002208,4.146951246,0.847565439,2.550786666,0.824047432,36.06024486,38.05503312,25.22493466,0.662854098,1.681662311,0.662854098,1.091165511
Track_15147,7761,7761,9,1,0,0,0,1,9,173,182,15.00764286,87.7339519,22.0593722,0,2.289278113,5.326996418,0.717285239,1.995002367,1.481560513,11.69018703,19.6252143,15.00764286,0.764712305,1.667515873,0.728402488,0.897776944
Track_15176,7790,7790,11,2,0,0,0,1,12,173,185,12.87483018,311.7963264,141.1707049,0,2.348513856,3.765162643,0.693315832,2.906307514,1.182216364,11.6676631,30.20584584,16.08553427,0.426236373,1.072902515,0.45684317,1.710850871
Track_15181,7795,7795,15,0,0,0,0,0,14,173,187,22.04985117,410.1097323,147.8883878,0,2.525492373,5.135403608,1.67707204,2.246000846,0.973846644,42.35598895,35.35689322,22.04985117,0.623636557,1.574989369,0.623636557,1.219325886
Track_15185,7799,7799,8,2,0,0,0,1,9,173,182,14.34455899,204.0657173,173.3586344,0,2.629214204,4.184200551,0.949066838,2.651950879,1.19338454,21.0818395,23.08386934,14.55171806,0.621410509,1.593839888,0.606203894,1.282305473
Track_15242,7856,7856,22,0,0,0,0,0,21,174,195,18.00081739,300.1751289,101.5601418,0,2.08913806,5.855165658,0.53738238,1.749682012,1.367722072,33.83627514,43.87189925,18.00081739,0.410304037,0.857181781,0.410304037,1.563221911
Track_15248,7862,7862,11,1,0,0,0,1,11,174,185,12.78932487,241.7307843,126.8149815,0,2.187425946,4.215610301,0.324971706,2.637887727,1.493654384,25.79189266,25.85464583,12.78932487,0.494662544,1.162665897,0.531522404,1.755269694
Track_15249,7863,7863,10,0,0,0,0,0,9,174,183,14.3239524,15.01257531,118.0358007,0,3.121368125,5.571629618,0.815531425,3.065117493,1.351752595,9.460187244,28.09231312,14.34245206,0.509888678,1.591550267,0.509888678,1.801506985
Track_15257,7871,7871,15,2,0,0,0,1,16,174,190,14.95758846,336.1029095,148.1158728,0,2.18442091,4.480678605,0.712706603,2.075812192,1.072011796,20.81700541,33.18704029,14.95758846,0.450705707,0.934849279,0.427962063,1.132551837
Track_15259,7873,7873,9,1,0,0,0,1,9,174,183,13.06707243,390.6185976,160.5391878,0,2.13035248,3.18823599,0.609835584,2.295736844,0.891235588,20.77382257,18.82733139,13.06707243,0.694048039,1.451896937,0.681528972,1.160051414
Track_15260,7874,7874,13,1,0,0,0,1,13,174,187,18.12489413,71.59501586,177.2837597,0,2.354993332,4.221005225,0.698479372,2.509915824,1.198449525,25.31446105,31.63121726,18.12489413,0.573006533,1.394222625,0.592028269,1.282073925
Track_15274,7888,7888,17,3,0,0,0,1,19,174,193,17.28832967,149.9668183,198.3342347,0,2.428096038,4.902527764,0.95693068,2.576330246,1.284091033,17.083673,42.50571838,17.83406502,0.406729502,0.909912088,0.374743039,1.302520782
Track_15290,7904,7904,10,1,0,0,0,1,10,175,185,14.52459849,44.93924362,114.2448533,0,2.749322402,4.157339851,1.022060168,3.706345016,1.322650004,10.63867016,25.76596179,16.27253275,0.563712646,1.452459849,0.52829739,1.407565914
Track_15291,7905,7905,22,1,0,0,0,1,22,175,197,34.50568657,69.49945832,103.9176879,0,2.380774983,3.957150998,0.31619674,2.664924632,1.114549103,33.94128277,53.09961968,34.50568657,0.64982926,1.568440299,0.65879401,0.931947196
Track_15297,7911,7911,13,1,0,0,0,1,13,175,188,17.45062185,396.8880382,130.729619,0,2.302965421,4.636650803,0.556849077,2.44060477,1.075306152,29.08578007,29.07120071,17.45062185,0.600271795,1.342355527,0.582881321,1.194856381
Track_15298,7912,7912,20,0,0,0,0,0,19,175,194,23.76523956,397.331379,125.0660938,0,2.496520617,8.147489935,0.766452044,1.804601505,1.985582611,22.92154796,47.43389172,23.76523956,0.501018126,1.250802082,0.501018126,1.748847476
Track_15306,7920,7920,24,1,0,0,0,1,24,175,199,25.08199817,130.9432505,175.8472265,0,2.853397512,8.262532528,0.702987973,2.498072375,2.035222219,25.00966026,66.33113075,25.25932916,0.378133131,1.045083257,0.366259259,1.506595399
Track_15307,7921,7921,15,1,0,0,0,1,15,175,190,24.52011918,413.8847491,171.7290313,0,2.603194919,6.835040627,0.417677,2.558321875,2.037066082,10.75704066,39.56464112,25.70300361,0.619748303,1.634674612,0.627949371,1.488204972
Track_15308,7922,7922,13,2,0,0,0,1,14,175,189,16.86146655,359.3676991,184.6660179,0,2.33805145,3.739582328,1.262468346,2.055368781,1.001143076,24.3662525,34.15135558,16.86146655,0.493727592,1.204390468,0.515125733,1.387557539
Track_15320,7934,7934,9,0,0,0,0,0,8,176,184,17.46781778,107.7456289,92.50442236,0,3.223939414,4.905226715,1.762633818,3.418064159,1.008558023,16.4008761,25.79151531,19.16190299,0.67726993,2.183477223,0.67726993,0.7214504
Track_15321,7935,7935,18,0,0,0,0,0,17,176,193,36.86576624,134.9397273,100.426954,0,3.4420613,7.214780342,0.97533349,3.645104236,1.877509266,13.97579262,58.5150421,36.86576624,0.630022041,2.168574485,0.630022041,1.21520316
Track_15334,7948,7948,18,3,0,0,0,1,20,176,196,32.30576357,278.611622,165.3396898,0,2.360044167,4.517916082,1.067628117,2.026116784,1.128558339,29.15208207,47.72943683,32.30576357,0.676851975,1.615288178,0.684431335,0.986771729
Track_15338,7952,7952,14,1,0,0,0,1,14,176,190,11.7476149,138.6095745,186.3856812,0,2.119685068,4.479739072,0.524389116,1.942758345,1.099756719,22.37982849,28.080295,11.7476149,0.418357959,0.83911535,0.395867935,1.638871713
Track_15340,7954,7954,23,1,0,0,0,1,23,176,199,23.19206564,367.3171193,188.3289746,0,2.691708387,5.261957458,0.329186555,2.860243069,1.422676668,14.96532334,59.92133315,30.39908961,0.387041883,1.00835068,0.374613641,1.238413517
Track_15343,7957,7957,12,1,0,0,0,1,12,176,188,12.25001328,301.819735,200.346443,0,2.157942883,4.428927154,0.33404168,2.179403895,1.138159915,16.56187455,25.67226839,12.32891921,0.477169103,1.02083444,0.473059064,1.145134508
Track_15361,7975,7975,13,1,0,0,0,1,13,177,190,14.38804556,43.22351801,165.4885214,0,2.163121937,5.128281019,0.35894818,2.034351366,1.500808238,20.60823741,26.64671912,14.99257809,0.539955613,1.106772735,0.511655269,1.13437255
Track_15366,7980,7980,14,0,0,0,0,0,13,178,191,13.70665573,75.38087653,167.1141605,0,2.506538378,8.423398502,0.985092181,2.214502884,1.939585497,32.11464092,32.58499891,13.78900405,0.420643124,1.054358133,0.420643124,1.699310565
Track_15368,7982,7982,12,0,0,0,0,0,11,177,188,19.55060602,102.7828915,168.4540907,0,2.847468606,5.94027636,0.913813288,2.751029869,1.412794035,16.64936749,31.32215466,19.55060602,0.624178197,1.77732782,0.624178197,1.28697189
Track_15383,7997,7997,11,1,0,0,0,1,11,178,189,14.15885055,118.2427376,21.61669651,0,3.015470717,6.876322743,0.300734473,2.969045414,1.847390226,10.78466918,33.12375258,14.15885055,0.427453095,1.287168232,0.426854827,1.985817988
Track_15391,8005,8005,16,1,0,0,0,1,16,178,194,19.95926522,222.9970345,40.66647802,0,2.09728603,4.136555689,0.757649808,1.952477741,1.028738734,12.90605012,32.21694026,19.95926522,0.619527027,1.247454076,0.594794443,1.192847862
Track_15395,8009,8009,10,0,0,0,0,0,9,177,186,13.28886273,169.5759691,38.47681436,0,3.259747144,7.182880555,0.893856257,2.874546281,1.967734927,11.91311626,29.33772429,13.28886273,0.452961607,1.476540303,0.452961607,1.530476197
Track_15407,8021,8021,12,1,0,0,0,1,12,177,189,11.81976735,13.11809227,98.96578483,0,2.567440032,4.925574538,0.356229469,2.872653561,1.622008096,19.20113476,29.88011825,12.11942598,0.395572978,0.984980612,0.383643084,1.800032339
Track_15409,8023,8023,21,2,0,0,0,1,22,177,199,26.35073983,94.67859419,113.5779597,0,2.371855061,4.044440309,0.530732397,2.490362956,1.00499267,20.78638967,52.89296166,26.35073983,0.49818991,1.197760901,0.504989078,1.571345541
Track_15411,8025,8025,21,0,0,0,0,0,20,177,197,25.26073897,339.195542,116.6199851,0,1.989565121,4.354518439,0.33462502,1.835364414,1.283364196,28.35351526,39.79130241,25.26073897,0.634830665,1.263036948,0.634830665,1.348306284
Track_15413,8027,8027,19,2,0,0,0,1,20,177,197,27.32313513,156.2153853,122.5289615,0,2.590201815,4.58986754,0.675031007,2.449185554,1.219655276,24.30795291,49.59865402,27.32313513,0.550884609,1.366156757,0.527432553,1.169370995
Track_15420,8034,8034,20,1,0,0,0,1,20,177,197,20.94857404,281.1771971,127.4213954,0,2.746428289,8.172946507,0.931838357,2.269300747,1.824559885,19.34095285,53.11397585,21.94393761,0.394407945,1.047428702,0.3813785,1.440258193
Track_15421,8035,8035,22,0,0,0,0,0,21,178,199,21.43351486,159.2321678,137.2651476,0,2.367537935,4.331839111,0.443523126,2.378372007,1.197216996,31.83576801,49.71829663,21.77760999,0.431099139,1.020643565,0.431099139,1.442815158
Track_15424,8038,8038,11,0,0,0,0,0,10,178,188,12.72425735,342.4584754,139.0109682,0,1.938913426,3.495227307,0.50870793,2.078340989,0.825923181,39.48130833,19.38913426,12.72425735,0.656257117,1.272425735,0.656257117,1.530107997
Track_15432,8046,8046,11,0,0,0,0,0,10,179,189,19.11021764,345.6886803,191.7803581,0,3.327214685,5.889923562,0.529909471,3.383629587,1.524190377,18.47212921,33.27214685,19.11021764,0.574360823,1.911021764,0.574360823,1.5066591
Track_15443,8057,8057,18,3,0,0,0,1,20,179,199,25.30699076,88.59303464,58.12492795,0,2.332064329,7.936543492,0.227658844,1.972316522,1.831441407,15.2950658,45.18843219,25.30699076,0.560032502,1.265349538,0.54258775,1.511530689
Track_15453,8067,8067,9,0,0,0,0,0,8,177,185,21.11358727,60.23354159,121.5896578,0,3.81126094,7.208678904,1.000331265,3.96016092,1.909368023,18.92816236,30.49008752,21.11358727,0.692473817,2.639198409,0.692473817,1.329134708
Track_15455,8069,8069,10,1,0,0,0,1,10,179,189,13.66073503,450.717792,126.2209317,0,2.466865057,5.071252079,0.586535174,2.792165846,1.433168947,31.0325613,23.10061725,13.66073503,0.59135801,1.366073503,0.553769044,1.457649026
Track_15465,8079,8079,16,0,0,0,0,0,15,179,194,17.67093132,294.1204426,167.1877287,0,2.761938676,4.862048222,0.929757017,2.542130224,1.121309048,26.3922047,41.42908015,18.36641105,0.426534484,1.178062088,0.426534484,1.352795786
Track_15492,8106,8106,19,1,0,0,0,1,19,180,199,27.18212499,183.5010712,34.08651676,0,2.089968027,6.686395899,0.228404282,2.21450258,1.54965585,27.63901545,41.59424259,27.57910333,0.653506911,1.430638157,0.684526337,1.340707487
Track_15516,8130,8130,20,0,0,0,0,0,19,180,199,27.6977246,275.1404261,117.3343669,0,2.395298692,5.878834446,0.492964424,1.835516507,1.591609957,26.43557434,45.51067514,29.52279347,0.608598412,1.457774979,0.608598412,1.247037567
Track_15518,8132,8132,9,0,0,0,0,0,8,181,189,13.42456725,195.0701363,118.606164,0,2.159352497,5.883307903,0.233808377,1.688374117,1.710492605,20.28393629,17.27481998,13.42456725,0.777117635,1.678070906,0.777117635,0.748083305
Track_15522,8136,8136,18,0,0,0,0,0,17,181,198,17.19249084,342.4296972,125.2186135,0,2.315900104,4.600907496,0.868926334,2.491926775,1.064289633,34.10476902,39.37030177,19.82783091,0.436686794,1.011322991,0.436686794,0.984713005
Track_15532,8146,8146,12,0,0,0,0,0,11,180,191,17.79259967,381.6208618,148.3346767,0,2.598597413,4.292365493,0.986435102,2.86515285,1.170389558,21.36791627,28.58457155,17.79259967,0.622454657,1.617509061,0.622454657,1.322362384
Track_15535,8149,8149,16,2,0,0,0,1,17,181,198,16.62116665,283.7844071,154.5453175,0,2.298882619,4.421192358,0.516393168,2.094629039,1.147558482,19.11349493,38.5538799,19.01919202,0.431115278,0.977715685,0.425300395,1.082655077
Track_15540,8154,8154,19,1,0,0,0,1,19,180,199,24.47228975,17.62661669,164.8434792,0,2.505011935,3.938317135,0.459864719,2.454205137,0.909677836,19.49157092,47.02357809,24.47228975,0.520425938,1.28801525,0.514175295,1.036727915
Track_15555,8169,8169,18,1,0,0,0,1,18,181,199,21.33643614,74.5099723,203.0838619,0,2.536675806,8.435650918,0.174516351,2.495989218,1.875329552,19.38960258,45.9762405,21.33643614,0.464075268,1.185357563,0.467287763,1.732604862
Track_15558,8172,8172,19,1,0,0,0,1,19,180,199,20.65539779,126.5559132,38.18500858,0,2.235889238,5.825996661,0.443573157,2.146770218,1.310112733,24.61745548,43.17398869,20.65539779,0.478422273,1.0871262,0.486216482,1.284213451
Track_15564,8178,8178,10,1,0,0,0,1,10,180,190,13.3437819,278.557127,145.2993308,0,2.901767759,4.89166237,1.591235188,2.678043835,1.017429428,32.44483972,29.55469701,13.3437819,0.451494458,1.33437819,0.459850099,1.690839824
Track_15571,8185,8185,15,1,0,0,0,1,15,182,197,12.25979292,37.12919902,55.70099979,0,2.177725157,4.69718159,0.43979677,1.945467345,1.110377382,21.27598244,31.76937417,12.31511275,0.38589973,0.817319528,0.375308852,1.409408905
Track_15572,8186,8186,18,0,0,0,0,0,17,182,199,19.9274773,247.1101055,42.08627801,0,1.764920141,3.205505545,0.489503627,1.967909968,0.811785193,28.56172699,30.00364239,19.9274773,0.664168604,1.172204547,0.664168604,0.95642068
Track_15575,8189,8189,12,0,0,0,0,0,11,182,193,13.45436239,27.32118759,57.43228008,0,2.509823544,5.645404882,0.91397419,1.992185601,1.432280266,23.85018639,27.60805899,14.93748602,0.4873346,1.223123854,0.4873346,1.693292374
Track_15578,8192,8192,10,0,0,0,0,0,9,182,191,12.02365061,290.8379771,67.67889724,0,2.538421843,5.337514378,0.768065056,2.401792938,1.402714512,11.53102112,22.84579659,12.07951217,0.526295967,1.335961179,0.526295967,1.495318828
Track_15583,8197,8197,8,1,0,0,0,1,8,182,190,12.46848046,288.6723719,129.7794568,0,2.634894296,4.461602919,1.122968582,2.816412026,1.194893471,27.28915733,21.97706051,12.46848046,0.56734068,1.558560057,0.591507621,1.24612593
Track_15591,8205,8205,14,0,0,0,0,0,13,182,195,18.82215626,424.3277533,162.6152108,0,3.297317154,7.745659926,0.08315112,2.786102181,1.986287941,22.50566176,42.865123,25.81449282,0.439101884,1.447858174,0.439101884,1.271963297
Track_15593,8207,8207,9,1,0,0,0,1,9,182,191,15.16187785,438.8481172,171.7891148,0,2.805864891,4.655555324,0.992078935,3.419595514,1.254763371,10.37374581,26.08934725,15.16187785,0.581152058,1.684653095,0.600404211,1.151328523
Track_15602,8216,8216,15,0,0,0,0,0,14,185,199,11.82154609,295.5261738,34.88407189,0,2.297066258,4.332391965,0.79734417,2.357380216,1.16525714,40.14554164,32.15892762,13.93404669,0.367597646,0.844396149,0.367597646,1.650264885
Track_15603,8217,8217,16,0,0,0,0,0,15,184,199,12.97224489,91.33785967,35.73046424,0,1.829422893,3.744646889,0.359846972,1.626840872,1.013915573,36.05014861,27.44134339,12.97224489,0.472726306,0.864816326,0.472726306,1.593379604
Track_15604,8218,8218,12,1,0,0,0,1,12,183,195,22.05218314,273.5419879,54.51022487,0,2.560760074,6.252124108,0.266288111,2.520724243,1.677549054,16.71034996,32.33238837,22.05218314,0.682046216,1.837681928,0.717631436,1.211958435
Track_15619,8233,8233,9,0,0,0,0,0,8,184,192,12.7474566,276.2101729,90.64155406,0,2.18364864,3.684012744,0.338252446,2.22543575,1.280351642,23.07386833,17.46918912,12.7474566,0.729710836,1.593432075,0.729710836,0.911499632
Track_15623,8237,8237,15,0,0,0,0,0,14,185,199,13.13494252,247.5611776,98.0743095,0,1.834691175,3.690822229,0.552417612,1.616016688,1.02225272,30.08624922,25.68567645,14.32259271,0.511372264,0.93821018,0.511372264,1.473363944
Track_15626,8240,8240,13,2,0,0,0,1,14,185,199,23.69126648,223.6056874,98.19087554,0,2.438478213,5.112277331,0.998606978,1.903326666,1.239872634,25.21814574,32.75892,24.3870699,0.723200474,1.69223332,0.693971064,1.028998148
Track_15630,8244,8244,17,0,0,0,0,0,16,183,199,22.53157556,80.88079495,116.7765925,0,2.413586129,4.186772757,0.805997645,2.425461502,0.926351833,40.62059386,38.61737806,22.53157556,0.583456897,1.408223473,0.583456897,1.085724593
Track_15632,8246,8246,8,1,0,0,0,1,8,185,193,18.01035119,302.997475,118.7672771,0,3.239747204,5.064109277,1.505973802,3.005581409,1.264258425,7.523673177,24.18420423,18.01035119,0.744715477,2.251293898,0.694898014,0.765875199
Track_15633,8247,8247,10,0,0,0,0,0,9,185,194,18.70895273,285.0978995,111.6049497,0,3.907153367,6.667950855,0.85088592,4.353074282,1.635608374,11.75233264,35.1643803,18.70895273,0.532042725,2.078772526,0.532042725,1.146411604
Track_15634,8248,8248,12,0,0,0,0,0,11,185,196,14.79023579,259.4881066,119.2623526,0,2.438016645,4.459154681,0.446235808,2.379298523,1.463305101,23.73540187,26.81818309,14.79023579,0.551500291,1.34456689,0.551500291,1.549767353
Track_15637,8251,8251,10,0,0,0,0,0,9,183,192,13.05472114,121.8427679,117.6021385,0,1.972098993,5.002209278,0.333346455,1.729025954,1.377082597,36.38513861,17.74889094,13.05472114,0.735523205,1.450524571,0.735523205,1.063481582
Track_15641,8255,8255,16,0,0,0,0,0,15,184,199,26.74202378,242.8612273,124.2916344,0,2.4703263,8.044954578,0.253033103,2.383085225,1.847860668,31.24421206,37.0548945,26.74202378,0.72168668,1.782801585,0.72168668,1.375970978
Track_15643,8257,8257,9,0,0,0,0,0,8,183,191,14.93916773,400.0282689,132.4576546,0,2.709434418,5.572600721,1.038414838,2.502418461,1.465840339,40.64802551,21.67547534,14.93916773,0.689219844,1.867395966,0.689219844,1.414769723
Track_15654,8268,8268,14,1,0,0,0,1,14,185,199,20.37108009,173.2132499,161.3003334,0,2.697063245,4.372772923,1.301646621,2.504409065,1.024286813,29.70370919,38.98876792,21.95955733,0.522485864,1.455077149,0.539504274,1.618861982
Track_15657,8271,8271,15,0,0,0,0,0,14,183,197,15.65838233,121.9781392,169.6776023,0,2.569497311,5.958441231,0.266032857,2.376855971,1.561036004,24.024075,35.97296235,15.65838233,0.435281981,1.118455881,0.435281981,1.489831362
Track_15659,8273,8273,14,1,0,0,0,1,14,185,199,24.1881479,142.5592389,168.7354534,0,2.559000017,7.948990164,0.546033739,2.173931627,2.019349485,20.19929096,37.19617298,24.85637073,0.650285929,1.72772485,0.675156248,1.316074276
Track_15661,8275,8275,12,0,0,0,0,0,11,183,194,18.76847179,48.01646364,168.4861883,0,2.72227365,5.260779077,0.571774876,2.566193191,1.38591717,33.32136742,29.94501015,19.07080753,0.626764582,1.706224708,0.626764582,1.297905062
Track_15664,8278,8278,16,0,0,0,0,0,15,184,199,29.28025474,416.6070568,171.5028848,0,2.592216284,5.022824272,0.976674118,2.349859154,1.151537361,27.40403125,38.88324425,29.28025474,0.753030137,1.952016983,0.753030137,0.841718011
Track_15686,8300,8300,12,0,0,0,0,0,11,185,196,12.46984698,209.1587438,23.13422906,0,1.647265061,3.632467597,0.137458273,1.800116487,1.031684433,27.46255398,18.11991567,12.5674997,0.688184603,1.133622452,0.688184603,0.813152234
Track_15687,8301,8301,11,1,0,0,0,1,11,185,196,14.88577041,228.7531437,22.78342609,0,2.563321625,4.13574755,0.535934952,2.754680619,1.159036466,14.92166957,26.57662616,14.88577041,0.560107604,1.353251855,0.527929013,1.30310094
Track_15692,8306,8306,15,0,0,0,0,0,14,185,199,16.48775448,134.0491677,27.92628445,0,2.246914574,5.484287411,0.316165219,2.09168627,1.55704331,33.93246673,31.45680403,16.48775448,0.52413953,1.177696748,0.52413953,1.659632859
Track_15696,8310,8310,15,2,0,0,0,1,16,183,199,17.74490086,16.41822917,129.6270591,0,2.754875781,4.698083029,1.48810944,2.448836036,1.04825795,21.50022437,44.50837435,18.5495677,0.398686789,1.109056304,0.402579423,1.534143194
Track_15699,8313,8313,14,3,0,0,0,1,16,183,199,22.17595415,443.4932947,179.5688992,0,2.29128943,4.620554135,0.578190596,2.374428894,1.097387327,9.459596975,37.92607307,22.70928601,0.584715272,1.385997134,0.604898323,1.697510559
Track_15711,8325,8325,12,1,0,0,0,1,12,187,199,14.11146853,394.7548561,131.0952591,0,2.644586741,6.978168397,1.191971658,2.348750514,1.611961814,25.70375049,31.94189789,14.11146853,0.441785537,1.175955711,0.444665207,1.55773112
Track_15716,8330,8330,14,0,0,0,0,0,13,186,199,17.8025794,389.4923424,138.0272093,0,2.349592857,5.704163564,0.793668363,2.244718694,1.387628917,36.49038996,30.54470714,18.56646239,0.582836801,1.369429184,0.582836801,0.973090228
Track_15720,8334,8334,13,1,0,0,0,1,13,186,199,26.99246465,242.0854102,146.5029586,0,2.80759386,7.509571445,0.999685502,2.318027407,1.785314401,14.34321924,37.75526919,28.89728978,0.714932385,2.076343435,0.739545511,1.463218283
Track_15728,8342,8342,9,0,0,0,0,0,8,187,195,13.16411077,10.50899804,178.2152782,0,2.872426946,5.620188867,1.377455558,2.985874814,1.390606942,20.52906089,22.97941557,14.28453462,0.572865342,1.645513846,0.572865342,1.276028883
Track_15736,8350,8350,13,0,0,0,0,0,12,187,199,13.94828946,169.4829824,195.9614501,0,2.620179294,5.050003987,1.48049481,2.145665499,1.289272572,17.32090238,31.44215153,14.28136417,0.443617526,1.162357455,0.443617526,1.751554365
Track_15739,8353,8353,10,0,0,0,0,0,9,187,196,12.55802927,332.8773659,193.0282484,0,3.345997886,8.260400385,1.092267306,2.346948996,2.23390211,15.97314105,30.11398097,14.52903548,0.417016577,1.395336585,0.417016577,0.95049968
Track_15750,8364,8364,13,1,0,0,0,1,13,186,199,16.89949954,43.36510755,37.41455393,0,2.318711638,4.455044461,0.552722141,2.509467499,1.26972338,15.68835244,29.31057165,17.35124628,0.576566699,1.299961503,0.560639573,1.436028005
Track_15760,8374,8374,10,1,0,0,0,1,10,186,196,24.27144018,327.6040518,54.56612787,0,2.983278518,4.440208618,1.542555503,3.222720319,1.016873811,10.4442997,28.98599734,24.27144018,0.837350528,2.427144018,0.813582776,0.752360944
Track_15763,8377,8377,13,0,0,0,0,0,12,187,199,15.9737376,279.6441125,71.04421432,0,2.929271685,5.416212641,0.217788418,2.813836498,1.530384558,21.48001359,35.15126022,15.9737376,0.454428589,1.3311448,0.454428589,1.230859961
Track_15766,8380,8380,13,1,0,0,0,1,13,186,199,19.29858358,205.0452021,58.53147649,0,2.755250912,4.770566938,0.731433329,3.472132955,1.276081108,25.78838033,36.57866641,23.30960684,0.527591229,1.484506429,0.538791739,1.178565938
Track_15767,8381,8381,8,2,0,0,0,1,9,187,196,12.76009172,263.4884286,81.76806843,0,2.321733727,3.635182195,0.798248567,1.997328401,1.195248875,24.96873677,21.50066338,12.76009172,0.593474327,1.417787969,0.610659161,0.937641639
Track_15772,8386,8386,13,0,0,0,0,0,12,187,199,21.63410825,48.04964465,75.80404959,0,2.071645679,4.876267583,0.552929545,1.573681497,1.711180723,35.61785889,24.85974814,21.63410825,0.870246477,1.802842354,0.870246477,0.723076012
Track_15774,8388,8388,14,0,0,0,0,0,13,186,199,14.08295588,329.8976932,96.11991171,0,2.047595263,3.870237946,0.707571762,2.054236649,0.901791726,25.75782466,26.61873842,14.08295588,0.529061733,1.083304299,0.529061733,1.455004703
Track_15775,8389,8389,11,2,0,0,0,1,12,187,199,12.82962163,182.5989472,86.28492252,0,2.799796384,4.529737535,0.278028032,3.227973839,1.402953095,10.06791839,32.16135004,13.03809738,0.398914275,1.069135136,0.381861746,1.071560879
Track_15798,8412,8412,8,1,0,0,0,1,8,191,199,18.18208927,142.4819133,163.3569717,0,2.435366873,4.601775719,0.928236654,2.60843843,1.335174681,10.03633755,19.65600654,18.18208927,0.925014409,2.272761159,0.933231532,0.462055551
Track_15799,8413,8413,12,0,0,0,0,0,11,188,199,13.60182009,371.8928418,164.7574057,0,2.923597875,4.672156789,1.083529237,2.885669068,1.087573649,25.71489374,32.15957663,17.2663935,0.422947735,1.236529099,0.422947735,1.324258649
Track_15811,8425,8425,10,0,0,0,0,0,9,190,199,13.3187938,42.89578266,182.6053694,0,3.063376906,5.086705158,0.715615541,3.142252509,1.470464014,23.05504818,27.57039215,13.3187938,0.48308322,1.479865978,0.48308322,1.442513839
Track_15833,8447,8447,9,0,0,0,0,0,8,191,199,13.82743274,194.3629445,34.32595841,0,2.415527296,7.92665356,0.637532603,1.845557999,2.347229446,17.58601952,19.32421837,13.82743274,0.715549394,1.728429092,0.715549394,1.613232669
Track_15839,8453,8453,12,0,0,0,0,0,11,188,199,12.17022272,240.4412882,54.42425826,0,1.998569085,4.170023515,0.75896927,1.582981322,1.086822934,28.23490008,21.98425993,13.20361697,0.553588011,1.106383884,0.553588011,1.500882677
Track_15843,8457,8457,10,1,0,0,0,1,10,188,198,13.32926432,281.9172465,62.05836223,0,1.988014454,4.078606556,0.267468416,2.051637132,1.030790229,32.42368479,19.98157678,13.32926432,0.667077702,1.332926432,0.670481258,1.688586739
Track_15846,8460,8460,9,1,0,0,0,1,9,190,199,12.15046013,299.9724681,69.9581373,0,2.479406618,4.389398927,0.723473645,2.665519238,1.18714784,11.21479252,22.78753209,12.15046013,0.533206496,1.350051126,0.544505736,1.520878675
Track_15852,8466,8466,9,0,0,0,0,0,8,191,199,12.27555711,129.229213,80.16160701,0,3.075405689,4.778097696,1.462162517,2.668318255,1.162893161,26.77179877,24.60324551,12.27555711,0.498940561,1.534444638,0.498940561,1.247114533
Track_15856,8470,8470,10,0,0,0,0,0,9,190,199,18.89914151,320.5267043,88.02257972,0,2.833370088,5.95974446,0.202047563,2.22976149,2.074004399,31.24677076,25.50033079,18.89914151,0.74113319,2.099904612,0.74113319,0.771599197
Track_15857,8471,8471,10,0,0,0,0,0,9,190,199,13.11685855,281.7517636,95.72549795,0,2.800139168,5.293361032,1.193652222,1.834131837,1.753823667,8.012794161,25.20125251,13.11685855,0.52048439,1.457428728,0.52048439,1.092565208
Track_15862,8476,8476,8,1,0,0,0,1,8,189,197,12.77947728,74.82323451,100.173647,0,2.778077331,4.614393126,0.345013199,3.161685007,1.473979498,10.94980764,19.79155451,12.77947728,0.645703564,1.59743466,0.575014469,1.147028109
Track_15865,8479,8479,12,0,0,0,0,0,11,188,199,16.12872754,57.27754913,108.2135808,0,2.524063573,3.966304514,0.400109891,2.46049227,0.986083356,39.8037231,27.7646993,16.12872754,0.580907697,1.466247958,0.580907697,1.335330642
Track_15889,8503,8503,8,1,0,0,0,1,8,191,199,14.25216496,372.3820288,140.2192762,0,2.294734809,3.612666641,0.78166736,3.167321438,1.285674929,22.5543502,19.33574299,15.53843938,0.737089077,1.78152062,0.776351417,1.532212095
Track_15892,8506,8506,9,0,0,0,0,0,8,191,199,12.06192625,409.2813743,155.9037596,0,3.279731357,5.27624823,1.411731646,3.74276723,1.409174767,28.29254595,26.23785085,14.32002316,0.45971472,1.507740781,0.45971472,1.277873114
Track_15895,8509,8509,9,0,0,0,0,0,8,191,199,15.53688814,356.4997137,155.215605,0,3.163521655,4.789242635,1.458903003,3.500451037,1.133168031,21.66095289,25.30817324,16.86734222,0.613907926,1.942111017,0.613907926,1.596587996
Track_15896,8510,8510,10,0,0,0,0,0,9,190,199,17.78374277,81.61754162,153.1052947,0,2.700172017,4.92354193,1.8919331,2.382657456,0.918044178,29.06832495,24.30154816,17.78374277,0.731794644,1.975971419,0.731794644,1.044503443
Track_15897,8511,8511,10,1,0,0,0,1,10,189,199,18.17943533,75.08651336,155.9515185,0,2.539799673,4.32430871,0.399442645,3.102618766,1.34592751,32.55594654,24.05968264,18.17943533,0.75559747,1.817943533,0.715782253,0.658675995
Track_15898,8512,8512,8,1,0,0,0,1,8,190,198,18.81819747,289.8035851,150.8233471,0,2.722222689,3.67266512,1.524804212,3.012052417,0.800539979,17.12827986,22.06761124,18.81819747,0.852751903,2.352274684,0.864100756,0.704702403
Track_15899,8513,8513,11,1,0,0,0,1,11,188,199,19.49205473,140.9429696,186.2218458,0,2.692106148,5.846847039,0.879902529,2.812665905,1.624340551,17.79046778,28.0064077,19.49205473,0.695985538,1.772004975,0.658222551,1.007439903
Track_15921,8535,8535,9,0,0,0,0,0,8,190,198,11.85735328,99.7303169,200.3995624,0,2.256961361,6.486389027,0.683667868,1.654035712,1.901602138,17.08259731,18.05569089,11.85735328,0.656710029,1.48216916,0.656710029,1.813829435
Track_15969,8583,8583,10,1,0,0,0,1,10,189,199,16.41455599,347.7129145,122.2277703,0,2.388029544,3.78337902,0.785777777,2.505286412,1.110213005,31.25844698,24.15111215,16.41455599,0.67966046,1.641455599,0.687368213,1.096499933
