LABEL,TRACK_INDEX,TRACK_ID,NUMBER_SPOTS,NUMBER_GAPS,NUMBER_SPLITS,NUMBER_MERGES,NUMBER_COMPLEX,LONGEST_GAP,TRACK_DURATION,TRACK_START,TRACK_STOP,TRACK_DISPLACEMENT,TRACK_X_LOCATION,TRACK_Y_LOCATION,TRACK_Z_LOCATION,TRACK_MEAN_SPEED,TRACK_MAX_SPEED,TRACK_MIN_SPEED,TRACK_MEDIAN_SPEED,TRACK_STD_SPEED,TRACK_MEAN_QUALITY,TOTAL_DISTANCE_TRAVELED,MAX_DISTANCE_TRAVELED,CONFINEMENT_RATIO,MEAN_STRAIGHT_LINE_SPEED,LINEARITY_OF_FORWARD_PROGRESSION,MEAN_DIRECTIONAL_CHANGE_RATE
Label,Track index,Track ID,Number of spots in track,Number of gaps,Number of split events,Number of merge events,Number of complex points,Longest gap,Track duration,Track start,Track stop,Track displacement,Track mean X,Track mean Y,Track mean Z,Track mean speed,Track max speed,Track min speed,Track median speed,Track std speed,Track mean quality,Total distance traveled,Max distance traveled,Confinement ratio,Mean straight line speed,Linearity of forward progression,Mean directional change rate
Label,Index,ID,N spots,N gaps,N splits,N merges,N complex,Lgst gap,Duration,Track start,Track stop,Track disp.,Track X,Track Y,Track Z,Mean sp.,Max speed,Min speed,Med. speed,Std speed,Mean Q,Total dist.,Max dist.,Cfn. ratio,Mn. v. line,Fwd. progr.,Mn. ¦Ã rate
,,,,,,,,,(frame),(frame),(frame),(?m),(?m),(?m),(?m),(?m/frame),(?m/frame),(?m/frame),(?m/frame),(?m/frame),(quality),(?m),(?m),,(?m/frame),,(rad/frame)
Track_5377,1,1,22,1,0,0,0,1,22.0,0.0,22.0,41.95184604192609,279.48876523087125,175.5946928395426,0.0,2.281956375897937,5.3565507241410275,0.19555180049969367,2.2959833572590433,1.120445877750616,17.70764502612027,50.217067251115715,41.95184604192609,0.8354101172842587,1.9069020928148221,0.8356435350629641,0.9133710050186117
Track_5379,3,3,36,1,0,0,0,1,36.0,0.0,36.0,47.36862872457417,108.30396025430393,175.89290675939742,0.0,2.244266845543663,6.059410927328515,0.40525649686588444,2.2163411754410487,1.3822490398698246,26.43546752134959,79.11388999220529,49.618133782444566,0.598739724835186,1.3157952423492825,0.5862917972352513,1.3860366283959566
Track_5388,12,12,36,0,0,0,0,0,35.0,3.0,38.0,35.918092846623765,401.85056819153135,187.00971847466175,0.0,2.1205946403143017,5.257075005514056,0.2235380045649761,2.208410304328043,1.2279849452759646,23.34642309612698,74.22081241100058,35.918092846623765,0.48393559272466535,1.0262312241892504,0.48393559272466546,1.2857303119918757
Track_5393,17,17,58,0,0,0,0,0,57.0,0.0,57.0,65.54239362230304,53.074354359825286,189.9944936679247,0.0,1.9663860188694748,5.151369511402621,0.30796626106561675,1.8467439071577663,1.054003200281696,27.97853501089688,112.08400307556005,65.54239362230304,0.584761355981535,1.1498665547772462,0.5847613559815349,1.2296969888123943
Track_5397,21,21,48,1,0,0,0,1,48.0,0.0,48.0,50.20856625091086,365.660240742285,200.9084431871236,0.0,2.1517533660801837,5.399554397943003,0.0,2.035326329020273,1.303033610012368,18.716286569833755,105.7823653469556,50.20856625091086,0.47464023030901015,1.0460117968939764,0.4861206741363115,1.2679025951231802
Track_5408,32,32,49,3,0,0,0,1,51.0,0.0,51.0,52.645750883168745,311.7887437251444,188.23836756843488,0.0,2.0337498553607167,5.227720504690336,0.6869645086512014,1.7281337818969353,0.9394954845443918,18.928437281628046,101.6879574521318,55.661744324926794,0.5177186384921834,1.0322696251601715,0.5075696120834303,1.2737647002516501
Track_5409,33,33,59,1,0,0,0,1,59.0,2.0,61.0,80.63314486972408,289.0850024620558,191.363868235636,0.0,2.3992056258398735,6.619837888932841,0.5534762443313348,2.221714946557302,1.2241319714527656,16.706069057270632,141.2563362172872,80.63314486972408,0.5708285166457265,1.3666634723682047,0.5696316554316957,1.169339890695485
Track_5433,57,57,26,1,0,0,0,1,26.0,0.0,26.0,38.95766287719935,47.913583463888095,15.096669545026707,0.0,2.421539159892321,5.558970479825477,0.8748950264902865,2.2772823355435348,1.3112902389904604,19.22803513820355,63.53073258372466,38.95766287719935,0.6132097221743599,1.4983716491230519,0.6187682916470698,1.3016428861448475
Track_5435,59,59,41,3,0,0,0,1,43.0,0.0,43.0,29.47842186391956,280.45722873817294,15.346825577805658,0.0,1.505243536570839,3.4012137432713527,0.02493603562444344,1.3847270791346167,0.9733103162250845,23.00834162642316,61.31797427381001,29.86258523628458,0.4807468317900762,0.6855446945097572,0.45543772675584876,1.4550812878853532
Track_5446,70,70,22,1,0,0,0,1,22.0,0.0,22.0,37.526516379360174,118.54857758736104,27.984034781642034,0.0,2.9433392214289524,6.442630551610602,0.42564450538173004,2.757651098030135,1.6527896093408099,8.285718354311856,64.27779852356709,37.559805486460085,0.5838176981995002,1.7057507445163715,0.5795291049355338,1.2770969071925276
Track_5451,75,75,33,3,0,0,0,1,35.0,0.0,35.0,70.3417306360004,136.82093896405632,38.45856867885227,0.0,3.4154091068104617,7.776068564060458,0.6009630683179448,3.0573631704760045,1.8998611506079524,13.391611157041607,115.2305978046517,70.3417306360004,0.6104431633275863,2.0097637324571545,0.5884401164269327,1.1737088348221425
Track_5453,77,77,21,0,0,0,0,0,20.0,0.0,20.0,41.014663497241344,199.08489505536414,38.21119168659999,0.0,3.268755022185675,7.916546645101707,1.44637441714952,2.956306189187358,1.64486007270614,14.545962560744513,65.37510044371349,41.014663497241344,0.6273743859491896,2.050733174862067,0.6273743859491895,1.0098247396382187
Track_5455,79,79,35,1,0,0,0,1,35.0,0.0,35.0,54.0418031231963,373.49474357418427,32.62806726708581,0.0,2.928079763129374,6.574693883472876,0.8092245909951588,2.9056791616416917,1.4665998769242004,9.745993382590157,104.02179554595578,54.0418031231963,0.5195238443977943,1.5440515178056087,0.527325634106159,1.3267349968934061
Track_5460,84,84,43,0,0,0,0,0,42.0,0.0,42.0,97.64430704133697,131.13874723103748,35.35049234087694,0.0,3.411724895062467,7.523586709542788,0.44671140970929274,3.4830661369403444,1.4623595522364883,19.940658314283503,143.29244559262364,97.64430704133697,0.6814337394934061,2.324864453365166,0.6814337394934064,1.2990211754638574
Track_5466,90,90,21,0,0,0,0,0,20.0,0.0,20.0,38.1888555203205,189.58950485653438,29.34734884625888,0.0,3.116793418068667,6.490102451332427,1.2525204060424475,2.606228169458828,1.6040866303731132,12.060373011089506,62.335868361373336,38.1888555203205,0.6126305211460625,1.909442776016025,0.6126305211460625,1.1466022985538062
Track_5497,121,121,28,1,0,0,0,1,28.0,0.0,28.0,73.52381429512626,229.03060991094563,59.02153479151726,0.0,4.000527872848676,9.301609543426892,1.2624610965785024,3.6738601946188414,1.791899086131976,13.223080498831612,111.14979676542349,73.52381429512626,0.6614840191772449,2.6258505105402237,0.6563760068669191,0.914880629054088
Track_5498,122,122,47,2,0,0,0,1,48.0,0.0,48.0,85.85879308590299,303.2898085273321,57.141922413093624,0.0,3.7326103945485904,7.163478284670006,0.46026598487172826,3.729775290985951,1.7254540855526443,16.838769131518426,177.0097228924384,92.74030549138601,0.4850512823980629,1.7887248559563123,0.47921552663752753,1.1372984744690084
Track_5499,123,123,22,1,0,0,0,1,22.0,0.0,22.0,45.958276978414375,223.79377912334485,66.11329809259507,0.0,3.153920954789612,4.997249176346403,1.4029578667482974,3.11998976681198,1.1516786519349753,15.931563247333873,67.75415652026966,45.958276978414375,0.6783093368547105,2.089012589927926,0.6623541362872479,1.0405942317186643
Track_5501,125,125,39,3,0,0,0,1,41.0,3.0,44.0,82.66248317688891,76.10228598384376,73.75781358228618,0.0,3.548960608301819,7.6130262573817795,0.3168561474871354,3.768991652552308,1.8000164581579075,13.589477722461407,145.93915992521045,82.66248317688891,0.5664174250369196,2.016158126265583,0.5680981979764258,1.3724980704850958
Track_5504,128,128,20,1,0,0,0,1,20.0,0.0,20.0,60.06568023111855,109.95441965020727,64.39663543869784,0.0,3.586318001231124,6.059261091512013,1.0350918923678023,3.5969338479625494,1.391116716056309,23.009833264350892,72.62129497210007,60.06568023111855,0.8271083606288597,3.0032840115559276,0.8374282510711403,0.6680484764472774
Track_5506,130,130,45,1,0,0,0,1,45.0,2.0,47.0,93.8525994140103,377.2889162657733,62.48410657572455,0.0,3.0624194627482715,6.854446068083623,0.7595736171800679,3.024866649971146,1.4655908865630187,19.28175147374471,137.2747574786409,93.8525994140103,0.6836843214136669,2.08561332031134,0.6810345041497589,1.1806212327464676
Track_5513,137,137,21,0,0,0,0,0,20.0,3.0,23.0,75.86219663633884,146.90048885905895,74.35787135184556,0.0,4.4405512117325685,9.700236970033854,0.18729908710822568,4.298366043579171,2.2223477808836716,18.427824792407808,88.81102423465134,75.86219663633884,0.854197970241849,3.793109831816942,0.8541979702418487,0.7273664580179441
Track_5535,159,159,26,0,0,0,0,0,25.0,2.0,27.0,45.09233706134376,381.76190968802126,72.00036496331312,0.0,2.9539147680626803,5.502089697673702,0.25936755835528164,2.978445744448068,1.2568220472736267,15.8618873999669,73.847869201567,48.84541720946017,0.6106112139575036,1.8036934824537505,0.6106112139575035,1.1171855549508025
Track_5536,160,160,33,1,0,0,0,1,33.0,0.0,33.0,61.42979832922754,152.92697373936628,80.32264420575024,0.0,3.332517542578556,9.370578560616698,0.7489927151905457,2.863021294182511,1.798963440521846,18.71522058140148,108.7164040217519,61.42979832922754,0.5650462676905383,1.8615090402796224,0.5585894197091813,0.9339096835598157
Track_5541,165,165,25,1,0,0,0,1,25.0,3.0,28.0,75.24482085913658,213.24838592321845,76.59586661419121,0.0,3.8004279466802457,7.195008549516649,1.0682365692905427,4.127870704513552,1.6354402908100636,14.016045207977294,95.49036565954152,75.24482085913658,0.7879833775839984,3.0097928343654634,0.7919615571174244,0.9572367040531745
Track_5542,166,166,21,1,0,0,0,1,21.0,0.0,21.0,64.01867432690203,100.84723724676303,89.85922013139668,0.0,3.954968513685752,7.1522219793836275,2.0502367914969795,3.9922448592028865,1.3118605992218433,17.51851483753749,82.77896863982288,64.01867432690203,0.7733688324319645,3.048508301281049,0.7708046955954281,0.7903623912258272
Track_5568,192,192,25,0,0,0,0,0,24.0,3.0,27.0,57.02126895324936,292.073062202365,110.41576131467424,0.0,3.245822505419568,6.400205164465296,0.1808294925074798,3.413687792658134,1.6323738242351826,14.46978515625,77.89974013006962,57.02126895324936,0.7319827878506481,2.37588620638539,0.7319827878506479,1.0401677462607406
Track_5571,195,195,22,1,0,0,0,1,22.0,2.0,24.0,64.77719321400821,73.36612468201862,105.46454018335517,0.0,3.5218826321917063,7.336711902640436,0.7682313200910874,3.1750116254023832,1.6781084420988894,18.07263400337913,77.30962820014497,65.22429007345374,0.8378929600632427,2.9444178733640096,0.8360352064122211,0.8954035126648421
Track_5572,196,196,52,1,0,0,0,1,52.0,1.0,53.0,112.31164540943757,364.3858290102922,106.70824115765753,0.0,2.9210350514995556,5.56757207328747,0.26486466561468347,2.99585457693089,1.3591056037739369,25.17253344792586,153.20343796055153,112.31164540943757,0.733088283817474,2.1598393347968763,0.7394089070201645,1.1325662410374062
Track_5574,198,198,35,1,0,0,0,1,35.0,2.0,37.0,42.36231378512786,90.64629238873118,106.1895642509172,0.0,2.833883180128142,7.653906437854112,0.3157979995694803,2.816233475739733,1.6138141074219146,17.597993550981794,99.76515583431573,45.44207040914557,0.4246203339318265,1.2103518224322245,0.4271001115781685,1.4107190528245024
Track_5576,200,200,39,1,0,0,0,1,39.0,0.0,39.0,59.22128671974488,157.45826714260758,111.56216526442793,0.0,3.254596067985488,8.887761542807453,0.9714676852535693,3.1225115900933385,1.5550229404927371,20.422091704148514,127.88448539156082,59.22128671974488,0.4630842164975622,1.5184945312755098,0.46656927605010573,1.2957079685193282
Track_5580,204,204,35,1,0,0,0,1,35.0,0.0,35.0,70.15179540476142,391.893428295337,111.28595711746654,0.0,2.8348608895902982,6.748942554593244,0.4742509671520929,2.9520088756332443,1.3946963814551236,14.99422881262643,100.32290767766571,70.15179540476142,0.6992599898535327,2.004337011564612,0.7070318755056387,0.99986016700908
Track_5585,209,209,24,2,0,0,0,1,25.0,0.0,25.0,39.46606448380958,157.71730070251263,112.41443610916797,0.0,2.822384727666969,5.598752886807131,0.7891170151770234,2.745606021580786,1.098652375295978,20.41897527376811,68.99233530893333,39.924473620584024,0.5720354921613937,1.5786425793523833,0.5593293373073613,0.9881312346182273
Track_5588,212,212,26,1,0,0,0,1,26.0,1.0,27.0,58.69913856613364,217.99730459302674,118.30303055122552,0.0,3.432236003631978,5.714533835254799,0.6456574917003557,3.0748609322783063,1.3007457403527025,23.50230521422166,88.59189930717245,58.69913856613364,0.6625790735404329,2.2576591756205246,0.6577808674087327,1.1449421788452767
Track_5589,213,213,38,2,0,0,0,1,39.0,2.0,41.0,84.21749136965843,185.41292044067004,119.78584126254334,0.0,3.4977029748249926,7.338792213783102,0.9626006628350944,3.680977686558917,1.8203698132928283,15.27161455154419,136.03951088443003,84.21749136965843,0.6190664081496435,2.1594228556322674,0.6173831429297721,1.277419962425047
Track_5599,223,223,25,0,0,0,0,0,24.0,0.0,24.0,35.51800217037419,98.56006888064542,127.93767298389626,0.0,3.495960981285134,6.884673362019621,1.1464361802285354,3.5996077168354526,1.539015122118796,13.83198751449585,83.90306355084324,39.46471855108564,0.42332187487827705,1.4799167570989245,0.4233218748782771,1.2548337120669353
Track_5601,225,225,31,1,0,0,0,1,31.0,2.0,33.0,48.331932893729814,312.0975839075004,126.76014847469054,0.0,2.6868536808329475,5.91662723504947,0.5572113949872862,2.470191245868979,1.5012280424553301,15.979949505098405,82.30074729961568,48.48132801193663,0.5872599518176612,1.5590946094751552,0.5802677758737582,1.3530274917547964
Track_5612,236,236,23,0,0,0,0,0,22.0,0.0,22.0,51.6571735590897,130.53800768649927,126.99879931685835,0.0,3.1788651436642636,5.409369321931045,1.1348205497764912,3.2977537428178434,1.2295854103942103,22.728624758513078,69.93503316061381,51.6571735590897,0.7386451571482505,2.3480533435949864,0.7386451571482506,0.7581668251974578
Track_5614,238,238,29,1,0,0,0,1,29.0,0.0,29.0,47.32524310816311,102.90381617074607,126.74205969821607,0.0,3.3743053842696313,5.844407149463184,0.4067613423240474,3.5171599833786953,1.2083956274507817,15.632954844113055,97.02594549713156,49.21409339890778,0.48775863884327947,1.6319049347642451,0.48362692433585736,1.0441794491128518
Track_5615,239,239,22,0,0,0,0,0,21.0,1.0,22.0,30.149353808126364,237.56319685308307,130.2752380377753,0.0,3.56016974248229,7.753448661919628,1.397691921333646,3.5063034366379067,1.5174375628106844,18.98040049726313,74.76356459212809,30.149353808126364,0.40326265838989717,1.435683514672684,0.4032626583898972,1.5992141434981562
Track_5622,246,246,78,0,0,0,0,0,77.0,0.0,77.0,103.65908958437345,378.76101888848007,158.76194223289374,0.0,2.577445302648385,8.267903913827649,0.3016071652834237,2.3215808297732905,1.4652170760025962,22.012504192499016,198.46328830392568,107.1494604719394,0.5223086368781235,1.3462219426542006,0.5223086368781236,1.3932889427322401
Track_5627,251,251,21,0,0,0,0,0,20.0,0.0,20.0,31.421602450236037,27.540057036627537,139.0255633182835,0.0,3.3709216721124875,6.608172753796761,1.3495674863001899,3.1000507346622337,1.4742513143122196,12.633818830762591,67.41843344224975,34.29240672964522,0.46606841550466466,1.5710801225118018,0.46606841550466466,1.1227692686806905
Track_5628,252,252,24,0,0,0,0,0,23.0,0.0,23.0,40.87069727092702,152.3185898705128,135.23688330103263,0.0,2.6120150053418265,4.103297630781074,0.15023805755711772,3.047305398292156,1.2055652255335167,15.77312856912613,60.07634512286202,40.87069727092702,0.6803126453072741,1.776986837866392,0.6803126453072742,1.4076698696365584
Track_5630,254,254,29,1,0,0,0,1,29.0,3.0,32.0,47.736939976183294,306.16516730118866,136.84037691442435,0.0,2.895898487369995,5.809073738174561,0.13770526392870452,2.8018703678687746,1.4268217954374933,13.514982091969458,81.52722267952052,47.736939976183294,0.5855337445240204,1.646101378489079,0.568425096966724,1.3795087587600237
Track_5631,255,255,29,1,0,0,0,1,29.0,0.0,29.0,38.346329795613265,193.39081070490118,137.3587391516693,0.0,2.6265603955600154,5.497305332931755,0.5317671853934812,2.7891856142939404,1.2658058654226756,21.888235042835102,78.14929355116418,38.346329795613265,0.49068044064285754,1.322287234331492,0.5034292135702304,1.2498064462294043
Track_5632,256,256,25,2,0,0,0,1,26.0,0.0,26.0,50.72994114280904,218.45019645958263,130.9982639771522,0.0,3.2027183425333408,5.112646893981391,0.12453327362833808,3.677418920760397,1.3031783020469927,20.871956176757813,85.35883618175305,50.72994114280904,0.5943138802266549,1.9511515824157324,0.6092173503063579,1.109578206442179
Track_5635,259,259,22,0,0,0,0,0,21.0,0.0,21.0,55.14437872295581,98.03613795857618,144.40555222565882,0.0,3.719779585864471,9.320301637615502,1.1224075492506733,3.665114095216854,1.7048044563765214,22.21441149711609,78.11537130315388,55.14437872295581,0.7059350522568582,2.625922796331229,0.705935052256858,1.023048251280603
Track_5638,262,262,28,1,0,0,0,1,28.0,0.0,28.0,43.65213004030563,150.44797329495321,134.1913623402691,0.0,3.297862711121608,9.696983892669387,0.03847344086798129,3.559347035627727,1.9134837674228493,18.13010856083461,90.6718481231059,47.17756993688069,0.48142980367002974,1.5590046442966297,0.47273182083629245,1.321994388818789
Track_5642,266,266,33,2,0,0,0,1,34.0,0.0,34.0,32.748009685425686,197.64965958523015,141.5200718762475,0.0,2.279320108654025,4.54225821944949,0.4240210052160267,2.229112485668524,1.070326875744978,16.491490999857586,75.99323538699348,32.92049689074887,0.43093322081442303,0.9631767554536966,0.4225719554689788,1.1987091095878717
Track_5643,267,267,23,0,0,0,0,0,22.0,0.0,22.0,44.70687098945145,282.4825890674643,144.2017921979673,0.0,3.5553657520139077,5.733403070090261,0.5743603559746182,3.6452696920699945,1.4717359223618762,15.945253911225691,78.21804654430595,47.78371793148164,0.5715672145318488,2.0321304995205205,0.5715672145318487,1.037691352004906
Track_5645,269,269,45,2,0,0,0,1,46.0,0.0,46.0,91.31643255929413,158.6249023224969,141.8957600572506,0.0,3.2283066086222276,9.165620225181144,0.774870603219027,3.20718485952507,1.6031261228094251,18.097097301483153,148.27658255525023,91.31643255929413,0.6158520178010453,1.9851398382455245,0.6149167594377722,1.180194570991775
Track_5657,281,281,27,0,0,0,0,0,26.0,3.0,29.0,35.200762573321214,159.310637440034,160.1331785421197,0.0,3.6572522146816873,6.627712916649691,1.0293384996687835,3.9700639144822127,1.487712718899242,13.666475684554488,95.08855758172388,35.200762573321214,0.3701892579774166,1.3538754835892775,0.37018925797741664,1.265790480107847
Track_5662,286,286,26,0,0,0,0,0,25.0,3.0,28.0,45.67216520505868,378.29684807834434,152.32106866502946,0.0,2.599507438064486,4.548702337488011,0.502023652731789,2.6277874400215517,1.0555429355185026,17.18438937113835,64.98768595161216,46.88655592028216,0.7027818353013027,1.8268866082023474,0.7027818353013029,1.1152578353973708
Track_5664,288,288,21,0,0,0,0,0,20.0,0.0,20.0,32.785151723189266,197.24512715593335,155.53947022668703,0.0,2.70918809779618,4.17426681178268,0.7190027674337642,3.061002772203927,1.0154530906635344,13.306026277087984,54.1837619559236,33.53061586803438,0.6050733751166765,1.6392575861594634,0.6050733751166765,1.3488860133768161
Track_5674,298,298,42,0,0,0,0,0,41.0,0.0,41.0,51.74516240783844,58.39867650380858,168.09524572218083,0.0,2.3094091456554895,6.576377873170529,0.3834315113433712,2.3257081559165127,1.3080146813283366,19.67510540144784,94.6857749718751,54.78828585764819,0.5464935194669792,1.2620771318984987,0.5464935194669794,1.0792682853244027
Track_5681,305,305,27,1,0,0,0,1,27.0,0.0,27.0,72.10711239807121,123.39433953049785,162.10461459414884,0.0,4.072248171293793,7.692518035243326,0.745432033944243,4.49475890058321,1.8735993372679582,9.269072691599527,110.44280512806657,72.10711239807121,0.6528909901777459,2.670633792521156,0.6558131234110591,1.2082670395772168
Track_5684,308,308,23,2,0,0,0,1,24.0,3.0,27.0,33.907939648609236,234.46334555198035,157.24002451186433,0.0,2.6973398460883407,4.449871594430596,0.6420327077408506,3.0294077229660425,1.0239858842154264,20.875536980836287,66.80511534892464,33.907939648609236,0.5075650191083017,1.4128308186920515,0.5237867303747159,1.3158549555505854
Track_5688,312,312,24,0,0,0,0,0,23.0,0.0,23.0,46.36321278783014,309.790996058182,169.69380063904103,0.0,2.7704685103812086,7.67616942077081,0.4730571180472171,2.370003841995323,1.7533773268152157,21.12466299533844,63.720775738767806,46.36321278783014,0.72759962901115,2.015791860340441,0.7275996290111502,1.0331929347178521
Track_5690,314,314,22,0,0,0,0,0,21.0,0.0,21.0,48.36773110372227,150.99444580530476,170.02015034340238,0.0,3.259481684256751,6.818616020672712,0.4707297467119545,3.058461748038877,1.818105932039158,18.47938936406916,68.44911536939176,48.36773110372227,0.7066231731805662,2.3032252906534416,0.7066231731805662,1.2521082877734457
Track_5692,316,316,64,1,0,0,0,1,64.0,0.0,64.0,35.71976047395491,151.8381974557656,164.60712704811823,0.0,1.1662640440621825,3.9724027954846184,0.03568609545268926,0.8333416528964744,1.063844589563044,21.125949651002884,77.39333961876412,35.71976047395491,0.46153532913696116,0.5581212574055455,0.478554800902177,1.5854622676825707
Track_5733,357,357,24,1,0,0,0,1,24.0,0.0,24.0,42.51500872185608,65.7205637242453,165.17777200901253,0.0,2.8946764048307854,8.216347589758426,0.6372271138406888,2.3744341843613332,1.7156635589378544,21.13602437575658,70.10693350430192,42.51500872185608,0.6064308706249042,1.7714586967440031,0.611971235813337,1.0093786236422757
Track_5735,359,359,34,2,0,0,0,1,35.0,0.0,35.0,52.53968774963596,99.34472610758559,157.5172149818276,0.0,3.090919205491894,7.624142176886228,0.4670223068868445,2.868912052444331,1.6374902550119168,15.53975011320675,110.64410975083261,52.53968774963596,0.4748530027305913,1.5011339357038846,0.4856593899435141,1.172990631197703
Track_5736,360,360,55,3,0,0,0,1,57.0,0.0,57.0,94.62588979118848,261.7384630704368,164.078357074607,0.0,2.752740903682647,8.848211419688441,0.16155483828643502,2.5322520021860027,1.639303246906093,18.171269676902078,158.20310075796442,94.62588979118848,0.5981291728027317,1.6601033296699734,0.6030728600171084,1.125213857479828
Track_5794,418,418,41,2,0,0,0,1,42.0,4.0,46.0,67.32880280396935,153.45641031023104,20.627631790534917,0.0,2.717375945106814,5.3548458330917015,0.9766882074763337,2.5508107491697,1.2653062951866763,16.484775345499923,113.29629475564508,70.77797853290633,0.5942718863770665,1.6030667334278417,0.5899318923148961,1.2662062106530758
Track_5807,431,431,23,1,0,0,0,1,23.0,4.0,27.0,57.40091048305109,95.58772614925394,39.28129035791699,0.0,3.0710378884023246,7.0900370107050135,0.44502867423630166,3.233821534957621,1.9278059411515456,14.126285034677256,70.88451532615984,57.40091048305109,0.8097806723927384,2.4956917601326563,0.8126541745243703,0.9555239264558557
Track_5832,456,456,22,1,0,0,0,1,22.0,5.0,27.0,54.48400975368034,40.14665620363296,109.71693195018666,0.0,2.757038573559652,5.164736407037249,0.10464000038862786,2.476677459888291,1.5976865143771797,22.78576070612127,58.87728184591198,54.48400975368034,0.9253825592062946,2.4765458978945607,0.8982630571965691,0.459246025169252
Track_5835,459,459,31,1,0,0,0,1,31.0,4.0,35.0,61.457772578785494,256.5243579164078,109.58575941320424,0.0,3.591350444277994,7.682432014796461,0.20766011647917407,3.760510785951543,1.7856665984118953,11.979341460812476,108.75723709586225,66.04551590482217,0.5650913375503882,1.9825087928640481,0.5520232078778968,0.9640867311330891
Track_5844,468,468,39,2,0,0,0,1,40.0,5.0,45.0,80.69209392053064,260.2810955093291,125.205928566203,0.0,2.8547471903388937,6.681570258498127,0.6813949596676824,2.859711654516233,1.4334893799860153,22.842300830743252,114.10887059357442,80.89959848738523,0.7071500532849414,2.017302348013266,0.7066483346897655,0.9056862424707058
Track_5854,478,478,34,1,0,0,0,1,34.0,5.0,39.0,69.7782617587106,209.867245904332,173.6026652306182,0.0,3.2318196248349147,7.285285901091433,1.1791087702813599,2.885500580740261,1.5399152196293346,12.201892698512358,110.94343770442049,69.7782617587106,0.6289534847893966,2.0523018164326645,0.6350298143688939,1.0523072431174834
Track_5860,484,484,37,3,0,0,0,1,39.0,1.0,40.0,53.313550476817305,96.3407191447483,176.13516111267845,0.0,3.0553876178418267,6.776017434642291,0.21162124918933084,3.1655608187953943,1.5846038583852375,13.236835582836255,121.02705486298215,55.97149144212813,0.4405093599705863,1.3670141147901873,0.4474110279191934,1.3678481468053172
Track_5864,488,488,45,4,0,0,0,1,48.0,4.0,52.0,73.63870069439069,141.07414828148396,185.3136787785564,0.0,2.6049738366872175,5.5794769401332704,0.5462660365702154,2.453801788694434,1.4984673710120662,18.43043041229248,127.61681471348552,73.63870069439069,0.577029765706957,1.534139597799806,0.5889270656747914,1.2234459819950425
Track_5866,490,490,123,1,0,0,0,1,123.0,5.0,128.0,96.6401670293502,65.47517223445061,186.3534897019351,0.0,1.853823600898942,4.698517890967126,0.0881159230762554,1.6767608714205737,1.0683343498684397,17.365390998561207,229.0450218018157,96.6401670293502,0.42192651151776356,0.7856924148727659,0.42382264121126406,1.4844421375059484
Track_5877,501,501,19,2,0,0,0,1,20.0,1.0,21.0,46.30248413970161,84.76586269166103,48.442406546622635,0.0,2.7803480953261253,5.858666887281973,0.6427080462337085,2.923319350603025,1.3265740880727166,21.423601928510163,55.77177296805075,46.30248413970161,0.8302135950783978,2.3151242069850806,0.8326742291286819,0.8551485252732924
Track_5893,517,517,28,0,0,0,0,0,27.0,17.0,44.0,53.06309572998834,35.78413882236601,98.58781892212023,0.0,3.5108347343068824,9.460443154475648,0.5294510763665418,2.954424346794944,2.0434374034082707,18.877719742911204,94.79253782628581,53.06309572998834,0.5597813598706505,1.96529984185142,0.5597813598706504,1.194613059178977
Track_5898,522,522,21,0,0,0,0,0,20.0,12.0,32.0,31.02699131845992,382.2873349132661,91.33346205125214,0.0,2.811493153292523,6.82619422128074,1.1608004563953,2.7513206853778787,1.3917630143053776,13.923627376556396,56.229863065850466,31.02699131845992,0.5517884915018268,1.551349565922996,0.551788491501827,1.3472055763228215
Track_5905,529,529,33,2,0,0,0,1,34.0,7.0,41.0,76.78269339694386,114.14611882259601,99.73591115695264,0.0,3.700651580195988,6.575097558948338,1.2437213336356836,3.8055078744644772,1.4008059495889589,18.243598894639447,124.80614465931681,76.78269339694386,0.6152156498907765,2.2583145116748193,0.6102478071051526,0.9489150803699803
Track_5911,535,535,19,2,0,0,0,1,20.0,7.0,27.0,29.477512186292657,396.0018465705074,104.4481421839487,0.0,2.809948983183657,5.06368207823909,1.4158805431463581,2.6683564485906377,1.0315319912604302,18.49103375485069,56.70113306626338,29.477512186292657,0.5198751875353879,1.4738756093146328,0.5245204158990601,1.4029122059364607
Track_5922,546,546,27,1,0,0,0,1,27.0,12.0,39.0,55.560639673882015,81.71352714123542,106.30091535684598,0.0,3.6399527292314255,8.930080070318796,1.021230899155482,3.3030855053700385,1.6904972708430206,12.861677734940141,97.55695384841752,55.560639673882015,0.5695200340122476,2.0578014694030378,0.5653374157519737,0.9633688921812461
Track_5923,547,547,27,1,0,0,0,1,27.0,15.0,42.0,56.757517747231866,218.3805502438587,109.1917356022697,0.0,3.3916468610680934,6.298156211043301,0.4107245499003359,3.2051608424552267,1.5878667908120903,18.719984301814325,92.01927409417836,56.757517747231866,0.6168003204322458,2.1021302869345138,0.619796332886058,1.2777789190572586
Track_5924,548,548,28,1,0,0,0,1,28.0,15.0,43.0,72.89223511623237,143.56878576133596,120.64077458995062,0.0,3.3696610999858176,6.819449282059014,1.2402539561160766,3.2629444868194186,1.2781008093979234,16.563712852341787,94.23212823751966,72.89223511623237,0.7735390941452752,2.603294111294013,0.7725685266405485,0.7140438430698454
Track_5933,557,557,21,0,0,0,0,0,20.0,17.0,37.0,44.738759090927765,125.68987495728727,112.11260838385036,0.0,3.2372602453508224,5.5800349963816975,0.16155086760665485,3.449283886935258,1.6133051434264025,17.89368992760068,64.74520490701646,44.738759090927765,0.6909972584870051,2.2369379545463883,0.6909972584870053,1.1284368464480257
Track_5949,573,573,21,0,0,0,0,0,20.0,8.0,28.0,55.02608605772548,52.42498148455702,128.31115977542842,0.0,3.3481018058684557,6.222754187244069,0.9608996104388283,3.491223673442888,1.4587030616854701,11.759749435243153,66.96203611736912,55.02608605772548,0.8217504909987705,2.751304302886274,0.8217504909987706,0.8453488634712284
Track_5950,574,574,24,1,0,0,0,1,24.0,16.0,40.0,31.25537625426265,126.1348371577227,131.94781096211682,0.0,3.391655548096407,5.898196343403517,1.014405755373666,3.521353720982677,1.157625068701008,13.27680367231369,81.58878822826838,31.25537625426265,0.38308420719298636,1.3023073439276105,0.3839739400006409,1.4062570778384016
Track_5956,580,580,21,0,0,0,0,0,20.0,18.0,38.0,41.59891923323824,140.07767918015801,152.68014820573222,0.0,3.081209081628449,8.485757544626155,0.832873699868484,3.0228974158373756,1.6814739527253353,22.320583956582205,61.624181632568984,43.51801144913861,0.6750421365636896,2.0799459616619123,0.6750421365636896,0.8079458912365922
Track_5965,589,589,25,0,0,0,0,0,24.0,12.0,36.0,48.18534222484864,380.76130551724697,152.37116982136433,0.0,2.886894552166674,4.945868502755176,0.7602990003001897,2.944588386976319,0.9994981172180344,22.840670127868652,69.28546925200015,48.18534222484864,0.6954610071210221,2.007722592702027,0.695461007121022,0.8685383763225625
Track_5968,592,592,28,1,0,0,0,1,28.0,10.0,38.0,57.734804577031504,146.1322053828681,149.25976550669472,0.0,3.315663608832182,9.693190627217595,0.8982543409934206,2.965514531388452,1.8476820213354117,13.495133859770638,93.46371096950502,57.734804577031504,0.617724290830577,2.0619573063225536,0.6218837462370921,0.8255298428707456
Track_5978,602,602,29,3,0,0,0,1,31.0,19.0,50.0,50.530320242231625,386.6989195384128,168.61143096283752,0.0,2.6780342646399324,6.8674381224276635,0.7417004499067665,2.218785153949949,1.5665254589703306,9.533033584726267,78.83340221416331,50.530320242231625,0.6409760180710973,1.6300103303945686,0.6086592512712778,1.2344958307162306
Track_5987,611,611,27,0,0,0,0,0,26.0,17.0,43.0,41.95341399020111,21.325614663221653,163.98361262596129,0.0,2.605234936756165,7.086217790240118,0.5990009665197822,2.5725260697579793,1.431589455476596,18.280200516736066,67.73610835566029,41.95341399020111,0.619365579284794,1.613592845776966,0.6193655792847941,1.4085365161407335
Track_5989,613,613,44,0,0,0,0,0,43.0,10.0,53.0,46.96467682863534,91.60776633141482,171.04091971329274,0.0,2.660787316458266,6.9974357475811635,0.43892711088726954,2.3900246535884793,1.5584218110344632,14.89593785459345,114.41385460770542,46.96467682863534,0.4104806798937479,1.0922017867124498,0.41048067989374787,1.5594173023965319
Track_5990,614,614,58,2,0,0,0,1,59.0,13.0,72.0,53.66753466066019,73.1103690839468,164.4548440233967,0.0,1.7106765938390203,5.123010635304823,0.24835586571967666,1.658343634565083,0.9900995599086457,22.011920032830073,103.30659091989368,53.66753466066019,0.519497683378936,0.9096192315366134,0.5317306817738638,1.5555231340450941
Track_6002,626,626,54,2,0,0,0,1,55.0,10.0,65.0,49.97002696766879,156.96402704003015,184.74152649264633,0.0,1.843728365074488,6.829901663531258,0.18350571559383663,1.5726458688385965,1.2654537318236985,14.361401716868082,98.70567159256393,50.09342418902034,0.5062528440506889,0.9085459448667053,0.49277646429765665,1.3446791736859667
Track_6005,629,629,37,2,0,0,0,1,38.0,17.0,55.0,51.63277552775013,330.2691903195614,196.40577002627316,0.0,2.472109650373264,6.543979041038173,0.40143910598306703,2.3542828455978952,1.6094471802189996,13.937732490333351,90.4241030817923,53.74105240784893,0.5710067754948719,1.3587572507302665,0.5496347018932222,1.0766256611105565
Track_6019,643,643,22,1,0,0,0,1,22.0,18.0,40.0,39.252957135114386,301.09543452530454,196.1063539967885,0.0,2.779948301050097,6.121732708550158,0.8867112734525985,2.8200413495424517,1.3657780586060204,14.275934089313854,60.51532721285272,39.252957135114386,0.6486448796194815,1.7842253243233812,0.6418196063752007,1.1318891778249118
Track_6033,657,657,27,0,0,0,0,0,26.0,12.0,38.0,45.81489915323015,387.41413471230123,16.34986686913429,0.0,2.6688216753265754,6.220144141431621,0.4670365507446718,2.6300447263789346,1.494792713528572,20.08183482841209,69.38936355849094,45.81489915323015,0.6602582413745736,1.7621115058934673,0.6602582413745733,1.3444762097439453
Track_6034,658,658,36,0,0,0,0,0,35.0,14.0,49.0,77.99246975289012,308.6237522582299,16.822605427321466,0.0,3.3293210020452038,7.134540968623167,0.3765685537716599,3.1229572350639,1.4578605327283933,18.511206309000652,116.52623507158215,77.99246975289012,0.6693125346835354,2.228356278654003,0.6693125346835354,1.1172710967653257
Track_6037,661,661,24,2,0,0,0,1,25.0,7.0,32.0,49.12648135698211,93.85278326319127,34.24686787119902,0.0,3.3556462087773635,5.318720720517053,0.7881080866506094,3.3196892271633502,1.192446001207886,15.833848655223846,85.19578968315966,49.12648135698211,0.5766303891269965,1.9650592542792844,0.5855978646197204,0.6388956826811009
Track_6044,668,668,23,1,0,0,0,1,23.0,18.0,41.0,50.162847801733555,85.75706066899394,36.2754285425047,0.0,3.503319843973821,7.204180074154359,0.8883324440955673,3.3514644305231016,1.6980698744549145,19.34534499956214,80.31667401447693,50.162847801733555,0.6245633103867299,2.1809933826840675,0.6225504606539617,1.0652473755227738
Track_6049,673,673,26,0,0,0,0,0,25.0,17.0,42.0,82.41327627801388,321.2859582099543,22.656728440468385,0.0,3.86474510285573,6.0347669185471045,0.46289710353127117,4.276197846454767,1.4616704856169427,20.83831104865441,96.61862757139323,82.41327627801388,0.8529750251018339,3.2965310511205552,0.8529750251018338,0.7457124375622581
Track_6050,674,674,27,0,0,0,0,0,26.0,11.0,37.0,65.83848552317332,240.56913936327692,39.0605892360343,0.0,3.272209417118228,6.156253445654875,0.10695453638353772,3.236559438282012,1.3960679418738673,18.278001290780526,85.07744484507393,65.83848552317332,0.7738653369652231,2.5322494431989737,0.7738653369652231,1.0393395331872226
Track_6054,678,678,22,1,0,0,0,1,22.0,10.0,32.0,46.805364946647124,77.71105237840202,40.92469305540799,0.0,3.2608394634995963,5.881101236919092,0.9153281718540272,3.243365870252216,1.2479216669744102,22.511552290482953,71.23247125014193,46.805364946647124,0.6570790557340641,2.12751658848396,0.6524444433092906,0.9645537312744858
Track_6060,684,684,91,6,0,0,0,1,96.0,12.0,108.0,188.68918363716836,331.0543436732355,36.01603692972604,0.0,3.4765518400285957,9.694029062507987,0.44832253140802847,3.2054657860920868,1.8684896413402228,15.176424807244604,330.55977845181127,197.14487341013393,0.5708171288137384,1.965512329553837,0.5653625833859766,0.99765149077977
Track_6065,689,689,27,1,0,0,0,1,27.0,15.0,42.0,62.564392133085924,123.72853770367064,52.21735980848115,0.0,3.8597775324227985,9.116216585206635,1.2471623375005827,3.516154761294857,1.7372775660285373,17.49509263921667,101.60137818049334,62.564392133085924,0.6157829081997412,2.317199708632812,0.6003454057048454,0.9923456117443511
Track_6075,699,699,23,2,0,0,0,1,24.0,17.0,41.0,50.39076709132117,376.30273678243714,47.782888960834725,0.0,3.1272176166634296,7.914140247472578,1.0895107955671872,2.922931884394477,1.6802682679451115,14.067797951076342,76.46456212306663,52.15930438723882,0.6590081168609749,2.0996152954717155,0.6714004437311563,1.2400622192246484
Track_6082,706,706,37,2,0,0,0,1,38.0,15.0,53.0,76.9229684208672,318.69813808179117,65.78260902214025,0.0,3.1728564514385025,6.232266736982035,0.3304702612563426,2.9070823995691213,1.6112071502684395,19.234522149369525,120.98890400652326,77.34610919937558,0.6357853147981225,2.0242886426544002,0.6380019624703264,0.9922309868494563
Track_6083,707,707,21,0,0,0,0,0,20.0,7.0,27.0,62.84987968972057,143.0869486705301,67.29811507991937,0.0,3.6193698987113527,6.038601586214226,1.59755768192797,3.409433543530086,1.287694999348718,17.344906761532737,72.38739797422706,62.84987968972057,0.8682433883325624,3.1424939844860282,0.8682433883325624,0.748909674102142
Track_6104,728,728,34,1,0,0,0,1,34.0,15.0,49.0,61.13849240206087,34.42774394254763,85.5004427147457,0.0,3.7133763723186815,6.352264825996188,0.479048963639418,3.70066699045987,1.5385443150547138,16.334404482561,126.76274586083228,61.13849240206087,0.4823064693564019,1.7981909530017903,0.48424688819759365,1.150136852541642
Track_6122,746,746,56,2,0,0,0,1,57.0,7.0,64.0,137.37819823023062,98.1845890341392,38.2863096010397,0.0,3.382651004339893,6.61703224621136,0.24077690990534836,3.540867337954946,1.5852928370714505,19.49445046697344,191.4950539847459,137.37819823023062,0.7173981540075384,2.410143828600537,0.7125014745855712,0.8419877063044007
Track_6140,764,764,43,2,0,0,0,1,44.0,6.0,50.0,73.38841510902871,206.13383813555774,98.70279440428412,0.0,3.0979911158838833,6.012213368644209,0.7632666453025921,2.947551431085204,1.2939230015688927,15.532281398773193,135.28766912186967,79.1816357531765,0.5424619670468197,1.667918525205198,0.5383871234018457,1.0683722487930785
Track_6185,809,809,37,2,0,0,0,1,38.0,11.0,49.0,55.62785234219113,122.83074970849161,111.24782521204796,0.0,3.197758984849166,7.347424447542267,0.16389892161203828,3.2302027839404897,1.583756972871945,16.775950805560964,120.32571673360283,55.62785234219113,0.46231058374120776,1.463890851110293,0.45778648673841277,1.6223057387448858
Track_6194,818,818,26,1,0,0,0,1,26.0,9.0,35.0,57.77204563051808,333.5172483421035,135.3037793519978,0.0,3.6116578665860843,8.794760757068213,0.5500535923239092,3.9360608161922683,1.7228128794146444,14.338276936457707,94.64687736527647,57.77204563051808,0.6103956859300799,2.2220017550199263,0.6152304113789911,1.0316194684808833
Track_6204,828,828,21,1,0,0,0,1,21.0,8.0,29.0,46.755268760549775,170.625685072673,152.76611855440402,0.0,3.6225853536189554,8.385855879169911,0.5686242162698963,3.5601999365736274,1.921210213907265,16.234603450411843,74.69562726846273,46.755268760549775,0.6259438533464239,2.226441369549989,0.6146001135144487,1.2385334844352638
Track_6373,997,997,30,1,0,0,0,1,30.0,21.0,51.0,70.36531619938185,246.19704576935436,88.91760414049344,0.0,3.5500083127984814,6.083353205094759,1.2482913357358194,3.6604773935801758,1.2832792811053295,16.060844405492148,107.29113392268009,71.52901520903224,0.6558353297868115,2.345510539979395,0.6607056472299984,1.0845783345006423
Track_6386,1010,1010,31,1,0,0,0,1,31.0,22.0,53.0,59.18021427464031,135.3539926852364,120.41395252880409,0.0,2.9869188938017923,9.336691685484642,0.380875958708743,2.7330460164167008,1.8499191481063246,20.36284618992959,89.98844277276248,59.18021427464031,0.6576423866349297,1.9090391701496876,0.6391332466747485,1.208690873200927
Track_6388,1012,1012,53,3,0,0,0,1,55.0,21.0,76.0,76.69467521559552,308.56873302928153,134.39541190751518,0.0,2.6265756103743674,7.741108902063153,0.6102384927382868,2.2082486327858253,1.526411011851918,15.863563753523916,145.40488043865665,76.69467521559552,0.5274559903644461,1.394448640283555,0.5308998662653398,1.0370839198762851
Track_6389,1013,1013,43,2,0,0,0,1,44.0,22.0,66.0,71.42047745233047,162.39100043326158,125.84064114577826,0.0,3.1201577557895663,7.746888584867985,0.347135682440889,2.8689352735454627,1.622167424098469,16.893472482991772,133.56667841288336,76.39349736079419,0.5347177776747162,1.6231926693711471,0.520227756548288,1.3376577462918309
Track_6395,1019,1019,40,0,0,0,0,0,39.0,20.0,59.0,86.45635180019815,100.8854364387666,134.482489908322,0.0,3.295799919249544,6.526188964093871,0.7400815034291665,3.014191191718935,1.2637272954771264,24.89377020597458,128.5361968507322,86.45635180019815,0.6726226068490189,2.216829533338414,0.6726226068490188,1.274238226544361
Track_6399,1023,1023,53,3,0,0,0,1,55.0,20.0,75.0,92.2777920668354,197.67422455275232,142.97063433078162,0.0,3.2524631738657366,6.924835626518258,0.2705476910038417,3.295797796424465,1.5427236283483539,14.575623197375604,177.62769537195894,92.2777920668354,0.5195011502772825,1.6777780375788256,0.5158484348293763,1.2070002364307066
Track_6402,1026,1026,38,3,0,0,0,1,40.0,20.0,60.0,71.70115205315324,230.07237021638028,153.9107946218467,0.0,3.130851223109447,6.010350289895017,0.4204145487459096,3.0364862169657627,1.4830830804573303,14.917968900580155,119.69757273939939,71.70115205315324,0.5990192650711308,1.792528801328831,0.5725372026935719,1.2232074005895297
Track_6403,1027,1027,30,2,0,0,0,1,31.0,21.0,52.0,41.53839923522528,347.3212612085298,163.82009961797274,0.0,3.2598957267474633,7.143161481806579,0.6421213067053103,2.6435332618433134,1.8633344858244063,11.768787988026936,98.07465327719815,44.34591809461368,0.42353857849307064,1.339948362426622,0.4110402524327198,1.3208971979182158
Track_6406,1030,1030,23,0,0,0,0,0,22.0,21.0,43.0,37.764931168700905,337.504751773996,154.90905134850428,0.0,3.019944108273233,7.368134085764449,0.5344444670330789,2.799605350366123,1.4989143359025126,14.930082010186236,66.43877038201113,39.66354499092614,0.5684170696049801,1.7165877803954956,0.5684170696049801,1.3291497450352225
Track_6407,1031,1031,50,1,0,0,0,1,50.0,22.0,72.0,59.193093947994406,319.17086970851864,164.84182207116697,0.0,3.017330023041791,5.905667426550619,0.7522972513660771,2.9532627674358305,1.3251190851481285,16.28330832481384,150.80243389648354,61.237705875079776,0.3925208129507165,1.183861878959888,0.39235412431498917,1.384743015785127
Track_6411,1035,1035,39,2,0,0,0,1,40.0,22.0,62.0,71.19099820952373,345.31389424563025,186.20434015916706,0.0,2.866425651951814,6.570583299943055,0.132673497179417,2.7270693284710448,1.2786554870206877,21.25883832344642,112.32949710733868,71.19099820952373,0.6337694020075222,1.7797749552380933,0.620903931007666,1.2040270167124438
Track_6414,1038,1038,86,1,0,0,0,1,86.0,22.0,108.0,122.80517041332146,251.17267291382035,168.78162450197885,0.0,2.236730040102407,8.436699925959429,0.08817347661683751,2.176514313221525,1.3156974930820604,21.76026643154233,194.08192241034828,123.38523126043114,0.6327491447331912,1.4279670978293193,0.6384172753203337,1.0520617721679266
Track_6416,1040,1040,26,0,0,0,0,0,25.0,21.0,46.0,32.357528780070304,308.33266266845186,180.28137396230036,0.0,2.268111170163203,5.819587368717821,0.6588904580097088,1.7774384684453797,1.457073757803594,18.76507799441998,56.702779254080056,32.357528780070304,0.570651548402577,1.2943011512028122,0.5706515484025768,1.3798808591548941
Track_6430,1054,1054,56,0,0,0,0,0,55.0,22.0,77.0,58.887637399045225,108.43024783083305,15.033987888923091,0.0,2.1163380106341863,7.689649076905793,0.1519205046609592,1.7892953638075784,1.4682231352968926,18.67390854018075,116.39859058488027,58.887637399045225,0.5059136635860134,1.070684316346277,0.5059136635860135,1.3396992980794877
Track_6441,1065,1065,34,1,0,0,0,1,34.0,21.0,55.0,38.448463876576845,398.34032095612037,45.60471337216646,0.0,2.7966504223434394,6.498417986037625,0.24006337389768753,2.9348433744648164,1.3395972585888187,13.627668605131262,95.984942898363,38.448463876576845,0.4005676590055311,1.1308371728404953,0.40435413872460896,1.4582332049460949
Track_6449,1073,1073,25,1,0,0,0,1,25.0,20.0,45.0,46.42078145205895,363.58912327270195,47.56353265639866,0.0,2.7145440775383767,4.397374624370176,1.1293224728323683,2.4969038125511687,1.0621748183295439,11.019599361419678,66.51628560291691,48.10484651732193,0.6978859542635567,1.8568312580823578,0.6840306162080019,0.9712818090581397
Track_6461,1085,1085,32,2,0,0,0,1,33.0,20.0,53.0,37.787297974085945,281.8850375376362,130.60686051313266,0.0,3.039455315564567,9.267146658281453,0.722901132615469,2.4678612949732974,1.8686491658601267,14.294104620814323,101.03278769184327,37.787297974085945,0.374010247933965,1.145069635578362,0.376735143864311,1.2903600700090627
Track_6462,1086,1086,41,2,0,0,0,1,42.0,21.0,63.0,53.077816361152564,104.867575864459,165.99435716770466,0.0,2.5992487060028084,7.854797484890472,0.5525613516129378,2.3373339500649495,1.6035260709210466,18.905533395162443,105.52874280472815,53.077816361152564,0.5029702330422764,1.2637575324083943,0.48620108167787957,1.451427328087197
Track_6468,1092,1092,39,3,0,0,0,1,41.0,20.0,61.0,81.01796865992223,175.73698220854155,139.42325108574707,0.0,3.2496027390065545,5.623965228102657,0.9713580190843575,3.190204727768974,1.3778580361455006,24.74422637010232,132.59879818011453,81.01796865992223,0.611000776567161,1.9760480160956642,0.6080891034390769,1.0464112944602377
Track_6484,1108,1108,20,2,0,0,0,1,21.0,24.0,45.0,39.50858115152165,86.8761031994492,38.43746726402295,0.0,2.8820705519255787,5.239475154059435,1.711686321448071,2.6932621133640757,1.0374784973145514,25.34031276702881,61.11383492984728,39.50858115152165,0.6464752407842456,1.8813610072153168,0.6527810382567961,0.9424322570202074
Track_6487,1111,1111,26,0,0,0,0,0,25.0,25.0,50.0,65.5755694438169,349.2548913776619,40.53960808484498,0.0,3.242199107085116,6.365347628212528,0.5327732454972876,3.135295346136028,1.8167518300057064,28.16993546485901,81.05497767712788,65.5755694438169,0.8090258158484576,2.6230227777526762,0.8090258158484575,0.8890484036706261
Track_6500,1124,1124,34,1,0,0,0,1,34.0,23.0,57.0,92.34020018426163,124.0924265597039,88.66783631251008,0.0,3.5862622852832087,7.99469036769841,1.0462493829813269,3.345099712512875,1.8554396876006,17.649552681866815,121.27864181404613,92.34020018426163,0.7613888051767996,2.7158882407135776,0.7573032936990282,1.0760216241921399
Track_6503,1127,1127,22,1,0,0,0,1,22.0,24.0,46.0,36.393743373319715,101.75509502434528,92.37312371573934,0.0,3.358991474457376,6.994006741038368,0.36116941800492613,3.1561100092428376,1.7647092702421103,15.407622770829635,73.13208353491514,36.393743373319715,0.497644010866235,1.6542610624236234,0.49248742517003824,1.3598293108680428
Track_6504,1128,1128,22,0,0,0,0,0,21.0,24.0,45.0,40.27291156501333,15.221950503546742,86.18795997350647,0.0,3.318948827743687,6.880961655408711,0.9687637253496294,3.0450321310378734,1.6150206372409535,18.357401132583618,69.69792538261743,40.27291156501333,0.577820808064645,1.9177576935720633,0.5778208080646449,1.0331110297475676
Track_6511,1135,1135,24,0,0,0,0,0,23.0,25.0,48.0,67.57060724865684,301.29578547573675,101.87547614586585,0.0,3.500565697803485,6.735128887272445,0.24000792015333336,3.4974005968103183,1.9851673651889872,20.2357044617335,80.51301104948014,67.57060724865684,0.8392507790713553,2.9378524890720366,0.839250779071355,0.8895050582750058
Track_6519,1143,1143,23,2,0,0,0,1,24.0,24.0,48.0,30.295100513526798,190.14131260004578,112.13215448827653,0.0,3.0505762055786945,7.771460403411164,0.5558626004998122,2.549393784622606,1.713929139849848,10.941094958263895,70.99256174563527,30.295100513526798,0.426736263188719,1.2622958547302832,0.41378932033295185,1.3231689093047276
Track_6524,1148,1148,25,3,0,0,0,1,27.0,23.0,50.0,52.70637527845196,368.0587584210197,139.01107126773687,0.0,2.5745151499551864,6.151480119566872,0.35783221090586126,2.5838813704260213,1.699883584224299,18.903853950500487,69.47742604816806,52.70637527845196,0.7586115127798648,1.9520879732759984,0.758235185879554,0.9826774569633198
Track_6528,1152,1152,42,1,0,0,0,1,42.0,25.0,67.0,102.3502715122911,59.50234643382832,131.46340838875741,0.0,3.382310425984478,7.7639398178866115,0.5503766702410958,3.441896193902749,1.5794009595605856,20.785065389814832,142.23892524885025,102.3502715122911,0.7195658384877907,2.4369112264831214,0.7204871580567055,0.9869542796886664
Track_6530,1154,1154,25,3,0,0,0,1,27.0,25.0,52.0,40.51259593776213,264.4026328007336,137.90823460745148,0.0,2.903513743022947,7.561425042898976,0.39481578634428316,2.5901635117142696,1.9222906122158128,16.421641654968262,77.50913189798112,40.64125051538663,0.522681585327075,1.500466516213412,0.5167761026855776,1.043368062290356
Track_6533,1157,1157,31,1,0,0,0,1,31.0,24.0,55.0,54.82223684329801,29.476485606587325,150.92193140396338,0.0,3.0030514444396803,7.342631045291833,0.36598087764715603,2.9043915507390574,1.3183080046100952,17.45417873321041,92.94045863624926,54.82223684329801,0.5898640661744687,1.768459253009613,0.5888874319099713,1.0005879725053366
Track_6536,1160,1160,21,2,0,0,0,1,22.0,24.0,46.0,52.517211901106805,293.2807437885879,146.16593457817302,0.0,3.7414460338507993,6.350082809477598,0.8203720440052261,3.812881962809279,1.531581655587037,10.039701325552803,80.11625536433556,52.517211901106805,0.6555125631156907,2.387145995504855,0.6380276432981016,0.7647293162820572
Track_6548,1172,1172,56,2,0,0,0,1,57.0,24.0,81.0,52.007196582033494,271.77705766372964,179.8560639654201,0.0,1.988229218792151,6.116937851034141,0.3264512822899973,1.7786866788095541,1.2206733327244845,20.725356101989746,114.2359531201184,52.007196582033494,0.45526119546048915,0.9124069575795349,0.4589043099033732,1.1404448037592438
Track_6565,1189,1189,29,1,0,0,0,1,29.0,26.0,55.0,54.15731190743222,313.2502351703617,88.02275271163286,0.0,3.5216623243241947,7.04352625414176,1.3873042188939608,2.952609776217973,1.753193981773012,11.745845794677734,102.30587201107481,54.15731190743222,0.5293666027456331,1.8674935140493867,0.5302875012037839,1.2074612575472958
Track_6567,1191,1191,25,1,0,0,0,1,25.0,26.0,51.0,61.649244245434645,219.40323277494076,118.34043625191097,0.0,3.610730718796187,6.971262841967061,0.4804539766576238,3.4781246224811766,1.505625871690116,21.528732261657716,90.68263034298911,61.649244245434645,0.6798352012095212,2.4659697698173857,0.6829558784266075,0.8031000983006613
Track_6570,1194,1194,23,0,0,0,0,0,22.0,26.0,48.0,44.02949940586678,336.6827544679891,146.66207211241445,0.0,2.84286050249108,4.974518558731121,0.9813736765289314,2.7056214689761964,1.1836104818851048,19.109396312547766,62.54293105480375,44.42006007876302,0.7039884230447334,2.0013408820848535,0.7039884230447333,0.9799636006032124
Track_6572,1196,1196,27,2,0,0,0,1,28.0,26.0,54.0,51.8872446385711,27.087019450933553,146.23385605055876,0.0,2.94836967660109,5.54936942475872,0.4438175468728462,2.534372183513469,1.3404893668327562,17.40449188373707,84.37730332538652,51.8872446385711,0.6149431493262695,1.8531158799489678,0.6285222286254343,1.1191182961991735
Track_6575,1199,1199,34,3,0,0,0,1,36.0,26.0,62.0,43.22313168186652,370.74203958278554,157.86043999434824,0.0,2.5050334021837823,6.110239102466787,0.5591007781542138,2.312356611443067,1.2727641123912306,15.743598881889792,90.0028454986884,43.22313168186652,0.48024183504838636,1.2006425467185144,0.47929203086547467,1.2495466732147429
Track_6576,1200,1200,44,4,0,0,0,1,47.0,26.0,73.0,86.19566004448802,188.94102719144675,155.10714714634767,0.0,2.8232556819573245,7.301625758147073,0.31418364170619645,2.714202273012868,1.5495214502674308,15.449689106507735,129.32694048065125,86.19566004448802,0.6664942333293955,1.8339502137125112,0.6495870088680947,1.017746987861449
Track_6578,1202,1202,26,1,0,0,0,1,26.0,26.0,52.0,40.76625118717138,77.60279748424048,178.20881373234832,0.0,2.7314250321208253,5.372423701129245,0.6402764784791027,2.721848434568562,1.216056250781887,28.24481045282804,70.73519278184523,40.76625118717138,0.5763220482468858,1.5679327379681298,0.5740346960028783,1.2485607291235679
Track_6584,1208,1208,53,2,0,0,0,1,54.0,31.0,85.0,113.29857192915348,276.28908560047245,168.95755467693363,0.0,2.9691450594258315,7.97769555260824,0.2679938828149788,2.9104291711366503,1.5308719590934448,19.237278110576124,158.51872414084175,114.16341803721146,0.7147330546799583,2.0981217023917313,0.7066416966496958,0.9428095664394728
Track_6586,1210,1210,22,0,0,0,0,0,21.0,31.0,52.0,33.43053108362836,92.37663999796834,160.31728400135538,0.0,2.698701940751472,5.417957908021062,0.7358582136870334,2.7601639843498327,1.1305464947524566,13.70082863894376,56.6727407557809,34.69526491004372,0.589887318626253,1.5919300516013504,0.5898873186262528,1.5830904396214287
Track_6591,1215,1215,29,1,0,0,0,1,29.0,28.0,57.0,49.73039429821425,204.60178950480673,163.70343424134015,0.0,2.8650845024415026,7.039250865653575,0.18077389169018812,2.666218204458087,1.4503613960442001,21.73746421419341,80.86591706896662,49.73039429821425,0.614973478329586,1.714841182697043,0.5985307523166346,0.961757917774017
Track_6597,1221,1221,36,1,0,0,0,1,36.0,32.0,68.0,53.02266551242212,363.8316285177438,188.30691519313302,0.0,2.462320203124575,4.991930184997304,0.3368317749153697,2.145030312347663,1.1881539925015354,21.045402500364517,87.97886544363821,53.77619521333269,0.6026750316118814,1.4728518197895033,0.5981560878721296,1.3314046991295023
Track_6599,1223,1223,35,0,0,0,0,0,34.0,31.0,65.0,32.78430136831785,295.775832123124,172.2359126332665,0.0,2.497529059213911,7.138769235183613,0.4410452863891743,2.3579243385390365,1.6289256033468404,19.449194485800607,84.91598801327301,33.73540270977033,0.3860792547475679,0.9642441578917014,0.38607925474756793,1.5244030826470396
Track_6607,1231,1231,30,1,0,0,0,1,30.0,32.0,62.0,39.48465394416086,328.96966643172294,194.8735039272815,0.0,2.829760617563811,8.443450482588739,0.2857094151241219,2.36297857998191,1.7399992902686634,15.27385352452596,86.04845784201794,39.48465394416086,0.45886532930843865,1.3161551314720288,0.4651118272347465,1.095326430748673
Track_6612,1236,1236,35,2,0,0,0,1,36.0,23.0,59.0,45.11486248058775,360.18299632904944,197.88947554061866,0.0,2.2966190936669393,5.1998407820369765,0.4075349507986909,2.014737161216897,1.2398184361584836,25.13185795375279,81.88647054432967,46.4625959115547,0.5509440348410741,1.253190624460771,0.5456675980429305,1.0321523231592244
Track_6619,1243,1243,20,1,0,0,0,1,20.0,28.0,48.0,47.28275597565329,129.39215432196244,27.33832685713805,0.0,3.701854732172861,7.170652416706029,1.7957599501164485,3.5697235694152405,1.4837496486808002,15.10590386390686,72.35837112501515,47.28275597565329,0.6534524650086695,2.3641377987826644,0.6386360270261057,1.1344591888101125
Track_6621,1245,1245,38,1,0,0,0,1,38.0,30.0,68.0,73.0914461991695,198.7015443735778,30.98081446977953,0.0,2.954113285063449,6.779130276310444,0.29998303005265964,3.0340340101370633,1.5065749752566826,21.84635271524128,110.87711744129288,74.8968185857248,0.6592112771859342,1.9234591105044605,0.6511121696753577,1.2844286775214295
Track_6622,1246,1246,29,0,0,0,0,0,28.0,31.0,59.0,46.78485067031952,44.837835401379195,24.343493323782447,0.0,2.93192084212056,5.7426638213648165,0.47385572790995584,2.9731875781510104,1.3184380930913335,18.07401939918255,82.09378357937572,46.78485067031952,0.5698951690426557,1.670887523939983,0.569895169042656,1.3093682567821485
Track_6634,1258,1258,27,1,0,0,0,1,27.0,29.0,56.0,47.212933470201776,313.88707626447444,43.52480908866554,0.0,3.1113176798891997,6.171379169566885,1.2607894574972651,2.697802631635507,1.355765757098405,18.081714206271702,83.27055311932209,47.212933470201776,0.5669823449178758,1.7486271655630288,0.5620214151919392,0.9818793978172917
Track_6649,1273,1273,21,1,0,0,0,1,21.0,30.0,51.0,60.83154007066667,167.7807060425736,61.73374620448381,0.0,3.2760358884644063,6.825405493332722,1.0854606943205833,3.041325906769847,1.5688456679718963,14.031707218715123,69.4567230928611,60.83154007066667,0.8758193211812934,2.8967400033650796,0.8842210836471892,0.52944224127994
Track_6653,1277,1277,25,2,0,0,0,1,26.0,30.0,56.0,51.76682391440706,391.8984248457421,68.42694804672307,0.0,3.5310553861876035,8.255929309304351,0.5586032096899607,3.2777517805609144,1.773608353837965,11.9238232421875,87.91839014235485,52.570893154956295,0.5888054118209826,1.9910316890156563,0.5638630582810897,1.1518278033738445
Track_6658,1282,1282,34,1,0,0,0,1,34.0,28.0,62.0,76.40106927982912,219.80500735181502,72.59027307623724,0.0,2.8132994336056307,5.306001540428038,0.29315227820392564,2.6903429998733595,1.4341459830019905,17.864119740093457,94.70638889482123,76.40106927982912,0.8067150502874565,2.2470902729361506,0.7987383945320726,0.772886576491527
Track_6661,1285,1285,30,2,0,0,0,1,31.0,32.0,63.0,59.794209410590945,300.24485360111225,81.13873655474332,0.0,3.4515572494717235,6.293775483265277,0.415274203490198,3.424506301382315,1.6271528679898548,11.049739599227905,107.73319081986804,59.84565603742791,0.5550212423445994,1.9288454648577724,0.5588333976360934,1.7005649663257192
Track_6663,1287,1287,51,3,0,0,0,1,53.0,28.0,81.0,105.00451352709126,218.17756281451076,67.9430697773306,0.0,3.625294740930088,8.194358033104624,0.6070402248920584,3.3083815347564727,1.9945683493377118,15.264795770832137,186.59983871318624,105.00451352709126,0.5627256392675061,1.9812172363602125,0.5464982512985747,1.1284287756782183
Track_6667,1291,1291,21,1,0,0,0,1,21.0,32.0,53.0,46.72101986153934,149.61764611165881,81.7425582540609,0.0,3.4620990928513913,8.498831321888852,1.0308165167553671,3.1901150301049497,1.9066465383589295,14.671639101845878,71.44105505890275,46.72101986153934,0.6539799814408973,2.2248104695971116,0.6426189458848659,0.9637251889199978
Track_6668,1292,1292,32,2,0,0,0,1,33.0,29.0,62.0,59.24543166924998,347.87459539815796,95.33525907332775,0.0,3.638134828445829,6.557088220066712,1.0757993319473633,3.6921968432009793,1.2633278744349503,15.391455382108688,120.28276046861191,59.24543166924998,0.4925513135750674,1.7953161111893934,0.4934715715185115,1.1253024972350516
Track_6669,1293,1293,25,0,0,0,0,0,24.0,28.0,52.0,74.33468678637078,262.81951662524773,75.5481890220282,0.0,3.861043237103343,6.965989238697245,1.5197342235448597,4.016862989879803,1.5268016436737508,20.333212146759035,92.66503769048023,74.33468678637078,0.8021869805380484,3.0972786160987824,0.8021869805380483,0.7612164457275945
Track_6677,1301,1301,22,1,0,0,0,1,22.0,30.0,52.0,43.69341061075281,20.810028294020878,102.67143140714775,0.0,2.6852271286792773,5.062753552200312,0.8378216604840528,2.4597190725010116,1.23167617608326,22.22870635986328,58.543072190387385,43.69341061075281,0.7463463903748998,1.986064118670582,0.7396261185724811,0.9542067942936908
Track_6679,1303,1303,22,0,0,0,0,0,21.0,30.0,51.0,56.276106133678894,209.96532161220372,100.9202656565275,0.0,3.586288738195809,6.356395011537711,0.42020416222875123,3.0770127316917613,1.928401206215463,17.94350015033375,75.31206350211198,56.276106133678894,0.7472389351289085,2.6798145777942333,0.7472389351289085,1.2351355354051508
Track_6680,1304,1304,22,1,0,0,0,1,22.0,29.0,51.0,58.88910306674554,272.4520411735357,96.72271360996888,0.0,3.3904424387679066,6.891203207255989,0.7003495519651549,2.8165300356426983,1.8022603762664329,24.612784559076484,73.01432760769868,61.19079905410363,0.8065417431925545,2.6767774121247974,0.7895068152513876,0.801527639642679
Track_6691,1315,1315,26,0,0,0,0,0,25.0,28.0,53.0,76.9921985401368,268.86432702432745,115.66645814984379,0.0,4.022718646232475,6.976161165935746,1.3685694839545648,4.111543822169175,1.4573003834756575,15.933520573836107,100.56796615581189,76.9921985401368,0.7655737854025138,3.079687941605472,0.765573785402514,0.6875828087834298
Track_6696,1320,1320,32,1,0,0,0,1,32.0,32.0,64.0,102.81525921633056,89.39973739507842,122.30407808183666,0.0,4.16404736900264,7.56580484602972,1.482583663393997,3.759200877688334,1.7947514591836478,13.527251154184341,132.18429356112222,102.81525921633056,0.7778175186054811,3.21297685051033,0.7715994958241535,0.8178019672647744
Track_6704,1328,1328,56,2,0,0,0,1,57.0,32.0,89.0,113.3843609741512,118.93456583952043,119.52070397939636,0.0,3.4497881565982165,7.978064660576148,0.5340529661943995,3.4573270795839925,1.6469279224680118,11.775502145290375,194.29273059509012,113.3843609741512,0.5835749007534742,1.9891993153359862,0.5766149180874646,1.0326223102924328
Track_6714,1338,1338,37,0,0,0,0,0,36.0,27.0,63.0,55.34138534054879,37.24416160057301,140.14431992618768,0.0,2.8019327326962347,7.798961795190632,0.2190183898901942,2.7197104540498813,1.595099423846791,18.01395878920684,100.86957837706444,56.937693917712856,0.5486429727471948,1.537260703904133,0.5486429727471948,1.2658740999248175
Track_6717,1341,1341,62,4,0,0,0,1,65.0,30.0,95.0,95.43813349784087,247.2893213951758,154.12450796796378,0.0,3.1154074725035947,7.735373107285644,0.5329538143939506,2.76679778024546,1.549577499475311,16.29836635435781,202.68137598538726,105.04409791720681,0.4708776671455086,1.4682789768898594,0.47129596685146463,1.315640174255159
Track_6735,1359,1359,33,2,0,0,0,1,34.0,33.0,67.0,87.09078617644428,141.71139852145265,87.54163600947135,0.0,3.2268132978972424,5.651676104200393,0.5842656687816158,2.9866608141118425,1.3164151270435724,24.452596071994666,108.11660343408636,87.40940652048545,0.8055264724399104,2.5614937110718907,0.7938152829421807,0.8317023250992004
Track_6738,1362,1362,23,1,0,0,0,1,23.0,33.0,56.0,69.23789797136493,33.441991380272,97.14653960179285,0.0,3.6594097096820772,7.713912219788669,0.41464110846041535,3.532681157855372,1.796901128294104,18.84404758785082,84.5609485631513,69.23789797136493,0.818792825149745,3.0103433900593446,0.8226308691520845,0.7266057492717085
Track_6743,1367,1367,25,0,0,0,0,0,24.0,33.0,57.0,56.688187578920804,136.7120226139964,130.32884718593255,0.0,3.613442888247036,6.9813530142240054,0.4149972960058643,3.2768040252304456,2.0810223858821413,13.94419069290161,86.72262931792889,58.74206782237759,0.6536723808396014,2.362007815788367,0.6536723808396017,1.20919277631496
Track_6746,1370,1370,26,1,0,0,0,1,26.0,27.0,53.0,43.970840565810974,167.49843617271864,133.01198904128086,0.0,2.732723630070663,5.04475581468618,0.33441396940613066,2.7685554469869724,1.4449365677244566,19.689000899975117,70.38940811375468,43.970840565810974,0.6246797883958723,1.6911861756081144,0.6188646949140566,1.172219558024256
Track_6753,1377,1377,24,0,0,0,0,0,23.0,33.0,56.0,39.66020554044789,68.89753656260645,170.51973911530723,0.0,2.681564894824083,5.599822340657138,0.3128733632915889,2.6938470035546884,1.40004365027686,20.080991943677265,61.675992580953924,39.66020554044789,0.6430412204293459,1.724356762628169,0.643041220429346,1.3485037507286342
Track_6759,1383,1383,37,1,0,0,0,1,37.0,33.0,70.0,36.193782021370595,295.58804756750277,190.51114337084863,0.0,1.7867704831324422,4.474106274507609,0.14739683266251535,1.6466312417331648,1.076879445846558,11.771091383856696,65.72112698436648,37.496792459366795,0.5507176106395779,0.978210324901908,0.5474739672142879,1.199892088690571
Track_6796,1420,1420,54,0,0,0,0,0,53.0,34.0,87.0,87.63043833614168,203.52696038907237,176.0056756188577,0.0,2.33225586119382,6.432234193737728,0.20678975889588566,2.21243363408,1.187774293595271,25.814090490341187,123.60956064327245,87.63043833614168,0.7089292922012423,1.6534044969083337,0.7089292922012423,0.772319275703218
Track_6799,1423,1423,30,0,0,0,0,0,29.0,34.0,63.0,27.98775710241943,22.7999675558333,16.139649151295185,0.0,2.622120623832838,7.705500726652367,0.4495480275871482,2.427243576794407,1.506532558601787,26.560092147191366,76.04149809115232,28.14069788576561,0.36805899153735766,0.9650950724972217,0.3680589915373577,1.2087657367894313
Track_6814,1438,1438,20,3,0,0,0,1,22.0,29.0,51.0,44.596309430083174,60.72333009873913,88.87534256356234,0.0,2.793449896340489,5.5462609946975165,0.833504299191624,2.617159570692338,1.3736276833899048,11.745775961875916,60.74511963260145,44.596309430083174,0.7341546069842403,2.02710497409469,0.7256636235896924,1.0246709197648025
Track_6822,1446,1446,84,4,0,0,0,1,87.0,34.0,121.0,151.71235076972246,188.56595065072418,158.00681185720697,0.0,2.882519765692205,7.335238608820822,0.2956279767686276,2.8391412580011384,1.5080073315698994,16.033531438736688,250.09105662679994,151.71235076972246,0.6066284529163162,1.7438201237899134,0.6049638044272541,0.9808974959765613
Track_6826,1450,1450,38,0,0,0,0,0,37.0,36.0,73.0,45.11665380353867,54.77838546200104,12.755097860035923,0.0,2.437386819647106,4.774236548867548,0.26145203817745066,2.6374541546229544,1.0210841629763636,23.22979087578623,90.18331232694291,45.11665380353867,0.5002771869808528,1.2193690217172612,0.5002771869808528,1.3490594107935239
Track_6841,1465,1465,20,1,0,0,0,1,20.0,36.0,56.0,50.765734064695195,265.9819002011796,52.597059488013564,0.0,3.7827859848772505,6.836690319427908,2.133281817527034,3.3090569318564156,1.2621336612099063,14.429976677894592,74.48614419073024,50.765734064695195,0.6815460058545084,2.5382867032347596,0.6710098624088896,0.8125479020822799
Track_6868,1492,1492,27,0,0,0,0,0,26.0,35.0,61.0,50.59177211512855,190.31337370717034,148.82504150151925,0.0,2.9426960366976154,6.165979265457086,1.0444347127069535,2.7785642463032705,1.325344517132837,24.307810059300177,76.51009695413802,50.59177211512855,0.6612430793997617,1.9458373890434058,0.6612430793997618,0.9074099070364593
Track_6871,1495,1495,32,1,0,0,0,1,32.0,36.0,68.0,54.32480206949167,42.15666614004738,163.1325967079548,0.0,2.570035943794944,4.401109275955436,0.7096273708516664,2.325291079164608,1.0862829572285229,15.48787696659565,83.48750510199551,54.32480206949167,0.6506938014631509,1.6976500646716146,0.6605549890344512,1.0359760152552215
Track_6880,1504,1504,25,3,0,0,0,1,27.0,35.0,62.0,36.148626243139354,146.9351566149765,187.29206928313744,0.0,2.2813846404598292,5.910268604801346,0.16840065361236264,1.9628224545124322,1.4156291552276874,16.088113880157472,60.08487686154761,36.148626243139354,0.60162603522407,1.3388380090051613,0.5868532580000666,1.0241990540610515
Track_6889,1513,1513,26,0,0,0,0,0,25.0,39.0,64.0,51.893154846279614,26.469555281737946,178.3787720786542,0.0,3.1848498274051087,5.5115995911225255,0.7457220210089066,3.2281969553856666,1.4069511272434712,17.53052095266489,79.62124568512772,51.893154846279614,0.6517501001114409,2.0757261938511844,0.6517501001114407,1.150478028576582
Track_6901,1525,1525,22,0,0,0,0,0,21.0,39.0,60.0,60.73965008525886,59.70626635254505,40.32516469119687,0.0,3.498402924156907,6.76757827191222,0.19221442469957617,3.51510217112882,1.9220560442687527,19.3845908425071,73.46646140729504,60.73965008525886,0.8267670569910907,2.8923642897742314,0.8267670569910905,0.9085345497203496
Track_6910,1534,1534,29,1,0,0,0,1,29.0,39.0,68.0,57.520820830354694,30.534949068550745,70.31983663427273,0.0,3.4169649072037025,7.617599991123102,0.20800643029782193,3.21986304135716,1.8127794239430792,17.248349469283532,97.95347042607844,58.76732366013722,0.5872259612666133,1.9834765803570584,0.5804790608693288,1.1627793713143273
Track_6912,1536,1536,32,0,0,0,0,0,31.0,38.0,69.0,89.42004075578272,215.19626831990254,75.55974518077082,0.0,4.069855833931912,8.427933123464179,0.8650406043888479,3.7673799772644343,1.9167693570367366,19.75784531235695,126.16553085188927,89.42004075578272,0.7087517498004781,2.8845174437349264,0.708751749800478,0.9344032226487985
Track_6920,1544,1544,29,1,0,0,0,1,29.0,38.0,67.0,62.72089125669255,390.508746329869,80.0667793103889,0.0,2.908759510026388,7.048898843826933,0.8344790417379874,2.7684356953100853,1.5206584202002618,17.318565894817485,83.19534342872024,62.72089125669255,0.7538990605938216,2.1627893536790537,0.7435435436391347,0.8370413764807496
Track_6924,1548,1548,35,1,0,0,0,1,35.0,39.0,74.0,31.144855395245386,123.18662921898485,94.20812766175403,0.0,2.1453704169539933,8.178523861368745,0.10105643450811051,1.8315645461304608,1.9882514917415854,11.225399684906005,76.73555350678909,34.61350018546182,0.40587255805081124,0.8898530112927253,0.4147782612552953,1.5541665274168943
Track_6928,1552,1552,23,0,0,0,0,0,22.0,38.0,60.0,52.399739893231995,242.52086642938647,89.898255771226,0.0,3.9069866260165327,9.18663644838296,1.349415728155038,3.3559903501712287,2.01122021816773,9.765675316686215,85.95370577236368,52.399739893231995,0.6096274665807353,2.3818063587832725,0.6096274665807351,1.1198088888350526
Track_6933,1557,1557,31,0,0,0,0,0,30.0,39.0,69.0,82.95639234334253,257.5207311243273,106.26138698929229,0.0,3.5858962931375604,8.444807623097269,0.5630619755592886,3.168470387087364,1.8584842180690098,16.0631687718053,107.57688879412679,82.95639234334253,0.7711358199073663,2.7652130781114175,0.7711358199073661,0.7807779982745411
Track_6940,1564,1564,56,1,0,0,0,1,56.0,38.0,94.0,104.61600714858255,56.61553180948067,102.02159785476344,0.0,3.527029339269661,6.782702391319814,0.48888666612737264,3.419837483414457,1.5604658375237341,15.351851063115257,195.2612952695843,105.48800475777725,0.5357744196265122,1.868142984796117,0.5296647135866899,1.164941711462757
Track_6945,1569,1569,38,1,0,0,0,1,38.0,39.0,77.0,77.9673851334662,49.58869833174647,119.44366910596541,0.0,3.1838519105209446,7.696583416143688,0.3555351576657954,2.9393265229123102,1.3795436595050314,22.193646079615544,120.09163303664963,77.9673851334662,0.649232449938224,2.0517732929859527,0.6444311326811176,0.895797547248629
Track_6949,1573,1573,34,5,0,0,0,1,38.0,39.0,77.0,75.75443131670876,127.0279780307838,118.92634480194414,0.0,2.9510762858438766,6.391317349867886,0.8711272156137637,2.5876535759885217,1.4726545731194864,11.864899663364186,109.17313745792745,75.75443131670876,0.69389259190158,1.993537666229178,0.6755290182744682,0.9204614862582087
Track_6953,1577,1577,31,0,0,0,0,0,30.0,39.0,69.0,62.552397202923665,253.20595668424272,133.5755220482655,0.0,3.17832081891091,5.979455260522044,0.624390983911661,3.3182038462350008,1.360005948776099,21.95830774307251,95.3496245673273,62.552397202923665,0.6560319192316778,2.0850799067641224,0.6560319192316779,1.2157980426400483
Track_6956,1580,1580,41,0,0,0,0,0,40.0,38.0,78.0,66.70579171694678,389.63916568441687,156.69270588021476,0.0,2.5386854344508727,5.4784870589167625,0.4719928436738933,2.325615382637698,1.338151125196235,18.302218332523253,101.54741737803491,66.70579171694678,0.6568930401116778,1.6676447929236695,0.6568930401116779,1.1855199790686812
Track_6962,1586,1586,28,2,0,0,0,1,29.0,37.0,66.0,40.15565549672758,279.58860486514385,156.7950558203534,0.0,2.941189975838473,6.446785789413832,0.5433205498201904,2.9371581373733897,1.4882194742367236,11.55775351183755,84.648480104933,40.15565549672758,0.4743812936386965,1.384677775749227,0.47078828199612766,1.290757952430077
Track_6966,1590,1590,57,1,0,0,0,1,57.0,39.0,96.0,46.97538647254845,142.64434900873698,166.9060202840565,0.0,1.4608792031649027,5.564843506874616,0.07251354008985539,0.5595551157873536,1.604849419188289,20.332795092934056,82.77791132698194,46.97538647254845,0.5674869747195053,0.8241295872376921,0.5641326027862313,1.4998731083385475
Track_6974,1598,1598,44,2,0,0,0,1,45.0,37.0,82.0,104.04109516530471,137.91010249804924,143.8247509194763,0.0,3.3804579355026894,8.478145109486897,0.3593036986152754,3.3731993968291296,1.8078746080237902,16.348890683867715,146.63356805060604,104.04109516530471,0.7095312250016186,2.3120243370067715,0.6839382063374094,0.9156180582020641
Track_7001,1625,1625,29,0,0,0,0,0,28.0,44.0,72.0,41.30762988344066,206.19498951384605,189.61056449597578,0.0,2.5410179377145257,6.827344848651672,0.42881892872327404,2.4634846073593337,1.5197028990139305,16.70227705199143,71.1485022560067,41.30762988344066,0.5805832670209622,1.4752724958371666,0.580583267020962,1.4244983090260492
Track_7006,1630,1630,58,3,0,0,0,1,60.0,42.0,102.0,79.84822815530876,100.25336204120518,181.63300104277585,0.0,2.382885214874679,5.396096811264703,0.4571935129327392,2.3768553917208086,1.3074970147074285,20.594082807672436,144.84046834776672,79.84822815530876,0.5512839682594132,1.3308038025884794,0.5584842250399666,1.0837862836207761
Track_7022,1646,1646,20,1,0,0,0,1,20.0,43.0,63.0,45.93581466318844,212.33717396070696,26.71691387196073,0.0,3.066075112704628,6.617680497569934,0.7764996998230543,2.386200613546956,1.7489750732116014,13.533570599555969,59.27795439119365,45.93581466318844,0.774922399650361,2.2967907331594217,0.7490979994724886,0.9380547468494039
Track_7027,1651,1651,38,1,0,0,0,1,38.0,43.0,81.0,67.09693026926969,190.08867970066652,30.271731907063344,0.0,2.9267082281961163,6.190034978914842,0.6956189507340486,2.8795280226992634,1.353158163424183,15.740691749673141,110.15782415438875,67.09693026926969,0.6090981805816333,1.765708691296571,0.6033087529141468,1.275827454054192
Track_7045,1669,1669,22,0,0,0,0,0,21.0,40.0,61.0,63.79096455219278,50.99697544436115,71.24030357296257,0.0,3.82035194749008,7.153547887563315,0.6384202128846395,3.547905234314639,1.9591032955328505,21.791168863123115,80.22739089729167,63.79096455219278,0.7951269988807058,3.037664978675847,0.7951269988807058,0.7212081699085677
Track_7056,1680,1680,20,2,0,0,0,1,21.0,42.0,63.0,56.218087010997195,181.6263373303126,78.05563991171451,0.0,3.888834914493274,6.584756852840103,1.1748398503409643,3.9661331807338938,1.3513891660637194,13.593653798103333,81.575199156876,56.218087010997195,0.6891566014185888,2.677051762428438,0.6883942932242638,0.9307729907249658
Track_7059,1683,1683,32,0,0,0,0,0,31.0,43.0,74.0,57.701675194202814,109.41436296089144,76.54616274622502,0.0,3.1286284199791936,6.478824770888603,0.9153793782909899,2.9992998557013633,1.3896632406826877,20.061813235282898,96.98748101935503,57.701675194202814,0.5949394147342351,1.8613443611033165,0.5949394147342352,1.2438355910993444
Track_7065,1689,1689,25,0,0,0,0,0,24.0,40.0,64.0,70.42018849934385,262.0115594035514,87.88591825216145,0.0,3.735286064813808,8.08068016718035,0.8149998466070945,3.5606286393952713,2.0122633919644177,15.822099361419678,89.64686555553139,73.42410179364215,0.7855287305691948,2.934174520805994,0.7855287305691949,0.7901248544894455
Track_7068,1692,1692,46,2,0,0,0,1,47.0,41.0,88.0,98.90048301530183,90.76227093077587,89.85013746382799,0.0,3.4524684021202123,8.606435813095807,0.7202059417294527,3.39715669313935,1.7845443122683264,14.041969755421514,161.00088655464936,98.90048301530183,0.6142853317874839,2.1042655960702517,0.6094959753369475,0.9684884132790792
Track_7071,1695,1695,34,1,0,0,0,1,34.0,41.0,75.0,64.03657973235873,334.12848879885996,96.09695605984128,0.0,3.3514318342925016,7.367575581702306,0.5460644415017728,3.530132537943879,1.5192338367797582,17.321075860191794,111.14331497315436,64.03657973235873,0.5761622257517348,1.8834288156576098,0.5619773603586384,1.1617404679351089
Track_7079,1703,1703,23,0,0,0,0,0,22.0,41.0,63.0,45.6856389165934,271.54118852685093,116.69293820955114,0.0,3.479605922351769,9.375077329301002,0.9911863030249454,3.1287064402107134,1.9128203985533831,21.497240854346234,76.55133029173892,45.6856389165934,0.5967974526697883,2.0766199507542455,0.5967974526697885,1.1581986303682636
Track_7085,1709,1709,50,1,0,0,0,1,50.0,44.0,94.0,52.66122924804965,34.9189622021677,125.30579303252419,0.0,2.537968694852515,8.791285063131205,0.09165179027679407,2.3403240711493933,2.011969947270621,15.829501943588257,126.74579147408082,53.84571181669339,0.41548700462230914,1.053224584960993,0.41498722466401317,1.662625596560144
Track_7091,1715,1715,21,0,0,0,0,0,20.0,42.0,62.0,41.518395478581915,142.4732417881018,137.03985135984317,0.0,3.002797463882128,6.394642469380317,0.6228027988108007,2.9802141490601968,1.6170833439321246,19.20563809076945,60.05594927764255,41.518395478581915,0.6913286023777542,2.0759197739290958,0.691328602377754,1.3816952930260396
Track_7098,1722,1722,31,0,0,0,0,0,30.0,41.0,71.0,83.84465897835538,281.1993457880192,150.16953798939159,0.0,3.2425565673320573,4.980009227246414,0.9087000137976741,3.110577927754196,1.1268364744908599,24.42144933823616,97.2766970199617,83.84465897835538,0.861919262751592,2.7948219659451796,0.8619192627515919,0.8254394768595774
Track_7100,1724,1724,27,0,0,0,0,0,26.0,40.0,66.0,66.43740718581385,286.88304992182685,148.48130438322482,0.0,3.2778953122588756,5.6670804444551575,0.19932492635651006,3.303333076617799,1.302236898890786,20.85483980178833,85.22527811873077,66.43740718581385,0.7795504884508235,2.555284891762071,0.7795504884508235,0.7651045728373181
Track_7104,1728,1728,30,1,0,0,0,1,30.0,42.0,72.0,43.162911841293216,320.84639322311983,161.1951736239702,0.0,2.8203938952998207,6.439765132895471,0.300068992387313,2.6784263477416532,1.5382861479379457,22.76467391649882,82.64966765122016,43.162911841293216,0.5222393878634792,1.4387637280431071,0.510128649207759,1.2105248971214901
Track_7110,1734,1734,24,1,0,0,0,1,24.0,44.0,68.0,31.38397466761151,383.6131348379602,164.06736094763806,0.0,2.91334816158583,7.202372670157099,0.4262897616297769,2.390627770752686,1.6818509830751065,11.365684906641642,68.54341389184314,31.38397466761151,0.4578700255159933,1.3076656111504796,0.44885318836684274,1.303435346514847
Track_7114,1738,1738,55,1,0,0,0,1,55.0,40.0,95.0,75.62127067699947,356.5102625653573,181.0162148829249,0.0,2.437189822277727,6.384081132116577,0.30235486793081656,2.3236058203162173,1.1977118256893688,27.040834088758988,133.69991894152224,76.20580407056316,0.5656044616607042,1.3749321941272632,0.5641465353085594,1.2921049664529158
Track_7117,1741,1741,47,3,0,0,0,1,49.0,40.0,89.0,57.75350934017084,300.69943046776734,184.41965373650288,0.0,2.179860468428879,5.362998305208467,0.38354839195460294,1.946645358495438,1.1926750332173257,14.202518797935323,103.45629499587415,57.75350934017084,0.5582406497591477,1.1786430477585885,0.5406965559626338,1.3474923994761234
Track_7119,1743,1743,30,1,0,0,0,1,30.0,43.0,73.0,60.76782164215532,82.36440728541375,176.7542703638889,0.0,3.074931166628706,4.956709708930122,0.6429466536755449,3.1349003332172103,1.0824738991422578,20.81017436981201,93.56287054538922,60.76782164215532,0.649486503438088,2.0255940547385105,0.6587445197868712,0.8984896156996633
Track_7136,1760,1760,49,1,0,0,0,1,49.0,46.0,95.0,115.64490956138947,356.5130538940534,84.58218696220115,0.0,2.898554001319307,6.150562011761235,0.8474800799344103,2.9085272921107665,1.1532577598614855,25.168689104975485,141.88774493777595,115.64490956138947,0.8150450880173258,2.3601001951303973,0.8142336468653587,0.8597054014766703
Track_7139,1763,1763,31,0,0,0,0,0,30.0,46.0,76.0,64.80398814073521,171.99349363972976,131.68801363085205,0.0,3.3370193327471513,7.074332214193139,1.2790794417014089,3.314957324455721,1.4425517041235212,15.527877961435626,100.11057998241454,64.80398814073521,0.6473240705639575,2.1601329380245073,0.6473240705639575,0.9952463446753032
Track_7148,1772,1772,29,0,0,0,0,0,28.0,46.0,74.0,38.01811992763379,48.21424271816825,132.0688279595088,0.0,2.362701297287302,6.08126433529023,0.879531991517022,2.189295042192318,1.1450117278877385,25.122756546941297,66.15563632404447,38.01811992763379,0.5746769593661363,1.3577899974154926,0.5746769593661364,1.0223530640755965
Track_7153,1777,1777,35,2,0,0,0,1,36.0,46.0,82.0,63.697238986823706,97.44387900365417,133.73788596457052,0.0,2.787221412184258,4.741835287190829,0.9740227046108378,2.9129730803090776,1.0365624437426646,15.597852039337159,100.7913783727995,63.697238986823706,0.6319711072034871,1.769367749633992,0.6348142066860034,1.0646966614730162
Track_7158,1782,1782,53,3,0,0,0,1,55.0,46.0,101.0,66.61915761242732,378.0148256219532,153.9188952297185,0.0,2.6961587780930683,6.9311136648198906,0.1396393400046929,2.4477039195158614,1.5463018917638798,18.790162860222583,143.0617933520005,68.05473801652956,0.46566701039817315,1.211257411135042,0.4492529968846037,1.389783713783909
Track_7165,1789,1789,28,0,0,0,0,0,27.0,46.0,73.0,43.40428443220706,225.29812995513512,168.46215307471698,0.0,2.796977768152132,7.162251962014977,0.20287889220041092,2.502294228571095,1.653009139439161,17.910349471228464,75.51839974010757,43.40428443220706,0.5747511147161556,1.6075660900817428,0.5747511147161555,1.083123790769028
Track_7170,1794,1794,25,2,0,0,0,1,26.0,41.0,67.0,31.066480853186302,150.63565180028334,182.02622657322812,0.0,2.0211910700185154,4.019687035448865,0.15819281098158317,1.951897856088358,1.174831029437171,21.46142038345337,55.77336899037989,31.066480853186302,0.5570128076456136,1.1948646481994731,0.5911685767484256,1.4152106828749749
Track_7179,1803,1803,30,1,0,0,0,1,30.0,45.0,75.0,57.83288437978241,34.28010962118083,32.68851100525361,0.0,3.3216868824712886,7.292565770108944,0.5495907855194242,2.486778364545573,1.856551306214874,16.42680074373881,97.50296297991058,57.83288437978241,0.593139763267484,1.9277628126594137,0.580356572087609,1.1420110762419933
Track_7189,1813,1813,22,1,0,0,0,1,22.0,45.0,67.0,58.89076360461597,253.2072782891124,52.01059478312873,0.0,3.334536996156509,5.654863754002957,1.0827256157197926,3.354700986756507,1.3358628977238378,14.779701319607822,72.2793370425944,58.89076360461597,0.8147662390692859,2.676852891118908,0.8027659894625047,0.7942952135624812
Track_7196,1820,1820,22,0,0,0,0,0,21.0,45.0,66.0,61.361432077879435,232.65715297302032,67.43795730339835,0.0,3.5281005277013273,7.65076363414508,0.4022257341162053,3.605566422931372,1.9599369403906108,16.517446062781595,74.09011108172787,61.361432077879435,0.8282000280738196,2.9219729560894967,0.8282000280738195,0.8420259103948446
Track_7237,1861,1861,27,0,0,0,0,0,26.0,47.0,73.0,39.057792969542334,232.39112358824306,120.32278367821664,0.0,3.437442479468206,6.9332997077761025,0.8380184382700859,3.789881252062804,1.7374199374566404,21.580001124629266,89.37350446617334,39.20281027085668,0.43701758371045163,1.502222806520859,0.4370175837104516,1.3611131948766566
Track_7239,1863,1863,32,0,0,0,0,0,31.0,47.0,78.0,63.0933582883715,149.75471036467468,137.62323362944124,0.0,2.8955850429339636,5.796749301709397,0.6207113909084759,2.7437909168391705,1.3851642333415526,15.447317123413086,89.7631363309529,64.21238021125774,0.7028871858459684,2.035269622205532,0.7028871858459687,1.0292910343723618
Track_7245,1869,1869,31,2,0,0,0,1,32.0,47.0,79.0,31.819747182256908,237.06035195278733,155.25358678688787,0.0,2.6551023027795235,6.785637477109147,0.7440999661411057,2.4569557093798196,1.3848827374606827,18.214803434187367,83.89363454060957,31.819747182256908,0.3792867880441422,0.9943670994455284,0.374511783747302,1.4547771322058012
Track_7248,1872,1872,24,1,0,0,0,1,24.0,47.0,71.0,38.499587051150876,162.35388659473588,159.26845370112207,0.0,2.4211870446066355,5.652344687721172,0.24032254613901505,2.143553671891392,1.3248099147428507,18.422463138898213,57.63198640602157,38.499587051150876,0.6680246413843601,1.6041494604646198,0.6625466892522722,1.0915541566125944
Track_7274,1898,1898,21,1,0,0,0,1,21.0,49.0,70.0,37.58175018594727,45.05143365856496,98.00277196013373,0.0,3.209038423084883,7.6768932923684785,0.9683208851223747,3.231733421875166,1.7511242797334505,22.16638655889602,65.21474232826147,37.58175018594727,0.5762769098554092,1.7896071517117749,0.5576770719969772,1.3074253475363082
Track_7287,1911,1911,26,1,0,0,0,1,26.0,48.0,74.0,46.63767343244258,207.95669440687792,137.4750918288595,0.0,2.796988660366803,5.383391239736657,0.32314353208885904,2.623009392102087,1.4727713941179716,22.866241968595066,72.32685594597352,46.63767343244258,0.6448182051115265,1.7937566704785608,0.6413171050337129,1.0765841932909763
Track_7288,1912,1912,31,0,0,0,0,0,30.0,48.0,78.0,59.44571833377202,335.9532549267891,143.50791767011302,0.0,2.9405950960650475,6.382100147209433,0.3199971131368579,2.369787655642699,1.848655830474182,19.390276878110825,88.21785288195143,59.44571833377202,0.6738513395164946,1.9815239444590673,0.6738513395164946,1.2186598996109452
Track_7301,1925,1925,35,1,0,0,0,1,35.0,48.0,83.0,52.1260089864524,204.43134784716452,143.89454641555363,0.0,3.2058100902365676,9.50412116466009,0.48427662170982916,2.9655080271291108,1.9389454613514039,9.749551813943045,111.3643018015392,52.1260089864524,0.46806748790420694,1.4893145424700684,0.4645673014149653,1.2127509997648929
Track_7303,1927,1927,47,0,0,0,0,0,46.0,48.0,94.0,94.19776282767302,333.64955999020754,162.91633425825438,0.0,3.0077444203240695,6.078629456831046,0.4036450454419581,2.8902415756444504,1.36039521658878,18.98718563039252,138.3562433349072,94.19776282767302,0.6808349269765622,2.0477774527755,0.6808349269765621,1.1546845912469044
Track_7310,1934,1934,51,1,0,0,0,1,51.0,49.0,100.0,56.77749639633434,358.8079740797587,180.83322392302875,0.0,2.209960852381304,7.178217161404794,0.32725595650075295,1.986012812570358,1.36383972106623,26.014550947675517,111.2702032425994,56.77749639633434,0.510266852596143,1.1132842430653793,0.5037574497601529,1.3377998938102547
Track_7311,1935,1935,43,1,0,0,0,1,43.0,48.0,91.0,62.14409430450305,90.25040670841148,165.38854781463385,0.0,2.2201474004606205,6.65388879661553,0.5664281314751025,1.98432870368997,1.321218462769165,18.488365284232206,95.33496048598091,64.63632334584305,0.6518500032696966,1.4452114954535593,0.6509529480581862,1.1598210315771038
Track_7328,1952,1952,24,1,0,0,0,1,24.0,48.0,72.0,29.4284204661515,377.2754150375915,10.625327129002835,0.0,2.771985235656205,5.4763164359476075,0.40851438781503985,3.0158739829966157,1.2697423246061297,9.623813589413961,67.40570691857596,29.4284204661515,0.43658648223510416,1.2261841860896459,0.4423487435348386,1.428692520565254
Track_7331,1955,1955,28,0,0,0,0,0,27.0,50.0,77.0,44.239798051867965,151.40112876605426,32.35785080736652,0.0,2.918073394235039,7.266521473221096,0.4616669455487613,2.3887003816470074,1.737234788630909,12.654139689036779,78.78798164434606,44.239798051867965,0.5615043960837734,1.6385110389580728,0.5615043960837736,1.3354759387126705
Track_7352,1976,1976,26,0,0,0,0,0,25.0,50.0,75.0,36.10424229098029,24.175086764735024,74.26959061389925,0.0,3.1980619815692055,7.296732158786418,0.4771151371778286,3.0855657001922783,1.8331020956183612,16.96065044403076,79.95154953923013,36.10424229098029,0.4515765172664338,1.4441696916392115,0.4515765172664337,1.6312601522164114
Track_7377,2001,2001,27,2,0,0,0,1,28.0,52.0,80.0,48.29628525294372,78.7955900769043,183.06354588541876,0.0,2.959040309702752,8.49212248461765,0.6504383314350368,2.9055451182072707,1.6156749759233053,24.27300910596494,83.92199417127098,53.370464881720785,0.5754902005114291,1.7248673304622757,0.582914441823047,1.2719134350662333
Track_7384,2008,2008,32,3,0,0,0,1,34.0,51.0,85.0,47.01028515149434,316.3572208786587,14.448452041109672,0.0,3.228243670597329,7.454494749133346,0.40802677340254484,2.8772464475680333,1.6559420838255194,15.587818264961243,110.38483032632412,47.49102310900616,0.42587631844448753,1.3826554456321865,0.42829959157833664,1.1506942720009643
Track_7399,2023,2023,20,2,0,0,0,1,21.0,52.0,73.0,39.093923194362915,116.8524436114681,69.90822152741221,0.0,3.955786503513953,6.272609489005216,1.5719123407952538,3.6230719014231263,1.4699572560988048,12.327018857002258,80.38054919568921,39.093923194362915,0.4863604887693342,1.861615390207758,0.4706056276176866,0.9042600369161844
Track_7415,2039,2039,21,0,0,0,0,0,20.0,51.0,71.0,32.27954202999542,228.51307437457376,116.53077030218085,0.0,3.598180717198372,7.7233304014177095,0.4547207650618312,3.62580523503542,1.8125919873244607,13.45012244724092,71.96361434396744,32.27954202999542,0.44855365206794046,1.613977101499771,0.44855365206794046,1.5668764134350368
Track_7421,2045,2045,69,2,0,0,0,1,70.0,52.0,122.0,129.14850016372782,61.42137936870881,113.64348879185928,0.0,3.061779163724362,7.713832930050688,0.29565788214466754,2.697292302049199,1.7450002611941515,14.757615075595137,214.65374588215897,129.14850016372782,0.6016596618566722,1.8449785737675402,0.6025838165033757,1.2945562019049137
Track_7428,2052,2052,43,1,0,0,0,1,43.0,51.0,94.0,90.44024982744851,234.90817432293727,117.34203130070966,0.0,3.339621997692153,7.42371698953964,0.9970316263492479,3.1897064933243096,1.4863777410377457,10.944662448971771,141.68930525403024,96.78360747484007,0.6382997620413274,2.1032616238941513,0.6297903251768048,0.9068845062621121
Track_7434,2058,2058,50,1,0,0,0,1,50.0,52.0,102.0,82.40000434163372,227.42318980743582,159.82333303634587,0.0,2.8599159721065828,6.11886480976447,0.3819141014902327,2.6333504275663224,1.3232534887934422,21.906277198791503,142.18675480541106,82.40000434163372,0.5795195512718594,1.6480000868326743,0.5762407367580018,1.1603660718187103
Track_7437,2061,2061,36,0,0,0,0,0,35.0,51.0,86.0,31.128379969050997,254.94511886828775,158.49541635682448,0.0,2.072768258871845,5.210763337560676,0.1951312316889243,1.7976040216090756,1.2596001570677362,15.006703760888842,72.54688906051457,35.61070387683661,0.4290794598109567,0.8893822848300285,0.42907945981095674,1.5601506384551853
Track_7461,2085,2085,21,0,0,0,0,0,20.0,53.0,73.0,48.26903603207033,184.95735527793292,31.686263832978398,0.0,3.558734463820984,6.72325001026255,0.28023272485476636,3.8405207544550257,1.8938801242630896,17.346955367497035,71.17468927641968,48.26903603207033,0.6781769828963898,2.4134518016035167,0.6781769828963898,1.3123521697543077
Track_7462,2086,2086,30,3,0,0,0,1,32.0,53.0,85.0,70.8862076936209,28.307434197671917,46.28093807737403,0.0,3.7583542701979975,6.2806703908559784,0.41464110846040825,3.6947423576343574,1.5661699201935773,10.105815505981445,117.24289850866367,70.8862076936209,0.6046098194031152,2.2151939904256532,0.5894053171067751,1.0645747909746468
Track_7465,2089,2089,23,2,0,0,0,1,24.0,53.0,77.0,35.28481799063649,397.49746727048824,58.619816638885844,0.0,2.6293768635427903,4.178478198394049,0.46112801995259717,2.830358032342974,1.0973298264744036,11.6789201238881,65.10997658067215,35.28481799063649,0.5419264426691679,1.4702007496098537,0.5591441721400572,1.2335675305070364
Track_7485,2109,2109,24,2,0,0,0,1,25.0,55.0,80.0,45.08525232236077,376.1703643584503,197.1926072290225,0.0,3.2688436976170605,6.372105584940492,0.8546228119835956,3.294006895177173,1.574459296509968,13.036575317382812,81.51574521213895,45.08525232236077,0.5530864277205538,1.803410092894431,0.5516966425189099,1.322255100538297
Track_7486,2110,2110,30,3,0,0,0,1,32.0,55.0,87.0,42.14827261087898,222.80900709337095,183.47971375811986,0.0,3.0928037445923295,6.766289409152137,0.5946752856142477,3.1068311951268037,1.3281078169318108,12.77404128710429,98.89531311864258,47.317689195008256,0.42619079996556164,1.3171335190899682,0.4258703842404921,1.2105640645522626
Track_7497,2121,2121,20,1,0,0,0,1,20.0,55.0,75.0,54.79962314122788,153.38537483199138,27.88468742404505,0.0,3.499643020335652,6.351563553279761,0.9125462637911558,3.5026951983024945,1.6238652042614858,22.398958444595337,69.73992432817946,54.79962314122788,0.7857711872951557,2.7399811570613943,0.7829316136360107,0.9246926005110107
Track_7501,2125,2125,22,0,0,0,0,0,21.0,56.0,77.0,35.432992169045995,264.30338281786544,27.130431720300137,0.0,3.140561733946087,9.28600523621473,0.13767749419118433,3.396057648140912,1.9340798241699142,12.91348182071339,65.95179641286784,37.41161486601985,0.5372559065295252,1.6872853413831426,0.5372559065295253,1.4247872771297576
Track_7504,2128,2128,23,0,0,0,0,0,22.0,55.0,77.0,51.69818398331238,114.31678031132483,32.85991547183233,0.0,3.61974959427468,7.725357961535607,0.5557290742740035,3.527183866189641,1.6060334468136463,20.20507750303849,79.63449107404294,51.69818398331238,0.6491933744543453,2.3499174537869263,0.6491933744543452,1.1312844552839167
Track_7513,2137,2137,39,2,0,0,0,1,40.0,55.0,95.0,92.92450730327725,136.8954524163997,73.32830387883116,0.0,3.6530196451379586,5.893652747276912,0.8071242718528444,3.5585845688888047,1.0767732322231596,13.293976575900347,143.68287889659783,92.92450730327725,0.6467333339705066,2.3231126825819315,0.6359431123437601,0.890993919824504
Track_7515,2139,2139,30,0,0,0,0,0,29.0,54.0,83.0,53.8664639512088,83.41030169204531,61.30388550850455,0.0,3.9151669374154765,7.768972941637784,1.2524296132092236,3.458438758991545,1.8038551339206068,22.868193435668946,113.5398411850488,55.95829101675242,0.4744278606433533,1.857464274179614,0.4744278606433533,1.2479805184670436
Track_7516,2140,2140,22,3,0,0,0,1,24.0,55.0,79.0,63.22087735211224,115.11897433074768,62.601984911527694,0.0,4.299861331412983,7.541929947387673,1.4467115899852099,4.465697845720038,1.7996014543155021,12.32821739803661,99.06063766383917,63.22087735211224,0.6382038198325692,2.634203223004677,0.6126251569464096,0.8767219841541364
Track_7522,2146,2146,29,0,0,0,0,0,28.0,56.0,84.0,68.03837352219803,277.9867746954546,85.39570162978602,0.0,2.9293765168054673,5.575420576375556,0.5518572492544684,2.4862904270629653,1.4535189767091123,21.50735957047035,82.02254247055308,68.03837352219803,0.8295082238718032,2.4299419115070724,0.8295082238718031,0.7335674664321327
Track_7528,2152,2152,27,0,0,0,0,0,26.0,54.0,80.0,58.414186418680195,79.07734252504206,87.03917107428859,0.0,3.1084475804172658,6.205504406265409,1.0064230396921854,2.682593918557088,1.5137542198273037,15.563498708936903,80.8196370908489,58.414186418680195,0.7227721940030136,2.246699477641546,0.7227721940030135,0.8474248691084039
Track_7534,2158,2158,39,1,0,0,0,1,39.0,54.0,93.0,73.44887425628313,211.5116841095879,90.4582633587354,0.0,3.348073444256191,9.10297795941602,0.9486614324026251,3.2626980600555675,1.5967613406007681,13.776986525608944,130.79287704769095,73.44887425628313,0.5615663170212358,1.8833044681098239,0.5625039293390469,1.143808140097609
Track_7541,2165,2165,28,2,0,0,0,1,29.0,55.0,84.0,54.49530507984233,266.5074562828388,108.75313934408145,0.0,3.0306052888296513,7.574715640021684,0.5650510443126316,3.0177455490273313,1.838346863018896,12.50512249129159,86.21786253196848,54.49530507984233,0.632065136846047,1.879148451029046,0.620057141045487,1.1174864078200188
Track_7557,2181,2181,55,3,0,0,0,1,57.0,54.0,111.0,104.03213025718753,268.5803022572779,145.2589778945451,0.0,3.1428967183488883,7.012038146895905,0.6372873820015448,3.1926112607063377,1.4502421470626448,18.444054213437166,177.59772920879232,104.03213025718753,0.5857739888942072,1.8251250922313602,0.5807143077836119,1.287718508703661
Track_7561,2185,2185,21,0,0,0,0,0,20.0,56.0,76.0,38.22845044677793,86.7530817448769,143.79446692429678,0.0,3.184219557563744,7.693804855475978,0.334492089970896,2.7604023384686664,1.7284330332844593,22.64381506329491,63.68439115127488,38.22845044677793,0.6002797507472543,1.9114225223388963,0.6002797507472541,1.1623523256884596
Track_7572,2196,2196,35,5,0,0,0,1,39.0,55.0,94.0,79.87925533705322,271.2977201549987,167.16381276864564,0.0,3.049321343503385,6.797396975446228,0.40642493212003283,2.803407807243924,1.6578193369635732,17.635773972102573,120.59403363101524,79.87925533705322,0.6623814871427379,2.048186034283416,0.6716858617236587,1.0975039124993404
Track_7575,2199,2199,38,3,0,0,0,1,40.0,54.0,94.0,50.117538666277895,31.50889083457182,168.27385524505925,0.0,2.216574080433412,7.518812532215613,0.25274437930296717,1.9512410642926987,1.8038657274549348,21.986747277410405,90.24972632255839,50.117538666277895,0.5553206719669659,1.2529384666569474,0.565259008357599,1.0916487178788548
Track_7582,2206,2206,24,1,0,0,0,1,24.0,55.0,79.0,43.92708497218729,335.53772136468996,203.39716788265306,0.0,2.9721039856832476,9.15838092859262,0.16599087390098596,2.565511162053375,2.2206208546328607,15.631504356861115,72.3460121581058,43.92708497218729,0.6071804604266029,1.8302952071744703,0.6158247544470452,1.351595758515298
Track_7589,2213,2213,24,0,0,0,0,0,23.0,58.0,81.0,50.378678903979356,34.438121556588705,29.485460586390985,0.0,3.251892086585196,7.147560603331981,0.6162943981178837,2.8758511972805807,1.809270449454155,18.329118470350902,74.79351799145951,50.39728609323559,0.6735701202038922,2.1903773436512766,0.6735701202038923,1.479664218348326
Track_7592,2216,2216,35,1,0,0,0,1,35.0,57.0,92.0,76.57852773272339,171.81869222949547,31.710079582879363,0.0,3.4505060302903114,6.949385561192485,0.9603207087320437,3.3011804530773277,1.4684301298546758,16.42487382888794,120.37743204150723,76.57852773272339,0.6361535250753515,2.1879579352206684,0.634097699297915,1.2369385741223369
Track_7594,2218,2218,24,2,0,0,0,1,25.0,57.0,82.0,71.00883484435067,269.57835942559296,48.59245901236191,0.0,3.831228382630221,7.0993450634634705,0.5092821315164398,4.37001740077807,1.558018217557915,16.02958216269811,95.27335045961216,71.00883484435067,0.745316864598484,2.840353393774027,0.7413688535644182,1.0134267537973698
Track_7604,2228,2228,22,1,0,0,0,1,22.0,57.0,79.0,39.82420572248364,395.48895435656794,89.24298031388001,0.0,3.136825032405126,7.877146231271301,0.3423840799761747,2.9916536377581924,1.7029811393432275,16.915548649701204,66.21570976048383,39.82420572248364,0.6014313803557522,1.8101911692038017,0.5770775068751149,1.2650963769299115
Track_7605,2229,2229,36,0,0,0,0,0,35.0,58.0,93.0,81.0830696346723,42.833510401774696,97.0081524775845,0.0,3.113382523593447,6.298693764671035,0.2735198002368291,2.9818459065764262,1.601493980012486,19.10919283496009,108.96838832577065,81.0830696346723,0.7440971724044159,2.3166591324192085,0.7440971724044159,1.0862039646092865
Track_7611,2235,2235,75,3,0,0,0,1,77.0,58.0,135.0,165.6510112005333,290.94754047376966,119.53535903406576,0.0,3.0960921627713387,6.55972708963328,0.37054581852070767,2.7973535134672733,1.5512806221663262,16.267010656992593,236.5965017295154,168.0156710765885,0.7001414221665491,2.1513118337731596,0.6948474789095108,1.146142902979521
Track_7614,2238,2238,41,4,0,0,0,1,44.0,58.0,102.0,49.00668344003663,38.21706102714965,100.66581017340515,0.0,2.934629268981139,5.802964558089478,0.5213037389620077,2.9955110746606946,1.457140473640265,15.473366911818342,130.91155972763428,49.00668344003663,0.37434954974179985,1.1137882600008326,0.3795328669871557,1.1922050016654977
Track_7626,2250,2250,55,3,0,0,0,1,57.0,57.0,114.0,113.54926126462469,80.45864787648105,154.75791909176692,0.0,3.157212158442914,7.966098567997874,0.36359059881946654,3.342371858070504,1.70577031255019,13.969737313010476,175.70737508169057,113.54926126462469,0.6462407238844295,1.9920923028881525,0.6309656123554966,1.104243545810951
Track_7630,2254,2254,62,0,0,0,0,0,61.0,57.0,118.0,57.491604998713896,67.1268988047269,177.58898344474503,0.0,1.7695232494541426,3.6347658052217464,0.25349279652891066,1.772039452669292,0.809964438981842,28.395063484868697,107.94091821670271,57.491604998713896,0.5326210481487055,0.9424853278477688,0.5326210481487056,1.3375435312523754
Track_7672,2296,2296,33,1,0,0,0,1,33.0,62.0,95.0,84.47981979943282,44.97463487246606,69.36737581041112,0.0,3.584223693288104,6.754195135937817,1.670293004796934,3.4654496594802593,1.3328975531497955,21.874859029596504,117.72006185477103,84.47981979943282,0.7176331584301573,2.5599945393767523,0.7142396118218443,0.7483166592020967
Track_7677,2301,2301,26,0,0,0,0,0,25.0,62.0,87.0,57.51591571477827,251.42538234278996,73.51478985049002,0.0,3.6449099699863114,8.01372852683639,0.15408380817808917,3.6079757401579156,1.732591195011678,18.367092517706062,91.12274924965777,57.51591571477827,0.6311916199674394,2.3006366285911306,0.6311916199674393,0.8169794976138056
Track_7683,2307,2307,28,2,0,0,0,1,29.0,62.0,91.0,59.526393040840475,290.84473450545096,84.21515741635619,0.0,3.1451144636613453,4.643811630847034,0.41961289084459746,3.4920646428628577,1.1549285602506152,18.92057522705623,90.08453696039157,60.07304476683105,0.6607836932881509,2.0526342427876028,0.6526421427594259,0.9536912014117417
Track_7688,2312,2312,49,2,0,0,0,1,50.0,59.0,109.0,126.41035612755341,280.01886064914703,101.72860259904574,0.0,3.5085380851862444,7.629881100009375,0.3689320581270602,3.595956783870101,1.8338546464959098,14.583445626862195,174.04896990484497,126.41035612755341,0.7262918947274651,2.528207122551068,0.7205870539714728,1.0322698743341607
Track_7694,2318,2318,24,2,0,0,0,1,25.0,60.0,85.0,64.21183436182083,62.30276782030068,84.82290115483484,0.0,3.740903667785099,6.295760903076424,1.7839244074769234,3.6445850917072575,1.1751781602925087,12.018811484177908,94.26599813011181,64.21183436182083,0.6811770483052824,2.568473374472833,0.6865916908236147,1.053499536750459
Track_7704,2328,2328,19,2,0,0,0,1,20.0,61.0,81.0,33.33509242428173,33.2097664305144,109.43443575234359,0.0,2.7187379103190232,6.934933682919602,0.41330940394298415,2.506928206275962,1.4318424188428105,17.254073469262373,52.86739129193709,33.33509242428173,0.6305416554450973,1.6667546212140867,0.613061897172172,1.0993258229494014
Track_7707,2331,2331,27,0,0,0,0,0,26.0,60.0,86.0,38.75086635499174,189.19735422115906,119.74262307636657,0.0,2.8555955224391205,9.28011071857459,0.6142805853602206,2.794458760034603,1.778290850513696,13.519404729207357,74.24548358341711,39.670487122045365,0.5219289374208728,1.4904179367304518,0.5219289374208727,1.3466979581406684
Track_7736,2360,2360,23,0,0,0,0,0,22.0,61.0,83.0,37.47045515245808,23.169216375610432,165.1471308698545,0.0,2.544107992934157,5.953705022470182,0.5687888823926369,2.2110387408601206,1.4024929694374066,20.226383250692617,55.970375844551455,37.47045515245808,0.6694694217620787,1.7032025069299126,0.6694694217620787,1.2317939239955027
Track_7784,2408,2408,40,2,0,0,0,1,41.0,65.0,106.0,105.93139955689325,146.83109264357347,79.21213191120889,0.0,3.4642485838142205,5.864372217354091,0.37087140382346345,3.5970364414498284,1.5349924666852872,16.510851895809175,140.2971300507344,105.93139955689325,0.7550503671642194,2.583692672119348,0.745816187727106,0.7610324856506376
Track_7786,2410,2410,21,0,0,0,0,0,20.0,63.0,83.0,48.54696609809281,109.8846649617304,75.90056732743457,0.0,3.9512012115153654,7.612526782244508,1.0317990903430185,4.2699698702137505,2.095340955866084,14.527491206214542,79.0240242303073,48.83574610944803,0.6143317373537915,2.4273483049046405,0.6143317373537915,1.143014269096533
Track_7793,2417,2417,20,2,0,0,0,1,21.0,63.0,84.0,41.15541941812311,252.96930048738045,89.3297116337681,0.0,2.9789756350461722,5.446897366365516,0.32971726404088303,3.1120284528134468,1.487061146413442,12.595073533058166,62.17172112684758,41.680483550583894,0.661963649585229,1.9597818770534814,0.6578710661469059,1.1136769485058564
Track_7797,2421,2421,26,0,0,0,0,0,25.0,60.0,85.0,51.75554323697165,310.68064539370715,102.06827656134259,0.0,3.396194519043815,8.12157599769547,1.2057513957349848,3.1263722655147617,1.523167861110321,14.539432250536406,84.90486297609536,51.75554323697165,0.6095710118694052,2.070221729478866,0.6095710118694051,1.2597300389825656
Track_7814,2438,2438,58,0,0,0,0,0,57.0,63.0,120.0,75.70336831595806,334.34748082421595,163.86336425974054,0.0,2.0413330555888805,4.375673443666533,0.2461666328136795,1.9861805363395593,1.0557690090081082,18.82912718838659,116.35598416856617,75.70336831595806,0.6506186068288999,1.3281292687010187,0.6506186068288999,1.1665444710506745
Track_7817,2441,2441,23,1,0,0,0,1,23.0,65.0,88.0,33.60643731621064,21.06475516643378,140.9907747219241,0.0,3.027192701614606,6.213046892648025,0.8473181365039809,2.9119127194043104,1.658198969865173,14.789967661318572,69.94801446684279,33.60643731621064,0.48044876716466306,1.4611494485308973,0.4826747394546663,1.3814599745757914
Track_7818,2442,2442,37,0,0,0,0,0,36.0,65.0,101.0,75.9728611855098,65.75919018994853,144.87324513154826,0.0,3.3548256127398504,7.359441165636246,0.8792580756251227,3.383457872148555,1.5257865044532843,13.489592255772772,120.77372205863463,75.9728611855098,0.6290512529590304,2.11035725515305,0.6290512529590304,1.3317055984869657
Track_7820,2444,2444,38,1,0,0,0,1,38.0,59.0,97.0,81.08708418437912,303.60699561901293,147.78391665191717,0.0,3.084526006056083,7.489496858699817,0.6084271809749289,3.0435225065392917,1.6532952086218553,22.698032705407392,118.70472431476641,81.08708418437912,0.6830990480999095,2.1338706364310296,0.6917985558369227,0.8836871960608126
Track_7823,2447,2447,40,0,0,0,0,0,39.0,63.0,102.0,68.42611889010801,360.8545700343096,165.44573551079634,0.0,2.5397786322372764,5.961553232919475,0.39051307652035316,2.733462077334002,1.3893229288981013,21.418620920181276,99.05136665725375,69.24620575458468,0.690814485446547,1.7545158689771285,0.6908144854465468,1.1915500254705116
Track_7830,2454,2454,32,1,0,0,0,1,32.0,64.0,96.0,41.3378322007349,340.88327302719756,180.85125072617595,0.0,2.875477070983141,7.403279573272233,0.1909819114347881,2.763331261685937,1.855267324674197,15.74918033182621,91.90312046216332,41.94090324703994,0.44979791755551723,1.2918072562729657,0.44924971557199367,1.3676458339415045
Track_7833,2457,2457,26,2,0,0,0,1,27.0,65.0,92.0,34.02001096004074,326.4279653125401,194.61791492177787,0.0,2.7333257700612634,6.918290292787851,0.29789308959044897,2.6772089107298536,1.3544120385639622,11.906466282331026,74.80330941659736,34.02001096004074,0.45479285910433775,1.260000405927435,0.46097703381298527,1.423973467181268
Track_7851,2475,2475,38,1,0,0,0,1,38.0,63.0,101.0,70.43448401176963,364.51578336650687,12.834457509659856,0.0,2.883998301991383,5.3184145608092575,0.9358851619664783,2.85128524754895,1.077489724438334,16.893896855806048,110.08199148077718,70.43448401176963,0.639836571489253,1.853539052941306,0.6426976921801406,1.0053663547208012
Track_7895,2519,2519,39,3,0,0,0,1,41.0,66.0,107.0,71.97615456191463,301.25754233623456,155.13617230607733,0.0,2.9639554692216046,9.476690077260379,0.20536760374882357,2.650683557538668,1.852085501693129,15.064538955688477,124.39198450963231,71.97615456191463,0.5786237340424547,1.755515964924747,0.592288238860006,1.203968142262729
Track_7904,2528,2528,26,1,0,0,0,1,26.0,66.0,92.0,29.857465803499547,300.6902892831765,167.32101943623638,0.0,2.8744896168418403,7.72675292271901,1.2442090106581785,2.9509530733027787,1.3341449933841678,14.10882803109976,73.16236431035068,29.868262374735465,0.4080987005401553,1.1483640693653672,0.39950190205489694,1.301151955275176
Track_7922,2546,2546,24,3,0,0,0,1,26.0,66.0,92.0,48.589191327908665,336.9841630864238,35.187680008938976,0.0,3.7410616780592663,8.736058966183304,0.3225753219732081,3.5275370375777695,2.2086691738787456,10.32121346394221,89.33061867737419,50.023515973471156,0.5439253869201671,1.8688150510734103,0.4995413633604905,1.180328416365745
Track_7931,2555,2555,22,0,0,0,0,0,21.0,66.0,87.0,39.72840135975726,94.97717011230534,110.28158033184542,0.0,3.4863028385674033,6.561934529801501,0.6820473514939936,3.7235884121600304,1.5062349755836673,11.975806279615922,73.21235960991548,39.72840135975726,0.5426460992574901,1.891828636178917,0.5426460992574902,1.4440906347582243
Track_7937,2561,2561,28,1,0,0,0,1,28.0,66.0,94.0,45.41764431788307,343.4004247155484,123.686552986894,0.0,3.3480383169510133,5.974101330718022,0.38429452668636244,3.3365803944461936,1.194059210929549,19.297378523009165,94.42730136741199,58.68841959641351,0.4809800095966446,1.622058725638681,0.4844803350744967,0.8810951935743719
Track_7946,2570,2570,24,0,0,0,0,0,23.0,67.0,90.0,53.79958699746081,291.6428886708928,89.18020860381289,0.0,3.5865745102627944,7.287702168271977,0.8184633009233663,3.3276463203324944,1.499435288385115,18.232192913691204,82.49121373604426,53.79958699746081,0.6521856639133587,2.33911247815047,0.6521856639133587,1.11868951757033
Track_7960,2584,2584,41,1,0,0,0,1,41.0,67.0,108.0,49.65748952864639,396.3883889582553,110.28409812168697,0.0,2.4714856139420758,6.562196162930045,0.3241652683897696,2.137326837019796,1.5221578329217609,17.981910321770645,102.88009068315237,56.27998885164481,0.4826734618807863,1.2111582811864972,0.49005273360854085,1.439608303324276
Track_7971,2595,2595,38,0,0,0,0,0,37.0,68.0,105.0,65.05238439310587,149.5374808789354,136.5533665219084,0.0,2.87828019250893,8.063570702291768,0.16451752409783188,2.895871800596731,1.717235073278584,21.37140955423054,106.49636712283042,65.05238439310587,0.6108413474618901,1.7581725511650235,0.6108413474618902,1.0364813337904755
Track_7973,2597,2597,27,0,0,0,0,0,26.0,68.0,94.0,47.907436962760116,152.3848553737036,138.00424688625674,0.0,3.2233321786783575,7.912272414708469,0.4435360483698248,2.8928537862224117,2.0478786800645636,14.613686455620659,83.8066366456373,49.03541458295511,0.5716425199752246,1.8425937293369274,0.5716425199752246,1.0955464398164554
Track_7975,2599,2599,41,0,0,0,0,0,40.0,68.0,108.0,118.4427290132128,248.46664591483213,144.76510119518653,0.0,3.866627378498576,7.631590457872108,0.20581602730603737,3.9744987032147128,1.4363219111327903,23.508132806638393,154.66509513994305,118.4427290132128,0.7658012876534569,2.9610682253303198,0.7658012876534569,0.914716054881835
Track_7981,2605,2605,22,1,0,0,0,1,22.0,68.0,90.0,35.517449277831936,198.1501864976457,161.78509208800372,0.0,2.787468688708196,5.1413674271755605,0.7141960935828789,2.6320109934411056,1.4212969469707617,23.186850807883523,60.02380555870878,35.517449277831936,0.5917227164660964,1.6144295126287245,0.5791740438802575,0.8802699985845163
Track_7984,2608,2608,46,1,0,0,0,1,46.0,67.0,113.0,88.93128418787641,273.5197868739438,165.9769544240787,0.0,2.8470728765379163,5.085860789659983,0.4464708978845394,2.8433651946511787,1.0600606660597065,20.676140256550003,130.15993919495102,90.45653706675948,0.683246202617511,1.9332887866929656,0.6790443625889457,1.1535098322053332
Track_7985,2609,2609,38,3,0,0,0,1,40.0,67.0,107.0,36.77601433489863,175.09330600246753,180.50013064117888,0.0,2.463250198637881,5.673924032047796,0.7513340345023634,2.4671663271432616,1.223950790876821,15.201510830929404,96.21659839935617,36.77601433489863,0.3822211026652208,0.9194003583724658,0.3732468422740298,1.5515703962711753
Track_7988,2612,2612,91,1,0,0,0,1,91.0,67.0,158.0,129.34097915857092,191.17775901178192,182.3429354563753,0.0,2.221047759637276,5.1444805389739265,0.14811604740768228,2.1173944359075567,1.2043951247956417,27.396481508737082,204.61004353023478,130.0245456766929,0.632134067942068,1.4213294413029771,0.6399364602295168,1.333222779766272
Track_7993,2617,2617,37,0,0,0,0,0,36.0,68.0,104.0,57.02100536288936,360.96751327487385,188.0875658916076,0.0,2.564511695322876,7.372953088317399,0.2103157564956103,2.7673492336287935,1.3735773813410461,23.018839191746068,92.32242103162353,57.02100536288936,0.6176290084870906,1.5839168156358157,0.6176290084870906,1.4901568498313387
Track_8004,2628,2628,21,0,0,0,0,0,20.0,68.0,88.0,54.15501308705334,66.39444362737993,35.880929752722224,0.0,3.51125382238577,6.301040344702184,0.7327538232488227,3.2166014582878306,1.6504610329341585,15.221165634336925,70.22507644771542,54.15501308705334,0.7711634622053177,2.707750654352667,0.771163462205318,1.0022748563905919
Track_8017,2641,2641,29,2,0,0,0,1,30.0,69.0,99.0,58.45086430167027,357.89130398061377,13.802642707926978,0.0,3.844896527975152,7.030042166366172,0.5974716943990194,4.134948874688949,1.6635650358025786,14.26259866254083,113.96717017514798,59.58874448979646,0.5128745779318844,1.948362143389009,0.5067398119072609,0.9869426985961127
Track_8019,2643,2643,23,1,0,0,0,1,23.0,69.0,92.0,43.36914740028313,30.683857270016237,35.28801235825686,0.0,2.8228521983016375,6.007515549435958,0.2944012047904523,3.009222913369695,1.8315355492721888,11.927393477895986,62.670367589610066,43.36914740028313,0.692019993951227,1.8856151043601361,0.6679822292837763,0.9349106309513805
Track_8024,2648,2648,31,1,0,0,0,1,31.0,69.0,100.0,86.3230181831494,85.23398923990115,73.81989514685827,0.0,3.38155824695378,5.529432383009655,0.3881164540313951,3.87077857597509,1.4231096556851615,20.17737894673501,105.58311436007118,86.3230181831494,0.8175835568627112,2.784613489779013,0.8234705086885566,1.0047416481276037
Track_8035,2659,2659,35,1,0,0,0,1,35.0,69.0,104.0,70.89474457893984,260.3714731190437,120.57870228904527,0.0,3.6637148799954,7.528736673804561,0.5381828804778198,3.201892899345485,1.5935056495960556,13.406630284445626,127.16373851977487,71.93518580267401,0.5575075521070435,2.0255641308268526,0.552871660916309,1.1983338395117078
Track_8039,2663,2663,25,1,0,0,0,1,25.0,69.0,94.0,54.32659197881574,320.58188309558625,137.85631240675184,0.0,3.202700316484954,6.677352878847433,0.2899068921421057,2.9656015718251005,1.7892214720244821,15.656984672546386,80.72611055211769,54.32659197881574,0.6729742286263363,2.1730636791526297,0.6785098399520636,1.1624064955983375
Track_8040,2664,2664,24,1,0,0,0,1,24.0,69.0,93.0,40.79092956125539,295.0375041247781,148.19412997051126,0.0,2.807220010596765,5.902543711343322,0.45049113132885116,2.8093654235765877,1.3189656753559178,18.59049077828725,68.29728871402214,40.79092956125539,0.5972554742554602,1.699622065052308,0.6054466905467087,1.0932783778472996
Track_8044,2668,2668,40,0,0,0,0,0,39.0,69.0,108.0,100.99022551878858,59.365836329962974,157.8580215765947,0.0,3.33412865741038,7.250490779956719,0.40894279343257056,3.2686813069321086,1.6346086110993403,16.42276748418808,130.0310176390048,100.99022551878858,0.7766625790714031,2.58949296202022,0.7766625790714029,0.939994604645125
Track_8061,2685,2685,24,3,0,0,0,1,26.0,70.0,96.0,29.415652244069708,314.7765706822161,175.48209413026646,0.0,2.01324396158512,4.45932949467855,0.08711806378292149,1.7608766721243043,1.3049665941446678,9.633064647515615,52.29873748600188,29.66818784070496,0.5624543470469628,1.1313712401565272,0.561964303255998,1.3069917057896405
Track_8064,2688,2688,26,0,0,0,0,0,25.0,70.0,95.0,57.405464006569154,221.8411818500768,180.1611121737983,0.0,2.7560525850368633,4.6554154084922,0.18378740914889485,2.6904303891835166,1.247859737277519,27.620176076889038,68.90131462592159,59.03481297512675,0.8331548435357786,2.296218560262766,0.8331548435357786,0.8386652354431989
Track_8071,2695,2695,22,1,0,0,0,1,22.0,70.0,92.0,59.354682726114596,37.3612297999822,47.599787113125764,0.0,3.43382718299992,7.980682432125874,1.2659806942066247,3.0347819166522183,1.6326658795622737,12.6336350440979,74.75718657250269,59.354682726114596,0.7939662452191123,2.6979401239142997,0.7856947889722505,0.9268543213628101
Track_8080,2704,2704,21,2,0,0,0,1,22.0,70.0,92.0,37.26785646630697,197.78152418563855,99.54117747589059,0.0,2.7792389346497703,6.689266436839445,0.4730079539638694,2.3859745212102137,1.5179393857761407,13.242020357222785,61.77507319344491,37.936598467744766,0.6032830806951037,1.6939934757412258,0.6095170352651585,1.0803723864704435
Track_8091,2715,2715,23,1,0,0,0,1,23.0,70.0,93.0,42.52417699728146,18.375686748473047,136.57083223122137,0.0,3.5867196090038496,9.532309499219247,0.3956347569861669,3.1685991774607722,1.7972338179582366,17.15596412575763,82.07643057554547,42.52417699728146,0.5181046093146192,1.8488772607513677,0.5154786162012988,1.3675864459842484
Track_8092,2716,2716,40,1,0,0,0,1,40.0,70.0,110.0,50.59693544012907,346.7885987205603,152.98863984738867,0.0,2.3598589844639974,5.3680321240943005,0.3303826396701331,2.1635954134774376,1.1059553631588042,12.713098919391632,94.2569541636745,51.678369995615824,0.5367979040811031,1.2649233860032267,0.5360165138386576,1.1802100590428515
Track_8094,2718,2718,25,2,0,0,0,1,26.0,71.0,97.0,27.417158590942666,297.81575202652954,173.68824976245665,0.0,2.4604634500798954,5.918194022196463,0.2488252196355377,1.8917141907936639,1.5214399486177401,9.341519412994385,64.37204120985317,27.6081336428389,0.42591718509535215,1.054506099651641,0.4285802740200833,1.164957204429717
Track_8131,2755,2755,37,1,0,0,0,1,37.0,71.0,108.0,36.21289837742104,404.0928669191033,160.6985810132048,0.0,2.5763265151670995,7.5700384889449115,0.4751298535782951,2.35268269537963,1.4398516305517695,18.449193477630615,94.65463976005462,38.102861342082285,0.38257922135902855,0.9787269831735417,0.3798924466334819,1.5799996258601312
Track_8151,2775,2775,26,1,0,0,0,1,26.0,73.0,99.0,85.74729966273101,105.24676870063053,38.71210627398428,0.0,3.7846371878794076,6.303331507849605,0.6856041329812627,3.9539599763017774,1.3665173533160548,23.377946486839882,98.56988967328697,85.74729966273101,0.8699137226078183,3.2979730639511926,0.8714106267605269,0.4978335595734054
Track_8154,2778,2778,23,0,0,0,0,0,22.0,75.0,97.0,57.43151623553901,259.88713710513593,47.66079921673584,0.0,3.3896553536867353,6.965823993279444,0.9520669828475622,3.198690643453969,1.6130058748666096,13.144974832949432,74.57241778110819,57.43151623553901,0.770144216111073,2.6105234652517733,0.7701442161110732,1.0738923801770865
Track_8162,2786,2786,23,0,0,0,0,0,22.0,72.0,94.0,65.87508054505128,138.93277913171593,68.03947652344283,0.0,3.9653817038910906,7.928155623886488,1.910706702495485,3.3633992859407056,1.4828082561756308,24.388493620831035,87.23839748560397,65.87508054505128,0.7551156651624871,2.994321842956876,0.7551156651624867,0.8125447063386874
Track_8163,2787,2787,30,1,0,0,0,1,30.0,72.0,102.0,61.35231608793881,392.4664168994411,60.22789896710601,0.0,3.4186276307860197,8.843968220664667,0.4723165073922134,3.519019647480186,2.2109283820231402,17.19885803858439,103.64442096813454,61.35231608793881,0.5919500105731843,2.0450772029312936,0.5982158409165739,1.2946861870227306
Track_8197,2821,2821,25,2,0,0,0,1,26.0,76.0,102.0,37.35435489798206,105.06191065442222,96.35565364577164,0.0,2.8635685686401517,6.752053275489836,0.8115610242817741,3.4177224017233976,1.6122474758019545,15.45367364883423,73.15580594717692,39.27412219975864,0.5106136746679307,1.4367059576146948,0.5017187202529452,1.416479238777014
Track_8199,2823,2823,39,1,0,0,0,1,39.0,77.0,116.0,89.99903259964717,284.11626402748396,105.12385285324373,0.0,3.639390021481326,9.343180642624159,0.3764527131427261,3.3536809006908066,1.8683330742674935,12.136389243297089,141.80338132366504,89.99903259964717,0.6346747994268566,2.3076675025550557,0.6340808456730821,0.9422876927723365
Track_8207,2831,2831,36,1,0,0,0,1,36.0,72.0,108.0,88.57111010963679,121.37301949396472,117.3341626645509,0.0,3.2592718902403472,7.366036816451286,0.7149889722596644,3.0767236598726013,1.5479212488954266,24.089490705066257,115.1657508980423,88.57111010963679,0.7690750888955685,2.4603086141565775,0.7548644902942258,0.9850708300211828
Track_8210,2834,2834,36,2,0,0,0,1,37.0,75.0,112.0,81.48138139588471,313.69174452875427,110.34850259849777,0.0,2.9025780167988526,5.661403729280904,0.5497496496456381,2.7172638863152203,1.212021541042184,19.180085076226128,106.12359734756097,81.48138139588471,0.7677970162378536,2.2021994971860734,0.7587046702761151,0.873896720281528
Track_8211,2835,2835,27,1,0,0,0,1,27.0,72.0,99.0,72.04841559988553,241.68648145901832,103.21395783663795,0.0,3.9966860856450466,6.560655282125523,0.6188499701765725,4.310995984166235,1.5860857518153821,13.320201326299596,106.68125460848991,72.04841559988553,0.6753615324856872,2.668459837032797,0.6676681079900525,0.8280375646936493
Track_8216,2840,2840,48,4,0,0,0,1,51.0,74.0,125.0,37.22814827801886,315.9055471718272,126.1449422194205,0.0,1.7077517460495824,5.028062636115333,0.2326649450325668,1.6480328072662636,1.2260439589086434,10.865245342254639,83.48334730763314,37.22814827801886,0.4459350215179378,0.72996369172586,0.4274413382474542,1.5652847653016138
Track_8217,2841,2841,23,2,0,0,0,1,24.0,74.0,98.0,44.26777146077362,76.70120644261485,121.58131475319333,0.0,2.7615805835571,5.311473041675845,0.7438333512485112,2.653181356590476,1.3191668708651516,16.289767244587775,64.11505260474809,44.26777146077362,0.6904427222991211,1.8444904775322344,0.667911155124218,1.2127012759280003
Track_8222,2846,2846,33,0,0,0,0,0,32.0,73.0,105.0,62.552522305858815,245.76652670022852,122.94621201669547,0.0,3.466763599772408,7.259764860712324,0.9438645738021794,3.0792279288148663,1.507759735023232,14.189546122695461,110.93643519271706,62.552522305858815,0.5638591342618279,1.954766322058088,0.5638591342618279,1.2500582625287129
Track_8231,2855,2855,22,1,0,0,0,1,22.0,72.0,94.0,44.3768244772831,174.004637114369,135.3207070212769,0.0,2.96861228514635,7.47761150295975,0.47452794832831574,2.5308493356857564,1.959054962771103,14.907024318521673,64.7127407131064,44.3768244772831,0.6857509663208465,2.01712838533105,0.6794852919742626,1.059998457692777
Track_8240,2864,2864,25,3,0,0,0,1,27.0,77.0,104.0,38.75328576730968,295.4522517268202,154.00516670570573,0.0,2.7353233594278414,6.085828959463859,0.41846652455190725,2.6398123096553454,1.56014421222478,19.79254644393921,75.26676666621015,38.75328576730968,0.5148791091182526,1.4353068802707287,0.5247302390496741,1.1488719543806758
Track_8241,2865,2865,35,0,0,0,0,0,34.0,76.0,110.0,74.90936528724914,162.8282636593601,146.8131554658576,0.0,3.4015059132591237,7.9266238661987956,1.059097477450594,3.1873582431834424,1.6564795489800346,23.755697754451205,115.65120105081016,74.9437127415393,0.6477180055772918,2.2032166260955632,0.6477180055772915,0.8633577173305621
Track_8242,2866,2866,20,1,0,0,0,1,20.0,76.0,96.0,58.220176410066,35.031898106235644,151.66320363573493,0.0,3.650310623008521,7.214824134223154,1.0692610277478993,3.1806262368390708,1.9831022535269396,12.397049069404602,71.17853892575235,58.220176410066,0.8179456517194957,2.9110088205033002,0.7974687968072423,0.818814478486456
Track_8247,2871,2871,65,0,0,0,0,0,64.0,77.0,141.0,91.71273573155047,130.67174110119583,165.75384016086417,0.0,2.462975656384354,5.129409176612088,0.4322663441667881,2.472037946749383,1.192012646509546,18.949717587691087,157.63044200859858,95.92059129480465,0.5818212177984481,1.433011495805476,0.5818212177984478,1.3444958601713253
Track_8250,2874,2874,23,0,0,0,0,0,22.0,76.0,98.0,29.85617474888525,66.43177087533387,160.83464963516772,0.0,2.8990019445739224,5.612645665876556,0.6941832927533824,3.0822140500499935,1.3413776069474028,13.893978720125945,63.778042780626286,31.424245144533163,0.46812623039530765,1.3570988522220568,0.46812623039530765,1.6569524463962897
Track_8261,2885,2885,29,0,0,0,0,0,28.0,73.0,101.0,55.037662003593745,49.44704136858407,176.83051334668355,0.0,2.552444466294684,5.36487850257447,0.3704426588748464,2.392102294711211,1.3988820297701792,21.64081103226234,71.46844505625114,55.037662003593745,0.770097375985652,1.9656307858426338,0.7700973759856519,0.8908269472459397
Track_8267,2891,2891,22,0,0,0,0,0,21.0,72.0,93.0,28.623728728183973,410.8013852592312,187.20171808134808,0.0,2.5807428059566093,9.484183807395729,0.2346861078139117,2.240645223328395,1.8632506020317718,25.624019969593395,54.19559892508881,28.623728728183973,0.5281559627701277,1.363034701342094,0.5281559627701278,1.100696504916065
Track_8269,2893,2893,26,0,0,0,0,0,25.0,73.0,98.0,37.39874704216451,158.80202649978096,189.08715089425925,0.0,3.212885651129809,8.846219715325562,0.19995972938463769,2.821955447234696,1.7686494290624546,14.146350603837233,80.32214127824523,45.014735965451585,0.46560943778392194,1.4959498816865804,0.46560943778392194,1.4570785562455841
Track_8333,2957,2957,27,0,0,0,0,0,26.0,79.0,105.0,28.306933767859594,201.89342962746815,199.3582205793547,0.0,2.2716034493727864,6.526451019349862,0.5147342963892132,2.116953859178909,1.535188310175282,15.087829095345956,59.061689683692435,28.306933767859594,0.47927741179533917,1.0887282218407537,0.4792774117953391,1.3283044169214484
Track_8337,2961,2961,33,2,0,0,0,1,34.0,80.0,114.0,39.79136553675463,404.0679471934277,204.98731974680655,0.0,2.280735519666769,7.0199088770335685,0.07261347353450853,2.029797785837698,1.3119010033787286,18.962127497701935,78.94730833806268,39.79136553675463,0.5040243470538959,1.1703342804927832,0.5131389722311059,1.4196257477561691
Track_8358,2982,2982,24,0,0,0,0,0,23.0,80.0,103.0,61.476070183892126,64.03035272459489,43.15362470591242,0.0,3.827181558530315,6.623845735980918,1.5109101950259038,3.5988673664159987,1.6376214348700853,10.182798465092977,88.02517584619726,61.476070183892126,0.6983919042809607,2.672872616690962,0.6983919042809609,1.130491695824889
Track_8382,3006,3006,23,1,0,0,0,1,23.0,79.0,102.0,49.27546212765137,402.5328755693042,77.8105547599763,0.0,2.868850179303082,5.210438295922251,1.3773376552533432,2.615666668418887,0.9513264733321021,26.607558789460555,65.18575191217197,49.27546212765137,0.7559238128301822,2.1424113968544076,0.7467839946158691,0.8802249262909664
Track_8391,3015,3015,24,0,0,0,0,0,23.0,80.0,103.0,33.70606103437389,385.8840726512553,112.35293758070107,0.0,3.2191924496660413,7.9197931821335725,1.3334631176125393,3.0065338479854598,1.5428459755770925,14.728473961353302,74.04142634231891,33.70606103437389,0.4552324651140458,1.4654809145379952,0.45523246511404564,1.2457585875488602
Track_8395,3019,3019,22,0,0,0,0,0,21.0,78.0,99.0,58.88472832968355,365.1666859585352,118.71283019130925,0.0,3.295902205364691,6.005550799335481,1.5702661454795988,3.0980477096013073,1.1844095223040019,20.316631122068927,69.21394631265852,58.88472832968355,0.8507639206654243,2.804034682365883,0.8507639206654244,0.5343697364566331
Track_8397,3021,3021,23,0,0,0,0,0,22.0,78.0,100.0,28.85805820320818,17.057049998352102,121.49867984587809,0.0,2.416293234533244,5.294218487748134,0.1945987690573912,2.3722142781892916,1.2533369069163627,14.690132908199145,53.15845115973138,29.67359765368759,0.5428686798359684,1.3117299183276445,0.5428686798359685,1.1451936999623953
Track_8404,3028,3028,21,0,0,0,0,0,20.0,80.0,100.0,36.5422884507842,401.8320660913453,140.7884965732847,0.0,2.650863842418401,4.51813072002018,0.799840442573858,2.780207068567773,1.0899313737110066,18.058810075124104,53.017276848368034,36.5422884507842,0.6892524592558178,1.82711442253921,0.6892524592558179,1.1067777643403793
Track_8414,3038,3038,28,1,0,0,0,1,28.0,79.0,107.0,71.55868373931662,329.92414373563776,145.26813150339612,0.0,3.2987183164930958,6.9357753182838096,0.31054416603239127,3.4662108559710165,1.5343278763079953,9.57448421205793,92.87573785833987,71.55868373931662,0.7704776876008521,2.555667276404165,0.7747455318104043,1.0260581223953842
Track_8416,3040,3040,81,5,0,0,0,1,85.0,78.0,163.0,181.86019194119038,180.35391172846664,126.42478313988424,0.0,3.1393454302963004,7.016965922396457,0.32551430620297833,3.1990114708402824,1.3249959234263222,20.230090741757994,268.4325201232942,181.86019194119038,0.6774894184119714,2.1395316698963573,0.6815215838463569,0.9466832168517832
Track_8417,3041,3041,26,0,0,0,0,0,25.0,80.0,105.0,42.68483449139048,48.43942798946432,149.95525101528392,0.0,2.9341398242990144,6.829427800017139,0.44274944758535595,2.722110464469344,1.5387131215912684,17.591557282667893,73.35349560747537,42.68483449139048,0.5819059356053445,1.7073933796556193,0.5819059356053445,0.9944458402535549
Track_8427,3051,3051,33,1,0,0,0,1,33.0,82.0,115.0,47.99033563753618,260.3187265261149,184.5521668389899,0.0,3.2241382463969677,7.807353447992761,0.3258354638257616,2.725711858236079,1.8534057840706188,10.690592361219002,104.73910619932954,50.32384040170844,0.45818927981116736,1.454252595076854,0.4510515629104947,1.3690887623398782
Track_8428,3052,3052,22,1,0,0,0,1,22.0,79.0,101.0,36.92727418909261,17.1186589093578,171.09323886341943,0.0,2.6246493606997308,4.136028020474673,0.3451938698856499,2.533433486427215,1.188050790591791,15.583119804208929,57.088899705860086,36.92727418909261,0.6468380784943045,1.678512463140573,0.639518744207829,1.321396023649399
Track_8442,3066,3066,23,1,0,0,0,1,23.0,83.0,106.0,29.223709007916806,316.61985062010444,20.31887077833539,0.0,2.771369737732296,6.80393845694043,0.27487947264205864,2.552485911401868,1.5265629726217524,11.799521073051121,64.16985413050548,29.223709007916806,0.45541180362484646,1.27059604382247,0.4584722227868986,1.648319148708421
Track_8448,3072,3072,26,0,0,0,0,0,25.0,82.0,107.0,49.289888354409456,348.4486634868664,23.547794955492677,0.0,2.7683664214461094,5.247834425290235,0.41977451591521203,2.6288450019195344,1.2717603093034404,15.006404638290405,69.20916053615272,49.289888354409456,0.7121873459028873,1.9715955341763782,0.7121873459028871,1.3126468392790887
Track_8449,3073,3073,25,1,0,0,0,1,25.0,81.0,106.0,66.91333198905848,286.85697513869206,33.310938198258214,0.0,3.2272018036439953,6.404958175436599,0.33548187435889537,3.4488073714561467,1.6145285840148262,20.64324098587036,81.85652810320647,66.91333198905848,0.8174464949782956,2.676533279562339,0.8293665665841322,0.7718372925427373
Track_8454,3078,3078,59,0,0,0,0,0,58.0,84.0,142.0,168.17001102145193,85.83909169309744,45.414361911169976,0.0,3.683877669942661,7.308774969058798,1.0250063207748712,3.4752642747994567,1.5977959426984836,18.60028947409937,213.66490485667438,168.17001102145193,0.7870736241605037,2.8994829486457228,0.7870736241605039,0.854313455101466
Track_8462,3086,3086,35,0,0,0,0,0,34.0,82.0,116.0,85.56871368990706,234.47496128857674,60.945088471531236,0.0,3.751175075544789,7.34168867250063,0.8497485127719999,4.3017467925749395,1.8047261653635476,16.455554703303747,127.53995256852284,91.4142456699541,0.6709169320408358,2.5167268732325603,0.6709169320408358,0.9523378290667207
Track_8469,3093,3093,29,0,0,0,0,0,28.0,81.0,109.0,67.92700967616096,63.15618682679012,67.78512691766595,0.0,3.5784366586874254,6.412064959807296,1.189338265841973,3.7447737774558036,1.4985845421621735,15.566223177416571,100.19622644324794,67.92700967616096,0.6779397996054816,2.425964631291463,0.6779397996054818,0.9018012990693742
Track_8472,3096,3096,44,1,0,0,0,1,44.0,84.0,128.0,74.02764097377114,107.51042629302437,71.95440977090932,0.0,3.340482939196815,8.596240566654544,0.71247039089635,3.226241636190547,1.8194351575849352,13.7028071121736,144.49678754170031,78.82643590831712,0.51231340317796,1.682446385767526,0.5036536382287445,1.1517201716053693
Track_8474,3098,3098,28,0,0,0,0,0,27.0,81.0,108.0,49.79766850038854,361.6958538146353,88.24618146259579,0.0,3.3491598504723603,9.177814554483868,0.8271640829665765,3.260940328689976,2.0285170622711033,14.369683504104614,90.42731596275371,49.79766850038854,0.5506927632453429,1.844358092606983,0.5506927632453427,1.160135218391837
Track_8487,3111,3111,41,3,0,0,0,1,43.0,84.0,127.0,66.11982038393334,347.4676417722747,95.80539633062358,0.0,3.1383423316303265,5.731085361081344,0.6847559858718992,3.3765689155300604,1.4705875378488775,18.348228047533734,135.29410619861315,66.11982038393334,0.4887117572355204,1.537670241486822,0.4899625595299615,1.448705520256285
Track_8488,3112,3112,30,1,0,0,0,1,30.0,82.0,112.0,69.00379291307198,144.6506748050924,104.11862913451145,0.0,3.3906956479791712,6.693946269924104,1.3354674165362053,3.4601842074850127,1.3661376289857907,11.708201678593953,99.8395900773252,69.00379291307198,0.6911465968523001,2.3001264304357325,0.6783641674848022,0.9855847772435672
Track_8497,3121,3121,21,0,0,0,0,0,20.0,81.0,101.0,27.765267229143063,44.37291826273872,120.56275919379715,0.0,3.1900266998488176,6.072875570250877,0.46413042917719344,3.253604733597531,1.4790083250449528,9.888665766943069,63.80053399697634,27.765267229143063,0.4351886338515431,1.3882633614571531,0.435188633851543,1.5972397651565642
Track_8502,3126,3126,21,2,0,0,0,1,22.0,83.0,105.0,35.90258754451108,10.344867661864763,105.51155835960984,0.0,3.2625864849123474,8.252469449568968,0.7474008022262454,3.2859343106179963,1.9101673551595046,12.730851309640068,72.40429034451574,35.90258754451108,0.49586270887648465,1.6319357974777764,0.5001969465099467,1.0673613910130935
Track_8513,3137,3137,21,3,0,0,0,1,23.0,82.0,105.0,49.419660159950276,372.8817898540744,149.67033592352442,0.0,3.168293616637231,6.768217976773488,0.9902246129408278,3.1622321684099246,1.468609555798534,15.438411372048515,71.42713054694309,49.419660159950276,0.6918891992654088,2.148680876519577,0.6781823708625048,0.8713343648523325
Track_8514,3138,3138,39,1,0,0,0,1,39.0,81.0,120.0,48.46110968531693,25.580766662158865,161.8865392609286,0.0,2.821797774224781,6.592845482242705,0.29021373037605125,2.808288388711916,1.5596043939516027,21.608808639721993,109.30367398816729,48.46110968531693,0.44336212971727834,1.2425925560337674,0.44035492811852506,1.2210311081867211
Track_8575,3199,3199,24,1,0,0,0,1,24.0,87.0,111.0,45.190524783637635,173.23950449343974,31.173598664413827,0.0,2.724114270988247,6.235927151042778,0.3957280968971849,2.8657418782948474,1.469323059656996,19.069395740826923,63.43541115550962,45.190524783637635,0.7123864094276097,1.8829385326515682,0.6912112875384191,1.0447976797378644
Track_8591,3215,3215,29,0,0,0,0,0,28.0,87.0,115.0,60.84550564069974,202.48063573816765,78.70865232014341,0.0,3.1693443726931196,7.399340368209799,0.6349850483358467,2.917916088984716,1.567887684777243,17.694781681586957,88.74164243540736,60.84550564069974,0.6856477294184355,2.1730537728821337,0.6856477294184357,0.9694244381911363
Track_8595,3219,3219,44,1,0,0,0,1,44.0,85.0,129.0,132.8340707754719,294.17514881271376,103.05358273489422,0.0,4.04832901353904,8.348596348615294,1.32066918487262,4.134131067246469,1.7231068484110623,17.5441312789917,177.9001261499196,132.8340707754719,0.7466777773025876,3.0189561539879977,0.7457289523384941,0.8124258435188326
Track_8601,3225,3225,19,2,0,0,0,1,20.0,86.0,106.0,34.757947017255205,132.48487862904747,95.61780128627859,0.0,3.1256543986819176,6.655840908609175,0.9177515743864368,3.322344579429929,1.5933493206174345,9.613123441997327,60.516343801803984,34.757947017255205,0.5743563611689818,1.7378973508627602,0.5560107194178692,1.0602883337447668
Track_8609,3233,3233,27,0,0,0,0,0,26.0,86.0,112.0,58.75560760689593,77.67091712424345,126.47575447923975,0.0,3.4212541249054502,8.541189719235083,0.7826656332939913,3.6860048442740942,1.6854440912511222,13.956054387269196,88.95260724754169,58.75560760689593,0.6605270989234518,2.2598310618036894,0.6605270989234516,1.0485599186679844
Track_8612,3236,3236,26,0,0,0,0,0,25.0,87.0,112.0,55.82132230300085,283.69992797657403,125.03148806253142,0.0,3.342224876790711,6.707703484084491,0.8021961071660795,3.1327660070521812,1.4268294243877633,18.44601876919086,83.5556219197678,55.82132230300085,0.6680738054538314,2.232852892120034,0.6680738054538317,1.2021263509092004
Track_8620,3244,3244,36,2,0,0,0,1,37.0,86.0,123.0,89.716195262635,126.08699251954778,134.67287117746602,0.0,3.7315176537438424,7.6498032499018205,0.729159587925193,3.8589969169244163,1.7721720890627986,16.387952102555168,139.71563167850715,89.716195262635,0.6421342707670432,2.42476203412527,0.6498058589358405,0.8963152565568514
Track_8622,3246,3246,32,0,0,0,0,0,31.0,86.0,117.0,63.51940434657884,313.44656795540845,154.63300860302377,0.0,2.887660731046374,5.546236554169838,0.708591295587477,2.6764917348445127,1.3933666361288688,21.965705305337906,89.51748266243759,63.51940434657884,0.7095754087065297,2.049013043438027,0.7095754087065296,1.2433327018358193
Track_8623,3247,3247,37,3,0,0,0,1,39.0,86.0,125.0,47.70910854825726,81.79885541760783,143.4292978996188,0.0,1.8417657781364705,5.583356768257089,0.5247050330284317,1.5613200457956413,1.155283153870156,13.320703171394968,73.19259734828321,47.70910854825726,0.6518296969464811,1.22331047559634,0.6642052372338605,1.090258325427497
Track_8629,3253,3253,93,0,0,0,0,0,92.0,86.0,178.0,32.498916821090376,147.29224197326332,168.3123452015356,0.0,0.8478582903262569,4.879194097860671,0.005362987906686152,0.5113876539552297,0.917855197110508,21.748000303904217,78.00296271001562,32.498916821090376,0.4166369544437509,0.3532490958814171,0.41663695444375076,1.7082199731874095
Track_8637,3261,3261,25,1,0,0,0,1,25.0,86.0,111.0,40.51265835588137,28.131782880117925,181.92956182425033,0.0,2.759456033567768,5.988626356711631,0.41833892744775275,3.003051261871839,1.3757571088595544,15.009776401519776,70.46361877783272,40.51265835588137,0.5749443338074246,1.6205063342352548,0.5872557179829616,1.1018304138490789
Track_8646,3270,3270,50,1,0,0,0,1,50.0,85.0,135.0,121.45714831570228,291.0075695522886,53.20175948348342,0.0,3.4869497760425943,6.833344609031031,0.7979244161332115,3.398252722269243,1.2616833682119366,17.445845079421996,174.48221587164196,121.45714831570228,0.6961004461626759,2.429142966314046,0.696638357972258,1.0739512319971032
Track_8652,3276,3276,56,1,0,0,0,1,56.0,88.0,144.0,144.42414985887007,88.17347395112857,101.70698168874544,0.0,3.346088457081946,6.299685225702302,0.8004588490733979,3.3926349489925363,1.3231550071044493,17.98489144018718,186.0889108236298,144.42414985887007,0.7761029349876281,2.579002676051251,0.7707514936112435,0.9081184534875726
Track_8656,3280,3280,34,2,0,0,0,1,35.0,88.0,123.0,61.175283089366665,132.800993761406,110.0999534732424,0.0,2.924682539265431,7.887480896808689,0.579433131973317,2.520848589651859,1.7358762282275833,22.514334033517276,101.73925764566121,61.175283089366665,0.6012947657081273,1.7478652311247618,0.5976256252289723,0.9066683843183357
Track_8664,3288,3288,58,0,0,0,0,0,57.0,88.0,145.0,103.75791112280048,198.97904752980475,162.32141107309354,0.0,3.023258146746186,7.955672093216126,0.7225360351535269,2.8083448791409795,1.5457988810725776,26.738980326159247,172.3257143645326,104.55253766357646,0.6021034730969642,1.8203142302245698,0.6021034730969641,1.2068930692537134
Track_8665,3289,3289,30,2,0,0,0,1,31.0,88.0,119.0,67.08442758388577,270.2471968672618,172.16742765458716,0.0,3.013060342632813,8.230718983862243,0.5288194060880881,2.9097577370839036,1.6620213436905054,19.059680795669557,92.53614043598714,67.08442758388577,0.7249538101309957,2.164013793028573,0.7182112360675981,1.0271133599089073
Track_8709,3333,3333,27,2,0,0,0,1,28.0,89.0,117.0,29.64801843819472,39.83184300390409,116.33159887708325,0.0,1.9419897725073105,4.3193954161838155,0.34180269336446384,1.8303611313806318,1.0658953620260108,11.30622508790758,56.18824560213806,29.973949282929325,0.5276551727229326,1.058857801364097,0.5452437578994052,1.232483724026563
Track_8718,3342,3342,29,3,0,0,0,1,31.0,89.0,120.0,56.16910665082823,308.3354304914863,185.6065763305768,0.0,3.253219855378631,6.457958517656287,0.25495330343536465,3.3658142944151046,1.5031341288227096,10.116437056968952,100.41704340453545,56.16910665082823,0.5593582996120288,1.8119066661557495,0.5569579514154501,1.0914971824826813
Track_8729,3353,3353,45,5,0,0,0,1,49.0,89.0,138.0,80.54246554858086,339.6633667369058,49.38979845836865,0.0,3.648480732572012,9.705544077000775,0.5661327014076909,3.506306787622005,1.8452565021936864,9.87589661280314,175.85830936014668,81.38142198476793,0.4579963599197067,1.643723786705732,0.45052280858476174,1.3939591028649163
Track_8737,3361,3361,24,3,0,0,0,1,26.0,90.0,116.0,34.29924389414269,22.27013336395338,145.8562429937085,0.0,3.392606891449522,6.695521574795486,1.011589774386025,3.5037858778914552,1.5857697927394285,15.243212481339773,88.6828364805519,39.08990990742288,0.3867630451994451,1.3192016882362574,0.38884602031584525,1.3923235741359292
Track_8742,3366,3366,25,1,0,0,0,1,25.0,90.0,115.0,49.769098677426506,119.40625890852765,172.2556624987819,0.0,2.9290057358642203,7.185681150958726,0.4381579482618475,2.6361654213760555,1.9044266908833847,12.517259006500245,71.95125205598103,49.769098677426506,0.6917058043507582,1.9907639470970602,0.679672259675406,1.045677597268552
Track_8757,3381,3381,27,2,0,0,0,1,28.0,90.0,118.0,55.72493356730939,314.1862593139597,80.5299827119327,0.0,3.1006655836041968,7.535727186621049,0.49933001689484735,2.7886334777963477,1.81630948218525,14.091143254880551,83.5656451591048,55.72493356730939,0.6668402243674647,1.9901761988324782,0.6418545132232893,0.9601207977793075
Track_8759,3383,3383,38,3,0,0,0,1,40.0,90.0,130.0,58.8596918132188,344.1498081187586,81.73007443163615,0.0,3.0867978747815696,5.36139064373663,0.37237274778714813,2.913748523370156,1.3347011470988397,15.56887301645781,121.49979989990204,60.27975105055507,0.4844427057633883,1.47149229533047,0.47670510186372245,1.133713088737654
Track_8785,3409,3409,37,1,0,0,0,1,37.0,93.0,130.0,66.59989694621224,126.08243142332917,29.516948007775785,0.0,2.9552086367659838,5.767427087116022,0.5783124317545179,3.0829744677277247,1.3902090928450332,15.094774284878293,107.32363852879226,66.59989694621224,0.6205519851840017,1.799997214762493,0.6090931084758571,1.2422629057030057
Track_8788,3412,3412,20,1,0,0,0,1,20.0,94.0,114.0,58.333929003835344,30.92246881577388,33.01526407665563,0.0,3.5428817817311864,7.364333245564389,0.7975260309078351,2.80259153738975,2.200072093007527,9.713663005828858,69.62848221107092,58.333929003835344,0.8377883181052632,2.9166964501917674,0.8232553694655199,0.8210236798266485
Track_8791,3415,3415,20,1,0,0,0,1,20.0,91.0,111.0,39.3691557419956,196.8386512813879,41.46894256466344,0.0,2.8577427566536016,5.703713019392686,0.4109047493975878,3.00072059815686,1.4901837566755514,13.436303496360779,55.708211069300184,39.78141076235174,0.7067029255888501,1.96845778709978,0.6888155984357498,0.7361846344286023
Track_8799,3423,3423,29,2,0,0,0,1,30.0,91.0,121.0,71.42564024196416,181.2371497442912,52.894948356213916,0.0,3.0275205672915315,5.936916408185342,0.7372824301043712,2.983230103709765,1.1485491609482064,20.995475736157648,90.61928598146038,71.42564024196416,0.7881946924253739,2.380854674732139,0.786404128993941,0.8163835222404772
Track_8835,3459,3459,52,1,0,0,0,1,52.0,95.0,147.0,107.22884731325469,137.48455264230688,112.62532549106574,0.0,3.061316520713482,6.798101666262611,0.5650657351625061,2.7319005207464793,1.5394902711021157,18.51378540809338,159.5370944778876,107.22884731325469,0.6721248601410187,2.06209321756259,0.673596867102782,1.1707410942376657
Track_8837,3461,3461,40,0,0,0,0,0,39.0,94.0,133.0,88.07383800077383,306.4576370359757,105.85200913449319,0.0,2.914476336453704,6.197549024336572,0.37851594197056615,2.587333367314405,1.3035390512616265,23.611392521858214,113.66457712169448,88.07383800077383,0.7748573938429205,2.2583035384813805,0.7748573938429207,0.8367047684151864
Track_8851,3475,3475,31,2,0,0,0,1,32.0,94.0,126.0,65.53320670396022,124.8295393531688,144.62133595823425,0.0,3.0785233446707028,6.130518470017559,0.5237805353305861,3.025000728488727,1.2765413910533256,17.38288785565284,97.0596024272957,65.53320670396022,0.6751851961587118,2.047912709498757,0.6652256553597172,1.1395143646881727
Track_8862,3486,3486,34,0,0,0,0,0,33.0,92.0,125.0,41.00927453857253,77.36117967646277,166.544285515612,0.0,2.575044709731678,7.454515331267274,0.6827531761206775,2.1980854863532335,1.5460130644385923,12.034810374764835,84.97647542114538,41.00927453857253,0.4825956164377213,1.2427052890476524,0.48259561643772136,1.4059497028693024
Track_8863,3487,3487,25,0,0,0,0,0,24.0,93.0,117.0,34.31191732703972,317.1467735279822,163.84047094667724,0.0,2.834327161486795,5.831907932668033,0.1540664976113256,3.008436509064469,1.4299577320480032,18.12797576904297,68.02385187568308,34.72538925442461,0.5044100911801707,1.4296632219599885,0.5044100911801707,1.4903948988549716
Track_8871,3495,3495,34,2,0,0,0,1,35.0,92.0,127.0,48.55414545814113,54.01059244902383,158.23514052685618,0.0,2.6869348437704663,7.023549038548832,0.4864394624531005,2.8158916556749123,1.5043546666469472,17.786126697764676,94.0595613863556,48.55414545814113,0.5162063775600856,1.3872612988040323,0.5162988235536612,1.2379660788850266
Track_8876,3500,3500,36,2,0,0,0,1,37.0,94.0,131.0,72.55838069764971,297.74155800275815,169.5484502338811,0.0,2.622112980129764,5.628871073189782,0.278011665832861,2.4154898995483456,1.4195529034011503,20.137868007024128,101.27074664450198,72.77762834050469,0.7164791719405075,1.9610373161526948,0.7478843707396797,1.0172629096904038
Track_8889,3513,3513,24,0,0,0,0,0,23.0,93.0,116.0,40.579740232109,191.1447209302266,185.07284755580386,0.0,2.4464378799317434,4.934538894902172,1.2678727251040218,2.085760114392399,1.034639217885758,25.262274225552876,56.26807123843009,40.579740232109,0.7211859112809569,1.7643365318308262,0.7211859112809568,1.0584923060808087
Track_8890,3514,3514,73,0,0,0,0,0,72.0,94.0,166.0,86.6516044405941,105.37707346418821,187.72760598489157,0.0,2.7056957081384057,9.364327447798336,0.1344470616423192,2.303104101845262,1.8228601332595287,18.605296415825414,194.81009098596527,86.6516044405941,0.44480038996972054,1.2034945061193625,0.4448003899697207,1.321547674048872
Track_8908,3532,3532,25,1,0,0,0,1,25.0,91.0,116.0,62.17642061856785,276.4271863512711,143.62198567382748,0.0,3.3962362567924598,5.795937333023488,0.6330423295757992,3.4270422826253877,1.2826642768425305,19.000886821746825,85.3819028163546,62.17642061856785,0.728215448094443,2.487056824742714,0.7322979429857419,0.9635102929006897
Track_8917,3541,3541,36,1,0,0,0,1,36.0,91.0,127.0,58.86466845187524,112.3684240189354,37.76865360510452,0.0,3.1459284928976654,6.724050563835156,0.40194253725616236,2.9849831227180164,1.5527940673548544,11.400118695365059,112.52972979706892,58.86466845187524,0.5231032595388716,1.6351296792187566,0.5197605994256609,1.3232262492282034
Track_8936,3560,3560,39,1,0,0,0,1,39.0,93.0,132.0,72.21920075140332,331.4352480085344,35.894551428323865,0.0,3.123661206434065,6.257662981832511,0.05628858185914722,2.8755836175420564,1.315874209804525,18.89006345699995,122.85175129082911,72.8397638538228,0.5878565017802435,1.8517743782411107,0.5928217741497883,1.1094774841192738
Track_8943,3567,3567,20,2,0,0,0,1,21.0,93.0,114.0,30.90806135368647,300.6872197536329,127.77175944391607,0.0,2.9440295358788284,5.976685004169027,1.176065541075876,2.819334128361425,1.3611176560291993,11.057205963134766,61.100034225684325,33.6805378126954,0.5058599679260704,1.4718124454136414,0.499931277005442,1.356078798095738
Track_8945,3569,3569,32,1,0,0,0,1,32.0,97.0,129.0,93.95104620690502,116.42847127596288,46.42100559688328,0.0,3.5770186850164927,8.050294970605716,0.7375783586408596,3.2147401114229166,1.8107760569129863,13.265230268239975,112.93177539506812,93.95104620690502,0.8319274701760155,2.935970193965782,0.8207869324988569,0.7202817753478299
Track_8976,3600,3600,20,1,0,0,0,1,20.0,97.0,117.0,41.459654835760226,258.11543750389376,131.83546638626734,0.0,4.364064392791407,8.628071982179394,1.462372213968197,4.2251795794923,1.7457031575469664,8.04334852695465,85.7807420905244,42.88662396038589,0.4833212423367457,2.072982741788011,0.47501195106382454,1.1848380922024484
Track_8977,3601,3601,35,3,0,0,0,1,37.0,96.0,133.0,52.844732986426216,89.20231891848456,134.02102653704225,0.0,3.583067997555032,6.5858767647335785,0.9076035409788054,3.7383411129028823,1.3652476742189792,18.292598765236992,133.01590853023342,58.82558689722386,0.39728129943506,1.428236026660168,0.39860701154283124,1.1583278401386137
Track_8979,3603,3603,41,2,0,0,0,1,42.0,96.0,138.0,53.88351729491852,174.36022204242187,135.8940775092654,0.0,3.286834366941939,7.859859861054909,0.5575421594853234,2.854204172231552,1.7229575672208628,11.459646050522966,134.28277457021005,53.88351729491852,0.4012690195550391,1.2829408879742505,0.3903272099372306,1.243706659484374
Track_8981,3605,3605,33,3,0,0,0,1,35.0,97.0,132.0,64.8630372751142,395.776745562653,144.30042437621108,0.0,3.6403629474330224,9.48429746377277,0.6851301287135122,3.2206980767088234,2.107511419536251,16.22170318256725,124.32509314249292,65.45746276209682,0.5217212039469186,1.8532296364318341,0.5090782603802257,1.1792064967108815
Track_9006,3630,3630,35,0,0,0,0,0,34.0,96.0,130.0,95.04085203164533,141.74132990935405,35.42084786280009,0.0,3.3711990236940914,7.321219290258712,1.1384873598801393,3.4045645983436077,1.3910258206522716,14.196591200147356,114.62076680559912,95.04085203164533,0.8291765504660947,2.7953191774013333,0.8291765504660948,0.6508276418707138
Track_9020,3644,3644,22,1,0,0,0,1,22.0,100.0,122.0,33.60014428646777,62.79568477016781,166.3567728591421,0.0,2.61077604226704,4.46642591856759,0.14544820207619272,2.653306798650422,1.2388167537368466,19.88972007144581,54.97174508968403,33.60014428646777,0.6112257166231595,1.5272792857485349,0.5849905396030591,1.1078750784477776
Track_9025,3649,3649,36,1,0,0,0,1,36.0,99.0,135.0,56.50571866427798,36.00015429333582,180.25622591726244,0.0,3.0810780017538963,8.271009063859276,0.4310420451317293,2.5776505973816675,1.9382365045446024,12.212571779886881,109.20528465998721,57.293461080181046,0.5174265956103647,1.5696032962299438,0.5094331579195498,1.4302830549037735
Track_9045,3669,3669,21,0,0,0,0,0,20.0,99.0,119.0,40.485588451216294,141.9834986097581,26.308246770531714,0.0,2.889269773461841,4.462319644632534,0.6916655972057325,3.1292284079678496,1.079353803420145,22.142341659182595,57.7853954692368,40.485588451216294,0.7006197348388763,2.0242794225608147,0.7006197348388762,1.0258903441488716
Track_9050,3674,3674,22,1,0,0,0,1,22.0,99.0,121.0,60.47273682930457,268.5472011463227,38.23887068416233,0.0,4.051989674276363,9.082609028073334,1.073171204933862,3.888718189574638,1.8628059118973195,18.010033542459663,87.10498214862389,60.47273682930457,0.6942511821668508,2.74876076496839,0.6783730922165506,0.9343498930533342
Track_9051,3675,3675,65,1,0,0,0,1,65.0,99.0,164.0,171.89734577495253,200.7773901759319,42.18223709203483,0.0,3.279021554682384,7.359148337175061,1.2206142054769722,3.103504987823946,1.3859280812311714,20.67917421047504,212.4430606566203,171.89734577495253,0.809145496415139,2.644574550383885,0.8065133169397681,0.7724738271239583
Track_9061,3685,3685,21,0,0,0,0,0,20.0,101.0,121.0,49.457605534932384,182.595760837909,67.22468967723331,0.0,3.1885657472839344,7.873005484391455,0.5714328510380626,2.7663605604117074,1.6748073468045275,18.519892079489573,63.77131494567869,49.457605534932384,0.7755462715024941,2.4728802767466194,0.7755462715024941,1.0498591394194572
Track_9064,3688,3688,23,0,0,0,0,0,22.0,100.0,122.0,73.9150429924084,257.0469510696108,78.49065630581035,0.0,4.368733765732679,9.0567117049315,0.19805141249146144,4.509825263835215,2.3009880033900374,12.819152686906898,96.11214284611893,73.9150429924084,0.7690499951785555,3.3597746814731093,0.7690499951785555,0.9147476585686909
Track_9075,3699,3699,25,4,0,0,0,1,28.0,98.0,126.0,51.99198800512069,249.56399635757515,92.75158540528516,0.0,3.441619611751791,7.449805093570334,0.2313246792118991,3.516807025087068,1.676732767882989,10.859306011199951,92.51029503680093,51.99198800512069,0.5620129952502918,1.8568567144685961,0.5395299085721599,1.1284898913162973
Track_9081,3705,3705,39,1,0,0,0,1,39.0,99.0,138.0,76.38671267573459,101.95026992201491,99.56527758094765,0.0,3.6933870106091065,6.485340117216184,0.8724312055718,4.535829471822552,1.576688285951423,10.616574409680489,145.00539631657935,76.38671267573459,0.5267853101753899,1.9586336583521688,0.5303082652118698,1.1337340489409629
Track_9087,3711,3711,32,2,0,0,0,1,33.0,98.0,131.0,42.98086224896209,353.98977376999886,116.49860259643964,0.0,3.5020054074845484,9.240089085430453,1.3748340446855518,2.9672441584941955,1.8392538274381522,12.50223557651043,113.6727549948421,42.98086224896209,0.37811050018900616,1.3024503711806694,0.3719155796838718,1.4795209565667555
Track_9100,3724,3724,24,0,0,0,0,0,23.0,101.0,124.0,40.16788948783713,107.33690309787579,124.89421856457024,0.0,2.833430731758466,7.167709923874717,0.8551616427534336,2.5747578148240486,1.6163400245427129,19.83995685974757,65.16890683044473,40.16788948783713,0.6163658628238956,1.746429977732049,0.6163658628238957,1.1413052808392055
Track_9114,3738,3738,48,0,0,0,0,0,47.0,99.0,146.0,77.88943473471842,302.9350784471415,159.8246457291245,0.0,2.8478172436457267,6.832046918495637,0.5088629992467186,2.8263269737023315,1.6331016110408807,13.274587621291479,133.8474104513492,78.4919763778272,0.5819270949812634,1.6572220156323068,0.5819270949812635,1.499453109141488
Track_9143,3767,3767,23,2,0,0,0,1,24.0,105.0,129.0,30.185140850156355,20.379864340033134,17.430655585366257,0.0,2.7504613705507355,7.452174725325577,0.40849681755568445,2.3947580849826924,1.9256950269884356,8.674357020336648,65.50268091285302,33.084028839022544,0.4608229835709425,1.2577142020898482,0.45727390159201226,1.2369511734224092
Track_9153,3777,3777,21,1,0,0,0,1,21.0,103.0,124.0,33.59332408939333,363.5251244987143,42.967647836693914,0.0,2.6171174725774016,5.186292260723975,0.9934939176961195,2.6565192306147667,0.9882885364268076,17.360105128515336,55.229054129669464,33.59332408939333,0.6082545612771366,1.5996820994949204,0.6112381718652905,1.0282235359604626
Track_9166,3790,3790,28,1,0,0,0,1,28.0,105.0,133.0,44.771442695372485,340.23332061675904,47.84591491070279,0.0,2.9765186336702203,6.851335056547713,0.30293689464305545,3.0908238546647318,1.6114398667598335,15.34490694318499,81.3645163634683,46.73288242769968,0.5502575901191533,1.598980096263303,0.5371980803935595,1.2717130516702126
Track_9167,3791,3791,35,0,0,0,0,0,34.0,107.0,141.0,107.23283620433862,241.73927671610747,55.366103360981555,0.0,4.022301510975218,8.131761237544998,0.7179084161572694,4.225568144352013,1.85312811168372,16.055721160343715,136.7582513731574,107.23283620433862,0.7841050549245765,3.1539069471864303,0.7841050549245764,0.7473331786828133
Track_9173,3797,3797,25,1,0,0,0,1,25.0,107.0,132.0,44.30876279479114,375.2217792300484,64.62695751314796,0.0,3.081268510358734,6.693963023241637,0.6452889856130201,3.1583591608577137,1.4896653427126263,10.013054962158202,76.05757110039141,44.30876279479114,0.5825687325237647,1.7723505117916458,0.5752015787761714,1.4402202675323639
Track_9190,3814,3814,32,0,0,0,0,0,31.0,106.0,137.0,59.964383178909564,325.7371772133071,80.4550084564321,0.0,3.17483158891971,7.454417627844514,0.6945920446579013,3.2378840416632175,1.7019364735491866,14.20041024684906,98.41977925651098,60.20647486699886,0.6092716690882296,1.9343349412551472,0.6092716690882294,1.031579389466352
Track_9197,3821,3821,26,2,0,0,0,1,27.0,99.0,126.0,41.20321072086916,181.545346321452,101.46110253309777,0.0,2.8438387216971472,5.702124489880808,0.5017645523178249,2.443023771081072,1.445147001156903,18.27725909306453,76.57448087608749,41.20321072086916,0.538080183495387,1.5260448415136725,0.5366144113133668,1.1005459406674205
Track_9199,3823,3823,31,1,0,0,0,1,31.0,104.0,135.0,65.51405210235761,353.76255164179724,94.31882761721208,0.0,3.2353348909583186,6.671307171232474,0.4612086436318467,2.840040503598067,1.6609770914952502,18.944182226734778,99.23037753392992,65.51405210235761,0.6602217358283892,2.1133565194308908,0.6532110556273532,1.1063692327203074
Track_9200,3824,3824,21,1,0,0,0,1,21.0,99.0,120.0,44.16001544332064,164.55538017006046,92.86584707335841,0.0,3.2327634017039095,6.010641866697728,0.8606491204659009,3.5817706973189263,1.445933114019726,9.960613795689174,66.73253255422468,44.16001544332064,0.6617464339066954,2.1028578782533636,0.6504830749893417,0.7893489611451803
Track_9224,3848,3848,20,1,0,0,0,1,20.0,103.0,123.0,36.50435742932915,146.86210909651965,113.60684179951468,0.0,2.603787006150925,5.513888677200293,0.46701073018022027,2.493338705720009,1.532147067037287,19.350627136230468,53.772992798379555,36.50435742932915,0.6788604377331441,1.8252178714664573,0.7009858591177949,1.160844489734989
Track_9232,3856,3856,30,1,0,0,0,1,30.0,104.0,134.0,58.20816263627498,374.4640544590072,131.31029105748266,0.0,2.3814786483353343,4.679696873547248,0.4492374710572106,2.3319860611358223,1.1182343544488609,20.0677605787913,70.66940441995136,58.20816263627498,0.823668504270593,1.9402720878758326,0.8147341943343026,0.8418120617096471
Track_9238,3862,3862,49,0,0,0,0,0,48.0,102.0,150.0,126.16618320218608,123.04196253841485,136.57380667056105,0.0,3.500054707542266,8.514020672375343,0.24059145125135525,3.6797135965442225,1.8218418887147767,19.078135091431285,168.00262596202865,126.16618320218608,0.7509774474043144,2.6284621500455434,0.7509774474043139,0.928989332307091
Track_9252,3876,3876,21,1,0,0,0,1,21.0,107.0,128.0,34.44327529717847,347.7297370251344,175.64574062102142,0.0,2.553215372149387,6.180161489752054,0.43457580038236143,2.6666267505383208,1.4447192898304646,17.22618616194952,54.97754643102463,34.44327529717847,0.626497134432715,1.640155966532308,0.6423884112649559,1.5461028033145667
Track_9260,3884,3884,20,1,0,0,0,1,20.0,106.0,126.0,32.471673399258925,292.28576854046946,169.7502728515758,0.0,2.7850707452091483,5.756968492097782,0.24319592133884413,2.437266409068354,1.647364330511095,14.947759222984313,53.179520241316354,32.471673399258925,0.6106048578834481,1.6235836699629462,0.5829595793054159,1.081368920663114
Track_9262,3886,3886,43,0,0,0,0,0,42.0,104.0,146.0,91.49148638788644,380.2442308616455,170.70014689160644,0.0,2.861300841137571,7.424750192021627,0.5600875212020194,2.801177119134585,1.4526136428339778,23.01879290647285,120.174635327778,91.49148638788644,0.761321106890336,2.1783687235211056,0.7613211068903362,1.1967029263282458
Track_9267,3891,3891,27,1,0,0,0,1,27.0,106.0,133.0,54.45415754519185,337.27565953996134,183.66598262687762,0.0,3.2274163451536624,6.050625247369962,0.31983787005536524,3.3724059296790077,1.6997881526138452,19.893287923600937,86.65673510669465,54.537227354866054,0.6283892126578052,2.0168206498219203,0.6249025332137296,1.16621848020687
Track_9270,3894,3894,24,2,0,0,0,1,25.0,104.0,129.0,64.22975911452424,189.97350728015797,177.95700212854203,0.0,3.110238654392327,6.313062386341137,1.0870032059705341,2.9224595995932057,1.382781297944635,13.062840779622396,78.52702931116696,64.22975911452424,0.8179318596149979,2.5691903645809697,0.8260428378872855,0.6649688479970141
Track_9271,3895,3895,54,0,0,0,0,0,53.0,104.0,157.0,73.44080736074791,363.45041255626097,190.66251098615598,0.0,2.4790898699701898,5.98744132388485,0.6901718292424889,2.2811109797402733,1.3068987976445658,18.577823515291566,131.39176310842004,75.08844864353706,0.5589452917238582,1.3856756105801493,0.5589452917238582,1.2464274185016722
Track_9274,3898,3898,20,2,0,0,0,1,21.0,107.0,128.0,30.26905832680479,332.32153195902833,186.31294548115002,0.0,2.2797627992974574,8.490559624354107,0.30994386879444813,1.693421115686297,2.0002178596355216,11.56684079170227,45.70959470943423,30.26905832680479,0.6622036034057727,1.4413837298478471,0.6322516229723684,1.229499080249477
Track_9275,3899,3899,51,1,0,0,0,1,51.0,99.0,150.0,74.19387170390098,195.36051605064355,176.21127850105836,0.0,2.424920549380764,6.10417765862315,0.4135140942212007,2.542667213261675,1.2247671889034997,17.551108266793044,124.0593313371431,74.19387170390098,0.5980515202219818,1.4547817981157056,0.5999296754226457,1.0914228867279814
Track_9276,3900,3900,69,1,0,0,0,1,69.0,106.0,175.0,92.02572837270895,197.40088192352022,184.0985730293353,0.0,2.6485507484122905,8.182650738771441,0.24873815329034707,2.3061076426343052,1.7143613788547498,17.61413713814556,182.08923007446762,92.02572837270895,0.5053880909654783,1.3337062083001299,0.5035607526492132,1.3005263925959891
Track_9277,3901,3901,29,1,0,0,0,1,29.0,102.0,131.0,53.85419942369468,164.3289403202216,181.71715804384527,0.0,2.941180695270085,6.8930416002065,0.2839905677909254,2.715816168149893,1.619572361786718,16.734251745815936,86.84976333785863,53.85419942369468,0.6200845846199229,1.8570413594377475,0.631393155280865,1.3200840494978754
Track_9280,3904,3904,72,1,0,0,0,1,72.0,103.0,175.0,55.13617871960798,327.63417523577647,193.53776758133296,0.0,1.5806871331217591,3.981338476268023,0.132204447522751,1.5478373056547754,0.8237316440115807,16.51314440038469,114.15006112131815,55.13617871960798,0.483014885651349,0.7657802599945553,0.48446036154048194,1.3561532225440627
Track_9281,3905,3905,23,0,0,0,0,0,22.0,106.0,128.0,31.46385337475988,24.08303980638502,188.44622774622604,0.0,2.621895557718558,5.626582074943414,0.1517209551614104,2.4477462649468777,1.341947767953015,13.917152964550516,57.68170226980827,32.557031285404285,0.5454737314718375,1.4301751533981764,0.5454737314718375,1.4042869245933969
Track_9298,3922,3922,33,2,0,0,0,1,34.0,104.0,138.0,56.55445544374317,396.1996386073865,111.36516323246414,0.0,3.122123605063267,5.7736344772960155,0.33053680845096645,2.9847033615879326,1.624758664961449,12.3289663141424,102.6362446704787,57.82207486152445,0.5510183622297898,1.6633663365806814,0.5327676117252811,1.342617325981295
Track_9309,3933,3933,39,2,0,0,0,1,40.0,105.0,145.0,45.84149023849042,378.64405881036265,186.13662489175428,0.0,2.8850533690007527,8.695126302944916,0.3966454438515297,2.3787662468368844,1.851384600566385,10.471082516205616,115.77909784162601,45.84149023849042,0.39593925927110696,1.1460372559622605,0.39723260175224906,1.3983519813829823
Track_9310,3934,3934,18,3,0,0,0,1,20.0,105.0,125.0,35.79293897743613,286.59732749426126,175.8554867104735,0.0,2.086279158306837,4.6297111454658415,0.5351872612632276,1.772652644652885,1.1580346222475204,19.72785226504008,40.992362672694746,35.79293897743613,0.8731611608539465,1.7896469488718065,0.8578175848356897,0.8223818018963596
Track_9387,4011,4011,38,4,0,0,0,1,41.0,112.0,153.0,110.65052799940632,227.55378585000648,33.92181074088393,0.0,3.8452793087938955,8.626211835270375,0.9575740326867571,3.582710715239715,1.950304536934801,12.02158953014173,155.71667230262824,110.65052799940632,0.7105888301052444,2.6987933658391787,0.7018458606289586,1.0259757412486676
Track_9389,4013,4013,26,0,0,0,0,0,25.0,113.0,138.0,59.52576584740757,125.3847458785213,58.070929753687366,0.0,4.051957564816321,9.351815603771822,0.8133170089411417,3.7117861496165667,2.0085398867254525,13.121767007387602,101.298939120408,59.52576584740757,0.5876247704494995,2.381030633896303,0.5876247704494993,1.2728679190892078
Track_9391,4015,4015,48,0,0,0,0,0,47.0,111.0,158.0,156.19030165901998,201.23186374841893,62.49701189610031,0.0,3.862326008884791,6.273172681511377,1.5323028017118545,3.510216036849751,1.3538683262430118,22.10757353901863,181.52932241758515,156.19030165901998,0.8604136212205102,3.323197907638723,0.86041362122051,0.5995648498248883
Track_9392,4016,4016,26,1,0,0,0,1,26.0,110.0,136.0,50.65539034322855,348.7568322543647,48.647993218129436,0.0,3.0498107475281278,7.683084369465741,0.18349513202889942,2.8731023374092297,1.7773618021343476,15.713571218343882,78.89163238969444,50.65539034322855,0.6420882520596142,1.9482842439703287,0.6388213581939186,1.024726456825564
Track_9396,4020,4020,21,0,0,0,0,0,20.0,112.0,132.0,57.4806439838171,349.5947115771725,66.50000899122634,0.0,3.633537206800714,7.0115868970973425,0.7862901441981662,3.7910151864198642,1.7829986102813389,15.021253540402366,72.67074413601428,57.4806439838171,0.7909736533897794,2.874032199190855,0.7909736533897794,1.2144724905892474
Track_9410,4034,4034,23,0,0,0,0,0,22.0,113.0,135.0,66.4364766209519,39.71918367018905,79.41685238033877,0.0,3.866091221773223,7.1043251070918,0.24186393090282632,3.985182389819663,1.7817556883133114,19.28265903307044,85.05400687901091,66.4364766209519,0.7811093099406545,3.0198398464069043,0.7811093099406546,0.7819637309745017
Track_9412,4036,4036,23,0,0,0,0,0,22.0,113.0,135.0,44.42427674846323,339.0488161958455,83.31679925332294,0.0,3.1658828237120242,5.95916935073238,0.16869997269974196,3.4136008349485407,1.5227759095192048,19.317231344140094,69.64942212166454,44.42427674846323,0.637826925123116,2.0192853067483285,0.637826925123116,1.2606702226932949
Track_9421,4045,4045,61,3,0,0,0,1,63.0,109.0,172.0,148.73323610917265,253.66151114563604,90.2318150138298,0.0,3.7350020662211154,9.122764190853319,0.9761377739111053,3.4963646601654865,1.835829339998332,18.192271740710147,231.5086495961883,154.74464347023502,0.64245217778516,2.3608450176059153,0.632086669765754,0.8874272723232979
Track_9436,4060,4060,21,0,0,0,0,0,20.0,108.0,128.0,38.769453219202816,193.18247993510698,111.95834222265466,0.0,2.4702662696663746,4.255191023274566,0.18718165097304698,2.4918797597192497,1.052309312023817,20.236862273443315,49.405325393327516,38.769453219202816,0.7847221511152898,1.9384726609601408,0.7847221511152901,1.0119655370635072
Track_9452,4076,4076,20,3,0,0,0,1,22.0,111.0,133.0,43.35474121399602,41.993223014165366,129.75209856015562,0.0,3.0373683140628045,5.490592487041685,1.2829575730920288,2.648046308307415,1.3532709101829807,18.176828622817993,63.73367193581392,46.7809268812835,0.6802486016757124,1.9706700551816374,0.648808393126896,0.7417713204333616
Track_9459,4083,4083,69,1,0,0,0,1,69.0,113.0,182.0,52.327494471722275,383.692140858337,146.5456820753406,0.0,1.5899456122758502,5.7711709418810475,0.03541670560030925,0.9382331063297985,1.450471679456576,15.632796011109283,112.49287519535312,52.327494471722275,0.46516274369244526,0.7583694850974243,0.47697825588630877,1.6281588031707286
Track_9466,4090,4090,33,2,0,0,0,1,34.0,112.0,146.0,63.615020271766106,283.4295475653903,147.74838169191958,0.0,3.3376901414648636,7.052238690086974,0.25738079215871495,3.571380242893866,1.775090542730956,9.055519349647291,110.99471938236786,63.615020271766106,0.5731355565900166,1.8710300079931208,0.5605763053762542,1.4056908384071158
Track_9467,4091,4091,43,1,0,0,0,1,43.0,110.0,153.0,80.39309359578937,117.92197711277002,147.7885393858814,0.0,2.7862368744370376,5.4381744323916985,0.32341287147212805,2.784011799136587,1.3674974473146353,19.819337345833002,121.5457023840043,80.39309359578937,0.6614227571930119,1.869606827809055,0.6710150328431107,1.2668987041323148
Track_9477,4101,4101,36,2,0,0,0,1,37.0,108.0,145.0,53.047828682502306,320.6363667562836,163.22125955791773,0.0,3.5677613296981026,6.473190946529548,0.6167087594384788,3.514018684509189,1.3158371803049072,16.282171342107986,130.1105664108756,57.07746247127073,0.407713455915508,1.4337250995270894,0.4018556643889653,1.4414142594198869
Track_9484,4108,4108,20,1,0,0,0,1,20.0,109.0,129.0,45.97263169642807,184.27300376847103,166.24831570538055,0.0,3.2883254407958793,6.749628048869736,1.003585926404496,3.1998111773541544,1.5016265220755773,9.3424462556839,64.47953528994512,46.530777445413115,0.7129801958048075,2.298631584821403,0.6990280086952285,1.0237525887371062
Track_9493,4117,4117,42,4,0,0,0,1,45.0,111.0,156.0,47.957558887491146,393.2917687699562,188.9950721992534,0.0,2.385076351446914,6.163893804197771,0.41525941987351583,2.102434069827308,1.415558315115418,13.778459424064273,104.7168490141259,47.957558887491146,0.457973662681751,1.0657235308331365,0.4468299432790116,1.0850937671629424
Track_9504,4128,4128,23,2,0,0,0,1,24.0,108.0,132.0,36.43669761945017,331.5647347766413,71.23081327397563,0.0,3.451323193052896,9.15530823073636,0.9420474589654694,2.7388564665182105,2.147973385076357,9.22333051847375,82.27785472625072,43.82284262144103,0.44284938809695357,1.518195734143757,0.4398880224256323,1.0484367249703705
Track_9527,4151,4151,29,2,0,0,0,1,30.0,115.0,145.0,39.32584977061243,239.2119600475034,145.57861193203286,0.0,2.939185231353277,6.342339496474051,0.633385549403009,2.973366034125464,1.4266639257732603,15.500524340004757,85.33510495425543,41.07217752544387,0.46084023441107114,1.3108616590204143,0.4459949121399401,1.3464110760879549
Track_9530,4154,4154,30,1,0,0,0,1,30.0,115.0,145.0,41.990292181735526,74.11262302377108,143.48606557351565,0.0,2.8959086088079773,7.37655340733714,0.7260620755341693,2.470641437739115,1.5176682916371966,13.526184177398681,86.88099743712048,41.990292181735526,0.48330812744323876,1.3996764060578508,0.4833289288897794,1.530043641780583
Track_9542,4166,4166,44,1,0,0,0,1,44.0,114.0,158.0,78.65348312075304,104.15922174149017,170.08264136200322,0.0,2.792514015445963,6.111608053486702,0.5315490442588842,2.5463310579325844,1.2792396607492589,20.65592271631414,124.83762337389429,82.23663553853414,0.6300463033101994,1.7875791618352963,0.6401325658341668,1.1114758156417555
Track_9550,4174,4174,43,1,0,0,0,1,43.0,116.0,159.0,78.88904788597911,206.6134888226137,182.40544187565183,0.0,2.772716784514598,6.7806020988979645,0.32948275340176264,2.5852527203715954,1.5089586853011157,15.805478195811427,119.34683139352553,78.88904788597911,0.6610066389266434,1.8346290206041653,0.661671985703849,1.1750510890902954
Track_9552,4176,4176,35,0,0,0,0,0,34.0,115.0,149.0,29.415117818867373,320.0353370671459,198.41760359908656,0.0,1.699566594501476,3.9916583363572187,0.09745949080952734,1.6781332560271316,0.8836591623631435,14.043988077981131,57.78526421305018,29.415117818867373,0.509041850365448,0.8651505240843345,0.509041850365448,1.2005114126612735
Track_9580,4204,4204,36,0,0,0,0,0,35.0,116.0,151.0,88.28299956427605,324.7266032577161,77.44640806908839,0.0,3.629760636078686,7.993807863845541,0.8287946365891157,3.1761148286794674,1.674794459755685,13.905636535750496,127.04162226275399,88.36035345198194,0.6949139816688159,2.522371416122173,0.6949139816688158,1.1954727345321279
Track_9592,4216,4216,58,1,0,0,0,1,58.0,115.0,173.0,102.70328601474439,197.79708623204718,99.51490224403794,0.0,3.0759119742584793,9.044771118397316,0.5292193880598216,2.819897586751256,1.7997871043369043,16.564203698059607,179.4437481250187,102.70328601474439,0.57234251450873,1.7707463105990413,0.5756817247755996,1.2803801362484022
Track_9594,4218,4218,40,0,0,0,0,0,39.0,116.0,155.0,57.85544570118071,392.64757306190927,90.84711922025846,0.0,2.333881800660261,4.7310759934445565,0.8095454686565732,2.2998540674815082,0.9276923461041878,19.154814779758453,91.02139022575015,57.85544570118071,0.6356247202738646,1.4834729666969413,0.6356247202738643,1.2174837282395052
Track_9601,4225,4225,48,1,0,0,0,1,48.0,116.0,164.0,63.55464354119231,379.91482745344166,123.62751133872051,0.0,2.75621356269664,7.314497574912838,0.4292962362452404,2.4301641978707424,1.5826790067449747,17.14667617281278,134.10128632175545,66.33679532067059,0.4739301559621337,1.3240550737748398,0.48038914389471443,1.18349944201922
Track_9605,4229,4229,36,1,0,0,0,1,36.0,116.0,152.0,52.0263711912672,110.1583065150717,104.86652783650722,0.0,2.1961473127068136,5.880035322889467,0.44757868785172816,1.9916202385305684,1.0828047659493947,17.771011034647625,77.31273463259019,52.0263711912672,0.6729340442879141,1.4451769775352001,0.6580510192433214,1.0955876030153269
Track_9611,4235,4235,43,1,0,0,0,1,43.0,116.0,159.0,66.45343495653815,200.48532637793468,116.05637941815674,0.0,3.3910264457503847,7.607160442483798,0.3900227291246576,3.395025040032067,1.582535081639926,18.685876147691594,144.76057451741238,72.11308357395079,0.4590575519479225,1.5454287199194918,0.4557406863801414,1.3529773120592157
Track_9648,4272,4272,27,2,0,0,0,1,28.0,117.0,145.0,59.249333556851795,244.37627662137547,74.54214591175548,0.0,3.584817650154393,7.323303974760686,0.15325537090018748,3.713951725582292,1.7782187292938043,13.51580234810158,96.97579748623544,59.249333556851795,0.6109703151991251,2.1160476270304214,0.5902804085276935,1.2936975492181195
Track_9649,4273,4273,28,1,0,0,0,1,28.0,117.0,145.0,36.84747923275904,305.5410967491006,82.88934351314325,0.0,3.2772554197255803,7.269138117846485,1.2279573971446487,2.982752984493212,1.7078835561464758,14.799287234033857,90.55857698735758,43.04497750106151,0.4068911025170275,1.3159814011699658,0.40154984358227375,1.262542409246819
Track_9655,4279,4279,33,0,0,0,0,0,32.0,117.0,149.0,40.07851941265106,344.47819101240304,133.4965543667868,0.0,2.63892282829493,7.51429607013348,0.24658824359650697,2.3471878632751664,1.6976395549156489,15.66005767475475,84.44553050543776,40.07851941265106,0.4746079416254038,1.2524537316453457,0.4746079416254038,1.5590685683596666
Track_9656,4280,4280,29,1,0,0,0,1,29.0,117.0,146.0,46.80312569378034,322.4359269848739,134.23394430711159,0.0,2.824765359695086,6.494487105545892,0.6541630933404964,2.6776284008271154,1.57578795747573,13.248896598815918,79.83961934993202,48.87624399195173,0.5862142890316797,1.6139008859924255,0.5713398036595277,1.3659986664357888
Track_9659,4283,4283,33,1,0,0,0,1,33.0,117.0,150.0,61.387098662433175,49.475072595646445,146.07273538093588,0.0,2.920326968091546,6.300281749121013,0.2654370877156677,2.7010046235854093,1.6797140766704557,14.861896948380904,94.45561412157451,62.016421633282874,0.6499041823328933,1.8602151109828235,0.6369886424733074,1.1004555567891232
Track_9667,4291,4291,42,3,0,0,0,1,44.0,114.0,158.0,70.37729569051913,236.50410128868802,106.05247758254195,0.0,2.957617893324557,7.318925776456741,0.06388430686926438,2.99127373147749,1.7216791972851724,16.084342252640496,132.1688434133411,70.37729569051913,0.5324802266024464,1.599483992966344,0.5408014323203931,0.9611375423040002
Track_9724,4348,4348,22,2,0,0,0,1,23.0,118.0,141.0,42.010037703167534,20.438435422043703,19.712726068859585,0.0,3.1170350022577686,6.280038372710773,0.24603872865702672,2.8948635353396317,1.6438948000731197,17.076843218369916,67.8917449172807,45.59387115952187,0.6187797611381555,1.8265233783985884,0.5859810291111838,1.0483162230377048
Track_9728,4352,4352,25,0,0,0,0,0,24.0,118.0,142.0,63.066665338175866,260.35280545145577,95.86772474026691,0.0,3.257835516267042,7.076413807605796,0.5424667227805531,3.165069746252427,1.62935093289908,21.29550889968872,78.18805239040904,63.066665338175866,0.8066023313033943,2.6277777224239944,0.8066023313033946,0.8908177414293723
Track_9730,4354,4354,24,2,0,0,0,1,25.0,118.0,143.0,43.312342136985144,355.5288533352448,92.80266134951036,0.0,2.954496719085395,5.292733212786602,0.12727347079175944,3.193825106118296,1.3292641442113353,13.993271112442017,72.91164164111318,44.647991324142055,0.5940387729874171,1.7324936854794057,0.5863921507469885,1.120765098944359
Track_9740,4364,4364,31,3,0,0,0,1,33.0,119.0,152.0,62.356005234377534,187.41781993476047,96.08337458805188,0.0,3.4822484783146894,7.100272195530615,0.7774417775145388,3.5961763423189286,1.4221892164245948,13.285325896355413,112.76089734895491,62.356005234377534,0.5529931625269694,1.8895759161932586,0.5426309833891464,1.21181105635904
Track_9746,4370,4370,20,1,0,0,0,1,20.0,121.0,141.0,57.52920679702604,312.1962644090962,119.42414287052762,0.0,3.5519254667336204,7.021074063836467,1.2664000542594622,3.954044057899011,1.6037953358353283,17.463592529296875,69.5651424881314,57.52920679702604,0.8269832381474842,2.876460339851302,0.8098312779340266,0.9982563726415256
Track_9749,4373,4373,25,1,0,0,0,1,25.0,121.0,146.0,48.32414328948794,352.1121599773536,111.5849192279862,0.0,2.499350785135347,6.960150712801012,0.5136426493980475,2.2254041293256193,1.5884880639953964,15.110969524383545,63.57245506067963,48.32414328948794,0.7601427889384288,1.9329657315795177,0.773387130400282,0.8169618069146137
Track_9753,4377,4377,31,1,0,0,0,1,31.0,119.0,150.0,69.41083616128188,240.56053959896343,139.58110242919506,0.0,3.7070836269187657,8.772047840168534,0.615669892718928,3.7653044228180796,1.7382401371584657,11.675244362123552,115.07105258666826,69.41083616128188,0.6031998022178827,2.239059231009093,0.6039947992406479,1.2098158714430773
Track_9754,4378,4378,49,1,0,0,0,1,49.0,120.0,169.0,64.55061145167463,41.69837992059125,133.90865873048347,0.0,2.419731259690244,5.221321787963759,0.40518471290056424,2.2317977608565305,1.2554777166691877,18.135498815653275,117.61741420048115,64.55061145167463,0.5488184882354824,1.3173594173811147,0.5444238537257039,1.407655131838256
Track_9759,4383,4383,31,0,0,0,0,0,30.0,120.0,150.0,56.75026546785199,249.90392210049484,147.14592473747092,0.0,2.9783751942900465,5.503585901816215,0.5945675555436251,3.137032313016432,1.37251288982975,25.914996731665827,89.3512558287014,59.809897916618134,0.6351367414090969,1.8916755155950662,0.6351367414090969,1.1720403898363876
Track_9765,4389,4389,37,3,0,0,0,1,39.0,119.0,158.0,44.60227194605036,215.03714367051293,160.810885991868,0.0,3.0462446628562576,7.00253824903319,0.20393190781318823,3.055667716804664,1.714412417983537,14.621976929741937,117.8524428692436,47.0285481605444,0.3784586119740958,1.1436479986166759,0.3754288066751521,1.2515652602762453
Track_9774,4398,4398,64,4,0,0,0,1,67.0,119.0,186.0,90.47913570424103,157.32153248172867,166.7957439282202,0.0,2.189632601491046,5.4051157471236575,0.06762266520977514,2.276018289440739,1.0655572078555442,17.92101126164198,145.55421048573913,90.47913570424103,0.6216181270352591,1.350434861257329,0.6167403884732721,1.1215946420568343
Track_9775,4399,4399,27,0,0,0,0,0,26.0,120.0,146.0,45.86826014712479,377.9170698881161,186.212782208793,0.0,2.4038650797418057,4.176204816407392,0.4922096850931712,2.538339590170672,1.0964037230311345,28.582853140654386,62.50049207328695,45.86826014712479,0.7338863843398304,1.764163851812492,0.7338863843398304,1.1924881812214714
Track_9776,4400,4400,23,2,0,0,0,1,24.0,121.0,145.0,70.56706146715821,287.9448806558277,178.02637672956226,0.0,3.647846223261215,6.535227412212581,1.4422711801619656,3.5954031761477,1.4406135116144323,15.339676069176715,88.52866207117218,70.56706146715821,0.7971097700587203,2.9402942277982587,0.8060356845770771,0.7691331868705347
Track_9780,4404,4404,23,3,0,0,0,1,25.0,120.0,145.0,33.57458618145541,235.5031956246791,186.27421349729647,0.0,3.0039974369910527,4.8640513503763065,0.45790892013821605,3.141730017934558,1.3502986570955835,12.499837025352146,74.22803592692664,33.57458618145541,0.4523167798014717,1.3429834472582163,0.4470654437719536,1.4369495126755605
Track_9805,4429,4429,36,2,0,0,0,1,37.0,119.0,156.0,74.22779033227742,109.93892066400495,71.46463812088943,0.0,3.428381782646014,6.933665952489907,0.7321147646465684,3.4718412986200318,1.3938502598488158,15.984593060281542,126.06385965009406,75.44621586324972,0.5888110243356494,2.0061564954669575,0.5851613451050987,0.882351609176358
Track_9815,4439,4439,29,0,0,0,0,0,28.0,122.0,150.0,49.658827651677846,26.65686749430864,25.226267621069812,0.0,2.844557112793939,8.212124401012002,0.713030096713312,2.667160125512515,1.5209052438565922,12.772027262325945,79.64759915823032,49.658827651677846,0.623481789489023,1.7735295589884945,0.6234817894890232,1.1718317807297876
Track_9821,4445,4445,23,0,0,0,0,0,22.0,122.0,144.0,54.87063190482274,120.38800444373427,102.76671768548644,0.0,3.6636243483872493,8.193118568580973,0.4520686388793055,3.192246498172261,2.1290991208525485,12.726944197779117,80.59973566451947,54.87063190482274,0.6807793034608816,2.494119632037397,0.6807793034608814,1.1448613814459396
Track_9842,4466,4466,48,2,0,0,0,1,49.0,122.0,171.0,43.54781011693258,20.07712584364522,174.0584506129629,0.0,2.3387595395388168,9.109924105095622,0.14747925045707616,1.9096446944504906,1.8482431361309386,14.273954600095749,115.55423441532061,43.54781011693258,0.37686035771233367,0.8887308187129098,0.38000093797080137,1.6610168816798392
Track_9853,4477,4477,26,1,0,0,0,1,26.0,123.0,149.0,37.19709118033831,323.2953954184434,177.44771408852995,0.0,3.067818538611397,7.865877357755969,0.5171410053209768,2.8697131580526865,1.7287160892157152,12.51200609940749,77.75273483147836,38.08093849363762,0.4784023515180458,1.4306573530899351,0.46634353860365585,1.2475459186432651
Track_9856,4480,4480,25,0,0,0,0,0,24.0,123.0,147.0,32.559219471438674,342.1726147955231,202.81243531391246,0.0,2.2724962619218987,3.887495588678912,0.27019509445240125,2.435678709756652,1.0429355170982761,28.91146926879883,54.53991028612557,32.757948262610874,0.596979703498365,1.3566341446432781,0.5969797034983652,1.200538046831315
Track_9868,4492,4492,27,0,0,0,0,0,26.0,123.0,149.0,55.23861580753791,285.4200544723377,68.11160740755658,0.0,3.2310057041094495,7.754720865351129,0.7229022206962965,3.291517068682258,1.7060158433323833,14.568809774186876,84.00614830684569,55.23861580753791,0.6575544400127734,2.1245621464437656,0.6575544400127734,1.2085611148596436
Track_9874,4498,4498,22,0,0,0,0,0,21.0,123.0,144.0,33.313818706628794,13.57360036160366,103.44513376793365,0.0,2.7115224613875655,7.30649845764069,0.5140367650667798,2.181666181175801,1.790411804951288,17.244479287754405,56.941971689138875,33.313818706628794,0.5850485629211726,1.586372319363276,0.5850485629211726,1.2110501801202564
Track_9875,4499,4499,21,1,0,0,0,1,21.0,123.0,144.0,36.74971766948612,52.167703537760204,89.39488958895174,0.0,2.590452247286563,4.679593824528713,0.5730950538306812,2.701544240450144,1.3560186368741132,12.53513020560855,52.72560856697181,38.036858164948654,0.6969994025352368,1.749986555689815,0.6755525246693446,0.9860986370452164
Track_9880,4504,4504,33,1,0,0,0,1,33.0,123.0,156.0,45.46783353061126,331.39651999278595,116.60427011243164,0.0,2.9296038439951886,6.1784357305018744,0.9594470366856308,2.6165256188560946,1.3696062471802861,17.02900638002338,94.9696297789122,47.96914600531008,0.478761827717552,1.3778131372912503,0.4703069802817726,1.2747902335714931
Track_9898,4522,4522,28,0,0,0,0,0,27.0,124.0,151.0,51.38305278682055,33.72072343629361,130.12245298334983,0.0,3.0541424979507026,6.561933562933883,0.5048625245939571,3.039570423104066,1.256430234185045,17.74720423562186,82.46184744466899,53.30188334464789,0.6231130441419958,1.9030760291415019,0.623113044141996,1.1318043815143546
Track_9902,4526,4526,27,2,0,0,0,1,28.0,124.0,152.0,42.515869615055394,24.112305559485034,161.01901680031062,0.0,2.42500337784182,5.3200368947630485,0.030565842367827868,2.356258766130497,1.3374247969961561,20.18738278636226,68.06942417898904,45.399611995238985,0.6245956995795882,1.5184239148234069,0.6261533194954798,1.0763460200993438
Track_9908,4532,4532,31,1,0,0,0,1,31.0,124.0,155.0,37.97961204637313,360.3772311334578,183.27225463968324,0.0,3.178411157848061,8.257506684079612,0.18617801053068786,2.698176205896512,1.9924684798248926,16.705716317699803,97.23390249998408,39.44050780979536,0.3906005114458853,1.2251487756894557,0.3854594999971436,1.2385295663785687
Track_9928,4552,4552,43,1,0,0,0,1,43.0,124.0,167.0,101.12067743713824,111.18801780414,120.261939958353,0.0,3.5265095678835054,7.65817039220902,0.5183879442824694,3.3245047081023746,1.7498069729415389,17.546201473058655,151.76814559943085,101.12067743713824,0.6662839361827022,2.3516436613287963,0.666847378707149,0.871415666217341
Track_9952,4576,4576,24,0,0,0,0,0,23.0,125.0,148.0,46.879205572217344,265.1329823988199,121.88186907504974,0.0,3.076770953602601,6.191600035358865,0.5596692013994351,2.762111312177365,1.6146486939874003,17.30880892276764,70.76573193285981,46.879205572217344,0.6624563088910715,2.038226329226841,0.6624563088910714,1.242222481649952
Track_9961,4585,4585,21,1,0,0,0,1,21.0,125.0,146.0,32.55428391732817,211.27606813387843,154.31598461232656,0.0,2.831448562491968,5.557552418643304,0.9453166017850696,3.081636508356722,1.4105337487752934,14.699427763621012,59.710607758196076,32.55428391732817,0.5452010143517533,1.5502039960632463,0.5474950230771299,1.3285666788576922
Track_9966,4590,4590,43,3,0,0,0,1,45.0,125.0,170.0,37.21337035903231,98.46398397207234,183.59598507949573,0.0,2.165770386602413,7.175119001962884,0.18766756165250384,1.8976907440858672,1.447742452430942,15.570557339246882,96.25481205218593,37.324928131664414,0.38661309045885983,0.8269637857562736,0.38183354563896604,1.3898064303646849
Track_9967,4591,4591,36,0,0,0,0,0,35.0,125.0,160.0,47.271070741119864,174.69456887142047,177.73128974192028,0.0,2.930402057777164,6.325795772790956,0.6688585427896773,2.6908678509849593,1.6088316153095004,14.11953596274058,102.56407202220072,47.271070741119864,0.4608930769722921,1.3506020211748533,0.460893076972292,1.4873348115103537
Track_9968,4592,4592,37,1,0,0,0,1,37.0,125.0,162.0,38.407366175277275,47.480973524767656,173.0871854056103,0.0,2.360040313480397,7.503011981610376,0.2245808898797872,2.2678712080530503,1.2455974567414752,21.339260874567806,85.18603217517409,38.407366175277275,0.4508645982747204,1.0380369236561426,0.43983864077530505,1.3913476862281715
Track_9972,4596,4596,30,1,0,0,0,1,30.0,126.0,156.0,55.63434915561535,124.03242034106816,126.16032563995981,0.0,2.9540807105786993,5.394925546349845,0.09213389217826362,2.9176191446897026,1.4780397149468627,17.918601687749227,89.97350450304168,55.63434915561535,0.6183414713354257,1.8544783051871783,0.6277683268931028,1.278823302048264
Track_9973,4597,4597,64,0,0,0,0,0,63.0,126.0,189.0,114.36050849539764,125.60723783875987,130.6702545587611,0.0,2.8151018499485247,6.809127193722144,0.43102712399587223,2.3865947789195463,1.5572762766934358,21.771610394120216,177.3514165467571,114.36050849539764,0.6448243308236984,1.8152461665936133,0.6448243308236985,1.296775606128204
Track_9974,4598,4598,47,2,0,0,0,1,48.0,127.0,175.0,65.34229256278543,148.2953513352245,139.04652492021788,0.0,3.639956063453803,6.996788579233117,0.3859170141480932,3.1028523762693196,1.7241963038490555,11.214308647399253,173.26439587728436,65.34229256278543,0.3771247533686294,1.3612977617246964,0.3739874157802382,1.6381022457131444
Track_9978,4602,4602,35,2,0,0,0,1,36.0,127.0,163.0,68.3062979714021,330.02942855695267,145.8958232183277,0.0,2.925379067787414,7.453139499163896,0.7028559815589671,2.611582869740389,1.5411400148492045,15.272758306775774,106.06741013860608,69.67728228788597,0.6439894957569082,1.8973971658722806,0.6485987360630707,0.9397535729984084
Track_9982,4606,4606,34,0,0,0,0,0,33.0,126.0,159.0,57.82504002339717,203.3790594427228,26.815751253356787,0.0,3.249498119830288,8.145060139060819,0.8101509917683182,2.960553227121331,1.6825266201001123,11.061631202697754,107.23343795439952,57.82504002339717,0.5392444849897191,1.7522739401029446,0.5392444849897192,1.323678788106081
Track_9992,4616,4616,35,0,0,0,0,0,34.0,127.0,161.0,64.7503419498746,209.1353056980031,160.0432795605078,0.0,3.0862875500152755,6.400903012125828,0.6620576129454049,2.7371884359653,1.5950845819546429,16.137747873578753,104.93377670051932,64.79067175250447,0.6170591013289446,1.9044218220551352,0.6170591013289444,1.122516842627964
Track_9999,4623,4623,38,2,0,0,0,1,39.0,127.0,166.0,76.96104995753763,185.99256072539836,65.13865555819012,0.0,3.6208582158672944,7.263816280590996,0.5252143384690289,3.645174650145999,1.6418787386290064,11.750067146200882,139.8995156017314,76.96104995753763,0.5501166292571863,1.9733602553214775,0.5449979363107439,1.142242567743517
Track_10016,4640,4640,24,1,0,0,0,1,24.0,127.0,151.0,32.969484271470506,233.56625163035372,191.83662485960858,0.0,2.9922768997586164,6.826726745711956,0.35905032930393954,2.684895255828491,1.6308412841478694,21.149659713109333,72.91289832496378,32.969484271470506,0.4521762956744579,1.3737285113112712,0.4590913733358327,1.4846178027552783
Track_10019,4643,4643,29,1,0,0,0,1,29.0,126.0,155.0,32.733592150823576,274.7886815919403,192.1548411635684,0.0,2.8364981550136354,5.680712075476421,0.42232879656201205,2.887328955916028,1.4063865645258842,23.003944890252477,81.03997878877453,32.733592150823576,0.40391906118511667,1.1287445569249508,0.39793593904859237,1.2620530653794222
Track_10039,4663,4663,27,1,0,0,0,1,27.0,128.0,155.0,54.371865637882316,292.70514718021826,96.54579422228055,0.0,2.6908154421009334,6.014562357864461,0.26218013877919477,3.450480326876735,1.6731632015204205,15.900073422325981,70.27794040564653,54.49944410809513,0.7736690250745277,2.0137728014030487,0.7483875593603463,0.9984347756906803
Track_10040,4664,4664,34,0,0,0,0,0,33.0,128.0,161.0,80.18955408128895,351.6627931739056,98.49319479057723,0.0,3.190260046355343,6.967369244771763,0.14822267408609668,3.1420219667274534,1.5136051117443583,24.787520983639887,105.27858152972634,80.18955408128895,0.7616891576245898,2.4299864873117865,0.7616891576245899,1.2037824948417049
Track_10041,4665,4665,26,0,0,0,0,0,25.0,128.0,153.0,53.07361614298755,329.44506290953564,105.56261080178473,0.0,3.1267845571218427,6.180354174465376,0.7033137804785226,2.903358465805427,1.629689393082712,13.066964846390944,78.16961392804605,53.07361614298755,0.6789545640054077,2.122944645719502,0.6789545640054074,1.06958345407167
Track_10064,4688,4688,21,2,0,0,0,1,22.0,129.0,151.0,39.17038457678959,252.77824697839938,124.92747660341645,0.0,3.54372165549735,8.535514733731839,0.6392916478478594,3.1897101715696823,1.9713541120278957,10.835099515460787,79.00570399196677,39.78070713319737,0.49579185549403365,1.7804720262177085,0.502429987258078,1.4088293827272387
Track_10071,4695,4695,34,2,0,0,0,1,35.0,130.0,165.0,76.01650436731929,286.7041384609819,148.04376965489925,0.0,3.126920134262066,7.4691033932938256,0.8736133541761136,2.8141954544608017,1.6893570282016588,12.690678231856403,108.79877271887528,76.01650436731929,0.6986889876390244,2.171900124780551,0.6945812593621316,1.121698469422342
Track_10075,4699,4699,28,1,0,0,0,1,28.0,129.0,157.0,32.82788923073008,173.01965208641496,172.75712917638074,0.0,2.9351846047770307,6.764816934762366,0.6589140275866961,2.6435199588815355,1.7518202303796264,12.818440352167402,80.16586970803759,32.82788923073008,0.4094995707061941,1.1724246153832172,0.39943811829589493,1.6539151723243917
Track_10093,4717,4717,22,1,0,0,0,1,22.0,129.0,151.0,32.77812135980171,180.95535200757902,20.04835447396465,0.0,2.0829682611642077,5.6394591496081725,0.5821339192416453,1.6185152463567785,1.3287263595699843,12.60364818572998,47.251329462388235,32.77812135980171,0.6936973357732271,1.489914607263714,0.7152843540837124,1.2492582194763364
Track_10094,4718,4718,28,1,0,0,0,1,28.0,130.0,158.0,83.88911947517474,175.4966939738199,38.962290700191794,0.0,4.182148668439717,6.816055585186066,1.8647407256456956,4.169851212583821,1.3865457609010483,11.669884613582067,114.78275477351802,83.88911947517474,0.7308512471294087,2.996039981256241,0.7163877276447966,0.9669195508467158
Track_10108,4732,4732,31,3,0,0,0,1,33.0,129.0,162.0,69.03833483834576,107.08873684175474,87.15166467045431,0.0,3.47224658287689,6.481506042995705,0.5280624574999352,3.3828288217160347,1.5285320845829813,14.186030387878418,114.94158072132821,69.03833483834576,0.6006384669941747,2.0920707526771443,0.6025121496249795,0.9382562222402877
Track_10123,4747,4747,20,3,0,0,0,1,22.0,129.0,151.0,33.94245027575079,282.07665206853824,120.13256072991817,0.0,3.2519229998109314,6.710114763986775,0.7367311290971341,3.1219498773712813,1.4676080864782102,14.646561121940612,72.55876844696374,33.94245027575079,0.4677925356541953,1.542838648897763,0.4744388624784365,1.3972073865700045
Track_10148,4772,4772,21,1,0,0,0,1,21.0,131.0,152.0,49.93330438386957,361.08121806568295,27.20922788453101,0.0,3.122979755280093,7.040519699321809,0.8897538576427938,3.459674975029586,1.5081773040892799,17.88631822949364,63.34934896324465,49.93330438386957,0.7882212714268132,2.3777763992318843,0.7613806638393104,0.8865250618474513
Track_10160,4784,4784,32,3,0,0,0,1,34.0,131.0,165.0,75.56480604440259,194.36085970404847,74.07275093337665,0.0,3.3089578683780116,6.152239758085369,1.1834649094116065,3.479873335067208,1.1817036336995967,14.233645498752594,112.06363386595105,75.56480604440259,0.6743026567815225,2.2224942954236053,0.6716598952990084,1.1523871686662746
Track_10163,4787,4787,33,1,0,0,0,1,33.0,131.0,164.0,63.302720459967304,65.15210935193357,80.24306363321884,0.0,3.5093603454115656,7.240649230814213,0.584287148253077,3.5376242450281903,1.7117361708059031,14.60832419539943,115.98133249818035,63.302720459967304,0.5458009413796007,1.9182642563626455,0.5466136468062467,1.1501930717302147
Track_10171,4795,4795,36,1,0,0,0,1,36.0,137.0,173.0,79.00510579285034,289.71668260255916,116.70364457915275,0.0,2.810015022260323,6.734652464975104,0.513485024108586,2.831182815455843,1.2140972951372992,22.793206771214802,103.06949412968106,79.00510579285034,0.7665226889873629,2.1945862720236207,0.780987380721665,0.7903134435844502
Track_10174,4798,4798,66,1,0,0,0,1,66.0,133.0,199.0,37.7573385282421,314.71768143935793,123.8702355435101,0.0,1.4897644559425978,4.433030208122115,0.056144089357805085,0.9771799525417805,1.2042958584440016,13.90167609128085,100.91454737097575,38.6022227517119,0.37415159173672885,0.572080886791547,0.38400760906165016,1.8451339424032898
Track_10185,4809,4809,44,0,0,0,0,0,43.0,138.0,181.0,88.7027316674098,102.7674175855605,144.71840091562254,0.0,2.905510889473026,6.577794590621377,0.6749263953506444,2.9335814785295637,1.5831053291251262,14.783599690957503,124.9369682473401,88.7027316674098,0.7099798635404959,2.0628542248234836,0.7099798635404958,0.9767871481059868
Track_10191,4815,4815,38,4,0,0,0,1,41.0,132.0,173.0,71.0425999255487,252.1309440868321,147.33981866276488,0.0,3.1010525739445933,6.968476551556308,0.6310288892139,2.9154256340586175,1.8528425524632048,14.031859222211336,124.4042067313945,71.0425999255487,0.5710626818186243,1.7327463396475293,0.5587607105426934,1.2117939865651217
Track_10194,4818,4818,41,0,0,0,0,0,40.0,137.0,177.0,99.33255587363864,210.19583791987245,137.58089644373442,0.0,3.1336235344442263,7.0251849759054315,0.13776528226791782,3.0397382397079897,1.449832142113739,16.13285549675546,125.34494137776902,99.33255587363864,0.7924735915290484,2.483313896840966,0.7924735915290482,1.0775925095819168
Track_10197,4821,4821,41,1,0,0,0,1,41.0,134.0,175.0,62.38629053847985,241.158472954423,153.75149764348856,0.0,3.661380745155696,7.84167707952249,1.0232244541081477,3.5045954622704665,1.6417811224633176,11.886666902681677,147.47845426033604,66.77106262171888,0.42301969363167163,1.5216168424019476,0.4155855258744041,1.360408489027316
Track_10202,4826,4826,24,1,0,0,0,1,24.0,137.0,161.0,66.43596282292299,118.82276213733962,142.8332815235204,0.0,3.7945892704208477,7.507709606564279,1.8560001351274689,3.7844917182584097,1.5847628808225505,16.53590750694275,91.99758019940214,66.43596282292299,0.7221490247778792,2.768165117621791,0.72950322692363,1.0376619890480498
Track_10205,4829,4829,25,0,0,0,0,0,24.0,134.0,158.0,33.10726716356296,344.6285336655021,146.91176677404016,0.0,2.23427437279999,5.989072242869797,0.11559851497778824,1.88469870168602,1.4909155110257537,20.96918840408325,53.62258494719976,33.10726716356296,0.6174127412201873,1.3794694651484567,0.6174127412201874,1.129422336446543
Track_10207,4831,4831,25,0,0,0,0,0,24.0,138.0,162.0,43.04049962859628,65.83099238729929,153.30510690125325,0.0,3.4037115712660606,6.314710316259787,0.6625259621067314,3.794801258500185,1.6203667447654377,12.393422718048095,81.68907771038546,43.771205631399155,0.5268819386257358,1.7933541511915116,0.5268819386257358,1.4011016185174854
Track_10208,4832,4832,25,1,0,0,0,1,25.0,139.0,164.0,63.6446068397876,225.86550553323337,152.82131613185513,0.0,3.590669942063182,7.093390708369827,0.4881700589170596,3.706047196167274,1.7127822217137991,14.684229583740235,89.88212580568366,63.6446068397876,0.708089692686853,2.545784273591504,0.7089998007805497,1.1333942012266582
Track_10213,4837,4837,36,1,0,0,0,1,36.0,137.0,173.0,40.786817588911696,349.28509616523735,172.76683425661554,0.0,2.984492444874308,6.173506405881533,0.4047056053648363,3.0192959537124255,1.5743066899693734,11.446868313683403,104.8619411759656,43.653894959916194,0.3889573007280934,1.132967155247547,0.3796180342802852,1.4079819668703544
Track_10221,4845,4845,23,0,0,0,0,0,22.0,134.0,156.0,29.489015551470672,187.44185046043813,181.47633445875738,0.0,2.603275967214636,4.562719106020229,0.3149120214642545,2.7791534708664596,1.0453784236582322,12.818732240925664,57.272071278721995,29.489015551470672,0.5148934706404896,1.3404097977941214,0.5148934706404896,1.5042204608123808
Track_10225,4849,4849,39,1,0,0,0,1,39.0,134.0,173.0,43.496739613961395,355.22364732633616,190.36227632161396,0.0,2.7523292242710555,5.523612120515531,0.46103340908382545,2.700675996620572,1.4575276344975012,11.446146158071665,107.80145940075253,43.496739613961395,0.40348933915877727,1.1153010157426,0.40522078750879936,1.5320382823342158
Track_10226,4850,4850,44,0,0,0,0,0,43.0,138.0,181.0,44.16393554735858,374.19128983135454,194.04237521437508,0.0,2.336956942945425,7.054983772064384,0.22764937151167783,2.0438620889629737,1.4051778179113932,13.526748548854481,100.48914854665328,44.16393554735858,0.4394895984898802,1.0270682685432226,0.4394895984898802,1.2800630399981858
Track_10238,4862,4862,37,1,0,0,0,1,37.0,135.0,172.0,37.55910625773111,109.07380911539845,194.45671517617276,0.0,2.6312455367854173,6.215759419464205,0.1772067671860653,2.441224800677591,1.4362926568481726,13.647650731576455,99.12446748404874,41.86296327145344,0.3789085299628488,1.0151109799386786,0.3857910505679511,1.5120375838479776
Track_10252,4876,4876,31,2,0,0,0,1,32.0,138.0,170.0,37.992614143888666,107.1199280467044,18.964113199990123,0.0,2.88288477225264,6.912254651147178,0.4850022648783984,2.914130063957331,1.5785447115300406,9.112379212533273,93.57720166335955,37.992614143888666,0.40600288818814717,1.1872691919965208,0.4118337310682063,1.0542852716465962
Track_10264,4888,4888,30,1,0,0,0,1,30.0,136.0,166.0,77.60636130571508,162.06330394441196,47.00432808088163,0.0,3.38535730929562,6.545849778268402,0.8172747131113864,3.638712257613781,1.7418742520498969,12.450722646713256,101.81407422718677,77.60636130571508,0.7622360846943924,2.586878710190503,0.7641375706745549,1.0830123341331246
Track_10269,4893,4893,27,2,0,0,0,1,28.0,135.0,163.0,92.40697142091662,309.2447879040472,38.130493657836496,0.0,4.317247523037977,7.581882631437047,1.2166527049775648,4.291784229963248,1.7664064266146244,13.380476757332131,116.38879181941073,92.40697142091662,0.7939507746097718,3.3002489793184506,0.7644335798926161,0.5995437590120112
Track_10273,4897,4897,43,3,0,0,0,1,45.0,135.0,180.0,81.41629077695909,225.5912490109921,49.70618877242877,0.0,3.207443359826198,7.681884451522364,0.7590186698333851,3.087384304044932,1.406861452839503,15.883303187614263,146.36194826092427,81.41629077695909,0.5562667875383538,1.8092509061546465,0.5640788326353124,0.9348283035168147
Track_10279,4903,4903,20,3,0,0,0,1,22.0,132.0,154.0,58.539180410513495,269.3483215397272,60.116958308858365,0.0,3.183174067122289,4.994649352259156,1.5812436203786946,3.274422479732095,0.9100188580594101,21.611574840545654,71.30965442729001,58.539180410513495,0.8209152166093054,2.6608718368415225,0.8359177917175772,0.6503381308349953
Track_10286,4910,4910,24,0,0,0,0,0,23.0,135.0,158.0,54.27807315802221,147.6192494831645,70.37532804209035,0.0,3.347759986946247,9.20061524662831,1.5722059321747994,3.058116667108329,1.7077007900275003,21.850053707758587,76.99847969976368,56.10965671069786,0.7049239591439466,2.359916224261835,0.7049239591439465,0.6561834912337345
Track_10290,4914,4914,24,3,0,0,0,1,26.0,135.0,161.0,61.71881374125443,25.383762672559246,81.61241902585077,0.0,3.913214991385831,6.996981092522385,0.4252135062382336,4.143835761204371,1.9959974128821467,13.38983162244161,101.509726460931,61.71881374125443,0.608008866667656,2.373800528509786,0.6066113243803978,0.9897908028614789
Track_10293,4917,4917,26,0,0,0,0,0,25.0,137.0,162.0,55.83985925581612,173.79585575439074,70.15217836896043,0.0,3.2011276993317153,7.348930728613247,0.4480017179608519,3.063123744761864,1.5320121482325226,14.8819205394158,80.0281924832929,55.83985925581612,0.6977523485548364,2.233594370232645,0.6977523485548366,1.1729840584656885
Track_10295,4919,4919,44,4,0,0,0,1,47.0,137.0,184.0,138.59177968614588,291.9214590264796,76.85287422148048,0.0,3.5750350063877003,5.813580378767005,0.9679469928704949,3.7714080194275246,1.2249730508091683,15.000431114977056,166.18810314995827,138.59177968614588,0.8339452527542774,2.9487612699179975,0.8248202506127332,0.8336636324358055
Track_10296,4920,4920,35,1,0,0,0,1,35.0,138.0,173.0,56.75700064597971,61.97292519780906,80.96351215693326,0.0,3.358462934614211,6.850307341290814,0.8335941099314471,3.351747125461367,1.5861577842752375,18.508816759926933,118.03479869988418,57.3184015540995,0.4808497262768272,1.6216285898851346,0.48284844033016316,1.1339923528637532
Track_10303,4927,4927,22,1,0,0,0,1,22.0,133.0,155.0,48.72047366508248,254.34887050605275,85.35944363717948,0.0,3.3850906972210795,5.547303518546714,0.8494605267090674,3.4277254182286194,1.2031320467215485,14.000809301029552,74.83692072389587,48.72047366508248,0.6510218912511421,2.2145669847764764,0.654212008734206,0.9809661871947947
Track_10304,4928,4928,33,4,0,0,0,1,36.0,132.0,168.0,87.80201999896698,49.29334234618073,91.88391458760354,0.0,3.6782369669973622,9.07769253393193,0.41377607329430544,3.3460512486808884,1.9550298441020102,11.790088610215621,125.96177362623368,87.80201999896698,0.6970529032046014,2.438944999971305,0.6630744625358592,1.0521990276942423
Track_10309,4933,4933,25,0,0,0,0,0,24.0,136.0,160.0,61.43760023205704,368.35736183614745,79.34040591837882,0.0,3.177189629278659,9.256088295577456,0.24130429709172158,2.9562782961656464,2.402768881502367,10.130049781799316,76.25255110268782,61.43760023205704,0.8057120626603066,2.559900009669043,0.8057120626603066,1.0734891117807097
Track_10310,4934,4934,24,1,0,0,0,1,24.0,133.0,157.0,43.83334500604169,28.086775942812633,90.78964747014919,0.0,3.0323844053435685,8.582938605983806,0.47419072069022217,2.904228151669655,1.9335951776502853,15.197592457135519,71.1971096119608,43.83334500604169,0.6156618610634986,1.826389375251737,0.6022948053793357,1.1508684247510874
Track_10313,4937,4937,49,0,0,0,0,0,48.0,137.0,185.0,63.6530422891628,393.8324081117868,98.91158721642958,0.0,2.383323572844123,6.479536447905632,0.5462132354993727,2.304046787756729,1.2746824078926253,19.208851921315095,114.39953149651784,63.6530422891628,0.5564099909893452,1.3261050476908915,0.5564099909893447,1.397534526435862
Track_10319,4943,4943,20,1,0,0,0,1,20.0,138.0,158.0,50.42102315083856,381.5182925707718,105.57864553128897,0.0,3.09106487616048,5.251389018566762,0.7799295341838591,3.2921832653349345,1.377880929558861,20.877478981018065,60.859289807635506,51.41231960115946,0.8284852371792326,2.521051157541928,0.815593091230558,0.9014212446624771
Track_10337,4961,4961,45,1,0,0,0,1,45.0,140.0,185.0,93.44729497352074,48.16897205944973,134.68726822902076,0.0,3.357020731209066,8.836740181655689,0.7549385653969757,3.081065016447755,1.7261767270671453,14.137195693122017,149.96825144548433,93.91448875951322,0.6231138529176637,2.0766065549671278,0.6185861575597766,1.0931488681337969
Track_10356,4980,4980,24,3,0,0,0,1,26.0,140.0,166.0,49.77447679932845,362.32550256024166,45.03614687283556,0.0,3.3495412218318927,6.784336534274142,0.40806838273402124,2.9642002079856753,1.7916032154450803,9.99526317914327,82.45319946179605,49.77447679932845,0.603669440655132,1.9144029538203249,0.5715418402205307,1.016408195125132
Track_10406,5030,5030,22,1,0,0,0,1,22.0,136.0,158.0,42.91866465509906,291.852808528954,81.46915944477702,0.0,3.1272213530877546,6.387548621111987,1.2543202027097815,2.530735673825351,1.5833758216297373,11.880623839118265,68.20238408866821,42.91866465509906,0.6292839352844554,1.9508483934135936,0.6238280483367017,1.1318808629560775
Track_10465,5089,5089,30,1,0,0,0,1,30.0,141.0,171.0,43.15682842169965,392.928183704736,204.3307779203303,0.0,2.7476141536791454,9.210394317002777,0.4043042529843237,2.521723634368354,1.852329294948184,23.098261404037476,80.38738355357167,43.15682842169965,0.5368607176142153,1.4385609473899883,0.5235673085552089,1.122079510205941
Track_10480,5104,5104,28,3,0,0,0,1,30.0,141.0,171.0,46.60409622115153,355.07942231956855,72.542501541025,0.0,3.6064627011332933,7.821120234558633,0.9589548826399292,3.532177478756369,1.7142818148855834,11.272947532790047,104.18281390559763,46.60409622115153,0.4473299815397628,1.5534698740383843,0.43074613624874664,1.2603163936769153
Track_10481,5105,5105,54,4,0,0,0,1,57.0,141.0,198.0,82.66552178325125,71.55026901566981,102.63102818624093,0.0,3.031067199902483,6.314512534717853,0.6935181487053288,2.748194937964809,1.3851434697696912,18.11077697188766,169.03741864581394,83.17740214198297,0.48903682063709975,1.4502723119868641,0.47846920452094327,1.1822728937785993
Track_10484,5108,5108,36,2,0,0,0,1,37.0,141.0,178.0,79.85119910207895,254.84209740890694,115.91710782496693,0.0,2.7111393005618587,6.000546049265449,0.10177234702052004,2.4625789147007144,1.5473969529516125,18.71576906575097,101.82820264282795,81.03498477906543,0.7841756706849141,2.158140516272404,0.7960271594399997,0.8781754741123343
Track_10488,5112,5112,30,0,0,0,0,0,29.0,141.0,170.0,68.7782648254567,229.34793254246895,145.14427450061515,0.0,3.0832099508585262,5.894253435092572,0.4780019615495499,2.590510553515949,1.6070179354504892,14.433734051386516,89.41308857489727,68.7782648254567,0.7692192040524837,2.371664304326093,0.7692192040524838,1.17828413643041
Track_10491,5115,5115,23,0,0,0,0,0,22.0,142.0,164.0,32.55011902117405,24.816228448393833,142.482179274509,0.0,3.065512032429605,6.3225141557906825,1.0311766023940285,3.1103551678512926,1.3682954503521438,14.02122111942457,67.44126471345133,33.7331403877716,0.48264395929517384,1.4795508645988205,0.48264395929517406,1.485775524041693
Track_10503,5127,5127,50,2,0,0,0,1,51.0,142.0,193.0,124.22388510441924,97.56523576479505,41.130422838023776,0.0,3.654659668726176,7.5541755859834705,0.9124302112940944,3.4931594300388573,1.5566575406037333,13.921950759887695,183.32228294485031,124.22388510441924,0.6776256716254733,2.435762453027828,0.666481334464943,0.9720142914174028
Track_10510,5134,5134,57,1,0,0,0,1,57.0,142.0,199.0,130.19459546596485,115.6467472731755,57.39606479401091,0.0,3.1649765235647473,8.19290837821413,0.4867076259373401,2.9860450174364637,1.6400416027874474,17.037961390980502,179.67458824985246,130.19459546596485,0.7246132952586397,2.2841157099292078,0.7216848823120443,0.968530179693337
Track_10519,5143,5143,29,2,0,0,0,1,30.0,142.0,172.0,56.66298698759482,329.5399429488711,96.84193384850165,0.0,2.917112723041387,6.1255029969095744,0.36131846368512327,3.17355510609277,1.3283004373289213,14.359395619096427,88.45515896674311,56.66298698759482,0.6405843101689372,1.8887662329198274,0.6474779729974219,1.13189276766337
Track_10525,5149,5149,31,0,0,0,0,0,30.0,143.0,173.0,73.6862015590424,103.4867361455901,86.20965956597598,0.0,3.642596832923383,7.432006224848819,0.4286718679453816,3.4520926423847285,1.619365738632779,15.152346841750607,109.27790498770152,73.6862015590424,0.6743010086744917,2.4562067186347467,0.6743010086744919,1.1394575631885233
Track_10528,5152,5152,24,1,0,0,0,1,24.0,143.0,167.0,39.42256112547166,35.672226175747255,77.82581585180186,0.0,3.541398190777774,9.494016507003021,0.6289629065539555,3.494166496283742,1.8297620611779686,13.605656147003174,83.02912553702514,39.42256112547166,0.47480400245684845,1.6426067135613192,0.4638299973831986,1.237066227632276
Track_10531,5155,5155,39,0,0,0,0,0,38.0,143.0,181.0,97.44324512190039,153.42947757689265,95.51940607106452,0.0,3.2483638770461303,7.7992989599248626,0.6039376596756614,3.169498405367918,1.821590107495968,22.88059466924423,123.4378273277529,97.44324512190039,0.7894115380301411,2.5642959242605365,0.7894115380301407,0.9442440188508796
Track_10545,5169,5169,21,0,0,0,0,0,20.0,143.0,163.0,40.55519346921956,373.92555631080154,154.02939612250168,0.0,3.0318050029770354,5.601535461922817,0.3577997196384555,3.252267005630065,1.523514161785422,14.656099160512289,60.63610005954071,40.55519346921956,0.6688291863988118,2.027759673460978,0.668829186398812,1.248579556166979
Track_10549,5173,5173,28,1,0,0,0,1,28.0,143.0,171.0,65.80651801782044,98.39929740570292,21.80117134190104,0.0,3.470433400507685,7.31031754442885,0.24957260356781047,3.406024465336416,1.6640214500328345,16.72552583898817,95.57054899063758,66.27744676540044,0.6885648216195459,2.35023278635073,0.6772159310151054,0.8812601513313993
Track_10555,5179,5179,23,0,0,0,0,0,22.0,145.0,167.0,57.697723188219584,25.505173188239564,125.88829127255276,0.0,3.1000383092600345,6.767703563965295,0.8982425375550166,3.112628323013006,1.334954146245054,19.501437187194824,68.20084280372076,57.697723188219584,0.8459972166952727,2.6226237812827082,0.8459972166952727,0.857406699621923
Track_10570,5194,5194,35,1,0,0,0,1,35.0,146.0,181.0,46.820122121706746,302.0513323693915,147.903754322192,0.0,2.581722035987766,5.72766396291565,0.1406580080311621,2.43159385728349,1.4517290002004273,16.607309068952286,90.65314688834346,46.820122121706746,0.5164754200907621,1.337717774905907,0.5181494197511842,1.4973583580772012
Track_10573,5197,5197,26,0,0,0,0,0,25.0,144.0,169.0,46.804184158791976,22.118541935093692,141.3773856469247,0.0,3.1812320785845647,6.207741565605029,0.9003355076283642,2.9450370245637534,1.3933813951679692,19.454350471496582,79.53080196461411,46.804184158791976,0.5885038626872732,1.8721673663516791,0.5885038626872732,1.1143791133673768
Track_10574,5198,5198,22,0,0,0,0,0,21.0,148.0,169.0,41.79725721915796,386.73195692113654,128.88574344115708,0.0,2.7740150391644467,4.805375309070908,0.0684890154214532,3.1630918690587557,1.2674800613859667,23.200724254954945,58.254315822453385,41.79725721915796,0.7174963198700506,1.990345581864665,0.7174963198700507,1.0153341444159285
Track_10579,5203,5203,24,0,0,0,0,0,23.0,148.0,171.0,28.70778628414054,405.5867139799814,154.46695566569338,0.0,3.117854029099753,6.9770990329802,0.3452012142200117,2.967563352024215,1.5749076816463787,11.329437553882599,71.71064266929433,28.70778628414054,0.4003281133113158,1.2481646210495887,0.40032811331131585,1.461483819285481
Track_10586,5210,5210,21,0,0,0,0,0,20.0,149.0,169.0,43.23022303758224,64.89026976269899,152.14102003650285,0.0,2.6229998409367985,5.153591836721389,0.5016790106900508,2.9859988019270314,1.2061941855792235,22.76271627062843,52.45999681873597,43.23022303758224,0.8240607254886958,2.161511151879112,0.8240607254886958,0.8947221076971575
Track_10589,5213,5213,38,2,0,0,0,1,39.0,146.0,185.0,82.42697702482013,227.8527245604386,159.86407909202745,0.0,3.0946913684981854,5.613217210924672,0.4569820593647985,2.7335428982102377,1.2881296720277604,18.873983998047677,122.49124566929194,82.42697702482013,0.672921371437112,2.1135122314056445,0.6829476609266226,1.0621132064936682
Track_10595,5219,5219,41,0,0,0,0,0,40.0,149.0,189.0,58.96609186920204,203.90438203948415,171.70666325507514,0.0,2.745179516190519,5.876401395497201,0.38548283928762245,2.732958950639894,1.4756528795397923,17.12585831851494,109.80718064762073,59.94963958626146,0.5369966838364473,1.4741522967300509,0.536996683836447,1.2575378010730291
Track_10596,5220,5220,25,2,0,0,0,1,26.0,144.0,170.0,40.14518519931286,183.36825157144608,165.92946348075083,0.0,2.015802143222389,4.5019896655732605,0.5789677486273495,2.0706912952859384,0.9904930960175313,21.405948581695558,50.883613372545305,40.14518519931286,0.7889609746341942,1.5440455845889562,0.7659708021347276,0.9091557781722438
Track_10599,5223,5223,26,0,0,0,0,0,25.0,146.0,171.0,50.483695881566796,277.55423475365006,172.35225026047016,0.0,3.4640135067031883,8.588258400008758,0.4155397478691521,3.098836486594776,2.1253299194043085,18.324894703351536,86.60033766757968,50.483695881566796,0.5829503353133718,2.0193478352626717,0.5829503353133716,1.6042315736429904
Track_10602,5226,5226,49,0,0,0,0,0,48.0,149.0,197.0,87.54408519412497,98.55561953098385,168.30887946478953,0.0,3.2943780851508104,8.908185573479017,0.6398688619835914,3.1735673850121207,1.9160503431690128,19.061518493963746,158.13014808723892,87.54408519412497,0.5536204591791549,1.823835108210937,0.5536204591791549,1.1097845309558163
Track_10605,5229,5229,30,1,0,0,0,1,30.0,147.0,177.0,31.139548318938,379.9584503555162,174.41427420229164,0.0,2.5416303840623518,4.931972669646841,0.5668792594978793,2.1501117106942407,1.2586633540389935,14.282686948776245,75.11859898717029,31.139548318938,0.41453845969965986,1.0379849439646,0.4083933488021821,1.1034842519458303
Track_10611,5235,5235,49,2,0,0,0,1,50.0,149.0,199.0,48.23554205092651,363.85506620270655,195.34159657465597,0.0,2.426237450095416,5.328909581896377,0.1487581792205313,2.3926199575750924,1.2195119954324087,14.262622774863729,121.40327541766766,48.23554205092651,0.3973166447526247,0.9647108410185302,0.39761600455907203,1.7423195781980858
Track_10639,5263,5263,25,0,0,0,0,0,24.0,149.0,173.0,41.26053036205256,190.88945539040287,39.41943831810227,0.0,3.2376959659810263,9.651988308441547,0.6939591112569377,2.678325957568568,1.9614059072705208,11.651534671783446,77.70470318354462,45.40903642055711,0.5309914158553819,1.7191887650855235,0.5309914158553819,1.138680557531704
Track_10653,5277,5277,40,2,0,0,0,1,41.0,149.0,190.0,113.17686469168697,62.9264095988987,49.59989705078214,0.0,3.226199194507364,7.525956418346481,0.5744014252382343,2.9948274670362087,1.5951968496396136,26.558546233177186,131.0135168964766,114.51237236085996,0.8638563972075974,2.7604113339435847,0.8556233411263671,0.7879941879625836
Track_10657,5281,5281,48,1,0,0,0,1,48.0,149.0,197.0,113.81677005424784,239.58377524349814,67.5905069840433,0.0,4.0687488580611895,9.291399103253314,1.9920632550457784,3.5698749033077393,1.8234182682971423,12.411441405614218,193.49779106976303,113.81677005424784,0.588207076809537,2.3711827094634965,0.5827793241073609,1.0990488496378203
Track_10669,5293,5293,30,3,0,0,0,1,32.0,149.0,181.0,61.87702090050542,356.03153918858675,68.59416723110004,0.0,2.91819419585634,6.547744533987726,0.4011305504481717,2.7051472132983903,1.6396973919801998,17.56263861656189,93.96565858291183,62.10209748136066,0.6585067548471171,1.9336569031407944,0.6626210503353309,0.8808732079307208
Track_10671,5295,5295,38,0,0,0,0,0,37.0,144.0,181.0,75.2634770794833,126.5059177759647,86.1393228932233,0.0,3.6063425617153646,7.511601018674663,0.8755028427783382,3.668582640138748,1.6661863922107931,15.089708390988802,133.4346747834685,75.2634770794833,0.564047367759672,2.034148029175224,0.564047367759672,1.3725637489975
Track_10675,5299,5299,25,1,0,0,0,1,25.0,145.0,170.0,51.575085713007596,357.81723255061826,77.16882829114675,0.0,3.4323392030897906,5.653668292780268,1.5818183684419092,3.157842541319476,1.028046557081975,16.92598934173584,86.09408447339982,54.97672689786493,0.5990549295978932,2.063003428520304,0.6010488201932923,1.0820323294964747
Track_10677,5301,5301,21,0,0,0,0,0,20.0,147.0,167.0,47.52518397482928,230.29195918757722,86.42030570442853,0.0,3.2372656035515877,6.143867038744776,0.48865678794066314,3.3484291921334868,1.5473595443698578,21.99096800032116,64.74531207103175,47.52518397482928,0.7340328195914733,2.3762591987414643,0.7340328195914733,0.8005225864550142
Track_10696,5320,5320,22,0,0,0,0,0,21.0,149.0,170.0,28.99781060594773,397.0865870335576,109.2466482635789,0.0,3.353276765102299,6.33988518637667,1.025039153959546,3.1973443931241756,1.6316337776600152,11.275770945982499,70.4188120671483,28.99781060594773,0.4117906814204234,1.380848124092749,0.41179068142042347,1.690704201377482
Track_10780,5404,5404,42,1,0,0,0,1,42.0,150.0,192.0,59.29776657320909,346.98391836018607,97.80996839279743,0.0,2.815308375330551,5.459197839911544,0.39637233542134076,2.8297496718786594,1.4001058426329527,17.52687358856201,117.55231319618291,59.29776657320909,0.5044372582804655,1.4118515850764068,0.5014909192356729,1.3262418355954417
Track_10793,5417,5417,25,2,0,0,0,1,26.0,154.0,180.0,32.129337421200546,346.76520513681965,149.8352786413893,0.0,2.5242627324067524,5.102405815543832,0.6757201837330485,2.3030984881331094,1.2252954550653379,13.761953220367431,64.94055456292196,35.2769224272646,0.4947499699909385,1.2357437469692518,0.4895464054136056,1.05544288981146
Track_10800,5424,5424,33,0,0,0,0,0,32.0,153.0,185.0,28.617779060530967,142.0068549686964,162.2593754485175,0.0,1.5982211846790042,6.676640312222933,0.00683320536432765,0.47245344035144005,1.9715219370815764,17.911097121961188,51.143077909728135,29.267637908628725,0.5595630969071469,0.8943055956415927,0.5595630969071469,1.59865284889148
Track_10801,5425,5425,42,3,0,0,0,1,44.0,153.0,197.0,65.81743103703904,174.45083469103326,160.1439080418651,0.0,3.7717402319178412,9.670484733266314,0.8791700921354513,3.6705140816925814,1.7823388636557427,15.285194476445517,166.20021111632482,65.81743103703904,0.39601292077164035,1.495850705387251,0.39659430751058006,1.1197762976442431
Track_10810,5434,5434,26,2,0,0,0,1,27.0,153.0,180.0,45.22648416422992,35.41727778971909,168.6395395906705,0.0,3.3738325455916285,7.3010118554818115,0.47482328292932346,3.247851707637297,1.6415707522799743,10.530679482680101,90.04613010350599,45.61536757628109,0.5022590544673392,1.6750549690455527,0.4964843235134002,1.1460739708488286
Track_10817,5441,5441,25,2,0,0,0,1,26.0,157.0,183.0,54.56058700820389,94.88844270260796,184.90993088265677,0.0,2.812540653652241,6.0225465617127885,0.8246735766107679,2.604919509471433,1.5228745175758298,13.504570560455322,73.1003295685021,54.56058700820389,0.7463794941864841,2.0984841157001495,0.7461169007371149,0.7683145919579886
Track_10830,5454,5454,37,3,0,0,0,1,39.0,152.0,191.0,30.879775815521146,127.71425233381197,198.51168791085513,0.0,2.0843279244913377,5.24303790447865,0.15718235107259135,1.8885874248751475,1.2168619124868187,20.270762069805247,81.12035355391184,32.080249544319,0.3806661887265904,0.7917891234749012,0.379877424358804,1.5842505637611497
Track_10845,5469,5469,43,1,0,0,0,1,43.0,156.0,199.0,91.21686683148837,100.35473849306905,29.605460812813046,0.0,2.7854861581329793,5.8495373945079185,0.120372064137331,2.5783304822398123,1.216783638323232,16.88466563335685,119.32256526047244,91.21686683148837,0.7644561331075025,2.121322484453218,0.7615627448944394,0.9686828655700023
Track_10867,5491,5491,34,0,0,0,0,0,33.0,153.0,186.0,56.33555265416036,395.4650012071584,56.81539391448462,0.0,2.522247758855472,6.523000871418936,0.41643475348433334,2.470475764045936,1.347969612837817,27.023409001967487,83.23417604223059,56.33555265416036,0.6768319857648059,1.7071379592169806,0.676831985764806,1.3077302953738683
Track_10868,5492,5492,34,1,0,0,0,1,34.0,154.0,188.0,97.28237506096865,166.78974923538132,60.40033721079963,0.0,3.6100699349836827,7.067987449648896,1.0845246116275158,3.357348715100163,1.8104262177286918,16.188346217660342,121.98942706873048,97.28237506096865,0.7974656279528098,2.8612463253226075,0.7925736555947192,0.8730815596220743
Track_10873,5497,5497,34,1,0,0,0,1,34.0,156.0,190.0,87.4498442443536,275.5000541692768,63.1810949836004,0.0,3.731627269569052,6.878128992787903,0.2967711883996829,3.8011911661505007,1.6614885587170043,16.283743086983176,123.44047108417838,87.4498442443536,0.7084373826207977,2.5720542424809882,0.6892580787625187,0.9931120778389158
Track_10896,5520,5520,25,0,0,0,0,0,24.0,153.0,177.0,33.01324781196805,275.9070699464681,101.31725623095967,0.0,3.2080103226048498,7.614980983320876,0.7867308155695119,3.0243684031231655,2.051716491921641,12.208569717407226,76.9922477425164,36.082110883193074,0.4287866477463235,1.3755519921653354,0.4287866477463235,1.174055384577788
Track_10897,5521,5521,35,0,0,0,0,0,34.0,155.0,189.0,106.17541107279966,318.96239366047257,93.41076656434569,0.0,3.371002340487716,6.081802061012942,1.1078966299798247,3.86389609519329,1.4621672267611463,21.792270251682826,114.61407957658234,106.17541107279966,0.9263731948556619,3.1228062080235195,0.9263731948556619,0.5520227458389324
Track_10900,5524,5524,22,0,0,0,0,0,21.0,156.0,177.0,54.12555347854353,221.6465258461509,104.6784513009064,0.0,3.2591776764183407,6.485753437183737,0.6448822263090359,2.9187043886912236,1.7189115687212688,13.833823897621848,68.44273120478515,54.12555347854353,0.7908152191734769,2.577407308502073,0.7908152191734767,0.8218098088573506
Track_10901,5525,5525,43,2,0,0,0,1,44.0,155.0,199.0,104.2439689984748,190.85820029689785,104.07331980102398,0.0,3.3470828629146365,6.59906990208156,0.28704930059047257,3.304475046762504,1.6180162674192153,17.846841091333435,145.0592265982203,104.2439689984748,0.7186303928615716,2.3691811136017,0.7078346161823491,0.8774969792048223
Track_10903,5527,5527,47,1,0,0,0,1,47.0,152.0,199.0,102.30621186485101,317.41766359666224,104.0376768921559,0.0,2.6158906410831624,5.080273790325934,0.7267164649419378,2.3474517473796226,1.0868950770968344,31.306707503947806,125.14714131813345,102.30621186485101,0.8174874055235583,2.1767279120181064,0.8321173208971718,0.8840624402011463
Track_10910,5534,5534,21,1,0,0,0,1,21.0,152.0,173.0,41.560458105997185,251.91420265243895,107.4659029555946,0.0,2.9598177696212344,9.049309438438893,0.5869706498332229,2.5949149296587346,1.8647396786823014,19.618281682332356,62.29570892017036,41.560458105997185,0.6671480078869536,1.9790694336189136,0.6686457031008951,1.2523282039361392
Track_10911,5535,5535,42,2,0,0,0,1,43.0,155.0,198.0,97.84518847095002,53.38565523520387,102.7277570669776,0.0,3.7587152260244285,7.757510004222821,0.5608260427337102,3.858735466617954,1.7407334221995965,14.93439001128787,160.5262756853207,97.84518847095002,0.6095275558672757,2.275469499324419,0.6053849154545209,1.3842394170973547
Track_10927,5551,5551,29,0,0,0,0,0,28.0,152.0,180.0,55.18173240568964,347.9986222990467,142.99501000701798,0.0,3.3646007092026324,6.708541827693219,0.5666699019842116,3.5701443561256383,1.7240150236729825,13.927042747366018,94.20881985767372,57.969872912054065,0.5857384954938998,1.9707761573460585,0.5857384954938999,1.2843447038361888
Track_10935,5559,5559,21,2,0,0,0,1,22.0,157.0,179.0,34.28937226514661,11.855608406957288,155.68387804649402,0.0,2.4421554516918715,6.204997231015634,0.2105743830345374,1.7780121908609157,1.8735535327079413,16.936900910877046,51.81196527280367,34.28937226514661,0.6618041235186509,1.5586078302339368,0.6382099178634053,1.3579262106398309
Track_10938,5562,5562,35,4,0,0,0,1,38.0,153.0,191.0,58.95109255717548,192.34664393224554,123.95487010445356,0.0,3.481869253468822,7.681494208549116,1.0198833114681436,3.6450470474573455,1.6445261284153498,15.598083005632674,133.6107223507632,58.95109255717548,0.44121528212693434,1.551344540978302,0.44554933802662766,1.2462821732401992
Track_10958,5582,5582,20,3,0,0,0,1,22.0,155.0,177.0,60.19794757782931,121.35475121865151,72.08767980512715,0.0,4.057598783575073,7.500759217168466,1.7570835114245231,3.8281548524909175,1.496051698231845,8.250079226493835,86.56334144336874,60.19794757782931,0.6954207933067356,2.736270344446787,0.6743570496725926,0.962129214685555
Track_11007,5631,5631,20,1,0,0,0,1,20.0,160.0,180.0,51.904569142086636,336.9707637221296,34.7195183600153,0.0,2.849522940212469,5.852221417046159,0.4691093380333226,2.9942475752863222,1.4034529870546955,10.563889837265014,58.03798808823434,51.904569142086636,0.8943206139946968,2.595228457104332,0.9107589275665995,0.6625585142124996
Track_11025,5649,5649,26,1,0,0,0,1,26.0,159.0,185.0,38.53973932468396,382.11090269418213,68.5457160145737,0.0,2.695331802751385,4.755522846663897,0.69428622190158,2.644828561982678,1.1769721154003792,14.183258570157564,69.08757426363283,40.890452280940885,0.5578389418858346,1.4822976663339984,0.549949978262741,1.0636759080374234
Track_11035,5659,5659,28,2,0,0,0,1,29.0,160.0,189.0,82.9155639714688,312.183489475599,91.67639428780932,0.0,3.9521913364656047,5.847322106656912,1.6922847845665108,4.019923138905918,1.0127957335292899,14.07424647467477,113.27878331697896,86.66909740308525,0.731960227180873,2.8591573783265103,0.7234359713169705,0.8129671646711134
Track_11061,5685,5685,22,1,0,0,0,1,22.0,161.0,183.0,44.872429076780726,243.5743600298997,127.5048329312262,0.0,3.2334422467967556,5.718734872642301,0.8108510848878037,2.7517391955464223,1.4914199259448682,11.922650575637817,70.51232752377281,44.872429076780726,0.6363770797617233,2.0396558671263967,0.6308001539681136,1.3133394440926505
Track_11063,5687,5687,30,1,0,0,0,1,30.0,160.0,190.0,45.2083616874766,205.55462623882983,119.49305455271602,0.0,3.3161846232364107,9.603385572691677,0.2811176213190979,3.0769147788557034,2.0348637388788555,15.434104140599569,100.83847083427239,45.2083616874766,0.4483245463110637,1.5069453895825533,0.4544214393322465,1.2045434696707829
Track_11068,5692,5692,37,0,0,0,0,0,36.0,159.0,195.0,50.19190489794986,272.0198720032568,131.81477946538072,0.0,2.976246849519452,5.837893354572947,0.7196642226180308,3.020663757508676,1.4190795916026706,16.177628658913278,107.14488658270025,52.29118018610833,0.46844890595137284,1.3942195804986073,0.4684489059513728,1.3186434149595436
Track_11070,5694,5694,29,1,0,0,0,1,29.0,160.0,189.0,45.607476886496656,167.0697497496333,124.03814884826295,0.0,2.981995150866125,6.659776459304092,0.2498701421062881,2.9902030529978543,1.5959535921804227,15.299181543547531,85.23653276996886,45.607476886496656,0.5350695928655301,1.5726716167757469,0.5273890590730713,1.1927917880440804
Track_11073,5697,5697,38,2,0,0,0,1,39.0,160.0,199.0,67.52816968759782,113.15978239859236,134.85367352322828,0.0,3.1759106237684325,6.718487777078881,0.7786630198271437,2.935045032660213,1.4283795356497417,15.074250409477635,124.21930340623808,67.52816968759782,0.5436205793777352,1.7314915304512262,0.5451952953249971,1.1475622328821062
Track_11075,5699,5699,23,0,0,0,0,0,22.0,159.0,181.0,36.59777559474325,356.2099493711383,137.87352507079544,0.0,2.5517096983294825,5.336422247303968,0.5958784235847713,2.6216791105650064,1.4415891648504415,17.43970122544662,56.13761336324861,36.73669307211491,0.6519296671543676,1.6635352543065112,0.6519296671543675,1.308079038517256
Track_11076,5700,5700,34,0,0,0,0,0,33.0,159.0,192.0,80.04525725935765,158.78078931161917,152.20680560025977,0.0,3.027828293657727,8.019813285148295,0.37932539584275077,2.712804868020897,1.7860299661152836,13.99069912293378,99.91833369070498,80.04525725935765,0.801106806956329,2.4256138563441714,0.8011068069563289,0.9411155339778712
Track_11086,5710,5710,42,0,0,0,0,0,41.0,158.0,199.0,66.69915526843279,221.9539880274638,159.29507846752844,0.0,2.1775172139866785,4.898590819674397,0.10464168626542969,2.035012905676407,1.2187303812503025,21.320015986760456,89.27820577345383,66.69915526843279,0.7470933660750747,1.6268086650837266,0.7470933660750748,0.9919726099312971
Track_11087,5711,5711,32,1,0,0,0,1,32.0,159.0,191.0,33.88119955169849,13.967827246565854,156.6937913031437,0.0,2.1360644917566303,3.983558949808842,0.6253170124524949,2.1872414313473794,1.0259531338915027,23.871276408433914,68.40524067580289,34.07015259842863,0.49530122570979196,1.0587874859905777,0.49567205956401866,1.209687893405625
Track_11093,5717,5717,25,0,0,0,0,0,24.0,159.0,183.0,49.0395745705329,196.66757773671839,159.4382736993237,0.0,3.030315815111756,5.172367386027047,0.5826613109074544,3.234069417070927,1.4443331565304958,12.84549409866333,72.72757956268214,49.0395745705329,0.6742913055186565,2.0433156071055376,0.6742913055186565,0.9830368477750188
Track_11099,5723,5723,23,0,0,0,0,0,22.0,160.0,182.0,29.789587450806515,91.21517320885815,173.23295528393746,0.0,3.4345624386393325,7.2416024073636684,0.5959392626612732,3.2449121904115565,1.9532105060123017,12.664644531581713,75.56037365006534,29.789587450806515,0.39424881074262336,1.3540721568548415,0.39424881074262347,1.6132139453722334
Track_11105,5729,5729,30,2,0,0,0,1,31.0,159.0,190.0,36.94711423351373,228.23643808887883,190.28424281344923,0.0,2.7021358176703743,6.007250255559165,0.44688154829528765,2.4008363061070384,1.4773450212243115,8.509905481338501,84.15254812890049,36.94711423351373,0.43904926297561503,1.1918423946294752,0.44107420020693594,1.2393862825236721
Track_11152,5776,5776,32,1,0,0,0,1,32.0,162.0,194.0,78.31936174140138,297.5133113647598,86.81896934019274,0.0,3.0267137196502256,6.1096503071359916,0.3229129935675887,2.887534048407155,1.5406961427417472,21.235123366117477,97.55163253940968,78.31936174140138,0.8028503439935903,2.447480054418793,0.8086262134833253,0.830338590739561
Track_11155,5779,5779,24,2,0,0,0,1,25.0,162.0,187.0,43.86997492399728,22.611179729718803,85.71335622645064,0.0,3.347100635581555,7.185912482739469,1.3425126633013922,2.920099187183383,1.4921370705874797,10.807803312937418,80.72145482117601,46.177018878897876,0.5434735414665579,1.7547989969598914,0.5242743460729549,1.2466388280527072
Track_11159,5783,5783,21,2,0,0,0,1,22.0,162.0,184.0,64.05702548295093,206.7601019490175,94.87506692797663,0.0,3.5934264571030226,6.589268552756511,0.3646526463186528,3.9006795516457777,1.548696500850018,16.593988486698695,78.16839852767201,64.05702548295093,0.8194747070361742,2.9116829764977696,0.8102803859370294,0.7822038321064031
Track_11180,5804,5804,38,2,0,0,0,1,39.0,160.0,199.0,54.753738933412556,299.0128794464105,143.0054902896765,0.0,2.5751574314385333,6.700451499143688,0.45416217689935606,2.3521823695548116,1.3226638227182275,16.462366668801558,101.2358369564833,54.753738933412556,0.5408533240748403,1.4039420239336553,0.545186871603957,1.0815448781327293
Track_11184,5808,5808,36,0,0,0,0,0,35.0,163.0,198.0,83.01577324857547,77.55506360211918,154.75908058832408,0.0,3.331422957665671,7.169606059333135,0.9157514518724976,3.089331170589865,1.2521789282049574,17.962510334120857,116.5998035182985,83.01577324857547,0.7119718107890932,2.371879235673585,0.7119718107890933,0.9936165164271334
Track_11185,5809,5809,27,2,0,0,0,1,28.0,163.0,191.0,59.579988364047,38.45895765079474,152.2253253646741,0.0,3.0335137545322244,7.550399112448969,0.7845031173524882,2.7947245429481917,1.5353868600985752,19.702784026110614,83.91992015061952,59.579988364047,0.7099624053158392,2.127856727287393,0.7014495068988121,0.8611714411646197
Track_11186,5810,5810,35,2,0,0,0,1,36.0,163.0,199.0,40.84518261931315,16.838837672974467,161.35410273880157,0.0,1.941325012529381,3.8172495440915095,0.0,1.7520401545580255,1.082939523482766,15.895169680459158,71.24225143254574,42.327031585272394,0.57332807144629,1.134588406092032,0.5844402141678275,1.1617137269913258
Track_11209,5833,5833,27,0,0,0,0,0,26.0,163.0,189.0,41.09748010714045,275.1169816314571,108.34547759313881,0.0,3.1023632379222454,8.246878952000666,0.7188397199834528,2.663728848206455,1.9685204162215244,15.607388443417019,80.66144418597837,41.09748010714045,0.5095058800631362,1.580672311813094,0.5095058800631361,0.9022210485335385
Track_11225,5849,5849,27,0,0,0,0,0,26.0,164.0,190.0,40.087486944545205,89.04657814984606,68.57497537636465,0.0,3.7463645219719126,7.667499965699203,0.9783337947535451,3.5482659455650434,1.8949972832305064,9.107980763470685,97.40547757126973,43.83775262002731,0.41155269646118164,1.5418264209440464,0.41155269646118164,1.4321957662294411
Track_11228,5852,5852,34,2,0,0,0,1,35.0,164.0,199.0,72.63652017567355,119.51467030322395,71.50565280634318,0.0,3.980920255712997,7.020457613027988,1.0592960245949365,3.8456907267709863,1.3912441925532573,13.365495176876292,138.66519157552534,78.2649507077208,0.5238266312574297,2.075329147876387,0.521318945009786,0.8976818520689391
Track_11240,5864,5864,36,0,0,0,0,0,35.0,164.0,199.0,54.89222708385937,67.39525197626153,144.22866979796012,0.0,2.8547536647476717,9.380138899627926,0.8425312674333988,2.21687085916666,1.7674042061675255,22.85232887003157,99.91637826616851,54.89222708385937,0.5493816733191756,1.5683493452531247,0.5493816733191756,1.1026640649222472
Track_11241,5865,5865,35,1,0,0,0,1,35.0,164.0,199.0,72.81507955198298,38.933059308365756,144.83393777225598,0.0,3.3871343656963506,5.815959011760897,0.3128169051263516,3.488466080741049,1.3716928639865198,22.48625112261091,119.0768270807236,72.81507955198298,0.6114966390784058,2.080430844342371,0.6142156229207227,0.8499794259191855
Track_11248,5872,5872,35,0,0,0,0,0,34.0,165.0,199.0,55.02896590672413,102.09316820536031,184.65810067057197,0.0,2.550573185725075,4.894587210084506,0.4962602733907572,2.4351956026277053,1.1950863544218806,23.07924530846732,86.71948831465257,55.02896590672413,0.634562852897117,1.6184989972565922,0.6345628528971172,1.2407302002262024
Track_11264,5888,5888,23,0,0,0,0,0,22.0,166.0,188.0,38.78900712436628,33.243145388205846,47.9110840045856,0.0,2.958894711093192,5.7415270494752235,0.24211110590803625,2.928359197416489,1.5357654038021031,22.497183965600055,65.0956836440502,38.78900712436628,0.5958767917158456,1.7631366874711945,0.5958767917158454,1.0120751882020755
Track_11279,5903,5903,24,2,0,0,0,1,25.0,166.0,191.0,57.018599090055844,87.31452565093251,91.23930438117786,0.0,3.3575687594645784,7.007671482773555,0.680091147338659,2.991896449739215,1.6624527077532494,14.669537524382273,83.12790743695886,57.018599090055844,0.68591404316651,2.2807439636022337,0.6792843652637325,1.2144033541206238
Track_11287,5911,5911,27,1,0,0,0,1,27.0,165.0,192.0,41.802333317077235,121.10430495009015,119.8112839470511,0.0,3.290350720174625,5.74692067118123,0.6800993339059247,2.9601600227440583,1.3799948076419422,15.876882447136772,89.69516606505076,41.802333317077235,0.46604889818432804,1.5482345672991569,0.4705378541582914,1.1643847509505227
Track_11302,5926,5926,20,1,0,0,0,1,20.0,166.0,186.0,32.63741028190635,36.12049898035169,145.16964242629655,0.0,3.150935230962904,5.357560541200359,1.141548053180115,3.4072742668974474,1.1313223361090348,17.07677855491638,63.7514172628583,32.63741028190635,0.5119479955612056,1.6318705140953174,0.5179003675034695,1.6699238168844528
Track_11304,5928,5928,35,0,0,0,0,0,34.0,165.0,199.0,50.751065917316346,133.72282463528128,150.1407237554929,0.0,2.819380288755437,7.13870255821236,0.498787420900237,1.9697800742450258,1.902063656144595,11.564074734279087,95.8589298176849,50.751065917316346,0.5294349312457414,1.4926784093328338,0.5294349312457416,1.231337712020895
Track_11308,5932,5932,34,0,0,0,0,0,33.0,166.0,199.0,78.16803052276137,304.6237697258429,163.9597147015722,0.0,3.100298430199363,5.676420714680669,0.3615978093696982,3.4422630911706364,1.432113487901841,13.76158301970538,102.30984819657898,78.16803052276137,0.7640323184975182,2.3687281976594354,0.7640323184975183,0.8131513303280102
Track_11310,5934,5934,22,0,0,0,0,0,21.0,165.0,186.0,34.08730994151369,76.89693485205056,166.53593972098045,0.0,2.6872665644442284,5.355513065845915,0.08985344738274093,2.432264891019429,1.3527771699873223,18.642408566041425,56.432597853328794,34.08730994151369,0.6040358097656313,1.6232052353101756,0.6040358097656313,1.0536956650013811
Track_11311,5935,5935,23,3,0,0,0,1,25.0,166.0,191.0,31.722504615839508,335.7974904882801,181.8560887993667,0.0,2.1849274282668674,3.851739222880927,0.2973501156008424,2.386364814961093,0.954979116763382,15.37355547365935,54.667329556831696,31.722504615839508,0.5802826820516458,1.2689001846335803,0.5807516388039029,1.0740048069237633
Track_11326,5950,5950,31,1,0,0,0,1,31.0,168.0,199.0,39.299436713533694,364.84107122224134,119.27676999654469,0.0,2.7106820760044132,7.507619120980994,0.5088330318626633,2.5892108934152063,1.4042425557861633,21.03854117854949,83.62860499348916,47.93174286790439,0.4699281629365134,1.2677237649526998,0.46767703825353946,0.9497437619488097
Track_11332,5956,5956,30,1,0,0,0,1,30.0,169.0,199.0,62.91989666306232,75.83486376049196,126.71677207483039,0.0,3.1812908789464354,7.146015464082158,0.7144852271542097,3.053890775891009,1.6686114167365904,11.451947498321534,93.74486971279813,62.91989666306232,0.6711822935572594,2.0973298887687437,0.65927007890059,1.0040740672441435
Track_11333,5957,5957,31,2,0,0,0,1,32.0,167.0,199.0,42.843841671337245,158.2080410269553,129.18379880701517,0.0,2.823618718322136,6.99744808350812,0.9071831118155931,2.491539010468362,1.369734177216884,12.422216953769807,89.12298461766242,42.843841671337245,0.48072718676486553,1.338870052229289,0.4741681458411915,1.2088131127211208
Track_11338,5962,5962,33,2,0,0,0,1,34.0,165.0,199.0,47.50175328694774,315.94493610932005,130.15079460896516,0.0,2.99336430353491,6.056338048182788,0.6139557581404229,3.069447542900681,1.39548644969392,21.104632262027625,98.7967732636187,47.50175328694774,0.4808026792555174,1.3971103907925806,0.4667358360433147,1.3413886445370526
Track_11343,5967,5967,21,0,0,0,0,0,20.0,168.0,188.0,51.93597035413596,55.695851068210665,148.20453427525814,0.0,3.670694549910124,6.393562646697668,1.679564540625334,3.6813352430504023,1.4854290090152016,13.599831921713692,73.41389099820248,51.93597035413596,0.7074406443789718,2.596798517706798,0.7074406443789718,1.2322122111247418
Track_11378,6002,6002,27,1,0,0,0,1,27.0,168.0,195.0,59.3634597590557,233.4054092664357,88.76634190228489,0.0,3.655592080455724,6.393119211549446,1.4126928471660323,3.606456340184015,1.5479171160976912,15.069416258070204,96.7390937625959,60.7280239854903,0.6136449851880723,2.198646657742804,0.6014474835684374,1.0101944661682132
Track_11388,6012,6012,31,2,0,0,0,1,32.0,167.0,199.0,50.4999040388694,298.8947523643775,197.2524469359699,0.0,2.2801799483335183,4.792478780681498,0.3260697648907297,2.2280149443369597,1.0478862854144773,22.581540476891302,76.33297773778044,50.4999040388694,0.661573877182507,1.5781220012146688,0.6921041483449794,1.2194760698516764
Track_11390,6014,6014,23,1,0,0,0,1,23.0,168.0,191.0,64.87041298299229,136.6452187932915,89.82349691537036,0.0,3.892290488911211,8.538700697297521,1.0617785303319383,3.3194943842674003,1.839862141073272,14.190470799155857,89.83007604646143,64.87041298299229,0.7221458094885767,2.820452738390969,0.724625447773281,0.9303501180659718
Track_11404,6028,6028,29,1,0,0,0,1,29.0,170.0,199.0,67.67898602848125,153.95430956383697,44.461362941387584,0.0,3.326188449327187,5.843058603359907,0.11102371185758018,3.328585672108768,1.4919514352109058,18.333304503868366,96.31288853583585,67.67898602848125,0.7026991616319287,2.3337581389131463,0.7016313640873875,1.112841015196069
Track_11406,6030,6030,25,1,0,0,0,1,25.0,170.0,195.0,65.94642314839798,83.59141614216331,48.406335698086686,0.0,3.5848615724404835,7.594840880337405,0.6216837856322018,3.2175773157370884,1.8674605746285078,19.256473197937012,89.29108653188634,65.94642314839798,0.7385555010000707,2.6378569259359193,0.7358322971841093,0.9829714207109492
Track_11410,6034,6034,29,0,0,0,0,0,28.0,170.0,198.0,58.807818624971425,394.0487554051085,61.717182180496316,0.0,2.5533066650551577,6.351277618608977,0.47017852626552803,2.1832657881624424,1.517849555916477,21.38175079740327,71.49258662154443,58.807818624971425,0.8225722610412528,2.1002792366061223,0.822572261041253,0.7882426662058362
Track_11413,6037,6037,27,1,0,0,0,1,27.0,170.0,197.0,41.59871171932113,355.61090846286714,80.25822686054195,0.0,2.9048706237496837,7.005865667653373,0.9041309372307627,2.4797139569267985,1.5704741415743846,10.639278553150318,76.83787454819151,44.74037447894766,0.5413829047708897,1.5406930266415233,0.5303826662864441,1.2224664413758004
Track_11421,6045,6045,30,0,0,0,0,0,29.0,170.0,199.0,64.9661000868734,364.04976947901457,121.83465560925167,0.0,3.6316373898155083,6.008414234692677,1.5028912567427923,3.646021104078467,1.2962023473510793,21.67754052480062,105.31748430464975,64.9661000868734,0.6168595890398149,2.2402103478232207,0.616859589039815,1.0519438157186787
Track_11430,6054,6054,26,1,0,0,0,1,26.0,170.0,196.0,39.24717228023992,204.59130021078005,167.09023378242634,0.0,2.7977716649442432,5.623508015244283,0.13620199142549386,2.7812947134465458,1.4764300625156535,14.141942262649536,73.89806561250917,39.24717228023992,0.5310987771457487,1.5095066261630739,0.5395388927113024,1.5826489371444115
Track_11441,6065,6065,22,0,0,0,0,0,21.0,171.0,192.0,27.637994946655535,258.063653604227,146.0772877434611,0.0,2.400255589974332,5.51624125680054,0.7023773086340117,2.288089860693392,1.2270316936204768,19.21666646003723,50.40536738946096,28.59723457420026,0.5483145224021171,1.3160949974597873,0.548314522402117,1.0060523676270037
Track_11442,6066,6066,28,1,0,0,0,1,28.0,171.0,199.0,38.082515253785104,147.82867418861179,16.861356800152205,0.0,2.7418250647137477,6.379171730500731,0.5890809944737434,2.5692588495972575,1.449918330696078,16.3784077167511,75.42666168601839,38.082515253785104,0.5048946142189445,1.3600898304923252,0.49605273800876915,1.2895763070936705
Track_11460,6084,6084,26,3,0,0,0,1,28.0,171.0,199.0,69.60519974432499,112.16550950351566,68.31652344337789,0.0,3.4244821970544135,6.9095867416701156,0.2068221840130208,3.5878259407154443,1.5419775873993111,12.238581400651197,94.808365704839,69.60519974432499,0.7341672776115826,2.4858999908687496,0.7259199633179608,0.8007753944254697
Track_11467,6091,6091,20,1,0,0,0,1,20.0,171.0,191.0,32.836854902963104,407.0478845659115,85.35557320197901,0.0,2.68640988592189,4.91011461983301,1.209633146858487,2.842599670088187,0.9728564240308277,17.210703444480895,53.5842265256994,32.836854902963104,0.6128082279439884,1.6418427451481552,0.6111661343089226,1.1338410547325972
Track_11470,6094,6094,25,2,0,0,0,1,26.0,171.0,197.0,66.43279424618426,131.03380469356472,100.33209173882902,0.0,3.2304743638764135,6.8759742566217525,0.7065264384069587,3.2611445046389886,1.457701244520986,20.582910442352294,82.11570048699991,66.43279424618426,0.809014522828086,2.5551074710070867,0.7909387858262033,0.8974996381786293
Track_11471,6095,6095,24,0,0,0,0,0,23.0,171.0,194.0,74.67907473107192,180.05629768185736,106.10422428223706,0.0,3.758521252323226,6.55848524048558,0.7741107490644615,4.017794228192768,1.6264288206869546,13.516424477100372,86.4459888034342,74.67907473107192,0.8638813178582692,3.246916292655301,0.8638813178582693,0.9517326308370632
Track_11476,6100,6100,25,1,0,0,0,1,25.0,171.0,196.0,34.31167810650517,180.21208804556238,136.2157995286823,0.0,2.799244071376607,4.932737663449412,1.1653082912822317,2.961518488511002,0.939826051642308,25.017765636444093,69.19303319809664,35.54630051789346,0.49588342237104027,1.372467124260207,0.49029919837795977,1.2623634371138366
Track_11480,6104,6104,22,0,0,0,0,0,21.0,178.0,199.0,54.54417649110715,62.52836379285019,28.44459795169311,0.0,2.9992313987952754,5.15855504292325,0.9992776174360577,3.0698029050893476,1.1818174630637184,31.22698905251243,62.98385937470078,54.54417649110715,0.866002449399224,2.597341737671769,0.8660024493992239,0.669902749200999
Track_11485,6109,6109,27,0,0,0,0,0,26.0,173.0,199.0,45.79957465303278,140.82664210568268,34.3950203028146,0.0,2.4416850708306472,4.903440038252626,0.2938441298496408,2.256178629488538,1.2098088278584507,17.00921090443929,63.48381184159683,45.79957465303278,0.7214370612670628,1.7615221020397223,0.7214370612670629,0.8964077820397922
Track_11495,6119,6119,19,2,0,0,0,1,20.0,173.0,193.0,32.393023426304076,321.64408262475257,43.72252274677603,0.0,3.5939488513928617,7.824852903812978,0.9360729982649315,3.094447318423297,2.033514035386185,11.63502402054636,69.67681086889606,32.393023426304076,0.46490393320748874,1.6196511713152038,0.45066060711673617,0.9770352009566039
Track_11497,6121,6121,24,0,0,0,0,0,23.0,174.0,197.0,60.243816162786345,92.54810216270535,62.29781323702258,0.0,3.6525108837610625,9.046080626840196,0.559462866601282,3.4103759377294365,2.208857874500797,13.13035617272059,84.00775032650445,60.243816162786345,0.7171221218118897,2.6192963549037542,0.7171221218118898,1.017687375622949
Track_11499,6123,6123,20,2,0,0,0,1,21.0,176.0,197.0,45.66569482566689,68.24847009770943,47.188539276120835,0.0,3.4533839370067705,6.822324933198793,1.1487001240523895,3.554783409479935,1.3562998109748459,13.40363163948059,73.15430134334332,45.66569482566689,0.6242380008707751,2.174556896460328,0.6296887158006332,1.2754747210806106
Track_11502,6126,6126,24,0,0,0,0,0,23.0,174.0,197.0,49.47593591286647,382.9420155627544,64.40303976260985,0.0,2.693276589085336,4.882437281764358,0.41830816859539527,2.9004500286250505,1.1312573605348717,24.207807977994282,61.945361548962715,51.298611542507075,0.7987028354618579,2.1511276483854984,0.7987028354618577,0.7833601877681516
Track_11505,6129,6129,27,0,0,0,0,0,26.0,172.0,198.0,90.73539031206228,68.72697600914283,63.88908178474366,0.0,4.275441592511368,6.872372875719204,0.8802608786058521,4.694526596339585,1.9109875138353665,10.50018197518808,111.16148140529558,90.73539031206228,0.8162484807236454,3.489822704310088,0.8162484807236456,0.9334398919060588
Track_11516,6140,6140,25,1,0,0,0,1,25.0,172.0,197.0,50.57717018962674,127.16848818464192,76.30834390940113,0.0,3.26240798409681,6.881681006783601,0.7036113620114637,2.851759104169265,1.5053872603362994,16.62745937347412,81.67078108080212,50.57717018962674,0.6192810882950601,2.0230868075850696,0.6201207259934893,0.8452705287024145
Track_11526,6150,6150,22,0,0,0,0,0,21.0,178.0,199.0,28.525634857873115,180.11876350505023,80.773928053504,0.0,2.9436759624970086,7.112051811791501,0.4197731623754946,2.6013817656435205,1.679573300788856,12.91201027956876,61.81719521243719,28.525634857873115,0.4614514579615536,1.3583635646606245,0.4614514579615537,1.4051888780720516
Track_11537,6161,6161,27,0,0,0,0,0,26.0,173.0,199.0,58.08174565022619,34.094736911517465,96.37865226215672,0.0,3.0140954846124957,6.179434032291535,0.08413772834771713,3.004448019717937,1.4596972379807838,25.63257556491428,78.36648259992491,58.08174565022619,0.7411554496677365,2.2339132942394686,0.7411554496677366,0.9829133025822832
Track_11538,6162,6162,27,1,0,0,0,1,27.0,172.0,199.0,51.64795934287821,298.9351296954024,101.4460025046376,0.0,2.6029291736421776,7.670090864704936,0.5587861241530756,2.526550060731171,1.6055013193136485,21.604415434378165,71.32064364824011,51.64795934287821,0.7241656370574926,1.9128873830695634,0.7348979766487209,0.7736380131969259
Track_11543,6167,6167,20,1,0,0,0,1,20.0,179.0,199.0,49.906855644807855,23.522331823211207,96.10197341718828,0.0,3.2991361220555557,5.905587987506186,1.3073030678290225,3.219860672657246,1.3059299655947418,11.420377278327942,65.10181290255896,49.906855644807855,0.76659701811232,2.495342782240393,0.756362480941116,0.7871270215442013
Track_11562,6186,6186,25,0,0,0,0,0,24.0,175.0,199.0,67.49050581241825,204.39831502402922,122.6873122120578,0.0,3.6001561456311313,9.325869488667848,0.03331291101236466,3.610174821395932,2.226950760966974,18.62609733581543,86.40374749514714,67.49050581241825,0.7811062340346852,2.8121044088507605,0.7811062340346852,1.2107995375792806
Track_11564,6188,6188,25,2,0,0,0,1,26.0,173.0,199.0,44.20848924182371,124.51521143745407,119.64553174195296,0.0,3.1680735060295664,7.149889629387204,1.449982836848831,2.6813812574965445,1.5303464824531086,12.01450273513794,80.76074286866928,44.98146352412845,0.5474007255445167,1.7003265093009121,0.5367067733955045,0.9206851791339553
Track_11565,6189,6189,27,0,0,0,0,0,26.0,173.0,199.0,51.555885023141556,359.79920163229224,131.7544210077663,0.0,2.64590096998875,4.756777204686037,0.562427234621994,2.728357258665497,1.213992578540707,20.214143558784766,68.79342521970749,51.555885023141556,0.7494304122593995,1.9829186547362136,0.7494304122593994,0.9509717651423724
Track_11566,6190,6190,20,1,0,0,0,1,20.0,179.0,199.0,28.03229133225422,8.91602817800354,130.40155550133318,0.0,2.9502976758666386,6.792510891925212,0.8292822169208023,2.5378947888019856,1.6912644024245205,10.97093346118927,59.67565279061982,28.03229133225422,0.46974419250358845,1.401614566612711,0.4750756434097763,1.176309880752133
Track_11577,6201,6201,21,1,0,0,0,1,21.0,178.0,199.0,38.26455615953762,155.69028624725814,133.79972532928545,0.0,3.7177123463211643,9.014008513648855,0.6553293557477115,3.681121057929551,1.9250984655713126,14.267733891805014,78.34967941122008,39.346300635384154,0.48838178339831134,1.8221217218827437,0.49011907112335124,0.8945176217405924
Track_11588,6212,6212,22,1,0,0,0,1,22.0,177.0,199.0,28.598826367127124,190.13287693977,143.10576355530472,0.0,2.7017299328292306,4.592377860821706,0.5393410544323904,3.2014297223279113,1.259950748528964,19.79328901117498,60.35931051944192,29.01209384034427,0.4738096926722739,1.299946653051233,0.4811534407104632,1.5670685548257481
Track_11589,6213,6213,26,0,0,0,0,0,25.0,172.0,197.0,34.43655476604551,145.3046715052418,139.31125122374263,0.0,2.8903964253195493,5.997995507341066,0.15278305696551525,3.012836532680851,1.5060127709701567,11.602571872564463,72.25991063298875,34.43655476604551,0.47656514468929084,1.3774621906418205,0.476565144689291,1.4110239148332424
Track_11606,6230,6230,26,0,0,0,0,0,25.0,174.0,199.0,50.51724847861899,255.8394888264336,149.42831574406702,0.0,2.848273475837575,4.887595117099536,0.7929366326500422,2.7440694556650573,1.2947230684747226,16.79044661155114,71.20683689593939,51.52961594819269,0.7094437933318698,2.0206899391447597,0.70944379333187,0.8306330318816023
Track_11607,6231,6231,22,0,0,0,0,0,21.0,178.0,199.0,37.929690945370474,380.8022574589697,171.8068511355435,0.0,3.047538578114835,5.58777032021792,0.18446602306328347,2.912270983799953,1.429125563276037,17.767732468518343,63.99831014041153,37.929690945370474,0.5926670698359563,1.8061757593033558,0.5926670698359563,1.5204857273936832
Track_11612,6236,6236,20,1,0,0,0,1,20.0,178.0,198.0,45.37922435105979,182.74280509373133,157.8522097752572,0.0,3.439616023713472,6.762055234343392,0.3908745809378676,3.179210730086123,1.6196008882574746,9.580186438560485,69.39218188631587,46.1353655549984,0.6539529831387039,2.2689612175529894,0.65965538069083,0.9589327967978325
Track_11621,6245,6245,21,3,0,0,0,1,23.0,176.0,199.0,49.49522646513906,356.0981864775386,174.40477007954226,0.0,2.996615838277317,4.79338621520625,0.6457794311523786,2.9970640208518056,1.2959639040592914,14.116715317680722,65.63606534548173,52.40251698222771,0.7540858246851969,2.1519663680495245,0.7181322145339252,0.8646421037585995
Track_11625,6249,6249,26,1,0,0,0,1,26.0,173.0,199.0,31.32204841592955,210.89970725632688,179.1385170174616,0.0,2.551540301591113,4.286144158348766,0.8214632603920639,2.6921548033495495,1.0010172730293012,15.794646886678843,65.22158789974378,31.32204841592955,0.48024050662606754,1.2046941698434444,0.4721438924920018,1.3976617727415928
Track_11629,6253,6253,23,2,0,0,0,1,24.0,175.0,199.0,38.46857763587148,186.45570319070706,190.18111845346886,0.0,2.981900061012569,8.620914216579754,0.03200728850836451,2.736845076332941,1.7475963366386398,11.804934667504352,72.41383146829885,41.32926274388937,0.5312324573339579,1.602857401494645,0.5375288804784288,1.213668419107489
Track_11631,6255,6255,20,1,0,0,0,1,20.0,179.0,199.0,35.52750521871117,266.29558674697904,186.55317803660995,0.0,2.8853868323993277,4.926938622560368,0.7563036399413885,2.468636918434362,1.1694799531734696,12.090713119506836,56.928998766272095,36.71654390722186,0.6240669252690184,1.7763752609355585,0.6156454451753436,1.0480154122103746
Track_11633,6257,6257,20,1,0,0,0,1,20.0,176.0,196.0,32.076294923302825,331.24609638587117,185.4120797012053,0.0,3.4776728960545005,9.59878507336331,1.1801955481989213,2.4547739505496153,2.2719977005564616,13.444427633285523,67.25598057323444,32.076294923302825,0.47692851475676923,1.6038147461651413,0.46117469759295243,1.2777958027067435
